<?xml version="1.0" encoding="utf-8"?>
<?xml-stylesheet type='text/xsl' href='STIG_unclass.xsl'?>
<Benchmark
	xmlns:dc="http://purl.org/dc/elements/1.1/"
	xmlns:xsi="http://www.w3.org/2001/XMLSchema-instance"
	xmlns:cpe="http://cpe.mitre.org/language/2.0"
	xmlns:xhtml="http://www.w3.org/1999/xhtml"
	xmlns:dsig="http://www.w3.org/2000/09/xmldsig#" xsi:schemaLocation="http://checklists.nist.gov/xccdf/1.1 http://nvd.nist.gov/schema/xccdf-1.1.4.xsd http://cpe.mitre.org/dictionary/2.0 http://cpe.mitre.org/files/cpe-dictionary_2.1.xsd" id="VMW_vSphere_7.0_vCenter_PostgreSQL_STIG_Readiness_Guide" xml:lang="en"
	xmlns="http://checklists.nist.gov/xccdf/1.1">
	<status date="2021-07-20">draft</status>
	<title>VMware vSphere 7.0 vCenter PostgreSQL STIG Readiness Guide</title>
	<description>This project represents VMware's effort to document our compliance against the SRG requirements and nothing more. A published STIG is our eventual goal, in most cases, but this content should not be viewed to be "as good as a STIG". A DISA published STIG includes technical validation, review of requirement fulfillment, accuracy and style, risk acceptance and is digitally signed by the RME and posted on a .mil. This SRG content is intended to provided value to our partners while the STIGs are in process. Except for products that have published STIGs already, there is no explicit or implied DISA approval of the provided content.</description>
	<notice id="terms-of-use" xml:lang="en"></notice>
	<front-matter xml:lang="en"></front-matter>
	<rear-matter xml:lang="en"></rear-matter>
	<reference href="https://github.com/vmware/dod-compliance-and-automation">
		<dc:publisher>VMware</dc:publisher>
		<dc:source>https://github.com/vmware/dod-compliance-and-automation</dc:source>
	</reference>
	<plain-text id="release-info">Release: 2 Benchmark Date: 21 Jul 2021</plain-text>
	<plain-text id="generator">3.2.2.36079</plain-text>
	<plain-text id="conventionsVersion">1.10.0</plain-text>
	<version>1</version>
  <Group id="VCPG-70-000001">
    <title>SRG-APP-000001-DB-000031</title>
    <Rule id="r_VCPG-70-000001" severity="medium">
      <version>VCPG-70-000001</version>
      <title>VMware Postgres must limit the number of connections.</title>
      <description>&lt;VulnDiscussion&gt;Database management includes the ability to control the number of
users and user sessions utilizing a DBMS. Unlimited concurrent connections to
the DBMS could allow a successful denial-of-service (DoS) attack by exhausting
connection resources, and a system can also fail or be degraded by an overload
of legitimate users. Limiting the number of concurrent sessions per user is
helpful in reducing these risks.

    VMware Postgres as deployed on the VCSA comes pre-configured with a
max_connections limit that is appropriate for all tested, supported scenarios.
The out-of-the-box configuration is dyanamic, based on a lower limit plus
allowances for the resources assigned to VCSA and the deployment size. This
number will always be between 100 and 1000 (inclusive), however.&lt;/VulnDiscussion&gt;&lt;FalsePositives&gt;&lt;/FalsePositives&gt;&lt;FalseNegatives&gt;&lt;/FalseNegatives&gt;&lt;Documentable&gt;false&lt;/Documentable&gt;&lt;Mitigations&gt;&lt;/Mitigations&gt;&lt;SeverityOverrideGuidance&gt;&lt;/SeverityOverrideGuidance&gt;&lt;PotentialImpacts&gt;&lt;/PotentialImpacts&gt;&lt;ThirdPartyTools&gt;&lt;/ThirdPartyTools&gt;&lt;MitigationControl&gt;&lt;/MitigationControl&gt;&lt;Responsibility&gt;&lt;/Responsibility&gt;&lt;IAControls&gt;&lt;/IAControls&gt;</description>
      <reference>
        <dc:publisher>VMware</dc:publisher>
        <dc:subject>This Security Technical Implementation Guide is published as a tool to improve the security of Department of Defense (DoD) information systems. The requirements are derived from the National Institute of Standards and Technology (NIST) 800-53 and related documents.</dc:subject>
      </reference>
      <ident system="http://cyber.mil/cci">CCI-000054</ident>
      <fixtext>At the command prompt, execute the following command:

    # vmon-cli --restart vmware-vpostgres

    Note: Restarting the service runs the "pg_tuning" script that will
configure "max_connections" to the appropriate value based on the allocated
memory for vCenter.</fixtext>
      <check system="N/A">
        <check-content>At the command prompt, execute the following command:

    # /opt/vmware/vpostgres/current/bin/psql -U postgres -A -t -c "SHOW
max_connections;"

    If the returned number is not greater than or equal to 100 and less than or
equal to 1000, this is a finding.</check-content>
      </check>
    </Rule>
  </Group>
  <Group id="VCPG-70-000002">
    <title>SRG-APP-000089-DB-000064</title>
    <Rule id="r_VCPG-70-000002" severity="medium">
      <version>VCPG-70-000002</version>
      <title>VMware Postgres log files must contain required fields.</title>
      <description>&lt;VulnDiscussion&gt;Without the capability to generate audit records, it would be
difficult to establish, correlate, and investigate the events relating to an
incident or identify those responsible for one.

    As an embedded database that is only accessible via localhost, VMware
Postgres on the VCSA does not implement robust auditing. However, it can and
must be configured to log reasonable levels of information relating to user
actions to enable proper troubleshooting.&lt;/VulnDiscussion&gt;&lt;FalsePositives&gt;&lt;/FalsePositives&gt;&lt;FalseNegatives&gt;&lt;/FalseNegatives&gt;&lt;Documentable&gt;false&lt;/Documentable&gt;&lt;Mitigations&gt;&lt;/Mitigations&gt;&lt;SeverityOverrideGuidance&gt;&lt;/SeverityOverrideGuidance&gt;&lt;PotentialImpacts&gt;&lt;/PotentialImpacts&gt;&lt;ThirdPartyTools&gt;&lt;/ThirdPartyTools&gt;&lt;MitigationControl&gt;&lt;/MitigationControl&gt;&lt;Responsibility&gt;&lt;/Responsibility&gt;&lt;IAControls&gt;&lt;/IAControls&gt;</description>
      <reference>
        <dc:publisher>VMware</dc:publisher>
        <dc:subject>This Security Technical Implementation Guide is published as a tool to improve the security of Department of Defense (DoD) information systems. The requirements are derived from the National Institute of Standards and Technology (NIST) 800-53 and related documents.</dc:subject>
      </reference>
      <ident system="http://cyber.mil/cci">CCI-000169</ident>
      <fixtext>At the command prompt, execute the following commands:

    # /opt/vmware/vpostgres/current/bin/psql -U postgres -c "ALTER SYSTEM SET
log_line_prefix TO '%m %c %x %d %u %r %p %l ';"

    # /opt/vmware/vpostgres/current/bin/psql -U postgres -c "SELECT
pg_reload_conf();"</fixtext>
      <check system="N/A">
        <check-content>At the command prompt, execute the following command:

    # /opt/vmware/vpostgres/current/bin/psql -U postgres -c "SHOW
log_line_prefix;"|sed -n 3p|sed -e 's/^[ ]*//'

    Expected result:

    %m %c %x %d %u %r %p %l

    If the output does not match the expected result, this is a finding.</check-content>
      </check>
    </Rule>
  </Group>
  <Group id="VCPG-70-000003">
    <title>SRG-APP-000090-DB-000065</title>
    <Rule id="r_VCPG-70-000003" severity="medium">
      <version>VCPG-70-000003</version>
      <title>VMware Postgres configuration files must not be accessible by unauthorized users.</title>
      <description>&lt;VulnDiscussion&gt;VMware Postgres has a handful of configuration files that directly
control the security posture of the DBMS. Protecting these files from
unauthorized access and modification is fundamental to ensuring the security of
VMware Postgres itself.&lt;/VulnDiscussion&gt;&lt;FalsePositives&gt;&lt;/FalsePositives&gt;&lt;FalseNegatives&gt;&lt;/FalseNegatives&gt;&lt;Documentable&gt;false&lt;/Documentable&gt;&lt;Mitigations&gt;&lt;/Mitigations&gt;&lt;SeverityOverrideGuidance&gt;&lt;/SeverityOverrideGuidance&gt;&lt;PotentialImpacts&gt;&lt;/PotentialImpacts&gt;&lt;ThirdPartyTools&gt;&lt;/ThirdPartyTools&gt;&lt;MitigationControl&gt;&lt;/MitigationControl&gt;&lt;Responsibility&gt;&lt;/Responsibility&gt;&lt;IAControls&gt;&lt;/IAControls&gt;</description>
      <reference>
        <dc:publisher>VMware</dc:publisher>
        <dc:subject>This Security Technical Implementation Guide is published as a tool to improve the security of Department of Defense (DoD) information systems. The requirements are derived from the National Institute of Standards and Technology (NIST) 800-53 and related documents.</dc:subject>
      </reference>
      <ident system="http://cyber.mil/cci">CCI-000171</ident>
      <fixtext>At the command prompt, enter the following command:

# chmod 600 &lt;file&gt;
# chown vpostgres:users &lt;file&gt;

Note: Replace &lt;file&gt; with the file with incorrect permissions.</fixtext>
      <check system="N/A">
        <check-content>At the command prompt, enter the following command:

    # find /storage/db/vpostgres/*conf* -xdev -type f -a '(' -not -perm 600 -o
-not -user vpostgres -o -not -group users ')' -exec ls -ld {} \;

    If any files are returned, this is a finding.</check-content>
      </check>
    </Rule>
  </Group>
  <Group id="VCPG-70-000004">
    <title>SRG-APP-000109-DB-000321</title>
    <Rule id="r_VCPG-70-000004" severity="medium">
      <version>VCPG-70-000004</version>
      <title>VMware Postgres must be configured to overwrite older logs when necessary.</title>
      <description>&lt;VulnDiscussion&gt;Without proper configuration, log files for VMware Postgres can grow
without bound, filling the partition and potentially affecting the availability
of the VCSA. One part of this configuration is to ensure that the logging
subsystem overwrites, rather than appending to, any previous logs that would
share the same name. This is avoided in other configuration steps but this best
practice should be followed for good measure.&lt;/VulnDiscussion&gt;&lt;FalsePositives&gt;&lt;/FalsePositives&gt;&lt;FalseNegatives&gt;&lt;/FalseNegatives&gt;&lt;Documentable&gt;false&lt;/Documentable&gt;&lt;Mitigations&gt;&lt;/Mitigations&gt;&lt;SeverityOverrideGuidance&gt;&lt;/SeverityOverrideGuidance&gt;&lt;PotentialImpacts&gt;&lt;/PotentialImpacts&gt;&lt;ThirdPartyTools&gt;&lt;/ThirdPartyTools&gt;&lt;MitigationControl&gt;&lt;/MitigationControl&gt;&lt;Responsibility&gt;&lt;/Responsibility&gt;&lt;IAControls&gt;&lt;/IAControls&gt;</description>
      <reference>
        <dc:publisher>VMware</dc:publisher>
        <dc:subject>This Security Technical Implementation Guide is published as a tool to improve the security of Department of Defense (DoD) information systems. The requirements are derived from the National Institute of Standards and Technology (NIST) 800-53 and related documents.</dc:subject>
      </reference>
      <ident system="http://cyber.mil/cci">CCI-000140</ident>
      <fixtext>At the command prompt, execute the following commands:

    # /opt/vmware/vpostgres/current/bin/psql -U postgres -c "ALTER SYSTEM SET
log_truncate_on_rotation TO 'on';"

    # /opt/vmware/vpostgres/current/bin/psql -U postgres -c "SELECT
pg_reload_conf();"</fixtext>
      <check system="N/A">
        <check-content>At the command prompt, execute the following command:

    # /opt/vmware/vpostgres/current/bin/psql -U postgres -c "SHOW
log_truncate_on_rotation;"|sed -n 3p|sed -e 's/^[ ]*//'

    Expected result:

    on

    If the output does not match the expected result, this is a finding.</check-content>
      </check>
    </Rule>
  </Group>
  <Group id="VCPG-70-000005">
    <title>SRG-APP-000118-DB-000059</title>
    <Rule id="r_VCPG-70-000005" severity="medium">
      <version>VCPG-70-000005</version>
      <title>VMware Postgres database must protect log files from unauthorized access and modification.</title>
      <description>&lt;VulnDiscussion&gt;If audit data were to become compromised, then competent forensic
analysis and discovery of the true source of potentially malicious system
activity is difficult, if not impossible, to achieve. In addition, access to
audit records provides information an attacker could potentially use to his or
her advantage.

    To ensure the veracity of audit data, the information system and/or the
application must protect audit information from any and all unauthorized
access. This includes read, write, copy, etc.&lt;/VulnDiscussion&gt;&lt;FalsePositives&gt;&lt;/FalsePositives&gt;&lt;FalseNegatives&gt;&lt;/FalseNegatives&gt;&lt;Documentable&gt;false&lt;/Documentable&gt;&lt;Mitigations&gt;&lt;/Mitigations&gt;&lt;SeverityOverrideGuidance&gt;&lt;/SeverityOverrideGuidance&gt;&lt;PotentialImpacts&gt;&lt;/PotentialImpacts&gt;&lt;ThirdPartyTools&gt;&lt;/ThirdPartyTools&gt;&lt;MitigationControl&gt;&lt;/MitigationControl&gt;&lt;Responsibility&gt;&lt;/Responsibility&gt;&lt;IAControls&gt;&lt;/IAControls&gt;</description>
      <reference>
        <dc:publisher>VMware</dc:publisher>
        <dc:subject>This Security Technical Implementation Guide is published as a tool to improve the security of Department of Defense (DoD) information systems. The requirements are derived from the National Institute of Standards and Technology (NIST) 800-53 and related documents.</dc:subject>
      </reference>
      <ident system="http://cyber.mil/cci">CCI-000162</ident>
      <fixtext>At the command prompt, enter the following command:

    # chmod 600 &lt;file&gt;
    # chown vpostgres:users &lt;file&gt;

    Note: Replace &lt;file&gt; with the file with incorrect permissions.

    At the command prompt, execute the following commands:

    # /opt/vmware/vpostgres/current/bin/psql -U postgres -c "ALTER SYSTEM SET
log_file_mode TO '0600';"

    # /opt/vmware/vpostgres/current/bin/psql -U postgres -c "SELECT
pg_reload_conf();"</fixtext>
      <check system="N/A">
        <check-content>At the command prompt, enter the following command:

    # find /var/log/vmware/vpostgres/* -xdev -type f -a '(' -not -perm 600 -o
-not -user vpostgres -o -not -group users ')' -exec ls -ld {} \;

    If any files are returned, this is a finding.</check-content>
      </check>
    </Rule>
  </Group>
  <Group id="VCPG-70-000006">
    <title>SRG-APP-000133-DB-000200</title>
    <Rule id="r_VCPG-70-000006" severity="medium">
      <version>VCPG-70-000006</version>
      <title>All VCDB tables must be owned by the 'vc' user account.</title>
      <description>&lt;VulnDiscussion&gt;Within the database, object ownership implies full privileges to the
owned object, including the privilege to assign access to the owned objects to
other subjects. Database functions and procedures can be coded using definer's
rights. This allows anyone who utilizes the object to perform the actions if
they were the owner. If not properly managed, this can lead to privileged
actions being taken by unauthorized individuals.

    VCDB is configured out of the box to be owned by the 'vc' Postgres user.
This configuration must be verified and maintained.&lt;/VulnDiscussion&gt;&lt;FalsePositives&gt;&lt;/FalsePositives&gt;&lt;FalseNegatives&gt;&lt;/FalseNegatives&gt;&lt;Documentable&gt;false&lt;/Documentable&gt;&lt;Mitigations&gt;&lt;/Mitigations&gt;&lt;SeverityOverrideGuidance&gt;&lt;/SeverityOverrideGuidance&gt;&lt;PotentialImpacts&gt;&lt;/PotentialImpacts&gt;&lt;ThirdPartyTools&gt;&lt;/ThirdPartyTools&gt;&lt;MitigationControl&gt;&lt;/MitigationControl&gt;&lt;Responsibility&gt;&lt;/Responsibility&gt;&lt;IAControls&gt;&lt;/IAControls&gt;</description>
      <reference>
        <dc:publisher>VMware</dc:publisher>
        <dc:subject>This Security Technical Implementation Guide is published as a tool to improve the security of Department of Defense (DoD) information systems. The requirements are derived from the National Institute of Standards and Technology (NIST) 800-53 and related documents.</dc:subject>
      </reference>
      <ident system="http://cyber.mil/cci">CCI-001499</ident>
      <fixtext>At the command prompt, execute the following command:

    # /opt/vmware/vpostgres/current/bin/psql -U postgres -c "ALTER TABLE
&lt;tablename&gt; OWNER TO vc;"

    Replace &lt;tablename&gt; with the name of the table discovered during the check.</fixtext>
      <check system="N/A">
        <check-content>At the command prompt, execute the following command:

    # /opt/vmware/vpostgres/current/bin/psql -d VCDB -x -U postgres -c
"\dt;"|grep Owner|grep -v vc

    If any tables are returned, this is a finding.&#x252C;&#xE1;</check-content>
      </check>
    </Rule>
  </Group>
  <Group id="VCPG-70-000007">
    <title>SRG-APP-000133-DB-000362</title>
    <Rule id="r_VCPG-70-000007" severity="medium">
      <version>VCPG-70-000007</version>
      <title>VMware Postgres must limit modify privileges to authorized accounts.</title>
      <description>&lt;VulnDiscussion&gt;If VMware Postgres were to allow any user to make changes to database
structure or logic, then those changes might be implemented without undergoing
the appropriate testing and approvals that are part of a robust change
management process.

    Accordingly, only qualified and authorized individuals shall be allowed to
obtain access to information system components for purposes of initiating
changes, including upgrades and modifications.

    Unmanaged changes that occur to the database software libraries or
configuration can lead to unauthorized or compromised installations.&lt;/VulnDiscussion&gt;&lt;FalsePositives&gt;&lt;/FalsePositives&gt;&lt;FalseNegatives&gt;&lt;/FalseNegatives&gt;&lt;Documentable&gt;false&lt;/Documentable&gt;&lt;Mitigations&gt;&lt;/Mitigations&gt;&lt;SeverityOverrideGuidance&gt;&lt;/SeverityOverrideGuidance&gt;&lt;PotentialImpacts&gt;&lt;/PotentialImpacts&gt;&lt;ThirdPartyTools&gt;&lt;/ThirdPartyTools&gt;&lt;MitigationControl&gt;&lt;/MitigationControl&gt;&lt;Responsibility&gt;&lt;/Responsibility&gt;&lt;IAControls&gt;&lt;/IAControls&gt;</description>
      <reference>
        <dc:publisher>VMware</dc:publisher>
        <dc:subject>This Security Technical Implementation Guide is published as a tool to improve the security of Department of Defense (DoD) information systems. The requirements are derived from the National Institute of Standards and Technology (NIST) 800-53 and related documents.</dc:subject>
      </reference>
      <ident system="http://cyber.mil/cci">CCI-001499</ident>
      <fixtext>At the command prompt, execute the following command:

    # /opt/vmware/vpostgres/current/bin/psql -U postgres -c "REVOKE ALL
PRIVILEGES FROM &lt;user&gt;;"

    Replace &lt;user&gt; with the account discovered during the check.</fixtext>
      <check system="N/A">
        <check-content>At the command prompt, execute the following command:

    # /opt/vmware/vpostgres/current/bin/psql -U postgres -c "\du;"|grep
"Create"

    Expected result:

     postgres   | Superuser, Create role, Create DB, Replication, Bypass RLS |
{}
     vc         | Create DB                                                  |
{}
     vlcmuser   | Create DB                                                  |
{}

    If the accounts other than "postgres","vc", and "vlcmuser" have any
"Create" privileges, this is a finding.</check-content>
      </check>
    </Rule>
  </Group>
  <Group id="VCPG-70-000008">
    <title>SRG-APP-000142-DB-000094</title>
    <Rule id="r_VCPG-70-000008" severity="medium">
      <version>VCPG-70-000008</version>
      <title>VMware Postgres must be configured to use the correct port.</title>
      <description>&lt;VulnDiscussion&gt;In order to prevent unauthorized connection of devices, unauthorized
transfer of information, or unauthorized tunneling (i.e., embedding of data
types within data types), organizations must disable or restrict unused or
unnecessary physical and logical ports/protocols/services on information
systems.

    Applications are capable of providing a wide variety of functions and
services. Some of the functions and services provided by default may not be
necessary to support essential organizational operations. Additionally, it is
sometimes convenient to provide multiple services from a single component
(e.g., email and web services); however, doing so increases risk over limiting
the services provided by any one component.

    To support the requirements and principles of least functionality, the
application must support the organizational requirements providing only
essential capabilities and limiting the use of ports, protocols, and/or
services to only those required, authorized, and approved to conduct official
business or to address authorized quality of life issues.

    Database Management Systems using ports, protocols, and services deemed
unsafe are open to attack through those ports, protocols, and services. This
can allow unauthorized access to the database and through the database to other
components of the information system.&lt;/VulnDiscussion&gt;&lt;FalsePositives&gt;&lt;/FalsePositives&gt;&lt;FalseNegatives&gt;&lt;/FalseNegatives&gt;&lt;Documentable&gt;false&lt;/Documentable&gt;&lt;Mitigations&gt;&lt;/Mitigations&gt;&lt;SeverityOverrideGuidance&gt;&lt;/SeverityOverrideGuidance&gt;&lt;PotentialImpacts&gt;&lt;/PotentialImpacts&gt;&lt;ThirdPartyTools&gt;&lt;/ThirdPartyTools&gt;&lt;MitigationControl&gt;&lt;/MitigationControl&gt;&lt;Responsibility&gt;&lt;/Responsibility&gt;&lt;IAControls&gt;&lt;/IAControls&gt;</description>
      <reference>
        <dc:publisher>VMware</dc:publisher>
        <dc:subject>This Security Technical Implementation Guide is published as a tool to improve the security of Department of Defense (DoD) information systems. The requirements are derived from the National Institute of Standards and Technology (NIST) 800-53 and related documents.</dc:subject>
      </reference>
      <ident system="http://cyber.mil/cci">CCI-000382</ident>
      <fixtext>At the command prompt, execute the following commands:

    # /opt/vmware/vpostgres/current/bin/psql -U postgres -c "ALTER SYSTEM SET
port TO '5432';"

    # /opt/vmware/vpostgres/current/bin/psql -U postgres -c "SELECT
pg_reload_conf();"</fixtext>
      <check system="N/A">
        <check-content>At the command prompt, execute the following command:

    # /opt/vmware/vpostgres/current/bin/psql -U postgres -c "SHOW port;"|sed
-n 3p|sed -e 's/^[ ]*//'

    Expected result:

    5432

    If the output does not match the expected result, this is a finding.</check-content>
      </check>
    </Rule>
  </Group>
  <Group id="VCPG-70-000009">
    <title>SRG-APP-000148-DB-000103</title>
    <Rule id="r_VCPG-70-000009" severity="high">
      <version>VCPG-70-000009</version>
      <title>VMware Postgres must require authentication on all connections.</title>
      <description>&lt;VulnDiscussion&gt;To ensure accountability and prevent unauthenticated access,
organizational users must be identified and authenticated to prevent potential
misuse and compromise of the system.

    VMware Postgres client authentication configuration is configured in
pg_hba.conf. In this file are a number of lines that specify who can connect to
the service, from where and using what authentication methods. In Postgres
there is a concept of a trusted connection where a specific network mask can
connect without any authentication, to any account. This connection is termed
'trust' in pg_hba.conf and it must not be present. Out of the box, VMware
Postgres requires standard password authentication for all connections.&lt;/VulnDiscussion&gt;&lt;FalsePositives&gt;&lt;/FalsePositives&gt;&lt;FalseNegatives&gt;&lt;/FalseNegatives&gt;&lt;Documentable&gt;false&lt;/Documentable&gt;&lt;Mitigations&gt;&lt;/Mitigations&gt;&lt;SeverityOverrideGuidance&gt;&lt;/SeverityOverrideGuidance&gt;&lt;PotentialImpacts&gt;&lt;/PotentialImpacts&gt;&lt;ThirdPartyTools&gt;&lt;/ThirdPartyTools&gt;&lt;MitigationControl&gt;&lt;/MitigationControl&gt;&lt;Responsibility&gt;&lt;/Responsibility&gt;&lt;IAControls&gt;&lt;/IAControls&gt;</description>
      <reference>
        <dc:publisher>VMware</dc:publisher>
        <dc:subject>This Security Technical Implementation Guide is published as a tool to improve the security of Department of Defense (DoD) information systems. The requirements are derived from the National Institute of Standards and Technology (NIST) 800-53 and related documents.</dc:subject>
      </reference>
      <ident system="http://cyber.mil/cci">CCI-000764</ident>
      <fixtext>Navigate to and open /storage/db/pgdata/pg_hba.conf.

    Find and remove the line that has a method of "trust" in the far right
column.

    A correct, typical line will look like the following:

    # TYPE  DATABASE        USER            ADDRESS                 METHOD
    host       all                        all                 127.0.0.1/32
     md5</fixtext>
      <check system="N/A">
        <check-content>At the command prompt, execute the following command:

    # grep -v "^#" /storage/db/vpostgres/pg_hba.conf|grep -z --color=always
"trust"

    If any lines are returned, this is a finding.</check-content>
      </check>
    </Rule>
  </Group>
  <Group id="VCPG-70-000010">
    <title>SRG-APP-000171-DB-000074</title>
    <Rule id="r_VCPG-70-000010" severity="medium">
      <version>VCPG-70-000010</version>
      <title>The vPostgres database must use md5 for authentication.</title>
      <description>&lt;VulnDiscussion&gt;The DoD standard for authentication is DoD-approved PKI certificates.

    Authentication based on User ID and Password may be used only when it is
not possible to employ a PKI certificate, and requires AO approval.

    In such cases, database passwords stored in clear text, using reversible
encryption, or using unsalted hashes would be vulnerable to unauthorized
disclosure. Database passwords must always be in the form of one-way, salted
hashes when stored internally or externally to the DBMS.&lt;/VulnDiscussion&gt;&lt;FalsePositives&gt;&lt;/FalsePositives&gt;&lt;FalseNegatives&gt;&lt;/FalseNegatives&gt;&lt;Documentable&gt;false&lt;/Documentable&gt;&lt;Mitigations&gt;&lt;/Mitigations&gt;&lt;SeverityOverrideGuidance&gt;&lt;/SeverityOverrideGuidance&gt;&lt;PotentialImpacts&gt;&lt;/PotentialImpacts&gt;&lt;ThirdPartyTools&gt;&lt;/ThirdPartyTools&gt;&lt;MitigationControl&gt;&lt;/MitigationControl&gt;&lt;Responsibility&gt;&lt;/Responsibility&gt;&lt;IAControls&gt;&lt;/IAControls&gt;</description>
      <reference>
        <dc:publisher>VMware</dc:publisher>
        <dc:subject>This Security Technical Implementation Guide is published as a tool to improve the security of Department of Defense (DoD) information systems. The requirements are derived from the National Institute of Standards and Technology (NIST) 800-53 and related documents.</dc:subject>
      </reference>
      <ident system="http://cyber.mil/cci">CCI-000196</ident>
      <fixtext>At the command prompt, execute the following commands:

    # /opt/vmware/vpostgres/current/bin/psql -U postgres -c "ALTER SYSTEM SET
password_encryption TO 'md5';"
    # /opt/vmware/vpostgres/current/bin/psql -U postgres -c "SELECT
pg_reload_conf();"</fixtext>
      <check system="N/A">
        <check-content>At the command prompt, execute the following command:

    # /opt/vmware/vpostgres/current/bin/psql -U postgres -c "SHOW
password_encryption;"|sed -n 3p|sed -e 's/^[ ]*//'

    Expected result:

    md5

    If the output does not match the expected result, this is a finding</check-content>
      </check>
    </Rule>
  </Group>
  <Group id="VCPG-70-000011">
    <title>SRG-APP-000172-DB-000075</title>
    <Rule id="r_VCPG-70-000011" severity="high">
      <version>VCPG-70-000011</version>
      <title>VMware Postgres must be configured to use TLS.</title>
      <description>&lt;VulnDiscussion&gt;The DoD standard for authentication is DoD-approved PKI certificates.
Authentication based on User ID and Password may be used only when it is not
possible to employ a PKI certificate.

    In such cases, passwords need to be protected at all times, and encryption
is the standard method for protecting passwords during transmission.

    VMware Postgres is configured out of the box to require TLS connections
with remote clients. As an embedded database and available only on locahost for
a standalone VCSAs, TLS connections are used only in high availability
deployments for connections between a primary and a standby. This configuration
must be verified and maintained.&lt;/VulnDiscussion&gt;&lt;FalsePositives&gt;&lt;/FalsePositives&gt;&lt;FalseNegatives&gt;&lt;/FalseNegatives&gt;&lt;Documentable&gt;false&lt;/Documentable&gt;&lt;Mitigations&gt;&lt;/Mitigations&gt;&lt;SeverityOverrideGuidance&gt;&lt;/SeverityOverrideGuidance&gt;&lt;PotentialImpacts&gt;&lt;/PotentialImpacts&gt;&lt;ThirdPartyTools&gt;&lt;/ThirdPartyTools&gt;&lt;MitigationControl&gt;&lt;/MitigationControl&gt;&lt;Responsibility&gt;&lt;/Responsibility&gt;&lt;IAControls&gt;&lt;/IAControls&gt;</description>
      <reference>
        <dc:publisher>VMware</dc:publisher>
        <dc:subject>This Security Technical Implementation Guide is published as a tool to improve the security of Department of Defense (DoD) information systems. The requirements are derived from the National Institute of Standards and Technology (NIST) 800-53 and related documents.</dc:subject>
      </reference>
      <ident system="http://cyber.mil/cci">CCI-000197</ident>
      <fixtext>At the command prompt, execute the following commands:

    # /opt/vmware/vpostgres/current/bin/psql -U postgres -c "ALTER SYSTEM SET
ssl TO 'on';"

    # /opt/vmware/vpostgres/current/bin/psql -U postgres -c "SELECT
pg_reload_conf();"</fixtext>
      <check system="N/A">
        <check-content>At the command prompt, execute the following command:

    # /opt/vmware/vpostgres/current/bin/psql -U postgres -c "SHOW ssl;"|sed
-n 3p|sed -e 's/^[ ]*//'

    Expected result:

    on

    If the output does not match the expected result, this is a finding.</check-content>
      </check>
    </Rule>
  </Group>
  <Group id="VCPG-70-000012">
    <title>SRG-APP-000176-DB-000068</title>
    <Rule id="r_VCPG-70-000012" severity="high">
      <version>VCPG-70-000012</version>
      <title>VMware Postgres must enforce authorized access to all PKI private keys.</title>
      <description>&lt;VulnDiscussion&gt;The DoD standard for authentication is DoD-approved PKI certificates.
PKI certificate-based authentication is performed by requiring the certificate
holder to cryptographically prove possession of the corresponding private key.

    If the private key is stolen, an attacker can use the private key(s) to
impersonate the certificate holder.  In cases where the DBMS-stored private
keys are used to authenticate the DBMS to the system&#x393;&#xC7;&#xD6;s clients, loss
of the corresponding private keys would allow an attacker to successfully
perform undetected man in the middle attacks against the DBMS system and its
clients.

    All access to the private key(s) of the DBMS must be restricted to
authorized and authenticated users.&lt;/VulnDiscussion&gt;&lt;FalsePositives&gt;&lt;/FalsePositives&gt;&lt;FalseNegatives&gt;&lt;/FalseNegatives&gt;&lt;Documentable&gt;false&lt;/Documentable&gt;&lt;Mitigations&gt;&lt;/Mitigations&gt;&lt;SeverityOverrideGuidance&gt;&lt;/SeverityOverrideGuidance&gt;&lt;PotentialImpacts&gt;&lt;/PotentialImpacts&gt;&lt;ThirdPartyTools&gt;&lt;/ThirdPartyTools&gt;&lt;MitigationControl&gt;&lt;/MitigationControl&gt;&lt;Responsibility&gt;&lt;/Responsibility&gt;&lt;IAControls&gt;&lt;/IAControls&gt;</description>
      <reference>
        <dc:publisher>VMware</dc:publisher>
        <dc:subject>This Security Technical Implementation Guide is published as a tool to improve the security of Department of Defense (DoD) information systems. The requirements are derived from the National Institute of Standards and Technology (NIST) 800-53 and related documents.</dc:subject>
      </reference>
      <ident system="http://cyber.mil/cci">CCI-000186</ident>
      <fixtext>At the command prompt, execute the following commands:

# chmod 600 /storage/db/vpostgres_ssl/server.key
# chown vpostgres:users /storage/db/vpostgres_ssl/server.key</fixtext>
      <check system="N/A">
        <check-content>At the command prompt, execute the following command:

# stat -c "%a:%U:%G" /storage/db/vpostgres_ssl/server.key

Expected result:

600:vpostgres:users

If the output does not match the expected result, this is a finding.</check-content>
      </check>
    </Rule>
  </Group>
  <Group id="VCPG-70-000013">
    <title>SRG-APP-000179-DB-000114</title>
    <Rule id="r_VCPG-70-000013" severity="high">
      <version>VCPG-70-000013</version>
      <title>VMware Postgres must use FIPS 140-2 approved TLS ciphers.</title>
      <description>&lt;VulnDiscussion&gt;Use of weak or unvalidated cryptographic algorithms undermines the
purposes of utilizing encryption and digital signatures to protect data. Weak
algorithms can be broken and unvalidated cryptographic modules may not
implement algorithms correctly. Unapproved cryptographic modules or algorithms
should not be relied on for authentication, confidentiality or integrity. Weak
cryptography could allow an attacker to gain access to and modify data stored
in the database as well as the administration settings of the DBMS.

    VMware Postgres does not currently implement FIPS validated cryptographic
modules. This is on the roadmap but, in the interim. Postgres can be configured
with strong ciphers from the FIPS 140 approved suite. Additionally, as an
embedded database and available only on locahost for a standalone VCSAs, TLS
connections are used only in high availability deployments for connections
between a primary and a standby.&lt;/VulnDiscussion&gt;&lt;FalsePositives&gt;&lt;/FalsePositives&gt;&lt;FalseNegatives&gt;&lt;/FalseNegatives&gt;&lt;Documentable&gt;false&lt;/Documentable&gt;&lt;Mitigations&gt;&lt;/Mitigations&gt;&lt;SeverityOverrideGuidance&gt;&lt;/SeverityOverrideGuidance&gt;&lt;PotentialImpacts&gt;&lt;/PotentialImpacts&gt;&lt;ThirdPartyTools&gt;&lt;/ThirdPartyTools&gt;&lt;MitigationControl&gt;&lt;/MitigationControl&gt;&lt;Responsibility&gt;&lt;/Responsibility&gt;&lt;IAControls&gt;&lt;/IAControls&gt;</description>
      <reference>
        <dc:publisher>VMware</dc:publisher>
        <dc:subject>This Security Technical Implementation Guide is published as a tool to improve the security of Department of Defense (DoD) information systems. The requirements are derived from the National Institute of Standards and Technology (NIST) 800-53 and related documents.</dc:subject>
      </reference>
      <ident system="http://cyber.mil/cci">CCI-000803</ident>
      <fixtext>At the command prompt, execute the following commands:

    # /opt/vmware/vpostgres/current/bin/psql -U postgres -c "ALTER SYSTEM SET
ssl_ciphers TO '!aNULL:kECDH+AES:ECDH+AES:RSA+AES:@STRENGTH';"

    # /opt/vmware/vpostgres/current/bin/psql -U postgres -c "SELECT
pg_reload_conf();"</fixtext>
      <check system="N/A">
        <check-content>At the command prompt, execute the following command:

    # /opt/vmware/vpostgres/current/bin/psql -U postgres -c "SHOW
ssl_ciphers;"|sed -n 3p|sed -e 's/^[ ]*//'

    Expected result:

    !aNULL:kECDH+AES:ECDH+AES:RSA+AES:@STRENGTH

    If the output does not match the expected result, this is a finding.</check-content>
      </check>
    </Rule>
  </Group>
  <Group id="VCPG-70-000014">
    <title>SRG-APP-000226-DB-000147</title>
    <Rule id="r_VCPG-70-000014" severity="medium">
      <version>VCPG-70-000014</version>
      <title>VMware Postgres must write log entries to disk prior to returning operation success or failure.</title>
      <description>&lt;VulnDiscussion&gt;Failure to a known secure state helps prevent a loss of
confidentiality, integrity, or availability in the event of a failure of the
information system or a component of the system. Preserving  system state
information helps to facilitate system restart and return to the operational
mode of the organization with less disruption of mission/business processes.

    Aggregating log writes saves on performance but leaves a window for log
data loss. The logging system inside VMware Postgres is capable of writing logs
to disk, fully and completely before the associated operation is returned to
the client. This ensures that database activity is always captured, even in the
event of a system crash during or immediately after a given operation.&lt;/VulnDiscussion&gt;&lt;FalsePositives&gt;&lt;/FalsePositives&gt;&lt;FalseNegatives&gt;&lt;/FalseNegatives&gt;&lt;Documentable&gt;false&lt;/Documentable&gt;&lt;Mitigations&gt;&lt;/Mitigations&gt;&lt;SeverityOverrideGuidance&gt;&lt;/SeverityOverrideGuidance&gt;&lt;PotentialImpacts&gt;&lt;/PotentialImpacts&gt;&lt;ThirdPartyTools&gt;&lt;/ThirdPartyTools&gt;&lt;MitigationControl&gt;&lt;/MitigationControl&gt;&lt;Responsibility&gt;&lt;/Responsibility&gt;&lt;IAControls&gt;&lt;/IAControls&gt;</description>
      <reference>
        <dc:publisher>VMware</dc:publisher>
        <dc:subject>This Security Technical Implementation Guide is published as a tool to improve the security of Department of Defense (DoD) information systems. The requirements are derived from the National Institute of Standards and Technology (NIST) 800-53 and related documents.</dc:subject>
      </reference>
      <ident system="http://cyber.mil/cci">CCI-001665</ident>
      <fixtext>At the command prompt, execute the following commands for each setting
returned as 'off' in the check:

    # /opt/vmware/vpostgres/current/bin/psql -U postgres -c "ALTER SYSTEM SET
&lt;name&gt; TO 'on';"

    # /opt/vmware/vpostgres/current/bin/psql -U postgres -c "SELECT
pg_reload_conf();"

    Note: Substitute &lt;name&gt; with the incorrectly set parameter (fsync,
full_page_writes, synchronous_commit)</fixtext>
      <check system="N/A">
        <check-content>At the command prompt, execute the following command:

    # /opt/vmware/vpostgres/current/bin/psql -U postgres -c "SELECT
name,setting FROM pg_settings WHERE name IN
('fsync','full_page_writes','synchronous_commit');"|sed -n '3,5p'|sed -e 's/^[
]*//'

    Expected result:

    fsync              | on
    full_page_writes   | on
    synchronous_commit | on

    If the output does not match the expected result, this is a finding.</check-content>
      </check>
    </Rule>
  </Group>
  <Group id="VCPG-70-000015">
    <title>SRG-APP-000233-DB-000124</title>
    <Rule id="r_VCPG-70-000015" severity="medium">
      <version>VCPG-70-000015</version>
      <title>VMware Postgres must not allow schema access to unauthorized accounts.</title>
      <description>&lt;VulnDiscussion&gt;Database Management Systems typically separate security functionality
from non-security functionality via separate databases or schemas. Database
objects or code implementing security functionality should not be commingled
with objects or code implementing application logic. When security and
non-security functionality are commingled, users who have access to
non-security functionality may be able to access security functionality.

    VMware Postgres contains a number of system configuration schema whose
access must be strictly limited. By default, the pg_catalog and
information_schema objects are configured to only be accessible in a read-only
manner publicly and otherwise only accessible by the postgres user. This
configuration must be verified and maintained.&lt;/VulnDiscussion&gt;&lt;FalsePositives&gt;&lt;/FalsePositives&gt;&lt;FalseNegatives&gt;&lt;/FalseNegatives&gt;&lt;Documentable&gt;false&lt;/Documentable&gt;&lt;Mitigations&gt;&lt;/Mitigations&gt;&lt;SeverityOverrideGuidance&gt;&lt;/SeverityOverrideGuidance&gt;&lt;PotentialImpacts&gt;&lt;/PotentialImpacts&gt;&lt;ThirdPartyTools&gt;&lt;/ThirdPartyTools&gt;&lt;MitigationControl&gt;&lt;/MitigationControl&gt;&lt;Responsibility&gt;&lt;/Responsibility&gt;&lt;IAControls&gt;&lt;/IAControls&gt;</description>
      <reference>
        <dc:publisher>VMware</dc:publisher>
        <dc:subject>This Security Technical Implementation Guide is published as a tool to improve the security of Department of Defense (DoD) information systems. The requirements are derived from the National Institute of Standards and Technology (NIST) 800-53 and related documents.</dc:subject>
      </reference>
      <ident system="http://cyber.mil/cci">CCI-001084</ident>
      <fixtext>At the command prompt, execute the following command:

    # /opt/vmware/vpostgres/current/bin/psql -U postgres -c "REVOKE ALL
PRIVILEGES ON &lt;name&gt; FROM &lt;user&gt;;"

    Replace &lt;name&gt; and &lt;user&gt; with the Access Privilege name and account,
respectively, discovered during the check.</fixtext>
      <check system="N/A">
        <check-content>At the command prompt, execute the following command:

    # /opt/vmware/vpostgres/current/bin/psql -U postgres -c "\dp .*.;" |grep
-E "information_schema|pg_catalog"|awk -F '|' '{print $4}'|awk -F '/' '{print
$1}'|grep -v "=r" | grep -v "^[[:space:]]*$" | grep -v "postgres"

    If any lines are returned, this is a finding.</check-content>
      </check>
    </Rule>
  </Group>
  <Group id="VCPG-70-000016">
    <title>SRG-APP-000266-DB-000162</title>
    <Rule id="r_VCPG-70-000016" severity="medium">
      <version>VCPG-70-000016</version>
      <title>VMware Postgres must provide non-privileged users with minimal error information.</title>
      <description>&lt;VulnDiscussion&gt;Any DBMS or associated application providing too much information in
error messages on the screen or printout risks compromising the data and
security of the system. The structure and content of error messages need to
contain the minimal amount of information.

    Databases can inadvertently provide a wealth of information to an attacker
through improperly handled error messages. In addition to sensitive business or
personal information, database errors can provide host names, IP addresses,
user names, and other system information not required for troubleshooting but
very useful to someone targeting the system.&lt;/VulnDiscussion&gt;&lt;FalsePositives&gt;&lt;/FalsePositives&gt;&lt;FalseNegatives&gt;&lt;/FalseNegatives&gt;&lt;Documentable&gt;false&lt;/Documentable&gt;&lt;Mitigations&gt;&lt;/Mitigations&gt;&lt;SeverityOverrideGuidance&gt;&lt;/SeverityOverrideGuidance&gt;&lt;PotentialImpacts&gt;&lt;/PotentialImpacts&gt;&lt;ThirdPartyTools&gt;&lt;/ThirdPartyTools&gt;&lt;MitigationControl&gt;&lt;/MitigationControl&gt;&lt;Responsibility&gt;&lt;/Responsibility&gt;&lt;IAControls&gt;&lt;/IAControls&gt;</description>
      <reference>
        <dc:publisher>VMware</dc:publisher>
        <dc:subject>This Security Technical Implementation Guide is published as a tool to improve the security of Department of Defense (DoD) information systems. The requirements are derived from the National Institute of Standards and Technology (NIST) 800-53 and related documents.</dc:subject>
      </reference>
      <ident system="http://cyber.mil/cci">CCI-001312</ident>
      <fixtext>At the command prompt, execute the following commands:

    # /opt/vmware/vpostgres/current/bin/psql -U postgres -c "ALTER SYSTEM SET
client_min_messages TO 'notice';"

    # /opt/vmware/vpostgres/current/bin/psql -U postgres -c "SELECT
pg_reload_conf();"</fixtext>
      <check system="N/A">
        <check-content>At the command prompt, execute the following command:

    # /opt/vmware/vpostgres/current/bin/psql -U postgres -c "SHOW
client_min_messages;"|sed -n 3p|sed -e 's/^[ ]*//'

    Expected result:

    notice

    If the output does not match the expected result, this is a finding.</check-content>
      </check>
    </Rule>
  </Group>
  <Group id="VCPG-70-000017">
    <title>SRG-APP-000356-DB-000314</title>
    <Rule id="r_VCPG-70-000017" severity="medium">
      <version>VCPG-70-000017</version>
      <title>VMware Postgres must have log collection enabled.</title>
      <description>&lt;VulnDiscussion&gt;Without the ability to centrally manage the content captured in the
audit records, identification, troubleshooting, and correlation of suspicious
behavior would be difficult and could lead to a delayed or incomplete analysis
of an ongoing attack.

    The content captured in audit records must be managed from a central
location (necessitating automation). Centralized management of audit records
and logs provides for efficiency in maintenance and management of records, as
well as the backup and archiving of those records.

    VMware Postgres is capable of outputting directly to syslog but for
performance reasons, the VCSA is configured to ship logs centrally via rsyslog
file monitoring. In order to facilitate that configuration, log files must be
generated to disk.&lt;/VulnDiscussion&gt;&lt;FalsePositives&gt;&lt;/FalsePositives&gt;&lt;FalseNegatives&gt;&lt;/FalseNegatives&gt;&lt;Documentable&gt;false&lt;/Documentable&gt;&lt;Mitigations&gt;&lt;/Mitigations&gt;&lt;SeverityOverrideGuidance&gt;&lt;/SeverityOverrideGuidance&gt;&lt;PotentialImpacts&gt;&lt;/PotentialImpacts&gt;&lt;ThirdPartyTools&gt;&lt;/ThirdPartyTools&gt;&lt;MitigationControl&gt;&lt;/MitigationControl&gt;&lt;Responsibility&gt;&lt;/Responsibility&gt;&lt;IAControls&gt;&lt;/IAControls&gt;</description>
      <reference>
        <dc:publisher>VMware</dc:publisher>
        <dc:subject>This Security Technical Implementation Guide is published as a tool to improve the security of Department of Defense (DoD) information systems. The requirements are derived from the National Institute of Standards and Technology (NIST) 800-53 and related documents.</dc:subject>
      </reference>
      <ident system="http://cyber.mil/cci">CCI-001844</ident>
      <fixtext>At the command prompt, execute the following commands:

    # /opt/vmware/vpostgres/current/bin/psql -U postgres -c "ALTER SYSTEM SET
logging_collector TO 'on';"

    # /opt/vmware/vpostgres/current/bin/psql -U postgres -c "SELECT
pg_reload_conf();"</fixtext>
      <check system="N/A">
        <check-content>At the command prompt, execute the following command:

    # /opt/vmware/vpostgres/current/bin/psql -U postgres -c "SHOW
logging_collector;"|sed -n 3p|sed -e 's/^[ ]*//'

    Expected result:

    on

    If the output does not match the expected result, this is a finding.</check-content>
      </check>
    </Rule>
  </Group>
  <Group id="VCPG-70-000018">
    <title>SRG-APP-000359-DB-000319</title>
    <Rule id="r_VCPG-70-000018" severity="medium">
      <version>VCPG-70-000018</version>
      <title>VMware Postgres must be configured to log to stderr.</title>
      <description>&lt;VulnDiscussion&gt;Without the ability to centrally manage the content captured in the
audit records, identification, troubleshooting, and correlation of suspicious
behavior would be difficult and could lead to a delayed or incomplete analysis
of an ongoing attack.

    The content captured in audit records must be managed from a central
location (necessitating automation). Centralized management of audit records
and logs provides for efficiency in maintenance and management of records, as
well as the backup and archiving of those records.

    In order for VMware Postgres logs to be successfully sent to a remote log
management system, log events must be sent to stderr. Those events will be
captured and logged to disk where they will be picked up by rsyslog for
shipping.&lt;/VulnDiscussion&gt;&lt;FalsePositives&gt;&lt;/FalsePositives&gt;&lt;FalseNegatives&gt;&lt;/FalseNegatives&gt;&lt;Documentable&gt;false&lt;/Documentable&gt;&lt;Mitigations&gt;&lt;/Mitigations&gt;&lt;SeverityOverrideGuidance&gt;&lt;/SeverityOverrideGuidance&gt;&lt;PotentialImpacts&gt;&lt;/PotentialImpacts&gt;&lt;ThirdPartyTools&gt;&lt;/ThirdPartyTools&gt;&lt;MitigationControl&gt;&lt;/MitigationControl&gt;&lt;Responsibility&gt;&lt;/Responsibility&gt;&lt;IAControls&gt;&lt;/IAControls&gt;</description>
      <reference>
        <dc:publisher>VMware</dc:publisher>
        <dc:subject>This Security Technical Implementation Guide is published as a tool to improve the security of Department of Defense (DoD) information systems. The requirements are derived from the National Institute of Standards and Technology (NIST) 800-53 and related documents.</dc:subject>
      </reference>
      <ident system="http://cyber.mil/cci">CCI-001855</ident>
      <fixtext>At the command prompt, execute the following commands:

    # /opt/vmware/vpostgres/current/bin/psql -U postgres -c "ALTER SYSTEM SET
log_destination TO 'stderr';"

    # /opt/vmware/vpostgres/current/bin/psql -U postgres -c "SELECT
pg_reload_conf();"</fixtext>
      <check system="N/A">
        <check-content>At the command prompt, execute the following command:

    # /opt/vmware/vpostgres/current/bin/psql -U postgres -c "SHOW
log_destination;"|sed -n 3p|sed -e 's/^[ ]*//'

    Expected result:

    stderr

    If the output does not match the expected result, this is a finding.</check-content>
      </check>
    </Rule>
  </Group>
  <Group id="VCPG-70-000019">
    <title>SRG-APP-000359-DB-000319</title>
    <Rule id="r_VCPG-70-000019" severity="medium">
      <version>VCPG-70-000019</version>
      <title>Rsyslog must be configured to monitor VMware Postgres logs.</title>
      <description>&lt;VulnDiscussion&gt;For performance reasons, rsyslog file monitoring is preferred over
configuring VMware Postgres to send events to a syslog facility. Without
ensuring that logs are created, that rsyslog configs are create and that those
configs are loaded, the log file monitoring and shipping will not be effective.&lt;/VulnDiscussion&gt;&lt;FalsePositives&gt;&lt;/FalsePositives&gt;&lt;FalseNegatives&gt;&lt;/FalseNegatives&gt;&lt;Documentable&gt;false&lt;/Documentable&gt;&lt;Mitigations&gt;&lt;/Mitigations&gt;&lt;SeverityOverrideGuidance&gt;&lt;/SeverityOverrideGuidance&gt;&lt;PotentialImpacts&gt;&lt;/PotentialImpacts&gt;&lt;ThirdPartyTools&gt;&lt;/ThirdPartyTools&gt;&lt;MitigationControl&gt;&lt;/MitigationControl&gt;&lt;Responsibility&gt;&lt;/Responsibility&gt;&lt;IAControls&gt;&lt;/IAControls&gt;</description>
      <reference>
        <dc:publisher>VMware</dc:publisher>
        <dc:subject>This Security Technical Implementation Guide is published as a tool to improve the security of Department of Defense (DoD) information systems. The requirements are derived from the National Institute of Standards and Technology (NIST) 800-53 and related documents.</dc:subject>
      </reference>
      <ident system="http://cyber.mil/cci">CCI-001855</ident>
      <fixtext>Navigate to and open:

/etc/vmware-syslog/vmware-services-vmware-vpostgres.conf

Create the file if it does not exist.

Set the contents of the file as follows:

# vmware-vpostgres first logs, before loading configuration
input(type="imfile"
      File="/var/log/vmware/vpostgres/serverlog.std*"
      Tag="vpostgres-first"
      Severity="info"
      Facility="local0")
# vmware-vpostgres logs
input(type="imfile"
      File="/var/log/vmware/vpostgres/postgresql-*.log"
      Tag="vpostgres"
      Severity="info"
      Facility="local0")

Navigate to and open:

/etc/vmware-syslog/vmware-services-vmware-postgres-archiver.conf

Create the file if it does not exist.

Set the contents of the file as follows:

# vmware-postgres-archiver logs
input(type="imfile"
      File="/var/log/vmware/vpostgres/pg_archiver.log.std*"
      Tag="postgres-archiver"
      Severity="info"
      Facility="local0")</fixtext>
      <check system="N/A">
        <check-content>At the command prompt, execute the following command:

    # rpm -V VMware-Postgres-cis-visl-scripts|grep -E
"vmware-services-vmware-vpostgres.conf|vmware-services-vmware-postgres-archiver.conf"
| grep "^..5......"

    If the command returns any output, this is a finding.</check-content>
      </check>
    </Rule>
  </Group>
  <Group id="VCPG-70-000020">
    <title>SRG-APP-000374-DB-000322</title>
    <Rule id="r_VCPG-70-000020" severity="medium">
      <version>VCPG-70-000020</version>
      <title>VMware Postgres must use UTC for log timestamps.</title>
      <description>&lt;VulnDiscussion&gt;If time stamps are not consistently applied and there is no common
time reference, it is difficult to perform forensic analysis. Time stamps
generated by VMware Postgres must include date and time expressed in
Coordinated Universal Time (UTC), a modern continuation of Greenwich Mean Time
(GMT).&lt;/VulnDiscussion&gt;&lt;FalsePositives&gt;&lt;/FalsePositives&gt;&lt;FalseNegatives&gt;&lt;/FalseNegatives&gt;&lt;Documentable&gt;false&lt;/Documentable&gt;&lt;Mitigations&gt;&lt;/Mitigations&gt;&lt;SeverityOverrideGuidance&gt;&lt;/SeverityOverrideGuidance&gt;&lt;PotentialImpacts&gt;&lt;/PotentialImpacts&gt;&lt;ThirdPartyTools&gt;&lt;/ThirdPartyTools&gt;&lt;MitigationControl&gt;&lt;/MitigationControl&gt;&lt;Responsibility&gt;&lt;/Responsibility&gt;&lt;IAControls&gt;&lt;/IAControls&gt;</description>
      <reference>
        <dc:publisher>VMware</dc:publisher>
        <dc:subject>This Security Technical Implementation Guide is published as a tool to improve the security of Department of Defense (DoD) information systems. The requirements are derived from the National Institute of Standards and Technology (NIST) 800-53 and related documents.</dc:subject>
      </reference>
      <ident system="http://cyber.mil/cci">CCI-001890</ident>
      <fixtext>At the command prompt, execute the following commands:

    # /opt/vmware/vpostgres/current/bin/psql -U postgres -c "ALTER SYSTEM SET
log_timezone TO 'Etc/UTC';"

    # /opt/vmware/vpostgres/current/bin/psql -U postgres -c "SELECT
pg_reload_conf();"</fixtext>
      <check system="N/A">
        <check-content>At the command prompt, execute the following command:

    # /opt/vmware/vpostgres/current/bin/psql -U postgres -c "SHOW
log_timezone;"|sed -n 3p|sed -e 's/^[ ]*//'

    Expected result:

    Etc/UTC

    If the output does not match the expected result, this is a finding.</check-content>
      </check>
    </Rule>
  </Group>
</Benchmark>
