<?xml version="1.0" encoding="UTF-8"?><?xml-stylesheet type="text/xsl" href="STIG_unclass.xsl"?>
<Benchmark xmlns:dc="http://purl.org/dc/elements/1.1/" xmlns:xsi="http://www.w3.org/2001/XMLSchema-instance" xmlns:cpe="http://cpe.mitre.org/language/2.0" xmlns:xhtml="http://www.w3.org/1999/xhtml" xmlns:dsig="http://www.w3.org/2000/09/xmldsig#" xsi:schemaLocation="http://checklists.nist.gov/xccdf/1.1 http://nvd.nist.gov/schema/xccdf-1.1.4.xsdhttp://cpe.mitre.org/dictionary/2.0 http://cpe.mitre.org/files/cpe-dictionary_2.1.xsd" id="VMware Aria Suite Lifecycle 8x - Application - STIG Readiness Guide" xml:lang="en" xmlns="http://checklists.nist.gov/xccdf/1.1">
  <status date="2024-02-28">draft</status>
  <title>VMware Aria Suite Lifecycle 8x - Application - STIG Readiness Guide</title>
  <description></description>
  <notice id="terms-of-use" xml:lang="en"/>
  <front-matter xml:lang="en"/>
  <rear-matter xml:lang="en"/>
  <reference href="">
    <dc:publisher/>
    <dc:source/>
  </reference>
  <plain-text id="release-info">Release: 2 Benchmark Date: 28 Feb 2024</plain-text>
  <plain-text id="generator">3.2.2.36079</plain-text>
  <plain-text id="conventionsVersion">1.10.0</plain-text>
  <version>1</version>
  <Group id="V-VLMA-8X-000009">
    <title>SRG-APP-000516-AS-000237</title>
    <Rule id="SV-VLMA-8X-000009" severity="medium" weight="10.0">
      <version>VLMA-8X-000009</version>
      <title>VMware Aria Suite Lifecycle must not provide environment information to third parties.</title>
      <description>&lt;VulnDiscussion&gt;Providing technical details about an environments infrastructure to third parties could unknowningly expose sensitive information to bad actors if intercepted.&lt;/VulnDiscussion&gt;&lt;FalsePositives&gt;&lt;/FalsePositives&gt;&lt;FalseNegatives&gt;&lt;/FalseNegatives&gt;&lt;Documentable&gt;false&lt;/Documentable&gt;&lt;Mitigations&gt;&lt;/Mitigations&gt;&lt;SecurityOverrideGuidance&gt;&lt;/SecurityOverrideGuidance&gt;&lt;PotentialImpacts&gt;&lt;/PotentialImpacts&gt;&lt;ThirdPartyTools&gt;&lt;/ThirdPartyTools&gt;&lt;MitigationControl&gt;&lt;/MitigationControl&gt;&lt;Responsibility&gt;&lt;/Responsibility&gt;&lt;IAControls&gt;&lt;/IAControls&gt;</description>
      <ident system="http://cyber.mil/cci">CCI-000366</ident>
      <fixtext fixref="F-VLMA-8X-000009_fix">Login to VMware Aria Suite Lifecycle as the admin@local account.

Click on Lifecycle Operations &gt;&gt; Settings &gt;&gt; System Details

Click Quit next to Customer Experience Improvement Program.</fixtext>
      <check system="N/A">
        <check-content>Login to VMware Aria Suite Lifecycle as the admin@local account..

Click on Lifecycle Operations &gt;&gt; Settings &gt;&gt; System Details

If the Customer Experience Improvement Program is not disabled, this is a finding.</check-content>
      </check>
    </Rule>
  </Group>
  <Group id="V-VLMA-8X-000005">
    <title>SRG-APP-000358-AS-000064</title>
    <Rule id="SV-VLMA-8X-000005" severity="medium" weight="10.0">
      <version>VLMA-8X-000005</version>
      <title>VMware Aria Suite Lifecycle must off-load log records to a different system.</title>
      <description>&lt;VulnDiscussion&gt;Information system logging capability is critical for accurate forensic analysis. Off-loading is a common process in information systems with limited log storage capacity.

Satisfies: SRG-APP-000515-AS-000203, SRG-APP-000125-AS-000084&lt;/VulnDiscussion&gt;&lt;FalsePositives&gt;&lt;/FalsePositives&gt;&lt;FalseNegatives&gt;&lt;/FalseNegatives&gt;&lt;Documentable&gt;false&lt;/Documentable&gt;&lt;Mitigations&gt;&lt;/Mitigations&gt;&lt;SecurityOverrideGuidance&gt;&lt;/SecurityOverrideGuidance&gt;&lt;PotentialImpacts&gt;&lt;/PotentialImpacts&gt;&lt;ThirdPartyTools&gt;&lt;/ThirdPartyTools&gt;&lt;MitigationControl&gt;&lt;/MitigationControl&gt;&lt;Responsibility&gt;&lt;/Responsibility&gt;&lt;IAControls&gt;&lt;/IAControls&gt;</description>
      <ident system="http://cyber.mil/cci">CCI-001851</ident>
      <fixtext fixref="F-VLMA-8X-000005_fix">Log in to the VMware Aria Suite Lifecycle management interface.

Select "Lifecycle Operations" &gt;&gt; Settings &gt;&gt; System Administration &gt;&gt; Logs.

Enter valid information for Hostname and Port, then choose the relevant Server Protocol and fill in the remaining information.

Click Save.</fixtext>
      <check system="N/A">
        <check-content>VMware Aria Suite Lifecycle utilizes the Aria Operations for Logs Agent to off-load logs to a syslog server or Aria Operations for Logs server.

Log in to the VMware Aria Suite Lifecycle management interface.

Select "Lifecycle Operations" &gt;&gt; Settings &gt;&gt; System Administration &gt;&gt; Logs.

If the Operations for Logs Agent Configuration is not configured to off-load logs to a different system, this is a finding.</check-content>
      </check>
    </Rule>
  </Group>
  <Group id="V-VLMA-8X-000004">
    <title>SRG-APP-000219-AS-000147</title>
    <Rule id="SV-VLMA-8X-000004" severity="medium" weight="10.0">
      <version>VLMA-8X-000004</version>
      <title>VMware Aria Suite Lifecycle must configure authentication when a proxy server is specified.</title>
      <description>&lt;VulnDiscussion&gt;Application architecture may sometimes require a configuration where an application server is placed behind a web proxy or an application gateway, or communicates directly with another application server. In those instances, the application server hosting the service/application is considered the server. The application server, proxy or application gateway consuming the hosted service is considered a client. Authentication is accomplished via the use of certificates and protocols such as TLS mutual authentication. Authentication must be performed when the proxy is exposed to an untrusted network or when data protection requirements specified in the system security plan mandate the need to establish the identity of the connecting application server, proxy or application gateway.&lt;/VulnDiscussion&gt;&lt;FalsePositives&gt;&lt;/FalsePositives&gt;&lt;FalseNegatives&gt;&lt;/FalseNegatives&gt;&lt;Documentable&gt;false&lt;/Documentable&gt;&lt;Mitigations&gt;&lt;/Mitigations&gt;&lt;SecurityOverrideGuidance&gt;&lt;/SecurityOverrideGuidance&gt;&lt;PotentialImpacts&gt;&lt;/PotentialImpacts&gt;&lt;ThirdPartyTools&gt;&lt;/ThirdPartyTools&gt;&lt;MitigationControl&gt;&lt;/MitigationControl&gt;&lt;Responsibility&gt;&lt;/Responsibility&gt;&lt;IAControls&gt;&lt;/IAControls&gt;</description>
      <ident system="http://cyber.mil/cci">CCI-001184</ident>
      <fixtext fixref="F-VLMA-8X-000004_fix">Log in to the VMware Aria Suite Lifecycle management interface.

Select "Lifecycle Operations" &gt;&gt; Settings &gt;&gt; Proxy to view the Proxy configuration.

If the Proxy is not used or is not needed remove the check box next to "Configure Proxy".

If you are enabling Proxy, enter the Server and Port, then select an existing credential.

Click Save.

Note: If a credential for the Proxy does not already exist one will need to be created first by going to Locker &gt;&gt; Passwords.</fixtext>
      <check system="N/A">
        <check-content>If VMware Aria Suite Lifecycle is not configured to use a proxy, this is Not Applicable.

Log in to the VMware Aria Suite Lifecycle management interface.

Select "Lifecycle Operations" &gt;&gt; Settings &gt;&gt; Proxy to view the Proxy configuration.

If the Proxy is configured and no credential is selected, this is a finding.</check-content>
      </check>
    </Rule>
  </Group>
  <Group id="V-VLMA-8X-000006">
    <title>SRG-APP-000371-AS-000077</title>
    <Rule id="SV-VLMA-8X-000006" severity="medium" weight="10.0">
      <version>VLMA-8X-000006</version>
      <title>VMware Aria Suite Lifecycle must synchronize server clocks with an authoritative time source.</title>
      <description>&lt;VulnDiscussion&gt;Determining the correct time a particular application event occurred on a system is critical when conducting forensic analysis and investigating system events.

Synchronization of internal application server clocks is needed in order to correctly correlate the timing of events that occur across multiple systems.

Satisfies: SRG-APP-000372-AS-000212&lt;/VulnDiscussion&gt;&lt;FalsePositives&gt;&lt;/FalsePositives&gt;&lt;FalseNegatives&gt;&lt;/FalseNegatives&gt;&lt;Documentable&gt;false&lt;/Documentable&gt;&lt;Mitigations&gt;&lt;/Mitigations&gt;&lt;SecurityOverrideGuidance&gt;&lt;/SecurityOverrideGuidance&gt;&lt;PotentialImpacts&gt;&lt;/PotentialImpacts&gt;&lt;ThirdPartyTools&gt;&lt;/ThirdPartyTools&gt;&lt;MitigationControl&gt;&lt;/MitigationControl&gt;&lt;Responsibility&gt;&lt;/Responsibility&gt;&lt;IAControls&gt;&lt;/IAControls&gt;</description>
      <ident system="http://cyber.mil/cci">CCI-001891</ident>
      <fixtext fixref="F-VLMA-8X-000006_fix">Configure an authoritative NTP Server on VMware vRealize Suite Lifecycle. 

Login to VMware Aria Suite Lifecycle as the admin@local account.

Select "Lifecycle Operations" &gt;&gt; Settings &gt;&gt; System Administration &gt;&gt; Time Settings.

If NTP is not configured select the "Use Time Server (NTP)" option and configure one or more authoritative time sources.

If the NTP servers specified are not authoritative update them to an authorized time server.

Click Save.</fixtext>
      <check system="N/A">
        <check-content>Login to VMware Aria Suite Lifecycle as the admin@local account.

Select "Lifecycle Operations" &gt;&gt; Settings &gt;&gt; System Administration &gt;&gt; Time Settings to view the configuration.

If NTP is not used to synchronize time, this is a finding.

If the NTP servers specified are not authoritative for the organization, this is a finding.</check-content>
      </check>
    </Rule>
  </Group>
  <Group id="V-VLMA-8X-000008">
    <title>SRG-APP-000514-AS-000137</title>
    <Rule id="SV-VLMA-8X-000008" severity="medium" weight="10.0">
      <version>VLMA-8X-000008</version>
      <title>VMware Aria Suite Lifecycle must use an SSL ceritifcate issued by a DoD certificate authority.</title>
      <description>&lt;VulnDiscussion&gt;The use of a DoD certificate on the VMware Aria Suite Lifecycle appliance assures clients that the service they are connecting to is legitimate and trusted.&lt;/VulnDiscussion&gt;&lt;FalsePositives&gt;&lt;/FalsePositives&gt;&lt;FalseNegatives&gt;&lt;/FalseNegatives&gt;&lt;Documentable&gt;false&lt;/Documentable&gt;&lt;Mitigations&gt;&lt;/Mitigations&gt;&lt;SecurityOverrideGuidance&gt;&lt;/SecurityOverrideGuidance&gt;&lt;PotentialImpacts&gt;&lt;/PotentialImpacts&gt;&lt;ThirdPartyTools&gt;&lt;/ThirdPartyTools&gt;&lt;MitigationControl&gt;&lt;/MitigationControl&gt;&lt;Responsibility&gt;&lt;/Responsibility&gt;&lt;IAControls&gt;&lt;/IAControls&gt;</description>
      <ident system="http://cyber.mil/cci">CCI-002450</ident>
      <fixtext fixref="F-VLMA-8X-000008_fix">Login to VMware Aria Suite Lifecycle as the admin@local account.

A replacement certificate must first be imported into the locker.

The requirements for PEM file are:
Both certificate chain and key must be in the same file.
The PEM file that are imported can have 2048 bits key or 4096 bits key.
If the PEM file certificate is encrypted then the passphrase must be provided while importing the certificate into VMware Aria Suite Lifecycle.

Select Locker &gt;&gt; Certificates &gt;&gt; Import.

Import the new certificate by providing a name, pass phrase if required, and certificate file then click Import.

Note - When you upload a PEM file, the private key and certificate chain details are populated automatically. 

To replace the VMware Aria Suite Lifecycle certificate:

Select "Lifecycle Operations" &gt;&gt; Settings &gt;&gt; Change Certificate &gt;&gt; Replace Certificate.

Select the certificate imported into the locker in the previous step and click next to run the Precheck and then Finish to replace the certificate.</fixtext>
      <check system="N/A">
        <check-content>Login to VMware Aria Suite Lifecycle as the admin@local account.

Select "Lifecycle Operations" &gt;&gt; Settings &gt;&gt; Change Certificate to view the configuration.

If the certificate specified for VMware Aria Suite Lifecycle is not issued from a trusted internal or DoD certificate authority, this is a finding.</check-content>
      </check>
    </Rule>
  </Group>
  <Group id="V-VLMA-8X-000001">
    <title>SRG-APP-000014-AS-000009</title>
    <Rule id="SV-VLMA-8X-000001" severity="medium" weight="10.0">
      <version>VLMA-8X-000001</version>
      <title>VMware Aria Suite Lifecycle must enable FIPS mode.</title>
      <description>&lt;VulnDiscussion&gt;Remote management access is accomplished by leveraging common communication protocols and establishing a remote connection to the application server via a network for the purposes of managing the application server. Enabling strong cryptography, FIPS means there are very less chances that remote connection could be intercepted and compromised. 

Satisfies: SRG-APP-000015-AS-000010, SRG-APP-000179-AS-000129&lt;/VulnDiscussion&gt;&lt;FalsePositives&gt;&lt;/FalsePositives&gt;&lt;FalseNegatives&gt;&lt;/FalseNegatives&gt;&lt;Documentable&gt;false&lt;/Documentable&gt;&lt;Mitigations&gt;&lt;/Mitigations&gt;&lt;SecurityOverrideGuidance&gt;&lt;/SecurityOverrideGuidance&gt;&lt;PotentialImpacts&gt;&lt;/PotentialImpacts&gt;&lt;ThirdPartyTools&gt;&lt;/ThirdPartyTools&gt;&lt;MitigationControl&gt;&lt;/MitigationControl&gt;&lt;Responsibility&gt;&lt;/Responsibility&gt;&lt;IAControls&gt;&lt;/IAControls&gt;</description>
      <ident system="http://cyber.mil/cci">CCI-000068</ident>
      <fixtext fixref="F-VLMA-8X-000001_fix">Log in to the VMware Aria Suite Lifecycle management interface.

Click on Lifecycle Operations &gt;&gt; Settings &gt;&gt; System Details &gt;&gt; FIPS Mode Compliance 

Ensure the checkbox for FIPS Mode Compliance is enabled.

Click "Update" to reboot the appliance.</fixtext>
      <check system="N/A">
        <check-content>Log in to the VMware Aria Suite Lifecycle management interface.

Click on Lifecycle Operations &gt;&gt; Settings &gt;&gt; System Details &gt;&gt; FIPS Mode Compliance

If FIPS mode is not enabled, this is a finding.</check-content>
      </check>
    </Rule>
  </Group>
  <Group id="V-VLMA-8X-000007">
    <title>SRG-APP-000456-AS-000266</title>
    <Rule id="SV-VLMA-8X-000007" severity="medium" weight="10.0">
      <version>VLMA-8X-000007</version>
      <title>VMware Aria Suite Lifecycle must have all security patches and updates installed.</title>
      <description>&lt;VulnDiscussion&gt;Installing software updates is a fundamental mitigation against the exploitation of publicaly-known vulnerabilities.&lt;/VulnDiscussion&gt;&lt;FalsePositives&gt;&lt;/FalsePositives&gt;&lt;FalseNegatives&gt;&lt;/FalseNegatives&gt;&lt;Documentable&gt;false&lt;/Documentable&gt;&lt;Mitigations&gt;&lt;/Mitigations&gt;&lt;SecurityOverrideGuidance&gt;&lt;/SecurityOverrideGuidance&gt;&lt;PotentialImpacts&gt;&lt;/PotentialImpacts&gt;&lt;ThirdPartyTools&gt;&lt;/ThirdPartyTools&gt;&lt;MitigationControl&gt;&lt;/MitigationControl&gt;&lt;Responsibility&gt;&lt;/Responsibility&gt;&lt;IAControls&gt;&lt;/IAControls&gt;</description>
      <ident system="http://cyber.mil/cci">CCI-002605</ident>
      <fixtext fixref="F-VLMA-8X-000007_fix">To install available patches perform the following:

Login to VMware Aria Suite Lifecycle as the admin@local account.

Select "Lifecycle Operations" &gt;&gt; Settings &gt;&gt; System Administration &gt;&gt; System Patches &gt;&gt; New Patch

Select an available patch from the list and click next.

Review the patch installation and click Install.</fixtext>
      <check system="N/A">
        <check-content>Check for and download available updates by using either the online or offline process.

Online

Login to VMware Aria Suite Lifecycle as the admin@local account.

Select "Lifecycle Operations" &gt;&gt; Settings &gt;&gt; Servers &amp; Accounts &gt;&gt; Binary Mapping &gt;&gt; Patch Binaries.

Click "Check Patches Online" to initiate download of any available patches.

Offline

Login to VMware Aria Suite Lifecycle as the admin@local account.

Select "Lifecycle Operations" &gt;&gt; Settings &gt;&gt; Servers &amp; Accounts &gt;&gt; Binary Mapping &gt;&gt; Patch Binaries.

Click "Add Patch Binary" to manual upload a previously downloaded patch.

To check if patches are available for install select "Lifecycle Operations" &gt;&gt; Settings &gt;&gt; Sytem Patches &gt;&gt; New Patch

If VMware Aria Suite Lifecycle does not have the latest patches/updates, this is a finding.

If VMware Aria Suite Lifecycle is not on a supported release, this is a finding.</check-content>
      </check>
    </Rule>
  </Group>
</Benchmark>
