<?xml version="1.0" encoding="UTF-8"?><?xml-stylesheet type="text/xsl" href="STIG_unclass.xsl"?>
<Benchmark xmlns:dc="http://purl.org/dc/elements/1.1/" xmlns:xsi="http://www.w3.org/2001/XMLSchema-instance" xmlns:cpe="http://cpe.mitre.org/language/2.0" xmlns:xhtml="http://www.w3.org/1999/xhtml" xmlns:dsig="http://www.w3.org/2000/09/xmldsig#" xsi:schemaLocation="http://checklists.nist.gov/xccdf/1.1 http://nvd.nist.gov/schema/xccdf-1.1.4.xsdhttp://cpe.mitre.org/dictionary/2.0 http://cpe.mitre.org/files/cpe-dictionary_2.1.xsd" id="VMware Aria Operations for Logs 8.x - tc Server" xml:lang="en" xmlns="http://checklists.nist.gov/xccdf/1.1">
  <status date="2024-02-21">draft</status>
  <title>VMware Aria Operations for Logs 8.x - tc Server - STIG Readiness Guide</title>
  <description></description>
  <notice id="terms-of-use" xml:lang="en"/>
  <front-matter xml:lang="en"/>
  <rear-matter xml:lang="en"/>
  <reference href="">
    <dc:publisher/>
    <dc:source/>
  </reference>
  <plain-text id="release-info">Release: 4 Benchmark Date: 21 Feb 2024</plain-text>
  <plain-text id="generator">3.2.2.36079</plain-text>
  <plain-text id="conventionsVersion">1.10.0</plain-text>
  <version>1</version>
  <Group id="V-VRLT-8X-000140">
    <title>SRG-APP-000141-AS-000095</title>
    <Rule id="SV-VRLT-8X-000140" severity="medium" weight="10.0">
      <version>VRLT-8X-000140</version>
      <title>The VMware Aria Operations for Logs tc Server must disable the xpoweredBy attribute.</title>
      <description>&lt;VulnDiscussion&gt;Individual connectors can be configured to display the tc Server info to clients. This information can be used to identify tc Server versions which can be useful to attackers for identifying vulnerable versions of tc Server. Individual connectors must be checked for the xpoweredBy attribute to ensure they do not pass server info to clients. The default value for xpoweredBy is false.&lt;/VulnDiscussion&gt;&lt;FalsePositives&gt;&lt;/FalsePositives&gt;&lt;FalseNegatives&gt;&lt;/FalseNegatives&gt;&lt;Documentable&gt;false&lt;/Documentable&gt;&lt;Mitigations&gt;&lt;/Mitigations&gt;&lt;SecurityOverrideGuidance&gt;&lt;/SecurityOverrideGuidance&gt;&lt;PotentialImpacts&gt;&lt;/PotentialImpacts&gt;&lt;ThirdPartyTools&gt;&lt;/ThirdPartyTools&gt;&lt;MitigationControl&gt;&lt;/MitigationControl&gt;&lt;Responsibility&gt;&lt;/Responsibility&gt;&lt;IAControls&gt;&lt;/IAControls&gt;</description>
      <ident system="http://cyber.mil/cci">CCI-000381</ident>
      <fixtext fixref="F-VRLT-8X-000140_fix">Edit the /usr/lib/loginsight/application/etc/3rd_config/server.xml file.

Examine each &lt;Connector&gt; element.

Add or edit the xpoweredBy property to read xpoweredBy="false".

EXAMPLE:
&lt;Connector 
  ...
  xpoweredBy="false"&gt;
  ...
&lt;/Connector&gt;


Restart the service:
# systemctl restart loginsight.service</fixtext>
      <check system="N/A">
        <check-content>At the command prompt, run the following command:

# xmllint --xpath "//Connector[@xpoweredBy]" /usr/lib/loginsight/application/3rd_party/apache-tomcat/conf/server.xml

If no results are returned, this is not a finding.

If any connector elements contain xpoweredBy="true", this is a finding.</check-content>
      </check>
    </Rule>
  </Group>
  <Group id="V-VRLT-8X-000014">
    <title>SRG-APP-000095-AS-000056</title>
    <Rule id="SV-VRLT-8X-000014" severity="medium" weight="10.0">
      <version>VRLT-8X-000014</version>
      <title>The VMware Aria Operations for Logs tc Server must produce log records containing sufficient information regarding event details.</title>
      <description>&lt;VulnDiscussion&gt;After a security incident has occurred, investigators will often review log files to determine what happened. The tc Server must create a log entry when users access the system, and the system authenticates the users.

The logs must contain information about user sessions to include what type of event occurred, when (date and time) events occurred, where within the server the events occurred, the client source of the events, the outcome (success or failure) of the event, and the identity of the user/subject/process associated with the event.

Like all web servers, tc Server will log the requested URL and the parameters, if any, sent in the request.  This information will enable investigators to determine where in the server an action was requested.

The AccessLogValve can be defined at multiple levels (Executor, Host, Connector, Context), so at least one must be defined.

Satisfies: SRG-APP-000098-AS-000061, SRG-APP-000097-AS-000060, SRG-APP-000343-AS-000030, SRG-APP-000080-AS-000045, SRG-APP-000089-AS-000050, SRG-APP-000091-AS-000052, SRG-APP-000099-AS-000062, SRG-APP-000096-AS-000059, SRG-APP-000100-AS-000063, SRG-APP-000375-AS-000211&lt;/VulnDiscussion&gt;&lt;FalsePositives&gt;&lt;/FalsePositives&gt;&lt;FalseNegatives&gt;&lt;/FalseNegatives&gt;&lt;Documentable&gt;false&lt;/Documentable&gt;&lt;Mitigations&gt;&lt;/Mitigations&gt;&lt;SecurityOverrideGuidance&gt;&lt;/SecurityOverrideGuidance&gt;&lt;PotentialImpacts&gt;&lt;/PotentialImpacts&gt;&lt;ThirdPartyTools&gt;&lt;/ThirdPartyTools&gt;&lt;MitigationControl&gt;&lt;/MitigationControl&gt;&lt;Responsibility&gt;&lt;/Responsibility&gt;&lt;IAControls&gt;&lt;/IAControls&gt;</description>
      <ident system="http://cyber.mil/cci">CCI-000130</ident>
      <fixtext fixref="F-VRLT-8X-000014_fix">Edit the /usr/lib/loginsight/application/etc/3rd_config/server.xml file.

Modify the &lt;Valve className="org.apache.catalina.valves.AccessLogValve" ...&gt; element(s) nested within the &lt;Host&gt; element(s). 

Change the AccessLogValve "pattern=" setting to include the items "%h %l %t %u &amp;quot;%r&amp;quot; %s %b". 

EXAMPLE:
&lt;Host name="localhost" appBase="webapps"
unpackWARs="true" autoDeploy="false"&gt;
...
&lt;Valve className="org.apache.catalina.valves.AccessLogValve" directory="logs"
prefix="localhost_access_log" suffix=".txt"
pattern="%h %l %t %u &amp;quot;%r&amp;quot; %s %b" /&gt;
...
&lt;/Host&gt;

Restart the service:
# systemctl restart loginsight.service</fixtext>
      <check system="N/A">
        <check-content>At the command prompt, run the following command:

# xmllint --xpath "//*[contains(@className, 'AccessLogValve')]/parent::*" /usr/lib/loginsight/application/3rd_party/apache-tomcat/conf/server.xml

Review all "Valve" elements.

If the pattern= statement does not include a pattern containing the items in the example below, this is a finding.

EXAMPLE:
&lt;Host name="localhost" appBase="webapps"
unpackWARs="true" autoDeploy="false"&gt;
...
&lt;Valve className="org.apache.catalina.valves.AccessLogValve" directory="logs"
prefix="localhost_access_log" suffix=".txt"
pattern="%h %l %t %u &amp;quot;%r&amp;quot; %s %b" /&gt;
...
&lt;/Host&gt;</check-content>
      </check>
    </Rule>
  </Group>
  <Group id="V-VRLT-8X-000125">
    <title>SRG-APP-000001-AS-000001</title>
    <Rule id="SV-VRLT-8X-000125" severity="medium" weight="10.0">
      <version>VRLT-8X-000125</version>
      <title>The VMware Aria Operations for Logs tc Server must limit the amount of time that each TCP connection is kept alive.</title>
      <description>&lt;VulnDiscussion&gt;Denial of Service is one of many threats against web servers. Many DoS attacks attempt to consume web server resources in such a way that no more resources are available to satisfy legitimate requests. Mitigation against these threats is to take steps to limit the number of resources that can be consumed in certain ways.

tc Server provides the connectionTimeout attribute. This sets the number of milliseconds tc Server will wait, after accepting a connection, for the request URI line to be presented. This timeout will also be used when reading the request body (if any).&lt;/VulnDiscussion&gt;&lt;FalsePositives&gt;&lt;/FalsePositives&gt;&lt;FalseNegatives&gt;&lt;/FalseNegatives&gt;&lt;Documentable&gt;false&lt;/Documentable&gt;&lt;Mitigations&gt;&lt;/Mitigations&gt;&lt;SecurityOverrideGuidance&gt;&lt;/SecurityOverrideGuidance&gt;&lt;PotentialImpacts&gt;&lt;/PotentialImpacts&gt;&lt;ThirdPartyTools&gt;&lt;/ThirdPartyTools&gt;&lt;MitigationControl&gt;&lt;/MitigationControl&gt;&lt;Responsibility&gt;&lt;/Responsibility&gt;&lt;IAControls&gt;&lt;/IAControls&gt;</description>
      <ident system="http://cyber.mil/cci">CCI-000054</ident>
      <fixtext fixref="F-VRLT-8X-000125_fix">Edit the /usr/lib/loginsight/application/etc/3rd_config/server.xml file.

Navigate to each of the &lt;Connector&gt; nodes.

Configure each &lt;Connector&gt; node with the value 'connectionTimeout="20000"'.

EXAMPLE:
&lt;Connector 
...
  connectionTimeout="20000"
...&gt;

Restart the service:
# systemctl restart loginsight.service</fixtext>
      <check system="N/A">
        <check-content>At the command prompt, run the following command (substitute the appropriate connectionTimeout value):

#  xmllint --format --xpath "//Connector[not(@connectionTimeout)] | //Connector[@connectionTimeout != '20000']" /usr/lib/loginsight/application/3rd_party/apache-tomcat/conf/server.xml | awk 1

For each connector, if the value of "connectionTimeout" is not set to "20000" or is missing, this is a finding.</check-content>
      </check>
    </Rule>
  </Group>
  <Group id="V-VRLT-8X-000142">
    <title>SRG-APP-000141-AS-000095</title>
    <Rule id="SV-VRLT-8X-000142" severity="medium" weight="10.0">
      <version>VRLT-8X-000142</version>
      <title>The VMware Aria Operations for Logs tc Server default ROOT web application must be removed or replaced.</title>
      <description>&lt;VulnDiscussion&gt;The default ROOT web application includes the version of tc Server that is being used, links to tc Server documentation, examples, FAQs, and mailing lists. The default ROOT web application must be removed from a publicly accessible instance and a more appropriate default page shown to users. It is acceptable to replace the contents of default ROOT with a new default web application.&lt;/VulnDiscussion&gt;&lt;FalsePositives&gt;&lt;/FalsePositives&gt;&lt;FalseNegatives&gt;&lt;/FalseNegatives&gt;&lt;Documentable&gt;false&lt;/Documentable&gt;&lt;Mitigations&gt;&lt;/Mitigations&gt;&lt;SecurityOverrideGuidance&gt;&lt;/SecurityOverrideGuidance&gt;&lt;PotentialImpacts&gt;&lt;/PotentialImpacts&gt;&lt;ThirdPartyTools&gt;&lt;/ThirdPartyTools&gt;&lt;MitigationControl&gt;&lt;/MitigationControl&gt;&lt;Responsibility&gt;&lt;/Responsibility&gt;&lt;IAControls&gt;&lt;/IAControls&gt;</description>
      <ident system="http://cyber.mil/cci">CCI-000381</ident>
      <fixtext fixref="F-VRLT-8X-000142_fix">WARNING: Removing the ROOT folder without replacing the content with valid web based content will result in an error page being displayed to the browser when the browser lands on the default page.

Either remove the files contained in /usr/lib/loginsight/application/3rd_party/apache-tomcat/webapps/ROOT folder or replace the content of the folder with a new application that serves as the new default server application.</fixtext>
      <check system="N/A">
        <check-content>At the command prompt, run the following command:

# ls -l /usr/lib/loginsight/application/3rd_party/apache-tomcat/webapps/ROOT

Review the index.jsp file. Also review the RELEASE-NOTES.txt file. Look for content that describes the application as being licensed by the Apache Software Foundation. Check the index.jsp for other verbiage that indicates the application is part of the tc Server. Alternatively, use a web browser and access the default web application and determine if the website application in the ROOT folder is provided with the server.

If the ROOT web application contains tc Server default application content, this is a finding.</check-content>
      </check>
    </Rule>
  </Group>
  <Group id="V-VRLT-8X-000013">
    <title>SRG-APP-000092-AS-000053</title>
    <Rule id="SV-VRLT-8X-000013" severity="medium" weight="10.0">
      <version>VRLT-8X-000013</version>
      <title>The VMware Aria Operations for Logs tc Server must initiate session logging upon startup.</title>
      <description>&lt;VulnDiscussion&gt;An attacker can compromise a web server during the startup process. If logging is not initiated until all the web server processes are started, key information may be missed and not available during a forensic investigation. To ensure all relevant events are captured, the web server must begin logging once the first web server process is initiated.

During start, tc Server reports system messages onto STDOUT and STDERR. These messages will be logged if the initialization script is configured correctly. Historically, the standard log file for these messages is called “catalina.out”.&lt;/VulnDiscussion&gt;&lt;FalsePositives&gt;&lt;/FalsePositives&gt;&lt;FalseNegatives&gt;&lt;/FalseNegatives&gt;&lt;Documentable&gt;false&lt;/Documentable&gt;&lt;Mitigations&gt;&lt;/Mitigations&gt;&lt;SecurityOverrideGuidance&gt;&lt;/SecurityOverrideGuidance&gt;&lt;PotentialImpacts&gt;&lt;/PotentialImpacts&gt;&lt;ThirdPartyTools&gt;&lt;/ThirdPartyTools&gt;&lt;MitigationControl&gt;&lt;/MitigationControl&gt;&lt;Responsibility&gt;&lt;/Responsibility&gt;&lt;IAControls&gt;&lt;/IAControls&gt;</description>
      <ident system="http://cyber.mil/cci">CCI-001464</ident>
      <fixtext fixref="F-VRLT-8X-000013_fix">Edit the /usr/lib/loginsight/application/etc/3rd_config/catalina.sh file.

Navigate to and locate the start block : "elif [ "$1" = "start" ] ; then".

Navigate to and locate both “eval” statements: 

"org.apache.catalina.startup.Bootstrap "$@" start \" 

Ensure both "eval" statements contain '&gt;&gt; "$CATALINA_OUT" 2&gt;&amp;1 "&amp;"'.

EXAMPLE:
    eval $_NOHUP "\"$_RUNJAVA\"" "\"$CATALINA_LOGGING_CONFIG\"" $LOGGING_MANAGER "$JAVA_OPTS" "$CATALINA_OPTS" \
      -D$ENDORSED_PROP="\"$JAVA_ENDORSED_DIRS\"" \
      -classpath "\"$CLASSPATH\"" \
      -Djava.security.manager \
      -Djava.security.policy=="\"$CATALINA_BASE/conf/catalina.policy\"" \
      -Dcatalina.base="\"$CATALINA_BASE\"" \
      -Dcatalina.home="\"$CATALINA_HOME\"" \
      -Djava.io.tmpdir="\"$CATALINA_TMPDIR\"" \
      org.apache.catalina.startup.Bootstrap "$@" start \
      &gt;&gt; "$CATALINA_OUT" 2&gt;&amp;1 "&amp;"

Restart the service:
# systemctl restart loginsight.service</fixtext>
      <check system="N/A">
        <check-content>At the command prompt, run the following command:

# grep -B10 -A2 '"$CATALINA_OUT" 2&gt;&amp;1 "&amp;"' /usr/lib/loginsight/application/etc/3rd_config/catalina.sh

Verify that each start command within the "elif [ "$1" = "start" ] ; then" block contains the text '&gt;&gt; "$CATALINA_OUT" 2&gt;&amp;1 "&amp;"'

If the command is not correct or is missing, this is a finding.</check-content>
      </check>
    </Rule>
  </Group>
  <Group id="V-VRLT-8X-000130">
    <title>SRG-APP-000033-AS-000024</title>
    <Rule id="SV-VRLT-8X-000130" severity="medium" weight="10.0">
      <version>VRLT-8X-000130</version>
      <title>The VMware Aria Operations for Logs tc Server DefaultServlet must be set to readonly for PUT and DELETE.</title>
      <description>&lt;VulnDiscussion&gt;The DefaultServlet is a servlet provided with tc Server. It is called when no other suitable page can be displayed to the client. It serves static resources as well as directory listings and is declared globally in $CATALINA_BASE/conf/web.xml. 

By default, tc Server behaves as if the DefaultServlet "readOnly" parameter is set to "true" (HTTP commands like PUT and DELETE are rejected). However, the "readOnly" parameter is not in the web.xml file by default so to ensure proper configuration and system operation, the "readOnly" parameter in web.xml must be created and set to "true". 

Ensuring the setting exists in web.xml provides assurances that the system is operating as required. Changing the readOnly parameter to false could allow clients to delete or modify static resources on the server and upload new resources.&lt;/VulnDiscussion&gt;&lt;FalsePositives&gt;&lt;/FalsePositives&gt;&lt;FalseNegatives&gt;&lt;/FalseNegatives&gt;&lt;Documentable&gt;false&lt;/Documentable&gt;&lt;Mitigations&gt;&lt;/Mitigations&gt;&lt;SecurityOverrideGuidance&gt;&lt;/SecurityOverrideGuidance&gt;&lt;PotentialImpacts&gt;&lt;/PotentialImpacts&gt;&lt;ThirdPartyTools&gt;&lt;/ThirdPartyTools&gt;&lt;MitigationControl&gt;&lt;/MitigationControl&gt;&lt;Responsibility&gt;&lt;/Responsibility&gt;&lt;IAControls&gt;&lt;/IAControls&gt;</description>
      <ident system="http://cyber.mil/cci">CCI-000213</ident>
      <fixtext fixref="F-VRLT-8X-000130_fix">Edit the /usr/lib/loginsight/application/3rd_party/apache-tomcat/conf/web.xml file. 

Ensure the "readOnly" param-value for the "DefaultServlet" servlet class is set to "true" if present.

Note: The "readOnly" parameter defaults to "true" if not present.

EXAMPLE:
&lt;servlet&gt;
  &lt;servlet-name&gt;default&lt;/servlet-name&gt;
  &lt;servlet-class&gt;org.apache.catalina.servlets.DefaultServlet&lt;/servlet-class&gt;
    ...
    &lt;init-param&gt;
      &lt;param-name&gt;readOnly&lt;/param-name&gt;
      &lt;param-value&gt;true&lt;/param-value&gt;
    &lt;/init-param&gt;
    ...
&lt;/servlet&gt;

Restart the service:
# systemctl restart loginsight.service</fixtext>
      <check system="N/A">
        <check-content>At the command prompt, run the following command:

# xmllint --xpath "//*[contains(text(), 'DefaultServlet')]/parent::*" /usr/lib/loginsight/application/3rd_party/apache-tomcat/conf/web.xml

If the "readOnly" param-value for the "DefaultServlet" servlet class is set to "false", this is a finding.

Note: The "readOnly" parameter defaults to "true" if not present.

EXAMPLE:
&lt;servlet&gt;
  &lt;servlet-name&gt;default&lt;/servlet-name&gt;
  &lt;servlet-class&gt;org.apache.catalina.servlets.DefaultServlet&lt;/servlet-class&gt;
    ...
    &lt;init-param&gt;
      &lt;param-name&gt;readOnly&lt;/param-name&gt;
      &lt;param-value&gt;true&lt;/param-value&gt;
    &lt;/init-param&gt;
    ...
&lt;/servlet&gt;</check-content>
      </check>
    </Rule>
  </Group>
  <Group id="V-VRLT-8X-000137">
    <title>SRG-APP-000141-AS-000095</title>
    <Rule id="SV-VRLT-8X-000137" severity="medium" weight="10.0">
      <version>VRLT-8X-000137</version>
      <title>The VMware Aria Operations for Logs tc Server must disable the DefaultServlet directory listings parameter.</title>
      <description>&lt;VulnDiscussion&gt;The DefaultServlet serves static resources as well as directory listings. It is declared globally in $CATALINA_BASE/conf/web.xml and by default is configured with the directory "listings" parameter set to disabled. If no welcome file is present and the "listings" setting is enabled, a directory listing is shown. Directory listings must be disabled.&lt;/VulnDiscussion&gt;&lt;FalsePositives&gt;&lt;/FalsePositives&gt;&lt;FalseNegatives&gt;&lt;/FalseNegatives&gt;&lt;Documentable&gt;false&lt;/Documentable&gt;&lt;Mitigations&gt;&lt;/Mitigations&gt;&lt;SecurityOverrideGuidance&gt;&lt;/SecurityOverrideGuidance&gt;&lt;PotentialImpacts&gt;&lt;/PotentialImpacts&gt;&lt;ThirdPartyTools&gt;&lt;/ThirdPartyTools&gt;&lt;MitigationControl&gt;&lt;/MitigationControl&gt;&lt;Responsibility&gt;&lt;/Responsibility&gt;&lt;IAControls&gt;&lt;/IAControls&gt;</description>
      <ident system="http://cyber.mil/cci">CCI-000381</ident>
      <fixtext fixref="F-VRLT-8X-000137_fix">Edit the /usr/lib/loginsight/application/3rd_party/apache-tomcat/conf/web.xml file.

Examine the &lt;init-param&gt; elements within the &lt;Servletclass&gt; element, ensure the "listings" &lt;param-value&gt; is set to "false" (without quotes).

EXAMPLE:
&lt;servlet&gt;
  ...
  &lt;init-param&gt;
    &lt;param-name&gt;listings&lt;/param-name&gt;
    &lt;param-value&gt;false&lt;/param-value&gt;
  &lt;/init-param&gt;
&lt;/servlet&gt;

Restart the service:
# systemctl restart loginsight.service</fixtext>
      <check system="N/A">
        <check-content>At the command prompt, run the following command:

# xmllint --xpath "//*[contains(text(), 'DefaultServlet')]/parent::*" /usr/lib/loginsight/application/3rd_party/apache-tomcat/conf/web.xml

If the "listings" param-value for the "DefaultServlet" servlet class is not set to false, this is a finding.</check-content>
      </check>
    </Rule>
  </Group>
  <Group id="V-VRLT-8X-000062">
    <title>SRG-APP-000225-AS-000166</title>
    <Rule id="SV-VRLT-8X-000062" severity="medium" weight="10.0">
      <version>VRLT-8X-000062</version>
      <title>The VMware Aria Operations for Logs tc Server must be built to fail to a known safe state if system initialization fails, shutdown fails, or aborts fail.</title>
      <description>&lt;VulnDiscussion&gt;Determining a safe state for failure and weighing that against a potential denial of service for users depends on what type of application the tc Server is hosting. In most cases, it is preferable that the service abort startup on any initialization failure rather than continuing in a degraded, and potentially insecure, state.&lt;/VulnDiscussion&gt;&lt;FalsePositives&gt;&lt;/FalsePositives&gt;&lt;FalseNegatives&gt;&lt;/FalseNegatives&gt;&lt;Documentable&gt;false&lt;/Documentable&gt;&lt;Mitigations&gt;&lt;/Mitigations&gt;&lt;SecurityOverrideGuidance&gt;&lt;/SecurityOverrideGuidance&gt;&lt;PotentialImpacts&gt;&lt;/PotentialImpacts&gt;&lt;ThirdPartyTools&gt;&lt;/ThirdPartyTools&gt;&lt;MitigationControl&gt;&lt;/MitigationControl&gt;&lt;Responsibility&gt;&lt;/Responsibility&gt;&lt;IAControls&gt;&lt;/IAControls&gt;</description>
      <ident system="http://cyber.mil/cci">CCI-001190</ident>
      <fixtext fixref="F-VRLT-8X-000062_fix">Edit the /usr/lib/loginsight/application/3rd_party/apache-tomcat/conf/catalina.properties file.

Add or change the org.apache.catalina.startup.EXIT_ON_INIT_FAILURE setting to equal true.

Restart the service:
# systemctl restart loginsight.service</fixtext>
      <check system="N/A">
        <check-content>At the command prompt, run the following commands:

# grep -i EXIT_ON_INIT_FAILURE /usr/lib/loginsight/application/3rd_party/apache-tomcat/conf/catalina.properties

If the setting org.apache.catalina.startup.EXIT_ON_INIT_FAILURE is false, or is missing from the file, this is a finding.</check-content>
      </check>
    </Rule>
  </Group>
  <Group id="V-VRLT-8X-000004">
    <title>SRG-APP-000016-AS-000013</title>
    <Rule id="SV-VRLT-8X-000004" severity="medium" weight="10.0">
      <version>VRLT-8X-000004</version>
      <title>The VMware Aria Operations for Logs tc Server must have logging configured for each application context.</title>
      <description>&lt;VulnDiscussion&gt;Logging must be utilized in order to track system activity, assist in diagnosing system issues, and provide evidence needed for forensic investigations post security incident.

tc Server logging configuration is achieved through the &lt;Valve&gt; object. A Valve is an interceptor like element that, when inserted in a Container (Context, Host, or Engine), intercepts all the incoming HTTP requests before they reach the application.

Satisfies: SRG-APP-000499-AS-000224, SRG-APP-000503-AS-000228, SRG-APP-000090-AS-000051, SRG-APP-000495-AS-000220&lt;/VulnDiscussion&gt;&lt;FalsePositives&gt;&lt;/FalsePositives&gt;&lt;FalseNegatives&gt;&lt;/FalseNegatives&gt;&lt;Documentable&gt;false&lt;/Documentable&gt;&lt;Mitigations&gt;&lt;/Mitigations&gt;&lt;SecurityOverrideGuidance&gt;&lt;/SecurityOverrideGuidance&gt;&lt;PotentialImpacts&gt;&lt;/PotentialImpacts&gt;&lt;ThirdPartyTools&gt;&lt;/ThirdPartyTools&gt;&lt;MitigationControl&gt;&lt;/MitigationControl&gt;&lt;Responsibility&gt;&lt;/Responsibility&gt;&lt;IAControls&gt;&lt;/IAControls&gt;</description>
      <ident system="http://cyber.mil/cci">CCI-000067</ident>
      <fixtext fixref="F-VRLT-8X-000004_fix">Edit the /usr/lib/loginsight/application/etc/3rd_config/server.xml file.

Create or edit a &lt;Valve&gt; element that is nested within the &lt;Host&gt; container.

EXAMPLE:
&lt;Host
...
&lt;Valve className="org.apache.catalina.valves.AccessLogValve" directory="logs"
prefix="application_name_log" suffix=".txt"
pattern="%h %l %t %u &amp;quot;%r&amp;quot; %s %b" /&gt;
...
/&gt;

Restart the service:
# systemctl restart loginsight.service</fixtext>
      <check system="N/A">
        <check-content>Ensure that an AccessLogValue object exists within a Container element (Context, Host, or Engine). 

To find all the AccessLogValve objects, and their associated parent node, run the following command:

# xmllint --xpath "//Valve[contains(@className, 'AccessLogValve')]/parent::*" /usr/lib/loginsight/application/3rd_party/apache-tomcat/conf/server.xml

If a &lt;Valve className="org.apache.catalina.valves.AccessLogValve" .../&gt; element is not defined within one of the Container elements, this is a finding.

EXAMPLE:
&lt;Host
...
&lt;Valve className="org.apache.catalina.valves.AccessLogValve" directory="logs"
prefix="host_name_log" suffix=".txt"
pattern="%h %l %t %u &amp;quot;%r&amp;quot; %s %b" /&gt;
...
/&gt;</check-content>
      </check>
    </Rule>
  </Group>
  <Group id="V-VRLT-8X-000065">
    <title>SRG-APP-000251-AS-000165</title>
    <Rule id="SV-VRLT-8X-000065" severity="medium" weight="10.0">
      <version>VRLT-8X-000065</version>
      <title>The VMware Aria Operations for Logs tc Server must set URIEncoding to UTF-8.</title>
      <description>&lt;VulnDiscussion&gt;Invalid user input occurs when a user inserts data or characters into a hosted application's data entry field and the hosted application is unprepared to process that data. This results in unanticipated application behavior, potentially leading to an application compromise. Invalid user input is one of the primary methods employed when attempting to compromise an application. 

An attacker can also enter Unicode into hosted applications in an effort to break out of the document home or root home directory or to bypass security checks.

To mitigate against many types of character-based vulnerabilities, tc Server should be configured to use a consistent character set. The URIEncoding attribute on the Connector nodes provides the means for tc Server to enforce a consistent character set encoding.&lt;/VulnDiscussion&gt;&lt;FalsePositives&gt;&lt;/FalsePositives&gt;&lt;FalseNegatives&gt;&lt;/FalseNegatives&gt;&lt;Documentable&gt;false&lt;/Documentable&gt;&lt;Mitigations&gt;&lt;/Mitigations&gt;&lt;SecurityOverrideGuidance&gt;&lt;/SecurityOverrideGuidance&gt;&lt;PotentialImpacts&gt;&lt;/PotentialImpacts&gt;&lt;ThirdPartyTools&gt;&lt;/ThirdPartyTools&gt;&lt;MitigationControl&gt;&lt;/MitigationControl&gt;&lt;Responsibility&gt;&lt;/Responsibility&gt;&lt;IAControls&gt;&lt;/IAControls&gt;</description>
      <ident system="http://cyber.mil/cci">CCI-001310</ident>
      <fixtext fixref="F-VRLT-8X-000065_fix">Edit the /usr/lib/loginsight/application/etc/3rd_config/server.xml file.

Navigate to each of the &lt;Connector&gt; nodes.

Configure each &lt;Connector&gt; node with the value 'URIEncoding="UTF-8"'.

Restart the service:
# systemctl restart loginsight.service</fixtext>
      <check system="N/A">
        <check-content>At the command prompt, run the following command:

# xmllint --xpath "//Connector[not(@URIEncoding)] | //Connector[@URIEncoding != 'UTF-8']" /usr/lib/loginsight/application/3rd_party/apache-tomcat/conf/server.xml | awk 1 RS='&lt;Connector' ORS='\n&lt;Connector'

If the value of "URIEncoding" is not set to "UTF-8" or is missing for each connector item returned, this is a finding.</check-content>
      </check>
    </Rule>
  </Group>
  <Group id="V-VRLT-8X-000070">
    <title>SRG-APP-000295-AS-000263</title>
    <Rule id="SV-VRLT-8X-000070" severity="medium" weight="10.0">
      <version>VRLT-8X-000070</version>
      <title>The VMware Aria Operations for Logs tc Server must set an inactive timeout for sessions.</title>
      <description>&lt;VulnDiscussion&gt;Leaving sessions open indefinitely is a major security risk. An attacker can easily use an already authenticated session to access the hosted application as the previously authenticated user. By closing sessions after a set period of inactivity, the web server can make certain that those sessions that are not closed through the user logging out of an application are eventually closed. 

tc Server provides a session timeout parameter in the web.xml configuration file.

Satisfies: SRG-APP-000389-AS-000253&lt;/VulnDiscussion&gt;&lt;FalsePositives&gt;&lt;/FalsePositives&gt;&lt;FalseNegatives&gt;&lt;/FalseNegatives&gt;&lt;Documentable&gt;false&lt;/Documentable&gt;&lt;Mitigations&gt;&lt;/Mitigations&gt;&lt;SecurityOverrideGuidance&gt;&lt;/SecurityOverrideGuidance&gt;&lt;PotentialImpacts&gt;&lt;/PotentialImpacts&gt;&lt;ThirdPartyTools&gt;&lt;/ThirdPartyTools&gt;&lt;MitigationControl&gt;&lt;/MitigationControl&gt;&lt;Responsibility&gt;&lt;/Responsibility&gt;&lt;IAControls&gt;&lt;/IAControls&gt;</description>
      <ident system="http://cyber.mil/cci">CCI-002361</ident>
      <fixtext fixref="F-VRLT-8X-000070_fix">Edit the /usr/lib/loginsight/application/3rd_party/apache-tomcat/conf/web.xml file.

Navigate to the &lt;session-config&gt; node.

Add or edit the &lt;session-timeout&gt;30&lt;/session-timeout&gt; node setting in the &lt;session-config&gt; node.

EXAMPLE:
&lt;session-config&gt;
  &lt;session-timeout&gt;15&lt;/session-timeout&gt;
  &lt;cookie-config&gt;
    &lt;http-only&gt;true&lt;/http-only&gt;
    &lt;secure&gt;true&lt;/secure&gt;
  &lt;/cookie-config&gt;
&lt;/session-config&gt;

Restart the service:
# systemctl restart loginsight.service</fixtext>
      <check system="N/A">
        <check-content>At the command prompt, run the following command:

# xmllint --xpath "//*[local-name()='session-timeout']/parent::*" /usr/lib/loginsight/application/3rd_party/apache-tomcat/conf/web.xml

If the value of &lt;session-timeout&gt; is not "30" or less, or is missing, this is a finding.

EXAMPLE:
&lt;session-config&gt;
  &lt;session-timeout&gt;15&lt;/session-timeout&gt;
  &lt;cookie-config&gt;
    &lt;http-only&gt;true&lt;/http-only&gt;
    &lt;secure&gt;true&lt;/secure&gt;
  &lt;/cookie-config&gt;
&lt;/session-config&gt;</check-content>
      </check>
    </Rule>
  </Group>
  <Group id="V-VRLT-8X-000129">
    <title>SRG-APP-000033-AS-000024</title>
    <Rule id="SV-VRLT-8X-000129" severity="medium" weight="10.0">
      <version>VRLT-8X-000129</version>
      <title>The VMware Aria Operations for Logs tc Server must have the http-only flag set for cookies.</title>
      <description>&lt;VulnDiscussion&gt;It is possible to steal or manipulate web application session and cookies without having a secure cookie. Configuring the secure flag injects the setting into the response header.  When you tag a cookie with the HttpOnly flag, it tells the browser that this particular cookie should only be accessed by the server. Any attempt to access the cookie from client script is forbidden.

The web.xml file controls how all applications handle cookies via the &lt;cookie-config&gt; element.&lt;/VulnDiscussion&gt;&lt;FalsePositives&gt;&lt;/FalsePositives&gt;&lt;FalseNegatives&gt;&lt;/FalseNegatives&gt;&lt;Documentable&gt;false&lt;/Documentable&gt;&lt;Mitigations&gt;&lt;/Mitigations&gt;&lt;SecurityOverrideGuidance&gt;&lt;/SecurityOverrideGuidance&gt;&lt;PotentialImpacts&gt;&lt;/PotentialImpacts&gt;&lt;ThirdPartyTools&gt;&lt;/ThirdPartyTools&gt;&lt;MitigationControl&gt;&lt;/MitigationControl&gt;&lt;Responsibility&gt;&lt;/Responsibility&gt;&lt;IAControls&gt;&lt;/IAControls&gt;</description>
      <ident system="http://cyber.mil/cci">CCI-000213</ident>
      <fixtext fixref="F-VRLT-8X-000129_fix">Edit the /usr/lib/loginsight/application/3rd_party/apache-tomcat/conf/web.xml file.

If the cookie-config section does not exist it must be added. Add or modify the &lt;http-only&gt; setting and set to true.

EXAMPLE:
&lt;session-config&gt;
  &lt;session-timeout&gt;15&lt;/session-timeout&gt;
  &lt;cookie-config&gt;
    &lt;http-only&gt;true&lt;/http-only&gt;
    &lt;secure&gt;true&lt;/secure&gt;
  &lt;/cookie-config&gt;
&lt;/session-config&gt;</fixtext>
      <check system="N/A">
        <check-content>At the command prompt, run the following command:

# xmllint --xpath "//*[local-name()='cookie-config']/parent::*" /usr/lib/loginsight/application/3rd_party/apache-tomcat/conf/web.xml

If the command returns no results or if the &lt;http-only&gt; element is not set to true, this is a finding.

EXAMPLE:
&lt;session-config&gt;
  &lt;session-timeout&gt;15&lt;/session-timeout&gt;
  &lt;cookie-config&gt;
    &lt;http-only&gt;true&lt;/http-only&gt;
    &lt;secure&gt;true&lt;/secure&gt;
  &lt;/cookie-config&gt;
&lt;/session-config&gt;</check-content>
      </check>
    </Rule>
  </Group>
  <Group id="V-VRLT-8X-000057">
    <title>SRG-APP-000223-AS-000150</title>
    <Rule id="SV-VRLT-8X-000057" severity="medium" weight="10.0">
      <version>VRLT-8X-000057</version>
      <title>The VMware Aria Operations for Logs tc Server must be configured to limit data exposure between applications.</title>
      <description>&lt;VulnDiscussion&gt;If RECYCLE_FACADES is true or if a security manager is in use, a new facade object will be created for each request. This reduces the chances that a bug in an application might expose data from one request to another. This setting is configured using environment variable settings. For Linux OS flavors other than Ubuntu, use the relevant OS commands. For Ubuntu, this setting can be managed in the /etc/systemd/system/tomcat.service file via the CATALINA_OPTS variable. This setting is defined in the file and referenced during tc Server startup in order to load environment variables. 

Satisfies: SRG-APP-000516-AS-000237&lt;/VulnDiscussion&gt;&lt;FalsePositives&gt;&lt;/FalsePositives&gt;&lt;FalseNegatives&gt;&lt;/FalseNegatives&gt;&lt;Documentable&gt;false&lt;/Documentable&gt;&lt;Mitigations&gt;&lt;/Mitigations&gt;&lt;SecurityOverrideGuidance&gt;&lt;/SecurityOverrideGuidance&gt;&lt;PotentialImpacts&gt;&lt;/PotentialImpacts&gt;&lt;ThirdPartyTools&gt;&lt;/ThirdPartyTools&gt;&lt;MitigationControl&gt;&lt;/MitigationControl&gt;&lt;Responsibility&gt;&lt;/Responsibility&gt;&lt;IAControls&gt;&lt;/IAControls&gt;</description>
      <ident system="http://cyber.mil/cci">CCI-001664</ident>
      <fixtext fixref="F-VRLT-8X-000057_fix">Edit the /usr/lib/loginsight/application/3rd_party/apache-tomcat/conf/catalina.properties file.

Ensure the 'org.apache.catalina.connector.RECYCLE_FACADES' line is present, and is set to true.

EXAMPLE catalina.properties:
...
org.apache.catalina.startup.EXIT_ON_INIT_FAILURE=true
org.apache.catalina.connector.RECYCLE_FACADES=true
...

Restart the service:
# systemctl restart loginsight.service</fixtext>
      <check system="N/A">
        <check-content>At the command prompt, run the following commands:

# grep -i RECYCLE_FACADES /usr/lib/loginsight/application/3rd_party/apache-tomcat/conf/catalina.properties

If there are no results, or if 'org.apache.catalina.connector.RECYCLE_FACADES' is not set to true, this is a finding.</check-content>
      </check>
    </Rule>
  </Group>
  <Group id="V-VRLT-8X-000005">
    <title>SRG-APP-000033-AS-000024</title>
    <Rule id="SV-VRLT-8X-000005" severity="medium" weight="10.0">
      <version>VRLT-8X-000005</version>
      <title>The VMware Aria Operations for Logs  tc Server must have the secure flag set for cookies.</title>
      <description>&lt;VulnDiscussion&gt;It is possible to steal or manipulate web application session and cookies without having a secure cookie. Configuring the secure flag injects the setting into the response header.

The web.xml file controls how each application handles cookies via the &lt;cookie-config&gt; element.&lt;/VulnDiscussion&gt;&lt;FalsePositives&gt;&lt;/FalsePositives&gt;&lt;FalseNegatives&gt;&lt;/FalseNegatives&gt;&lt;Documentable&gt;false&lt;/Documentable&gt;&lt;Mitigations&gt;&lt;/Mitigations&gt;&lt;SecurityOverrideGuidance&gt;&lt;/SecurityOverrideGuidance&gt;&lt;PotentialImpacts&gt;&lt;/PotentialImpacts&gt;&lt;ThirdPartyTools&gt;&lt;/ThirdPartyTools&gt;&lt;MitigationControl&gt;&lt;/MitigationControl&gt;&lt;Responsibility&gt;&lt;/Responsibility&gt;&lt;IAControls&gt;&lt;/IAControls&gt;</description>
      <ident system="http://cyber.mil/cci">CCI-000213</ident>
      <fixtext fixref="F-VRLT-8X-000005_fix">Edit the /usr/lib/loginsight/application/3rd_party/apache-tomcat/conf/web.xml.

If the cookie-config section does not exist it must be added. Add or modify the &lt;secure&gt; setting as a child node to the &lt;cookie-config&gt; node and set its value to true.

EXAMPLE:
&lt;web-app&gt;
...
  &lt;session-config&gt;
    &lt;session-timeout&gt;15&lt;/session-timeout&gt;
    &lt;cookie-config&gt;
      &lt;http-only&gt;true&lt;/http-only&gt;
      &lt;secure&gt;true&lt;/secure&gt;
    &lt;/cookie-config&gt;
  &lt;/session-config&gt;
...
&lt;/web-app&gt;

Restart the service:
# systemctl restart loginsight.service</fixtext>
      <check system="N/A">
        <check-content>At the command prompt, run the following command:

xmllint --xpath "//*[local-name()='cookie-config']/parent::*" /usr/lib/loginsight/application/3rd_party/apache-tomcat/conf/web.xml

If the command returns no results or if the &lt;cookie-config&gt;&lt;secure&gt; element is not set to true, this is a finding.

EXAMPLE:
&lt;session-config&gt;
  &lt;session-timeout&gt;15&lt;/session-timeout&gt;
  &lt;cookie-config&gt;
    &lt;http-only&gt;true&lt;/http-only&gt;
    &lt;secure&gt;true&lt;/secure&gt;
  &lt;/cookie-config&gt;
&lt;/session-config&gt;</check-content>
      </check>
    </Rule>
  </Group>
  <Group id="V-VRLT-8X-000131">
    <title>SRG-APP-000033-AS-000024</title>
    <Rule id="SV-VRLT-8X-000131" severity="medium" weight="10.0">
      <version>VRLT-8X-000131</version>
      <title>The VMware Aria Operations for Logs tc Server must ensure that Connectors are secured for connectors that do not redirect to a secure port.</title>
      <description>&lt;VulnDiscussion&gt;The unencrypted HTTP protocol does not protect data from interception or alteration which can subject users to eavesdropping, tracking, and the modification of received data. To secure an HTTP connector, both the secure and scheme flags must be set.&lt;/VulnDiscussion&gt;&lt;FalsePositives&gt;&lt;/FalsePositives&gt;&lt;FalseNegatives&gt;&lt;/FalseNegatives&gt;&lt;Documentable&gt;false&lt;/Documentable&gt;&lt;Mitigations&gt;&lt;/Mitigations&gt;&lt;SecurityOverrideGuidance&gt;&lt;/SecurityOverrideGuidance&gt;&lt;PotentialImpacts&gt;&lt;/PotentialImpacts&gt;&lt;ThirdPartyTools&gt;&lt;/ThirdPartyTools&gt;&lt;MitigationControl&gt;&lt;/MitigationControl&gt;&lt;Responsibility&gt;&lt;/Responsibility&gt;&lt;IAControls&gt;&lt;/IAControls&gt;</description>
      <ident system="http://cyber.mil/cci">CCI-000213</ident>
      <fixtext fixref="F-VRLT-8X-000131_fix">Edit the /usr/lib/loginsight/application/etc/3rd_config/server.xml file. 

Locate each &lt;Connector/&gt; element that is not a redirect to a secure port and is lacking a secure setting. 

Set or add scheme="https" and secure="true" for each connector element.

EXAMPLE:
&lt;Connector port="443" protocol="org.apache.coyote.http11.Http11NioProtocol" SSLEnabled="true"
maxThreads="150" scheme="https" secure="true".../&gt;

Restart the service:
# systemctl restart loginsight.service</fixtext>
      <check system="N/A">
        <check-content>At the command prompt, run the following commands:

# xmllint --xpath "//Connector[not(@scheme)] | //Connector[@scheme != 'https']" /usr/lib/loginsight/application/3rd_party/apache-tomcat/conf/server.xml
# xmllint --xpath "//Connector[not(@secure)] | //Connector[@secure!= 'true']" /usr/lib/loginsight/application/3rd_party/apache-tomcat/conf/server.xml

Examine each &lt;Connector/&gt; element. 

For each connector that is not a redirect to a secure port, verify the secure= flag is set to "true" and the scheme= flag is set to "https".

If the secure flag is not set to "true" and/or the scheme flag is not set to "https" for each HTTP connector element, this is a finding.</check-content>
      </check>
    </Rule>
  </Group>
  <Group id="V-VRLT-8X-000126">
    <title>SRG-APP-000001-AS-000001</title>
    <Rule id="SV-VRLT-8X-000126" severity="medium" weight="10.0">
      <version>VRLT-8X-000126</version>
      <title>The VMware Aria Operations for Logs tc Server must limit the number of times that each TCP connection is kept alive.</title>
      <description>&lt;VulnDiscussion&gt;KeepAlive provides long lived HTTP sessions that allow multiple requests to be sent over the same connection. Enabling KeepAlive mitigates the effects of several types of denial-of-service attacks.

An advantage of KeepAlive is the reduced latency in subsequent requests (no handshaking). However, a disadvantage is that server resources are not available to handle other requests while a connection is maintained between the server and the client.

tc Server can be configured to limit the number of subsequent requests that one client can submit to the server over an established connection. This limit helps provide a balance between the advantages of KeepAlive, while not allowing any one connection being held too long by any one client. maxKeepAliveRequests is the tc Server attribute that sets this limit.
&lt;/VulnDiscussion&gt;&lt;FalsePositives&gt;&lt;/FalsePositives&gt;&lt;FalseNegatives&gt;&lt;/FalseNegatives&gt;&lt;Documentable&gt;false&lt;/Documentable&gt;&lt;Mitigations&gt;&lt;/Mitigations&gt;&lt;SecurityOverrideGuidance&gt;&lt;/SecurityOverrideGuidance&gt;&lt;PotentialImpacts&gt;&lt;/PotentialImpacts&gt;&lt;ThirdPartyTools&gt;&lt;/ThirdPartyTools&gt;&lt;MitigationControl&gt;&lt;/MitigationControl&gt;&lt;Responsibility&gt;&lt;/Responsibility&gt;&lt;IAControls&gt;&lt;/IAControls&gt;</description>
      <ident system="http://cyber.mil/cci">CCI-000054</ident>
      <fixtext fixref="F-VRLT-8X-000126_fix">Edit the /usr/lib/loginsight/application/etc/3rd_config/server.xml file.

Navigate to each of the &lt;Connector&gt; nodes.

Configure each &lt;Connector&gt; node with the value 'maxKeepAliveRequests="15"'.

Restart the service:
# systemctl restart loginsight.service</fixtext>
      <check system="N/A">
        <check-content>At the command prompt, run the following command (replace maxKeepAliveRequests with appropriate value):

#  xmllint --format --xpath "//Connector[not(@maxKeepAliveRequests)] | //Connector[@maxKeepAliveRequests != '15']" /usr/lib/loginsight/application/3rd_party/apache-tomcat/conf/server.xml | awk 1 RS='&lt;/Connector&gt;' ORS='&lt;/Connector&gt;\n'

For each connector node, if the value of "maxKeepAliveRequests" is not set to "15" or is missing, this is a finding.</check-content>
      </check>
    </Rule>
  </Group>
  <Group id="V-VRLT-8X-000135">
    <title>SRG-APP-000141-AS-000095</title>
    <Rule id="SV-VRLT-8X-000135" severity="medium" weight="10.0">
      <version>VRLT-8X-000135</version>
      <title>The VMware Aria Operations for Logs tc Server must disable unapproved connectors.</title>
      <description>&lt;VulnDiscussion&gt;Connectors are how tc Server receives requests, passes them to hosted web applications, and then sends back the results to the requestor. Tomcat provides HTTP and Apache JServ Protocol (AJP) connectors and makes these protocols available via configured network ports. Unapproved connectors provide open network connections to either of these protocols and put the system at risk.

Review the SSP for the list of approved connectors and associated TCP/IP ports and ensure only approved connectors are present. &lt;/VulnDiscussion&gt;&lt;FalsePositives&gt;&lt;/FalsePositives&gt;&lt;FalseNegatives&gt;&lt;/FalseNegatives&gt;&lt;Documentable&gt;false&lt;/Documentable&gt;&lt;Mitigations&gt;&lt;/Mitigations&gt;&lt;SecurityOverrideGuidance&gt;&lt;/SecurityOverrideGuidance&gt;&lt;PotentialImpacts&gt;&lt;/PotentialImpacts&gt;&lt;ThirdPartyTools&gt;&lt;/ThirdPartyTools&gt;&lt;MitigationControl&gt;&lt;/MitigationControl&gt;&lt;Responsibility&gt;&lt;/Responsibility&gt;&lt;IAControls&gt;&lt;/IAControls&gt;</description>
      <ident system="http://cyber.mil/cci">CCI-000381</ident>
      <fixtext fixref="F-VRLT-8X-000135_fix">Edit the /usr/lib/loginsight/application/etc/3rd_config/server.xml file.

Remove any unapproved connectors.

Restart the service:
# systemctl restart loginsight.service</fixtext>
      <check system="N/A">
        <check-content>At the command prompt, run the following command:

# xmllint --xpath "//Connector[not(@redirectPort)]/@port" /usr/lib/loginsight/application/3rd_party/apache-tomcat/conf/server.xml | awk 1 RS=' ' ORS='\n'

Review the results and verify all connectors that are not redirects and their associated network ports are approved in the SSP.

If connectors are found but are not approved in the SSP, this is a finding.</check-content>
      </check>
    </Rule>
  </Group>
  <Group id="V-VRLT-8X-000067">
    <title>SRG-APP-000266-AS-000169</title>
    <Rule id="SV-VRLT-8X-000067" severity="medium" weight="10.0">
      <version>VRLT-8X-000067</version>
      <title>The VMware Aria Operations for Logs tc Server showServerInfo setting in the ErrorReportValve must be set to false.</title>
      <description>&lt;VulnDiscussion&gt;The Error Report Valve is a simple error handler for HTTP status codes that will generate and return HTML error pages. It can also be configured to return pre-defined static HTML pages for specific status codes and/or exception types. Disabling showServerInfo will only return the HTTP status code and remove all CSS from the default non-error related HTTP responses.&lt;/VulnDiscussion&gt;&lt;FalsePositives&gt;&lt;/FalsePositives&gt;&lt;FalseNegatives&gt;&lt;/FalseNegatives&gt;&lt;Documentable&gt;false&lt;/Documentable&gt;&lt;Mitigations&gt;&lt;/Mitigations&gt;&lt;SecurityOverrideGuidance&gt;&lt;/SecurityOverrideGuidance&gt;&lt;PotentialImpacts&gt;&lt;/PotentialImpacts&gt;&lt;ThirdPartyTools&gt;&lt;/ThirdPartyTools&gt;&lt;MitigationControl&gt;&lt;/MitigationControl&gt;&lt;Responsibility&gt;&lt;/Responsibility&gt;&lt;IAControls&gt;&lt;/IAControls&gt;</description>
      <ident system="http://cyber.mil/cci">CCI-001312</ident>
      <fixtext fixref="F-VRLT-8X-000067_fix">Edit the /usr/lib/loginsight/application/etc/3rd_config/server.xml file.

Create or modify an ErrorReportValve &lt;Valve&gt; element nested within each &lt;Host&gt; element.

EXAMPLE:
&lt;Host name="localhost" appBase="webapps"
unpackWARs="true" autoDeploy="false"&gt;
...
&lt;Valve className="org.apache.catalina.valves.ErrorReportValve" 
showServerInfo="false" /&gt;
...
&lt;/Host&gt;

Restart the service:
# systemctl restart loginsight.service</fixtext>
      <check system="N/A">
        <check-content>At the command prompt, run the following command:

# xmllint --xpath "//*[contains(@className, 'ErrorReportValve')]/parent::*" /usr/lib/loginsight/application/3rd_party/apache-tomcat/conf/server.xml

If the ErrorReportValve element is not defined or showServerInfo is not set to "false", this is a finding.

EXAMPLE:
&lt;Host ...&gt;
...
&lt;Valve className="org.apache.catalina.valves.ErrorReportValve" showServerInfo="false"/&gt;
...
&lt;/Host&gt;</check-content>
      </check>
    </Rule>
  </Group>
  <Group id="V-VRLT-8X-000036">
    <title>SRG-APP-000141-AS-000095</title>
    <Rule id="SV-VRLT-8X-000036" severity="medium" weight="10.0">
      <version>VRLT-8X-000036</version>
      <title>The VMware Aria Operations for Logs tc Server must disable Stack tracing.</title>
      <description>&lt;VulnDiscussion&gt;Stack tracing provides debugging information from the application call stacks when a runtime error is encountered. If stack tracing is left enabled, tc Server will provide this call stack information to the requestor which could result in the loss of sensitive information or data that could be used to compromise the system. &lt;/VulnDiscussion&gt;&lt;FalsePositives&gt;&lt;/FalsePositives&gt;&lt;FalseNegatives&gt;&lt;/FalseNegatives&gt;&lt;Documentable&gt;false&lt;/Documentable&gt;&lt;Mitigations&gt;&lt;/Mitigations&gt;&lt;SecurityOverrideGuidance&gt;&lt;/SecurityOverrideGuidance&gt;&lt;PotentialImpacts&gt;&lt;/PotentialImpacts&gt;&lt;ThirdPartyTools&gt;&lt;/ThirdPartyTools&gt;&lt;MitigationControl&gt;&lt;/MitigationControl&gt;&lt;Responsibility&gt;&lt;/Responsibility&gt;&lt;IAControls&gt;&lt;/IAControls&gt;</description>
      <ident system="http://cyber.mil/cci">CCI-000381</ident>
      <fixtext fixref="F-VRLT-8X-000036_fix">Edit the /usr/lib/loginsight/application/etc/3rd_config/server.xml file.

Remove the 'allow Trace="true"' statement from the affected &lt;Connector ...&gt; nodes.

Restart the service:
# systemctl restart loginsight.service</fixtext>
      <check system="N/A">
        <check-content>At the command prompt, run the following command:

# xmllint --xpath "//Connector[@allowTrace]" /usr/lib/loginsight/application/3rd_party/apache-tomcat/conf/server.xml

If any &lt;Connector ...&gt; data is returned, review each connector element to ensure each connector does not have an "allowTrace" setting, or if there, the "allowTrace" setting is set to false.

If any connector element contains the 'allowTrace = "true"' statement, this is a finding.</check-content>
      </check>
    </Rule>
  </Group>
  <Group id="V-VRLT-8X-000151">
    <title>SRG-APP-000516-AS-000237</title>
    <Rule id="SV-VRLT-8X-000151" severity="medium" weight="10.0">
      <version>VRLT-8X-000151</version>
      <title>The VMware Aria Operations for Logs tc Server must set ALLOW_BACKSLASH to false.</title>
      <description>&lt;VulnDiscussion&gt;When tc Server is installed behind a proxy configured to only allow access to certain contexts (web applications), an HTTP request containing "/\../" may allow attackers to work around the proxy restrictions using directory traversal attack methods. If allow_backslash is true the '\' character will be permitted as a path delimiter. The default value for the setting is false but tc Server should always be configured as if no proxy restricting context access was used and allow_backslash should be set to false to prevent directory traversal style attacks. This setting can create operability issues with non-compliant clients. &lt;/VulnDiscussion&gt;&lt;FalsePositives&gt;&lt;/FalsePositives&gt;&lt;FalseNegatives&gt;&lt;/FalseNegatives&gt;&lt;Documentable&gt;false&lt;/Documentable&gt;&lt;Mitigations&gt;&lt;/Mitigations&gt;&lt;SecurityOverrideGuidance&gt;&lt;/SecurityOverrideGuidance&gt;&lt;PotentialImpacts&gt;&lt;/PotentialImpacts&gt;&lt;ThirdPartyTools&gt;&lt;/ThirdPartyTools&gt;&lt;MitigationControl&gt;&lt;/MitigationControl&gt;&lt;Responsibility&gt;&lt;/Responsibility&gt;&lt;IAControls&gt;&lt;/IAControls&gt;</description>
      <ident system="http://cyber.mil/cci">CCI-000366</ident>
      <fixtext fixref="F-VRLT-8X-000151_fix">Edit the /usr/lib/loginsight/application/3rd_party/apache-tomcat/conf/catalina.properties file.

Either remove or edit the org.apache.catalina.connector.ALLOW_BACKSLASH setting. If present, ensure the value is set to false.

EXAMPLE:
...
org.apache.catalina.connector.ALLOW_BACKSLASH=false
...

Restart the service:
# systemctl restart loginsight.service</fixtext>
      <check system="N/A">
        <check-content>At the command prompt, run the following commands:

# grep -i ALLOW_BACKSLASH /usr/lib/loginsight/application/3rd_party/apache-tomcat/conf/catalina.properties

If there are no results, this is not a finding.

If the setting org.apache.catalina.connector.ALLOW_BACKSLASH is present and not set to false, this is a finding.</check-content>
      </check>
    </Rule>
  </Group>
  <Group id="V-VRLT-8X-000127">
    <title>SRG-APP-000251-AS-000165</title>
    <Rule id="SV-VRLT-8X-000127" severity="medium" weight="10.0">
      <version>VRLT-8X-000127</version>
      <title>The VMware Aria Operations for Logs tc Server must set the setCharacterEncodingFilter filter.</title>
      <description>&lt;VulnDiscussion&gt;Invalid user input occurs when a user inserts data or characters into a hosted application's data entry field and the hosted application is unprepared to process that data. This results in unanticipated application behavior, potentially leading to an application compromise. Invalid user input is one of the primary methods employed when attempting to compromise an application. 

An attacker can also enter Unicode into hosted applications in an effort to break out of the document home or root home directory or to bypass security checks.

As a web server, tc Server can be vulnerable to character encoding attacks if steps are not taken to mitigate the threat. tc Server uses the SetCharacterEncodingFilter to provide a layer of defense against character encoding attacks. Filters are Java objects that perform filtering tasks on either the request to a resource (a servlet or static content), or on the response from a resource, or both.&lt;/VulnDiscussion&gt;&lt;FalsePositives&gt;&lt;/FalsePositives&gt;&lt;FalseNegatives&gt;&lt;/FalseNegatives&gt;&lt;Documentable&gt;false&lt;/Documentable&gt;&lt;Mitigations&gt;&lt;/Mitigations&gt;&lt;SecurityOverrideGuidance&gt;&lt;/SecurityOverrideGuidance&gt;&lt;PotentialImpacts&gt;&lt;/PotentialImpacts&gt;&lt;ThirdPartyTools&gt;&lt;/ThirdPartyTools&gt;&lt;MitigationControl&gt;&lt;/MitigationControl&gt;&lt;Responsibility&gt;&lt;/Responsibility&gt;&lt;IAControls&gt;&lt;/IAControls&gt;</description>
      <ident system="http://cyber.mil/cci">CCI-001310</ident>
      <fixtext fixref="F-VRLT-8X-000127_fix">Edit the /usr/lib/loginsight/application/3rd_party/apache-tomcat/conf/web.xml file.

Configure the &lt;web-app&gt; node with the &lt;filter&gt; node listed below.

&lt;filter&gt;
  &lt;filter-name&gt;setCharacterEncodingFilter&lt;/filter-name&gt;
  &lt;filter-class&gt;org.apache.catalina.filters.SetCharacterEncodingFilter&lt;/filter-class&gt;
  &lt;init-param&gt;
    &lt;param-name&gt;encoding&lt;/param-name&gt;
    &lt;param-value&gt;UTF-8&lt;/param-value&gt;
  &lt;/init-param&gt;
  &lt;init-param&gt;
    &lt;param-name&gt;ignore&lt;/param-name&gt;
    &lt;param-value&gt;true&lt;/param-value&gt;
  &lt;/init-param&gt;
  &lt;async-supported&gt;true&lt;/async-supported&gt;
&lt;/filter&gt;
&lt;filter-mapping&gt;
  &lt;filter-name&gt;setCharacterEncodingFilter&lt;/filter-name&gt;
  &lt;url-pattern&gt;/*&lt;/url-pattern&gt;
&lt;/filter-mapping&gt;

Note: The "&lt;filter&gt;" and "&lt;filter-mapping&gt;" nodes may be in a different order.

Restart the service:
# systemctl restart loginsight.service</fixtext>
      <check system="N/A">
        <check-content>At the command prompt, run the following command:

# xmllint --xpath "//*[contains(text(), 'SetCharacterEncodingFilter')]/parent::*" /usr/lib/loginsight/application/3rd_party/apache-tomcat/conf/web.xml

Verify that the 'setCharacterEncodingFilter' &lt;filter&gt; has been specified.

If the "setCharacterEncodingFilter" filter has not been specified or is commented out, this is a finding.</check-content>
      </check>
    </Rule>
  </Group>
  <Group id="V-VRLT-8X-000141">
    <title>SRG-APP-000141-AS-000095</title>
    <Rule id="SV-VRLT-8X-000141" severity="medium" weight="10.0">
      <version>VRLT-8X-000141</version>
      <title>The VMware Aria Operations for Logs tc Server must remove example applications.</title>
      <description>&lt;VulnDiscussion&gt;tc Server provides example applications, documentation, and other directories in the default installation which do not serve a production use. These files must be deleted.&lt;/VulnDiscussion&gt;&lt;FalsePositives&gt;&lt;/FalsePositives&gt;&lt;FalseNegatives&gt;&lt;/FalseNegatives&gt;&lt;Documentable&gt;false&lt;/Documentable&gt;&lt;Mitigations&gt;&lt;/Mitigations&gt;&lt;SecurityOverrideGuidance&gt;&lt;/SecurityOverrideGuidance&gt;&lt;PotentialImpacts&gt;&lt;/PotentialImpacts&gt;&lt;ThirdPartyTools&gt;&lt;/ThirdPartyTools&gt;&lt;MitigationControl&gt;&lt;/MitigationControl&gt;&lt;Responsibility&gt;&lt;/Responsibility&gt;&lt;IAControls&gt;&lt;/IAControls&gt;</description>
      <ident system="http://cyber.mil/cci">CCI-000381</ident>
      <fixtext fixref="F-VRLT-8X-000141_fix">At the command prompt, run the following command:

# rm -rf /usr/lib/loginsight/application/3rd_party/apache-tomcat/webapps/examples</fixtext>
      <check system="N/A">
        <check-content>At the command prompt, run the following command:

# ls -l /usr/lib/loginsight/application/3rd_party/apache-tomcat/webapps/examples

If the examples folder exists or contains any content, this is a finding.</check-content>
      </check>
    </Rule>
  </Group>
  <Group id="V-VRLT-8X-000154">
    <title>SRG-APP-000141-AS-000095</title>
    <Rule id="SV-VRLT-8X-000154" severity="medium" weight="10.0">
      <version>VRLT-8X-000154</version>
      <title>The VMware Aria Operations for Logs tc Server manager webapp must be removed.</title>
      <description>&lt;VulnDiscussion&gt;tc Server provides management functionality through either a default manager webapp or through local editing of the configuration files. The manager webapp files must be deleted, and administration must be performed through the local editing of the configuration files.&lt;/VulnDiscussion&gt;&lt;FalsePositives&gt;&lt;/FalsePositives&gt;&lt;FalseNegatives&gt;&lt;/FalseNegatives&gt;&lt;Documentable&gt;false&lt;/Documentable&gt;&lt;Mitigations&gt;&lt;/Mitigations&gt;&lt;SecurityOverrideGuidance&gt;&lt;/SecurityOverrideGuidance&gt;&lt;PotentialImpacts&gt;&lt;/PotentialImpacts&gt;&lt;ThirdPartyTools&gt;&lt;/ThirdPartyTools&gt;&lt;MitigationControl&gt;&lt;/MitigationControl&gt;&lt;Responsibility&gt;&lt;/Responsibility&gt;&lt;IAControls&gt;&lt;/IAControls&gt;</description>
      <ident system="http://cyber.mil/cci">CCI-000381</ident>
      <fixtext fixref="F-VRLT-8X-000154_fix">At the command prompt, run the following command:

# rm -rf /usr/lib/loginsight/application/3rd_party/apache-tomcat/webapps/manager</fixtext>
      <check system="N/A">
        <check-content>At the command prompt, run the following command:

# ls -l /usr/lib/loginsight/application/3rd_party/apache-tomcat/webapps/manager

If the manager folder exists or contains any content, this is a finding.</check-content>
      </check>
    </Rule>
  </Group>
  <Group id="V-VRLT-8X-000001">
    <title>SRG-APP-000001-AS-000001</title>
    <Rule id="SV-VRLT-8X-000001" severity="medium" weight="10.0">
      <version>VRLT-8X-000001</version>
      <title>The VMware Aria Operations for Logs tc Server must limit the number of maximum concurrent connections permitted.</title>
      <description>&lt;VulnDiscussion&gt;Resource exhaustion can occur when an unlimited number of concurrent requests are allowed on a web site, facilitating a denial of service attack. Unless the number of requests is controlled, the web server can eventually consume enough system resources to cause a system crash.

Mitigating this kind of attack includes limiting the number of concurrent HTTP/HTTPS requests.  Each incoming request requires a thread for the duration of that request. If more simultaneous requests are received than can be handled by the currently available request processing threads, additional threads will be created up to the value of the "maxThreads" attribute.&lt;/VulnDiscussion&gt;&lt;FalsePositives&gt;&lt;/FalsePositives&gt;&lt;FalseNegatives&gt;&lt;/FalseNegatives&gt;&lt;Documentable&gt;false&lt;/Documentable&gt;&lt;Mitigations&gt;&lt;/Mitigations&gt;&lt;SecurityOverrideGuidance&gt;&lt;/SecurityOverrideGuidance&gt;&lt;PotentialImpacts&gt;&lt;/PotentialImpacts&gt;&lt;ThirdPartyTools&gt;&lt;/ThirdPartyTools&gt;&lt;MitigationControl&gt;&lt;/MitigationControl&gt;&lt;Responsibility&gt;&lt;/Responsibility&gt;&lt;IAControls&gt;&lt;/IAControls&gt;</description>
      <ident system="http://cyber.mil/cci">CCI-000054</ident>
      <fixtext fixref="F-VRLT-8X-000001_fix">Edit the /usr/lib/loginsight/application/etc/3rd_config/server.xml file.

Navigate to each applicable &lt;Connector&gt; node that is not a redirect to a secure port, and is not linked to an Executor.

Configure the &lt;Connector&gt; node with the value 'maxThreads="200"'

Example:
    &lt;Connector
         ...
         maxThreads="200"
         ...
    /&gt;

Restart the service:
# systemctl restart loginsight.service

Note:  If a Connector is linked to an Executor, Executor settings will override Connector settings, and the "maxThreads" setting must be configured correctly in the Executor. In the example above, the value 200 is default and should be replaced with the appropriate value for the environment.</fixtext>
      <check system="N/A">
        <check-content>At the command prompt, run the following command:

# xmllint --xpath "//Connector[not(@executor) and not(@redirectPort) and @maxThreads]/@maxThreads" /usr/lib/loginsight/application/3rd_party/apache-tomcat/conf/server.xml

If the value of "maxThreads" is missing, this is not a finding. 

If the value of "maxThreads" is set at a Connector node, and the value is not set to an allowed limit for the environment, this is a finding.

Note:  If a Connector is linked to an Executor, Executor settings will override Connector settings. In the commands above, the value 200 is default and should be replaced with the appropriate value for the environment.</check-content>
      </check>
    </Rule>
  </Group>
  <Group id="V-VRLT-8X-000025">
    <title>SRG-APP-000118-AS-000078</title>
    <Rule id="SV-VRLT-8X-000025" severity="medium" weight="10.0">
      <version>VRLT-8X-000025</version>
      <title>The VMware Aria Operations for Logs tc Server logs folder permissions must be set correctly.</title>
      <description>&lt;VulnDiscussion&gt;The tc Server file permissions must be restricted. The standard configuration is to have all files owned by root with group tomcat. While root has read/write privileges, group only has read permissions, and world has no permissions. The exceptions are the logs, temp, and work directories that are owned by the tomcat user rather than root. This means that even if an attacker compromises the tc Server process, they cannot change the tc Server configuration, deploy new web applications, or modify existing web applications. The tc Server process runs with a umask of 0027 to maintain these permissions.

Satisfies: SRG-APP-000120-AS-000080&lt;/VulnDiscussion&gt;&lt;FalsePositives&gt;&lt;/FalsePositives&gt;&lt;FalseNegatives&gt;&lt;/FalseNegatives&gt;&lt;Documentable&gt;false&lt;/Documentable&gt;&lt;Mitigations&gt;&lt;/Mitigations&gt;&lt;SecurityOverrideGuidance&gt;&lt;/SecurityOverrideGuidance&gt;&lt;PotentialImpacts&gt;&lt;/PotentialImpacts&gt;&lt;ThirdPartyTools&gt;&lt;/ThirdPartyTools&gt;&lt;MitigationControl&gt;&lt;/MitigationControl&gt;&lt;Responsibility&gt;&lt;/Responsibility&gt;&lt;IAControls&gt;&lt;/IAControls&gt;</description>
      <ident system="http://cyber.mil/cci">CCI-000162</ident>
      <fixtext fixref="F-VRLT-8X-000025_fix">At the command prompt, run the following command:

# find /usr/lib/loginsight/application/3rd_party/apache-tomcat/logs  -follow -maxdepth 0 -type d | sudo xargs chmod 750</fixtext>
      <check system="N/A">
        <check-content>At the command prompt, run the following command:

# find /usr/lib/loginsight/application/3rd_party/apache-tomcat/logs -follow -maxdepth 0 -type d \( \! -perm 750 \) -ls

If no folders are displayed, this is not a finding.

If results indicate the /usr/lib/loginsight/application/3rd_party/apache-tomcat/logs folder permissions are not set to 750, this is a finding.</check-content>
      </check>
    </Rule>
  </Group>
  <Group id="V-VRLT-8X-000152">
    <title>SRG-APP-000516-AS-000237</title>
    <Rule id="SV-VRLT-8X-000152" severity="medium" weight="10.0">
      <version>VRLT-8X-000152</version>
      <title>The VMware Aria Operations for Logs tc Server must set ENFORCE_ENCODING_IN_GET_WRITER to true.</title>
      <description>&lt;VulnDiscussion&gt;Some clients try to guess the character encoding of text media when the mandated default of ISO-8859-1 should be used. Some browsers will interpret as UTF-7 when the characters are safe for ISO-8859-1. This can create the potential for a XSS attack. To defend against this, enforce_encoding_in_get_writer must be set to true.&lt;/VulnDiscussion&gt;&lt;FalsePositives&gt;&lt;/FalsePositives&gt;&lt;FalseNegatives&gt;&lt;/FalseNegatives&gt;&lt;Documentable&gt;false&lt;/Documentable&gt;&lt;Mitigations&gt;&lt;/Mitigations&gt;&lt;SecurityOverrideGuidance&gt;&lt;/SecurityOverrideGuidance&gt;&lt;PotentialImpacts&gt;&lt;/PotentialImpacts&gt;&lt;ThirdPartyTools&gt;&lt;/ThirdPartyTools&gt;&lt;MitigationControl&gt;&lt;/MitigationControl&gt;&lt;Responsibility&gt;&lt;/Responsibility&gt;&lt;IAControls&gt;&lt;/IAControls&gt;</description>
      <ident system="http://cyber.mil/cci">CCI-000366</ident>
      <fixtext fixref="F-VRLT-8X-000152_fix">Edit the /usr/lib/loginsight/application/3rd_party/apache-tomcat/conf/catalina.properties file.

Either remove or edit the org.apache.catalina.connector.response.ENFORCE_ENCODING_IN_GET_WRITER setting. If present, ensure the value is set to true.

EXAMPLE:
...
org.apache.catalina.connector.response.ENFORCE_ENCODING_IN_GET_WRITER=true
...

Restart the service:
# systemctl restart loginsight.service</fixtext>
      <check system="N/A">
        <check-content>At the command prompt, run the following command:

# grep -i ENFORCE_ENCODING /usr/lib/loginsight/application/3rd_party/apache-tomcat/conf/catalina.properties

If there are no results, this is not a finding.

If the org.apache.catalina.connector.response.ENFORCE_ENCODING_IN_GET_WRITER is present and not set to true, this is a finding.</check-content>
      </check>
    </Rule>
  </Group>
  <Group id="V-VRLT-8X-000026">
    <title>SRG-APP-000119-AS-000079</title>
    <Rule id="SV-VRLT-8X-000026" severity="medium" weight="10.0">
      <version>VRLT-8X-000026</version>
      <title>The VMware Aria Operations for Logs tc Server files in the $CATALINA_BASE/logs folder must have their permissions set to 640.</title>
      <description>&lt;VulnDiscussion&gt;The tc Server file permissions must be restricted. The standard configuration is to have all files owned by root. While root has read/write privileges, group only has read permissions, and world has no permissions. The exceptions are the logs, temp, and work directories. This means that even if an attacker compromises the tc Server process, they cannot change the configuration, deploy new web applications, or modify existing web applications. The tc Server process runs with a umask of 0027 to maintain these permissions.&lt;/VulnDiscussion&gt;&lt;FalsePositives&gt;&lt;/FalsePositives&gt;&lt;FalseNegatives&gt;&lt;/FalseNegatives&gt;&lt;Documentable&gt;false&lt;/Documentable&gt;&lt;Mitigations&gt;&lt;/Mitigations&gt;&lt;SecurityOverrideGuidance&gt;&lt;/SecurityOverrideGuidance&gt;&lt;PotentialImpacts&gt;&lt;/PotentialImpacts&gt;&lt;ThirdPartyTools&gt;&lt;/ThirdPartyTools&gt;&lt;MitigationControl&gt;&lt;/MitigationControl&gt;&lt;Responsibility&gt;&lt;/Responsibility&gt;&lt;IAControls&gt;&lt;/IAControls&gt;</description>
      <ident system="http://cyber.mil/cci">CCI-000163</ident>
      <fixtext fixref="F-VRLT-8X-000026_fix">At the command prompt, run the following command:

# find /usr/lib/loginsight/application/3rd_party/apache-tomcat/logs/* -follow -maxdepth 0 -type f  | sudo xargs chmod 640</fixtext>
      <check system="N/A">
        <check-content>At the command prompt, run the following command:

# find /usr/lib/loginsight/application/3rd_party/apache-tomcat/logs/* -follow -maxdepth 0 -type f \( \! -perm 640 \) -ls

If no files are displayed, this is not a finding.

If results indicate any of the file permissions contained in the /usr/lib/loginsight/application/3rd_party/apache-tomcat/logs folder are not set to 640, this is a finding.</check-content>
      </check>
    </Rule>
  </Group>
  <Group id="V-VRLT-8X-000136">
    <title>SRG-APP-000141-AS-000095</title>
    <Rule id="SV-VRLT-8X-000136" severity="medium" weight="10.0">
      <version>VRLT-8X-000136</version>
      <title>The VMware Aria Operations for Logs tc Server must disable the debug parameter.</title>
      <description>&lt;VulnDiscussion&gt;The DefaultServlet serves static resources as well as serves the directory listings (if directory listings are enabled). It is declared globally in $CATALINA_BASE/conf/web.xml and by default is configured with the "debug" parameter set to 0, which is disabled. Changing this to a value of 1 or higher sets the servlet to print debug level information. DefaultServlet debug setting must be set to 0 (disabled).&lt;/VulnDiscussion&gt;&lt;FalsePositives&gt;&lt;/FalsePositives&gt;&lt;FalseNegatives&gt;&lt;/FalseNegatives&gt;&lt;Documentable&gt;false&lt;/Documentable&gt;&lt;Mitigations&gt;&lt;/Mitigations&gt;&lt;SecurityOverrideGuidance&gt;&lt;/SecurityOverrideGuidance&gt;&lt;PotentialImpacts&gt;&lt;/PotentialImpacts&gt;&lt;ThirdPartyTools&gt;&lt;/ThirdPartyTools&gt;&lt;MitigationControl&gt;&lt;/MitigationControl&gt;&lt;Responsibility&gt;&lt;/Responsibility&gt;&lt;IAControls&gt;&lt;/IAControls&gt;</description>
      <ident system="http://cyber.mil/cci">CCI-000381</ident>
      <fixtext fixref="F-VRLT-8X-000136_fix">Edit the /usr/lib/loginsight/application/3rd_party/apache-tomcat/conf/web.xml file.

Examine the &lt;init-param&gt; elements within the &lt;Servletclass&gt; element. 

If the "debug" &lt;param-value&gt;element is not "0"" change the "debug" &lt;param-value&gt; to read "0" (without quotes).

EXAMPLE:
&lt;servlet&gt;
  &lt;servlet-name&gt;default&lt;/servlet-name&gt;
    ...
    &lt;init-param&gt;
      &lt;param-name&gt;debug&lt;/param-name&gt;
      &lt;param-value&gt;0&lt;/param-value&gt;
    &lt;/init-param&gt;
    ...
&lt;/servlet&gt;

Restart the service:
# systemctl restart loginsight.service</fixtext>
      <check system="N/A">
        <check-content>At the command prompt, run the following command:

# xmllint --xpath "//*[contains(text(), 'DefaultServlet')]/parent::*" /usr/lib/loginsight/application/3rd_party/apache-tomcat/conf/web.xml

If the "debug" param-value for the "DefaultServlet" servlet class does not equal 0, this is a finding.</check-content>
      </check>
    </Rule>
  </Group>
  <Group id="V-VRLT-8X-000143">
    <title>SRG-APP-000141-AS-000095</title>
    <Rule id="SV-VRLT-8X-000143" severity="medium" weight="10.0">
      <version>VRLT-8X-000143</version>
      <title>The VMware Aria Operations for Logs tc Server documentation must be removed.</title>
      <description>&lt;VulnDiscussion&gt;tc Server provides documentation and other directories in the default installation which do not serve a production use. These files must be deleted.&lt;/VulnDiscussion&gt;&lt;FalsePositives&gt;&lt;/FalsePositives&gt;&lt;FalseNegatives&gt;&lt;/FalseNegatives&gt;&lt;Documentable&gt;false&lt;/Documentable&gt;&lt;Mitigations&gt;&lt;/Mitigations&gt;&lt;SecurityOverrideGuidance&gt;&lt;/SecurityOverrideGuidance&gt;&lt;PotentialImpacts&gt;&lt;/PotentialImpacts&gt;&lt;ThirdPartyTools&gt;&lt;/ThirdPartyTools&gt;&lt;MitigationControl&gt;&lt;/MitigationControl&gt;&lt;Responsibility&gt;&lt;/Responsibility&gt;&lt;IAControls&gt;&lt;/IAControls&gt;</description>
      <ident system="http://cyber.mil/cci">CCI-000381</ident>
      <fixtext fixref="F-VRLT-8X-000143_fix">At the command prompt, run the following command:

# rm -rf /usr/lib/loginsight/application/3rd_party/apache-tomcat/webapps/docs</fixtext>
      <check system="N/A">
        <check-content>At the command prompt, run the following command:

# ls -l /usr/lib/loginsight/application/3rd_party/apache-tomcat/webapps/docs

If the docs folder exists or contains any content, this is a finding.</check-content>
      </check>
    </Rule>
  </Group>
  <Group id="V-VRLT-8X-000155">
    <title>SRG-APP-000141-AS-000095</title>
    <Rule id="SV-VRLT-8X-000155" severity="medium" weight="10.0">
      <version>VRLT-8X-000155</version>
      <title>The VMware Aria Operations for Logs tc Server host-manager webapp must be removed.</title>
      <description>&lt;VulnDiscussion&gt;tc Server provides host management functionality through either a default host-manager webapp or through local editing of the configuration files. The host-manager webapp files must be deleted, and administration must be performed through the local editing of the configuration files.&lt;/VulnDiscussion&gt;&lt;FalsePositives&gt;&lt;/FalsePositives&gt;&lt;FalseNegatives&gt;&lt;/FalseNegatives&gt;&lt;Documentable&gt;false&lt;/Documentable&gt;&lt;Mitigations&gt;&lt;/Mitigations&gt;&lt;SecurityOverrideGuidance&gt;&lt;/SecurityOverrideGuidance&gt;&lt;PotentialImpacts&gt;&lt;/PotentialImpacts&gt;&lt;ThirdPartyTools&gt;&lt;/ThirdPartyTools&gt;&lt;MitigationControl&gt;&lt;/MitigationControl&gt;&lt;Responsibility&gt;&lt;/Responsibility&gt;&lt;IAControls&gt;&lt;/IAControls&gt;</description>
      <ident system="http://cyber.mil/cci">CCI-000381</ident>
      <fixtext fixref="F-VRLT-8X-000155_fix">At the command prompt, run the following command:

# rm -rf /usr/lib/loginsight/application/3rd_party/apache-tomcat/webapps/host-manager</fixtext>
      <check system="N/A">
        <check-content>At the command prompt, run the following command:

# ls -l /usr/lib/loginsight/application/3rd_party/apache-tomcat/webapps/host-manager

If the manager folder exists or contains any content, this is a finding.</check-content>
      </check>
    </Rule>
  </Group>
</Benchmark>
