<?xml version="1.0" encoding="utf-8"?><?xml-stylesheet type='text/xsl' href='STIG_unclass.xsl'?><Benchmark xmlns:dc="http://purl.org/dc/elements/1.1/" xmlns:xsi="http://www.w3.org/2001/XMLSchema-instance" xmlns:cpe="http://cpe.mitre.org/language/2.0" xmlns:xhtml="http://www.w3.org/1999/xhtml" xmlns:dsig="http://www.w3.org/2000/09/xmldsig#" xsi:schemaLocation="http://checklists.nist.gov/xccdf/1.1 http://nvd.nist.gov/schema/xccdf-1.1.4.xsd http://cpe.mitre.org/dictionary/2.0 http://cpe.mitre.org/files/cpe-dictionary_2.1.xsd" id="VMW_vSphere_7-0_VAMI_STIG" xml:lang="en" xmlns="http://checklists.nist.gov/xccdf/1.1"><status date="2023-02-22">accepted</status><title>VMware vSphere 7.0 VAMI Security Technical Implementation Guide</title><description>This Security Technical Implementation Guide is published as a tool to improve the security of Department of Defense (DOD) information systems. The requirements are derived from the National Institute of Standards and Technology (NIST) 800-53 and related documents. Comments or proposed revisions to this document should be sent via email to the following address: disa.stig_spt@mail.mil.</description><notice id="terms-of-use" xml:lang="en"></notice><front-matter xml:lang="en"></front-matter><rear-matter xml:lang="en"></rear-matter><reference href="https://cyber.mil"><dc:publisher>DISA</dc:publisher><dc:source>STIG.DOD.MIL</dc:source></reference><plain-text id="release-info">Release: 1 Benchmark Date: 07 Mar 2023</plain-text><plain-text id="generator">3.4.0.34222</plain-text><plain-text id="conventionsVersion">1.10.0</plain-text><version>1</version><Profile id="MAC-1_Classified"><title>I - Mission Critical Classified</title><description>&lt;ProfileDescription&gt;&lt;/ProfileDescription&gt;</description><select idref="V-256645" selected="true" /><select idref="V-256646" selected="true" /><select idref="V-256647" selected="true" /><select idref="V-256648" selected="true" /><select idref="V-256649" selected="true" /><select idref="V-256650" selected="true" /><select idref="V-256651" selected="true" /><select idref="V-256652" selected="true" /><select idref="V-256653" selected="true" /><select idref="V-256654" selected="true" /><select idref="V-256655" selected="true" /><select idref="V-256656" selected="true" /><select idref="V-256657" selected="true" /><select idref="V-256658" selected="true" /><select idref="V-256659" selected="true" /><select idref="V-256660" selected="true" /><select idref="V-256661" selected="true" /><select idref="V-256662" selected="true" /><select idref="V-256663" selected="true" /><select idref="V-256664" selected="true" /><select idref="V-256665" selected="true" /><select idref="V-256666" selected="true" /><select idref="V-256667" selected="true" /><select idref="V-256668" selected="true" /><select idref="V-256669" selected="true" /><select idref="V-256670" selected="true" /><select idref="V-256671" selected="true" /><select idref="V-256672" selected="true" /></Profile><Profile id="MAC-1_Public"><title>I - Mission Critical Public</title><description>&lt;ProfileDescription&gt;&lt;/ProfileDescription&gt;</description><select idref="V-256645" selected="true" /><select idref="V-256646" selected="true" /><select idref="V-256647" selected="true" /><select idref="V-256648" selected="true" /><select idref="V-256649" selected="true" /><select idref="V-256650" selected="true" /><select idref="V-256651" selected="true" /><select idref="V-256652" selected="true" /><select idref="V-256653" selected="true" /><select idref="V-256654" selected="true" /><select idref="V-256655" selected="true" /><select idref="V-256656" selected="true" /><select idref="V-256657" selected="true" /><select idref="V-256658" selected="true" /><select idref="V-256659" selected="true" /><select idref="V-256660" selected="true" /><select idref="V-256661" selected="true" /><select idref="V-256662" selected="true" /><select idref="V-256663" selected="true" /><select idref="V-256664" selected="true" /><select idref="V-256665" selected="true" /><select idref="V-256666" selected="true" /><select idref="V-256667" selected="true" /><select idref="V-256668" selected="true" /><select idref="V-256669" selected="true" /><select idref="V-256670" selected="true" /><select idref="V-256671" selected="true" /><select idref="V-256672" selected="true" /></Profile><Profile id="MAC-1_Sensitive"><title>I - Mission Critical Sensitive</title><description>&lt;ProfileDescription&gt;&lt;/ProfileDescription&gt;</description><select idref="V-256645" selected="true" /><select idref="V-256646" selected="true" /><select idref="V-256647" selected="true" /><select idref="V-256648" selected="true" /><select idref="V-256649" selected="true" /><select idref="V-256650" selected="true" /><select idref="V-256651" selected="true" /><select idref="V-256652" selected="true" /><select idref="V-256653" selected="true" /><select idref="V-256654" selected="true" /><select idref="V-256655" selected="true" /><select idref="V-256656" selected="true" /><select idref="V-256657" selected="true" /><select idref="V-256658" selected="true" /><select idref="V-256659" selected="true" /><select idref="V-256660" selected="true" /><select idref="V-256661" selected="true" /><select idref="V-256662" selected="true" /><select idref="V-256663" selected="true" /><select idref="V-256664" selected="true" /><select idref="V-256665" selected="true" /><select idref="V-256666" selected="true" /><select idref="V-256667" selected="true" /><select idref="V-256668" selected="true" /><select idref="V-256669" selected="true" /><select idref="V-256670" selected="true" /><select idref="V-256671" selected="true" /><select idref="V-256672" selected="true" /></Profile><Profile id="MAC-2_Classified"><title>II - Mission Support Classified</title><description>&lt;ProfileDescription&gt;&lt;/ProfileDescription&gt;</description><select idref="V-256645" selected="true" /><select idref="V-256646" selected="true" /><select idref="V-256647" selected="true" /><select idref="V-256648" selected="true" /><select idref="V-256649" selected="true" /><select idref="V-256650" selected="true" /><select idref="V-256651" selected="true" /><select idref="V-256652" selected="true" /><select idref="V-256653" selected="true" /><select idref="V-256654" selected="true" /><select idref="V-256655" selected="true" /><select idref="V-256656" selected="true" /><select idref="V-256657" selected="true" /><select idref="V-256658" selected="true" /><select idref="V-256659" selected="true" /><select idref="V-256660" selected="true" /><select idref="V-256661" selected="true" /><select idref="V-256662" selected="true" /><select idref="V-256663" selected="true" /><select idref="V-256664" selected="true" /><select idref="V-256665" selected="true" /><select idref="V-256666" selected="true" /><select idref="V-256667" selected="true" /><select idref="V-256668" selected="true" /><select idref="V-256669" selected="true" /><select idref="V-256670" selected="true" /><select idref="V-256671" selected="true" /><select idref="V-256672" selected="true" /></Profile><Profile id="MAC-2_Public"><title>II - Mission Support Public</title><description>&lt;ProfileDescription&gt;&lt;/ProfileDescription&gt;</description><select idref="V-256645" selected="true" /><select idref="V-256646" selected="true" /><select idref="V-256647" selected="true" /><select idref="V-256648" selected="true" /><select idref="V-256649" selected="true" /><select idref="V-256650" selected="true" /><select idref="V-256651" selected="true" /><select idref="V-256652" selected="true" /><select idref="V-256653" selected="true" /><select idref="V-256654" selected="true" /><select idref="V-256655" selected="true" /><select idref="V-256656" selected="true" /><select idref="V-256657" selected="true" /><select idref="V-256658" selected="true" /><select idref="V-256659" selected="true" /><select idref="V-256660" selected="true" /><select idref="V-256661" selected="true" /><select idref="V-256662" selected="true" /><select idref="V-256663" selected="true" /><select idref="V-256664" selected="true" /><select idref="V-256665" selected="true" /><select idref="V-256666" selected="true" /><select idref="V-256667" selected="true" /><select idref="V-256668" selected="true" /><select idref="V-256669" selected="true" /><select idref="V-256670" selected="true" /><select idref="V-256671" selected="true" /><select idref="V-256672" selected="true" /></Profile><Profile id="MAC-2_Sensitive"><title>II - Mission Support Sensitive</title><description>&lt;ProfileDescription&gt;&lt;/ProfileDescription&gt;</description><select idref="V-256645" selected="true" /><select idref="V-256646" selected="true" /><select idref="V-256647" selected="true" /><select idref="V-256648" selected="true" /><select idref="V-256649" selected="true" /><select idref="V-256650" selected="true" /><select idref="V-256651" selected="true" /><select idref="V-256652" selected="true" /><select idref="V-256653" selected="true" /><select idref="V-256654" selected="true" /><select idref="V-256655" selected="true" /><select idref="V-256656" selected="true" /><select idref="V-256657" selected="true" /><select idref="V-256658" selected="true" /><select idref="V-256659" selected="true" /><select idref="V-256660" selected="true" /><select idref="V-256661" selected="true" /><select idref="V-256662" selected="true" /><select idref="V-256663" selected="true" /><select idref="V-256664" selected="true" /><select idref="V-256665" selected="true" /><select idref="V-256666" selected="true" /><select idref="V-256667" selected="true" /><select idref="V-256668" selected="true" /><select idref="V-256669" selected="true" /><select idref="V-256670" selected="true" /><select idref="V-256671" selected="true" /><select idref="V-256672" selected="true" /></Profile><Profile id="MAC-3_Classified"><title>III - Administrative Classified</title><description>&lt;ProfileDescription&gt;&lt;/ProfileDescription&gt;</description><select idref="V-256645" selected="true" /><select idref="V-256646" selected="true" /><select idref="V-256647" selected="true" /><select idref="V-256648" selected="true" /><select idref="V-256649" selected="true" /><select idref="V-256650" selected="true" /><select idref="V-256651" selected="true" /><select idref="V-256652" selected="true" /><select idref="V-256653" selected="true" /><select idref="V-256654" selected="true" /><select idref="V-256655" selected="true" /><select idref="V-256656" selected="true" /><select idref="V-256657" selected="true" /><select idref="V-256658" selected="true" /><select idref="V-256659" selected="true" /><select idref="V-256660" selected="true" /><select idref="V-256661" selected="true" /><select idref="V-256662" selected="true" /><select idref="V-256663" selected="true" /><select idref="V-256664" selected="true" /><select idref="V-256665" selected="true" /><select idref="V-256666" selected="true" /><select idref="V-256667" selected="true" /><select idref="V-256668" selected="true" /><select idref="V-256669" selected="true" /><select idref="V-256670" selected="true" /><select idref="V-256671" selected="true" /><select idref="V-256672" selected="true" /></Profile><Profile id="MAC-3_Public"><title>III - Administrative Public</title><description>&lt;ProfileDescription&gt;&lt;/ProfileDescription&gt;</description><select idref="V-256645" selected="true" /><select idref="V-256646" selected="true" /><select idref="V-256647" selected="true" /><select idref="V-256648" selected="true" /><select idref="V-256649" selected="true" /><select idref="V-256650" selected="true" /><select idref="V-256651" selected="true" /><select idref="V-256652" selected="true" /><select idref="V-256653" selected="true" /><select idref="V-256654" selected="true" /><select idref="V-256655" selected="true" /><select idref="V-256656" selected="true" /><select idref="V-256657" selected="true" /><select idref="V-256658" selected="true" /><select idref="V-256659" selected="true" /><select idref="V-256660" selected="true" /><select idref="V-256661" selected="true" /><select idref="V-256662" selected="true" /><select idref="V-256663" selected="true" /><select idref="V-256664" selected="true" /><select idref="V-256665" selected="true" /><select idref="V-256666" selected="true" /><select idref="V-256667" selected="true" /><select idref="V-256668" selected="true" /><select idref="V-256669" selected="true" /><select idref="V-256670" selected="true" /><select idref="V-256671" selected="true" /><select idref="V-256672" selected="true" /></Profile><Profile id="MAC-3_Sensitive"><title>III - Administrative Sensitive</title><description>&lt;ProfileDescription&gt;&lt;/ProfileDescription&gt;</description><select idref="V-256645" selected="true" /><select idref="V-256646" selected="true" /><select idref="V-256647" selected="true" /><select idref="V-256648" selected="true" /><select idref="V-256649" selected="true" /><select idref="V-256650" selected="true" /><select idref="V-256651" selected="true" /><select idref="V-256652" selected="true" /><select idref="V-256653" selected="true" /><select idref="V-256654" selected="true" /><select idref="V-256655" selected="true" /><select idref="V-256656" selected="true" /><select idref="V-256657" selected="true" /><select idref="V-256658" selected="true" /><select idref="V-256659" selected="true" /><select idref="V-256660" selected="true" /><select idref="V-256661" selected="true" /><select idref="V-256662" selected="true" /><select idref="V-256663" selected="true" /><select idref="V-256664" selected="true" /><select idref="V-256665" selected="true" /><select idref="V-256666" selected="true" /><select idref="V-256667" selected="true" /><select idref="V-256668" selected="true" /><select idref="V-256669" selected="true" /><select idref="V-256670" selected="true" /><select idref="V-256671" selected="true" /><select idref="V-256672" selected="true" /></Profile><Group id="V-256645"><title>SRG-APP-000001-WSR-000001</title><description>&lt;GroupDescription&gt;&lt;/GroupDescription&gt;</description><Rule id="SV-256645r888457_rule" weight="10.0" severity="medium"><version>VCLD-70-000001</version><title>VAMI must limit the number of simultaneous requests.</title><description>&lt;VulnDiscussion&gt;Denial of service (DoS) is one threat against web servers. Many DoS attacks attempt to consume web server resources in such a way that no more resources are available to satisfy legitimate requests. Mitigation against these threats is to take steps to limit the number of resources that can be consumed in certain ways.

VAMI provides the "maxConnections" attribute of the &lt;Connector Elements&gt; to limit the number of concurrent Transmission Control Protocol (TCP) connections. This comes preconfigured with a tested, supported value that must be verified and maintained.&lt;/VulnDiscussion&gt;&lt;FalsePositives&gt;&lt;/FalsePositives&gt;&lt;FalseNegatives&gt;&lt;/FalseNegatives&gt;&lt;Documentable&gt;false&lt;/Documentable&gt;&lt;Mitigations&gt;&lt;/Mitigations&gt;&lt;SeverityOverrideGuidance&gt;&lt;/SeverityOverrideGuidance&gt;&lt;PotentialImpacts&gt;&lt;/PotentialImpacts&gt;&lt;ThirdPartyTools&gt;&lt;/ThirdPartyTools&gt;&lt;MitigationControl&gt;&lt;/MitigationControl&gt;&lt;Responsibility&gt;&lt;/Responsibility&gt;&lt;IAControls&gt;&lt;/IAControls&gt;</description><reference><dc:title>DPMS Target VMware vSphere 7.0 VAMI STIG</dc:title><dc:publisher>DISA</dc:publisher><dc:type>DPMS Target</dc:type><dc:subject>VMware vSphere 7.0 VAMI STIG</dc:subject><dc:identifier>5523</dc:identifier></reference><ident system="http://cyber.mil/cci">CCI-000054</ident><fixtext fixref="F-60263r888456_fix">Navigate to and open:

/opt/vmware/etc/lighttpd/lighttpd.conf 

Add or reconfigure the following value:

server.max-connections = 1024

Restart the service with the following command:

# vmon-cli --restart applmgmt</fixtext><fix id="F-60263r888456_fix" /><check system="C-60320r888455_chk"><check-content-ref href="U_VMW_vSphere_7-0_VAMI_STIG_V1R1_Manual-xccdf.xml" name="M" /><check-content>At the command prompt, run the following command:

# /opt/vmware/sbin/vami-lighttpd -p -f /opt/vmware/etc/lighttpd/lighttpd.conf 2&gt;/dev/null |grep "server.max-connections"|sed -e 's/^[ ]*//'

Expected result:

server.max-connections = 1024

If the output does not match the expected result, this is a finding.

Note: The command must be run from a bash shell and not from a shell generated by the "appliance shell". Use the "chsh" command to change the shell for the account to "/bin/bash". Refer to KB Article 2100508 for more details:

https://kb.vmware.com/s/article/2100508</check-content></check></Rule></Group><Group id="V-256646"><title>SRG-APP-000014-WSR-000006</title><description>&lt;GroupDescription&gt;&lt;/GroupDescription&gt;</description><Rule id="SV-256646r888460_rule" weight="10.0" severity="high"><version>VCLD-70-000002</version><title>VAMI must be configured with FIPS 140-2 compliant ciphers for HTTPS connections.</title><description>&lt;VulnDiscussion&gt;Encryption of data in flight is an essential element of protecting information confidentiality. If a web server uses weak or outdated encryption algorithms, the server's communications could be compromised.

The U.S. Federal Information Processing Standards (FIPS) publication 140-2, Security Requirements for Cryptographic Modules (FIPS 140-2), identifies 11 areas for a cryptographic module used inside a security system that protects information. FIPS 140-2 approved ciphers provide the maximum level of encryption possible for a private web server.

VAMI is compiled to use VMware's FIPS-validated OpenSSL module and cannot be configured otherwise. Ciphers may still be specified in order of preference, but no non-FIPS approved ciphers will be implemented.

Satisfies: SRG-APP-000014-WSR-000006, SRG-APP-000416-WSR-000118, SRG-APP-000439-WSR-000188&lt;/VulnDiscussion&gt;&lt;FalsePositives&gt;&lt;/FalsePositives&gt;&lt;FalseNegatives&gt;&lt;/FalseNegatives&gt;&lt;Documentable&gt;false&lt;/Documentable&gt;&lt;Mitigations&gt;&lt;/Mitigations&gt;&lt;SeverityOverrideGuidance&gt;&lt;/SeverityOverrideGuidance&gt;&lt;PotentialImpacts&gt;&lt;/PotentialImpacts&gt;&lt;ThirdPartyTools&gt;&lt;/ThirdPartyTools&gt;&lt;MitigationControl&gt;&lt;/MitigationControl&gt;&lt;Responsibility&gt;&lt;/Responsibility&gt;&lt;IAControls&gt;&lt;/IAControls&gt;</description><reference><dc:title>DPMS Target VMware vSphere 7.0 VAMI STIG</dc:title><dc:publisher>DISA</dc:publisher><dc:type>DPMS Target</dc:type><dc:subject>VMware vSphere 7.0 VAMI STIG</dc:subject><dc:identifier>5523</dc:identifier></reference><ident system="http://cyber.mil/cci">CCI-000068</ident><ident system="http://cyber.mil/cci">CCI-002418</ident><ident system="http://cyber.mil/cci">CCI-002450</ident><fixtext fixref="F-60264r888459_fix">Navigate to and open:

/etc/applmgmt/appliance/lighttpd.conf

Add or reconfigure the following value:

ssl.cipher-list                   = "!aNULL:kECDH+AESGCM:ECDH+AESGCM:RSA+AESGCM:kECDH+AES:ECDH+AES:RSA+AES"

Restart the service with the following command:

# vmon-cli --restart applmgmt</fixtext><fix id="F-60264r888459_fix" /><check system="C-60321r888458_chk"><check-content-ref href="U_VMW_vSphere_7-0_VAMI_STIG_V1R1_Manual-xccdf.xml" name="M" /><check-content>At the command prompt, run the following command:

# /opt/vmware/sbin/vami-lighttpd -p -f /opt/vmware/etc/lighttpd/lighttpd.conf 2&gt;/dev/null|grep "ssl.cipher-list"|sed -e 's/^[ ]*//'

Expected result:

ssl.cipher-list                   = "!aNULL:kECDH+AESGCM:ECDH+AESGCM:RSA+AESGCM:kECDH+AES:ECDH+AES:RSA+AES"

If the output does not match the expected result, this is a finding.

Note: The command must be run from a bash shell and not from a shell generated by the "appliance shell". Use the "chsh" command to change the shell for the account to "/bin/bash". Refer to KB Article 2100508 for more details:

https://kb.vmware.com/s/article/2100508</check-content></check></Rule></Group><Group id="V-256647"><title>SRG-APP-000015-WSR-000014</title><description>&lt;GroupDescription&gt;&lt;/GroupDescription&gt;</description><Rule id="SV-256647r888463_rule" weight="10.0" severity="medium"><version>VCLD-70-000003</version><title>VAMI must use cryptography to protect the integrity of remote sessions.</title><description>&lt;VulnDiscussion&gt;Data exchanged between the user and the web server can range from static display data to credentials used to log in the hosted application. Even when data appears to be static, the nondisplayed logic in a web page may expose business logic or trusted system relationships. The integrity of all the data being exchanged between the user and web server must always be trusted. To protect the integrity and trust, encryption methods should be used to protect the complete communication session.

To protect the integrity and confidentiality of the remote sessions, VAMI uses Secure Sockets Layer (SSL)/Transport Layer Security (TLS).

Satisfies: SRG-APP-000015-WSR-000014, SRG-APP-000172-WSR-000104, SRG-APP-000315-WSR-000003, SRG-APP-000439-WSR-000151, SRG-APP-000439-WSR-000152&lt;/VulnDiscussion&gt;&lt;FalsePositives&gt;&lt;/FalsePositives&gt;&lt;FalseNegatives&gt;&lt;/FalseNegatives&gt;&lt;Documentable&gt;false&lt;/Documentable&gt;&lt;Mitigations&gt;&lt;/Mitigations&gt;&lt;SeverityOverrideGuidance&gt;&lt;/SeverityOverrideGuidance&gt;&lt;PotentialImpacts&gt;&lt;/PotentialImpacts&gt;&lt;ThirdPartyTools&gt;&lt;/ThirdPartyTools&gt;&lt;MitigationControl&gt;&lt;/MitigationControl&gt;&lt;Responsibility&gt;&lt;/Responsibility&gt;&lt;IAControls&gt;&lt;/IAControls&gt;</description><reference><dc:title>DPMS Target VMware vSphere 7.0 VAMI STIG</dc:title><dc:publisher>DISA</dc:publisher><dc:type>DPMS Target</dc:type><dc:subject>VMware vSphere 7.0 VAMI STIG</dc:subject><dc:identifier>5523</dc:identifier></reference><ident system="http://cyber.mil/cci">CCI-000197</ident><ident system="http://cyber.mil/cci">CCI-001453</ident><ident system="http://cyber.mil/cci">CCI-002314</ident><ident system="http://cyber.mil/cci">CCI-002418</ident><fixtext fixref="F-60265r888462_fix">Navigate to and open:

/opt/vmware/etc/lighttpd/lighttpd.conf  

Add or reconfigure the following value:

ssl.engine = "enable"

Restart the service with the following command:

# vmon-cli --restart applmgmt</fixtext><fix id="F-60265r888462_fix" /><check system="C-60322r888461_chk"><check-content-ref href="U_VMW_vSphere_7-0_VAMI_STIG_V1R1_Manual-xccdf.xml" name="M" /><check-content>At the command prompt, run the following command:

# /opt/vmware/sbin/vami-lighttpd -p -f /opt/vmware/etc/lighttpd/lighttpd.conf 2&gt;/dev/null|grep "ssl.engine"|sed -e 's/^[ ]*//'

Expected result:

ssl.engine                 = "enable"

If the output does not match the expected result, this is a finding.

Note: The command must be run from a bash shell and not from a shell generated by the "appliance shell". Use the "chsh" command to change the shell for the account to "/bin/bash". Refer to KB Article 2100508 for more details:

https://kb.vmware.com/s/article/2100508</check-content></check></Rule></Group><Group id="V-256648"><title>SRG-APP-000016-WSR-000005</title><description>&lt;GroupDescription&gt;&lt;/GroupDescription&gt;</description><Rule id="SV-256648r888466_rule" weight="10.0" severity="medium"><version>VCLD-70-000004</version><title>VAMI must be configured to monitor remote access.</title><description>&lt;VulnDiscussion&gt;Remote access can be exploited by an attacker to compromise the server. By recording all remote access activities, it will be possible to determine the attacker's location, intent, and degree of success.

VAMI uses the "mod_accesslog" module to log information relating to remote requests. These logs can then be piped to external monitoring systems.

Satisfies: SRG-APP-000016-WSR-000005, SRG-APP-000093-WSR-000053&lt;/VulnDiscussion&gt;&lt;FalsePositives&gt;&lt;/FalsePositives&gt;&lt;FalseNegatives&gt;&lt;/FalseNegatives&gt;&lt;Documentable&gt;false&lt;/Documentable&gt;&lt;Mitigations&gt;&lt;/Mitigations&gt;&lt;SeverityOverrideGuidance&gt;&lt;/SeverityOverrideGuidance&gt;&lt;PotentialImpacts&gt;&lt;/PotentialImpacts&gt;&lt;ThirdPartyTools&gt;&lt;/ThirdPartyTools&gt;&lt;MitigationControl&gt;&lt;/MitigationControl&gt;&lt;Responsibility&gt;&lt;/Responsibility&gt;&lt;IAControls&gt;&lt;/IAControls&gt;</description><reference><dc:title>DPMS Target VMware vSphere 7.0 VAMI STIG</dc:title><dc:publisher>DISA</dc:publisher><dc:type>DPMS Target</dc:type><dc:subject>VMware vSphere 7.0 VAMI STIG</dc:subject><dc:identifier>5523</dc:identifier></reference><ident system="http://cyber.mil/cci">CCI-000067</ident><ident system="http://cyber.mil/cci">CCI-001462</ident><fixtext fixref="F-60266r888465_fix">Navigate to and open:

/opt/vmware/etc/lighttpd/lighttpd.conf

Add the following value in the "server.modules" section:

mod_accesslog

The result should be similar to the following:

    server.modules                    = (
        "mod_access",
        "mod_accesslog",
        "mod_proxy",
        "mod_cgi",
        "mod_rewrite",
        "mod_magnet",
        "mod_setenv",
    )

Restart the service with the following command:

# vmon-cli --restart applmgmt</fixtext><fix id="F-60266r888465_fix" /><check system="C-60323r888464_chk"><check-content-ref href="U_VMW_vSphere_7-0_VAMI_STIG_V1R1_Manual-xccdf.xml" name="M" /><check-content>At the command prompt, run the following command:

# /opt/vmware/sbin/vami-lighttpd -p -f /opt/vmware/etc/lighttpd/lighttpd.conf 2&gt;/dev/null|awk '/server\.modules/,/\)/'|grep mod_accesslog|sed -e 's/^[ ]*//'

Expected result:

"mod_accesslog",

If the output does not match the expected result, this is a finding.

Note: The command must be run from a bash shell and not from a shell generated by the "appliance shell". Use the "chsh" command to change the shell for the account to "/bin/bash". Refer to KB Article 2100508 for more details:

https://kb.vmware.com/s/article/2100508</check-content></check></Rule></Group><Group id="V-256649"><title>SRG-APP-000089-WSR-000047</title><description>&lt;GroupDescription&gt;&lt;/GroupDescription&gt;</description><Rule id="SV-256649r888469_rule" weight="10.0" severity="medium"><version>VCLD-70-000005</version><title>VAMI must generate log records for system startup and shutdown.</title><description>&lt;VulnDiscussion&gt;Logging must be started as soon as possible when a service starts and when a service is stopped. Many forms of suspicious actions can be detected by analyzing logs for unexpected service starts and stops. Also, by starting to log immediately after a service starts, it becomes more difficult for suspicious activity to go unlogged.&lt;/VulnDiscussion&gt;&lt;FalsePositives&gt;&lt;/FalsePositives&gt;&lt;FalseNegatives&gt;&lt;/FalseNegatives&gt;&lt;Documentable&gt;false&lt;/Documentable&gt;&lt;Mitigations&gt;&lt;/Mitigations&gt;&lt;SeverityOverrideGuidance&gt;&lt;/SeverityOverrideGuidance&gt;&lt;PotentialImpacts&gt;&lt;/PotentialImpacts&gt;&lt;ThirdPartyTools&gt;&lt;/ThirdPartyTools&gt;&lt;MitigationControl&gt;&lt;/MitigationControl&gt;&lt;Responsibility&gt;&lt;/Responsibility&gt;&lt;IAControls&gt;&lt;/IAControls&gt;</description><reference><dc:title>DPMS Target VMware vSphere 7.0 VAMI STIG</dc:title><dc:publisher>DISA</dc:publisher><dc:type>DPMS Target</dc:type><dc:subject>VMware vSphere 7.0 VAMI STIG</dc:subject><dc:identifier>5523</dc:identifier></reference><ident system="http://cyber.mil/cci">CCI-000169</ident><fixtext fixref="F-60267r888468_fix">Navigate to and open:

/opt/vmware/etc/lighttpd/lighttpd.conf

Add or reconfigure the following value:

server.errorlog = "/opt/vmware/var/log/lighttpd/error.log"

Restart the service with the following command:

# vmon-cli --restart applmgmt</fixtext><fix id="F-60267r888468_fix" /><check system="C-60324r888467_chk"><check-content-ref href="U_VMW_vSphere_7-0_VAMI_STIG_V1R1_Manual-xccdf.xml" name="M" /><check-content>At the command prompt, run the following command:

# /opt/vmware/sbin/vami-lighttpd -p -f /opt/vmware/etc/lighttpd/lighttpd.conf 2&gt;/dev/null|grep "server.errorlog"|sed -e 's/^[ ]*//'

Expected result:

server.errorlog                   = "/opt/vmware/var/log/lighttpd/error.log"

If the output does not match the expected result, this is a finding.

Note: The command must be run from a bash shell and not from a shell generated by the "appliance shell". Use the "chsh" command to change the shell for the account to "/bin/bash". Refer to KB Article 2100508 for more details:

https://kb.vmware.com/s/article/2100508</check-content></check></Rule></Group><Group id="V-256650"><title>SRG-APP-000095-WSR-000056</title><description>&lt;GroupDescription&gt;&lt;/GroupDescription&gt;</description><Rule id="SV-256650r888472_rule" weight="10.0" severity="medium"><version>VCLD-70-000006</version><title>VAMI must produce log records containing sufficient information to establish what type of events occurred.</title><description>&lt;VulnDiscussion&gt;After a security incident has occurred, investigators will often review log files to determine what happened. Understanding what type of event occurred is critical for investigation of a suspicious event.

Satisfies: SRG-APP-000095-WSR-000056, SRG-APP-000096-WSR-000057, SRG-APP-000097-WSR-000058, SRG-APP-000098-WSR-000059, SRG-APP-000099-WSR-000061, SRG-APP-000100-WSR-000064, SRG-APP-000374-WSR-000172, SRG-APP-000375-WSR-000171&lt;/VulnDiscussion&gt;&lt;FalsePositives&gt;&lt;/FalsePositives&gt;&lt;FalseNegatives&gt;&lt;/FalseNegatives&gt;&lt;Documentable&gt;false&lt;/Documentable&gt;&lt;Mitigations&gt;&lt;/Mitigations&gt;&lt;SeverityOverrideGuidance&gt;&lt;/SeverityOverrideGuidance&gt;&lt;PotentialImpacts&gt;&lt;/PotentialImpacts&gt;&lt;ThirdPartyTools&gt;&lt;/ThirdPartyTools&gt;&lt;MitigationControl&gt;&lt;/MitigationControl&gt;&lt;Responsibility&gt;&lt;/Responsibility&gt;&lt;IAControls&gt;&lt;/IAControls&gt;</description><reference><dc:title>DPMS Target VMware vSphere 7.0 VAMI STIG</dc:title><dc:publisher>DISA</dc:publisher><dc:type>DPMS Target</dc:type><dc:subject>VMware vSphere 7.0 VAMI STIG</dc:subject><dc:identifier>5523</dc:identifier></reference><ident system="http://cyber.mil/cci">CCI-000130</ident><ident system="http://cyber.mil/cci">CCI-000131</ident><ident system="http://cyber.mil/cci">CCI-000132</ident><ident system="http://cyber.mil/cci">CCI-000133</ident><ident system="http://cyber.mil/cci">CCI-000134</ident><ident system="http://cyber.mil/cci">CCI-001487</ident><ident system="http://cyber.mil/cci">CCI-001889</ident><ident system="http://cyber.mil/cci">CCI-001890</ident><fixtext fixref="F-60268r888471_fix">Navigate to and open:

/opt/vmware/etc/lighttpd/lighttpd.conf

Comment any existing "accesslog.format" lines by adding a "#" at the beginning of the line.

Restart the service with the following command:

# vmon-cli --restart applmgmt</fixtext><fix id="F-60268r888471_fix" /><check system="C-60325r888470_chk"><check-content-ref href="U_VMW_vSphere_7-0_VAMI_STIG_V1R1_Manual-xccdf.xml" name="M" /><check-content>At the command prompt, run the following command:

# /opt/vmware/sbin/vami-lighttpd -p -f /opt/vmware/etc/lighttpd/lighttpd.conf 2&gt;/dev/null|grep "accesslog.format"|sed -e 's/^[ ]*//'

The default commented, "accesslog" format is acceptable for this requirement. No output should be returned.

If the command returns any output, this is a finding.

Note: The command must be run from a bash shell and not from a shell generated by the "appliance shell". Use the "chsh" command to change the shell for the account to "/bin/bash". Refer to KB Article 2100508 for more details:

https://kb.vmware.com/s/article/2100508</check-content></check></Rule></Group><Group id="V-256651"><title>SRG-APP-000118-WSR-000068</title><description>&lt;GroupDescription&gt;&lt;/GroupDescription&gt;</description><Rule id="SV-256651r888475_rule" weight="10.0" severity="medium"><version>VCLD-70-000007</version><title>VAMI log files must only be accessible by privileged users.</title><description>&lt;VulnDiscussion&gt;Log data is essential in the investigation of events. If log data were to become compromised, competent forensic analysis and discovery of the true source of potentially malicious system activity would be difficult, if not impossible, to achieve.

In addition, access to log records provides information an attacker could use to their advantage because each event record might contain communication ports, protocols, services, trust relationships, user names, etc.

Satisfies: SRG-APP-000118-WSR-000068, SRG-APP-000119-WSR-000069, SRG-APP-000120-WSR-000070&lt;/VulnDiscussion&gt;&lt;FalsePositives&gt;&lt;/FalsePositives&gt;&lt;FalseNegatives&gt;&lt;/FalseNegatives&gt;&lt;Documentable&gt;false&lt;/Documentable&gt;&lt;Mitigations&gt;&lt;/Mitigations&gt;&lt;SeverityOverrideGuidance&gt;&lt;/SeverityOverrideGuidance&gt;&lt;PotentialImpacts&gt;&lt;/PotentialImpacts&gt;&lt;ThirdPartyTools&gt;&lt;/ThirdPartyTools&gt;&lt;MitigationControl&gt;&lt;/MitigationControl&gt;&lt;Responsibility&gt;&lt;/Responsibility&gt;&lt;IAControls&gt;&lt;/IAControls&gt;</description><reference><dc:title>DPMS Target VMware vSphere 7.0 VAMI STIG</dc:title><dc:publisher>DISA</dc:publisher><dc:type>DPMS Target</dc:type><dc:subject>VMware vSphere 7.0 VAMI STIG</dc:subject><dc:identifier>5523</dc:identifier></reference><ident system="http://cyber.mil/cci">CCI-000162</ident><ident system="http://cyber.mil/cci">CCI-000163</ident><ident system="http://cyber.mil/cci">CCI-000164</ident><fixtext fixref="F-60269r888474_fix">At the command prompt, run the following commands:

# chown root:root /opt/vmware/var/log/lighttpd/*.log
# chmod 644 /opt/vmware/var/log/lighttpd/*.log</fixtext><fix id="F-60269r888474_fix" /><check system="C-60326r888473_chk"><check-content-ref href="U_VMW_vSphere_7-0_VAMI_STIG_V1R1_Manual-xccdf.xml" name="M" /><check-content>At the command prompt, run the following command:

# stat -c "%n has %a permissions and is owned by %U:%G" /opt/vmware/var/log/lighttpd/*.log

Expected result:

/opt/vmware/var/log/lighttpd/access.log has 644 permissions and is owned by root:root
/opt/vmware/var/log/lighttpd/error.log has 644 permissions and is owned by root:root

If the output does not match the expected result, this is a finding.</check-content></check></Rule></Group><Group id="V-256652"><title>SRG-APP-000125-WSR-000071</title><description>&lt;GroupDescription&gt;&lt;/GroupDescription&gt;</description><Rule id="SV-256652r888478_rule" weight="10.0" severity="medium"><version>VCLD-70-000008</version><title>The rsyslog must be configured to monitor VAMI logs.</title><description>&lt;VulnDiscussion&gt;For performance reasons, rsyslog file monitoring is preferred over configuring VAMI to send events to a syslog facility. Without ensuring that logs are created, rsyslog configs are created, and those configs are loaded, the log file monitoring and shipping will not be effective.

VAMI syslog configuration is included by default as part of the VMware-visl-integration package. The shipping state of the configuration file must be verified and maintained.

Satisfies: SRG-APP-000125-WSR-000071, SRG-APP-000358-WSR-000063, SRG-APP-000358-WSR-000163&lt;/VulnDiscussion&gt;&lt;FalsePositives&gt;&lt;/FalsePositives&gt;&lt;FalseNegatives&gt;&lt;/FalseNegatives&gt;&lt;Documentable&gt;false&lt;/Documentable&gt;&lt;Mitigations&gt;&lt;/Mitigations&gt;&lt;SeverityOverrideGuidance&gt;&lt;/SeverityOverrideGuidance&gt;&lt;PotentialImpacts&gt;&lt;/PotentialImpacts&gt;&lt;ThirdPartyTools&gt;&lt;/ThirdPartyTools&gt;&lt;MitigationControl&gt;&lt;/MitigationControl&gt;&lt;Responsibility&gt;&lt;/Responsibility&gt;&lt;IAControls&gt;&lt;/IAControls&gt;</description><reference><dc:title>DPMS Target VMware vSphere 7.0 VAMI STIG</dc:title><dc:publisher>DISA</dc:publisher><dc:type>DPMS Target</dc:type><dc:subject>VMware vSphere 7.0 VAMI STIG</dc:subject><dc:identifier>5523</dc:identifier></reference><ident system="http://cyber.mil/cci">CCI-001348</ident><ident system="http://cyber.mil/cci">CCI-001851</ident><fixtext fixref="F-60270r888477_fix">Navigate to and open:

/etc/vmware-syslog/vmware-services-applmgmt.conf

Create the file if it does not exist.

Set the contents of the file as follows:

#applmgmt.log
input(type="imfile"
      File="/var/log/vmware/applmgmt/applmgmt.log"
      Tag="applmgmt"
      Severity="info"
      Facility="local0")
#applmgmt-audit.log
input(type="imfile"
      File="/var/log/vmware/applmgmt-audit/applmgmt-audit.log"
      Tag="applmgmt-audit"
      Severity="info"
      Facility="local0")
#applmgmt-backup-restore-audit.log
input(type="imfile"
      File="/var/log/vmware/applmgmt-audit/applmgmt-br-audit.log"
      Tag="applmgmt-br-audit"
      Severity="info"
      Facility="local0")
#vami-access.log
input(type="imfile"
      File="/opt/vmware/var/log/lighttpd/access.log"
      Tag="vami-access"
      Severity="info"
      Facility="local0")
#vami-error.log
input(type="imfile"
      File="/opt/vmware/var/log/lighttpd/error.log"
      Tag="vami-error"
      Severity="info"
      Facility="local0")
#dcui.log
input(type="imfile"
      File="/var/log/vmware/applmgmt/dcui.log"
      Tag="dcui"
      Severity="info"
      Facility="local0")
#detwist.log
input(type="imfile"
      File="/var/log/vmware/applmgmt/detwist.log"
      Tag="detwist"
      Severity="info"
      Facility="local0")
#firewall-reload.log
input(type="imfile"
      File="/var/log/vmware/applmgmt/firewall-reload.log"
      Tag="firewall-reload"
      Severity="info"
      Facility="local0")
#applmgmt_vmonsvc.std*
input(type="imfile"
      File="/var/log/vmware/applmgmt/applmgmt_vmonsvc.std*"
      Tag="applmgmt_vmonsvc"
      Severity="info"
      Facility="local0")
#backupSchedulerCron
input(type="imfile"
      File="/var/log/vmware/applmgmt/backupSchedulerCron.log"
      Tag="backupSchedulerCron"
      Severity="info"
      Facility="local0")
#progress.log
input(type="imfile"
      File="/var/log/vmware/applmgmt/progress.log"
      Tag="progress"
      Severity="info"
      Facility="local0")
#statsmonitor-alarms
input(type="imfile"
      File="/var/log/vmware/applmgmt/statsmonitor-alarms.log"
      Tag="statsmonitor-alarms"
      Severity="info"
      Facility="local0")
#StatsMonitor
input(type="imfile"
      File="/var/log/vmware/applmgmt/StatsMonitor.log"
      Tag="StatsMonitor"
      Severity="info"
      Facility="local0")
#StatsMonitorStartup.log.std*
input(type="imfile"
      File="/var/log/vmware/applmgmt/StatsMonitorStartup.log.std*"
      Tag="StatsMonitor-Startup"
      Severity="info"
      Facility="local0")
#PatchRunner
input(type="imfile"
      File="/var/log/vmware/applmgmt/PatchRunner.log"
      Tag="PatchRunner"
      Severity="info"
      Facility="local0")
#update_microservice
input(type="imfile"
      File="/var/log/vmware/applmgmt/update_microservice.log"
      Tag="update_microservice"
      Severity="info"
      Facility="local0")
#vami
input(type="imfile"
      File="/var/log/vmware/applmgmt/vami.log"
      Tag="vami"
      Severity="info"
      Facility="local0")
#vcdb_pre_patch
input(type="imfile"
      File="/var/log/vmware/applmgmt/vcdb_pre_patch.*"
      Tag="vcdb_pre_patch"
      Severity="info"
      Facility="local0")
#dnsmasq.log
input(type="imfile"
      File="/var/log/vmware/dnsmasq.log"
      Tag="dnsmasq"
      Severity="info"
      Facility="local0")
#procstate
input(type="imfile"
      File="/var/log/vmware/procstate"
      Tag="procstate"
      Severity="info"
      Facility="local0")
#backup.log
input(type="imfile"
      File="/var/log/vmware/applmgmt/backup.log"
      Tag="applmgmt-backup"
      Severity="info"
      Facility="local0")
#size.log
input(type="imfile"
      File="/var/log/vmware/applmgmt/size.log"
      Tag="applmgmt-size"
      Severity="info"
      Facility="local0")
#restore.log
input(type="imfile"
      File="/var/log/vmware/applmgmt/restore.log"
      Tag="applmgmt-restore"
      Severity="info"
      Facility="local0")
#reconciliation.log
input(type="imfile"
      File="/var/log/vmware/applmgmt/reconciliation.log"
      Tag="applmgmt-reconciliation"
      Severity="info"
      Facility="local0")
#pnid_change.log
input(type="imfile"
      File="/var/log/vmware/applmgmt/pnid_change.log"
      Tag="applmgmt-pnid-change"
      Severity="info"
      Facility="local0")
      File="/opt/vmware/var/log/lighttpd/error.log"
      Tag="vami-error"
      Severity="info"
      Facility="local0")
input(type="imfile"
      File="/var/log/vmware/applmgmt/dcui.log"
      Tag="dcui"
      Severity="info"
      Facility="local0")
input(type="imfile"
      File="/var/log/vmware/applmgmt/detwist.log"
      Tag="detwist"
      Severity="info"
      Facility="local0")
input(type="imfile"
      File="/var/log/vmware/applmgmt/firewall-reload.log"
      Tag="firewall-reload"
      Severity="info"
      Facility="local0")
input(type="imfile"
      File="/var/log/vmware/applmgmt/applmgmt_vmonsvc.std*"
      Tag="applmgmt_vmonsvc"
      Severity="info"
      Facility="local0")
input(type="imfile"
      File="/var/log/vmware/applmgmt/backupSchedulerCron.log"
      Tag="backupSchedulerCron"
      Severity="info"
      Facility="local0")
input(type="imfile"
      File="/var/log/vmware/applmgmt/progress.log"
      Tag="progress"
      Severity="info"
      Facility="local0")
input(type="imfile"
      File="/var/log/vmware/applmgmt/statsmoitor-alarms.log"
      Tag="statsmoitor-alarms"
      Severity="info"
      Facility="local0")
input(type="imfile"
      File="/var/log/vmware/applmgmt/StatsMonitor.log"
      Tag="StatsMonitor"
      Severity="info"
      Facility="local0")
input(type="imfile"
      File="/var/log/vmware/applmgmt/StatsMonitorStartup.log.std*"
      Tag="StatsMonitor-Startup"
      Severity="info"
      Facility="local0")
input(type="imfile"
      File="/var/log/vmware/applmgmt/PatchRunner.log"
      Tag="PatchRunner"
      Severity="info"
      Facility="local0")
input(type="imfile"
      File="/var/log/vmware/applmgmt/update_microservice.log"
      Tag="update_microservice"
      Severity="info"
      Facility="local0")
input(type="imfile"
      File="/var/log/vmware/applmgmt/vami.log"
      Tag="vami"
      Severity="info"
      Facility="local0")
input(type="imfile"
      File="/var/log/vmware/applmgmt/vcdb_pre_patch.*"
      Tag="vcdb_pre_patch"
      Severity="info"
      Facility="local0")
input(type="imfile"
      File="/var/log/vmware/dnsmasq.log"
      Tag="dnsmasq"
      Severity="info"
      Facility="local0")
input(type="imfile"
      File="/var/log/vmware/procstate"
      Tag="procstate"
      Severity="info"
      Facility="local0")
input(type="imfile"
      File="/var/log/vmware/applmgmt/backup.log"
      Tag="applmgmt-backup"
      Severity="info"
      Facility="local0")
input(type="imfile"
      File="/var/log/vmware/applmgmt/size.log"
      Tag="applmgmt-size"
      Severity="info"
      Facility="local0")
input(type="imfile"
      File="/var/log/vmware/applmgmt/restore.log"
      Tag="applmgmt-restore"
      Severity="info"
      Facility="local0")
input(type="imfile"
      File="/var/log/vmware/applmgmt/reconciliation.log"
      Tag="applmgmt-reconciliation"
      Severity="info"
      Facility="local0")
input(type="imfile"
      File="/var/log/vmware/applmgmt/pnid_change.log"
      Tag="applmgmt-pnid-change"
      Severity="info"
      Facility="local0")</fixtext><fix id="F-60270r888477_fix" /><check system="C-60327r888476_chk"><check-content-ref href="U_VMW_vSphere_7-0_VAMI_STIG_V1R1_Manual-xccdf.xml" name="M" /><check-content>At the command prompt, run the following command:

# rpm -V VMware-visl-integration|grep vmware-services-applmgmt.conf

If the command returns any output, this is a finding.</check-content></check></Rule></Group><Group id="V-256653"><title>SRG-APP-000131-WSR-000051</title><description>&lt;GroupDescription&gt;&lt;/GroupDescription&gt;</description><Rule id="SV-256653r888481_rule" weight="10.0" severity="medium"><version>VCLD-70-000009</version><title>VAMI server binaries and libraries must be verified for their integrity.</title><description>&lt;VulnDiscussion&gt;Being able to verify that a patch, upgrade, certificate, etc., being added to the web server is unchanged from the producer of the file is essential for file validation and nonrepudiation of the information. 

VMware delivers product updates and patches regularly. When VAMI is updated, the signed packages will also be updated. These packages can be used to verify that VAMI has not been inappropriately modified since it was installed.

The file "lighttpd.conf" and "vami-lighttp.service" are intentionally modified on first boot and thus are excluded from the check.

Satisfies: SRG-APP-000131-WSR-000051, SRG-APP-000211-WSR-000030, SRG-APP-000380-WSR-000072&lt;/VulnDiscussion&gt;&lt;FalsePositives&gt;&lt;/FalsePositives&gt;&lt;FalseNegatives&gt;&lt;/FalseNegatives&gt;&lt;Documentable&gt;false&lt;/Documentable&gt;&lt;Mitigations&gt;&lt;/Mitigations&gt;&lt;SeverityOverrideGuidance&gt;&lt;/SeverityOverrideGuidance&gt;&lt;PotentialImpacts&gt;&lt;/PotentialImpacts&gt;&lt;ThirdPartyTools&gt;&lt;/ThirdPartyTools&gt;&lt;MitigationControl&gt;&lt;/MitigationControl&gt;&lt;Responsibility&gt;&lt;/Responsibility&gt;&lt;IAControls&gt;&lt;/IAControls&gt;</description><reference><dc:title>DPMS Target VMware vSphere 7.0 VAMI STIG</dc:title><dc:publisher>DISA</dc:publisher><dc:type>DPMS Target</dc:type><dc:subject>VMware vSphere 7.0 VAMI STIG</dc:subject><dc:identifier>5523</dc:identifier></reference><ident system="http://cyber.mil/cci">CCI-001082</ident><ident system="http://cyber.mil/cci">CCI-001749</ident><ident system="http://cyber.mil/cci">CCI-001813</ident><fixtext fixref="F-60271r888480_fix">If the VAMI binaries have been modified from the default state when deployed as part of the vCenter Server Appliance (VCSA), the system must be wiped and redeployed or restored from backup.

VMware does not recommend or support recovering from such a state by reinstalling RPMs or similar efforts.</fixtext><fix id="F-60271r888480_fix" /><check system="C-60328r888479_chk"><check-content-ref href="U_VMW_vSphere_7-0_VAMI_STIG_V1R1_Manual-xccdf.xml" name="M" /><check-content>At the command prompt, run the following command:

# rpm -qa|grep lighttpd|xargs rpm -V|grep -v -E "lighttpd.conf|vami-lighttp.service"

If the command returns any output, this is a finding.</check-content></check></Rule></Group><Group id="V-256654"><title>SRG-APP-000141-WSR-000075</title><description>&lt;GroupDescription&gt;&lt;/GroupDescription&gt;</description><Rule id="SV-256654r888484_rule" weight="10.0" severity="medium"><version>VCLD-70-000010</version><title>VAMI must only load allowed server modules.</title><description>&lt;VulnDiscussion&gt;A web server can provide many features, services, and processes. Some of these may be deemed unnecessary or too unsecure to run on a production DOD system. 

VAMI can be configured to load any number of external modules, but only a specific few are provided and supported by VMware. Additional, unexpected modules must be removed.&lt;/VulnDiscussion&gt;&lt;FalsePositives&gt;&lt;/FalsePositives&gt;&lt;FalseNegatives&gt;&lt;/FalseNegatives&gt;&lt;Documentable&gt;false&lt;/Documentable&gt;&lt;Mitigations&gt;&lt;/Mitigations&gt;&lt;SeverityOverrideGuidance&gt;&lt;/SeverityOverrideGuidance&gt;&lt;PotentialImpacts&gt;&lt;/PotentialImpacts&gt;&lt;ThirdPartyTools&gt;&lt;/ThirdPartyTools&gt;&lt;MitigationControl&gt;&lt;/MitigationControl&gt;&lt;Responsibility&gt;&lt;/Responsibility&gt;&lt;IAControls&gt;&lt;/IAControls&gt;</description><reference><dc:title>DPMS Target VMware vSphere 7.0 VAMI STIG</dc:title><dc:publisher>DISA</dc:publisher><dc:type>DPMS Target</dc:type><dc:subject>VMware vSphere 7.0 VAMI STIG</dc:subject><dc:identifier>5523</dc:identifier></reference><ident system="http://cyber.mil/cci">CCI-000381</ident><fixtext fixref="F-60272r888483_fix">Navigate to and open:

/opt/vmware/etc/lighttpd/lighttpd.conf

Configure the "server.modules" section to the following:

server.modules = (
  "mod_access",
  "mod_accesslog",
  "mod_proxy",
  "mod_cgi",
  "mod_rewrite",
)
server.modules += ( "mod_magnet" )

Restart the service with the following command:

# vmon-cli --restart applmgmt</fixtext><fix id="F-60272r888483_fix" /><check system="C-60329r888482_chk"><check-content-ref href="U_VMW_vSphere_7-0_VAMI_STIG_V1R1_Manual-xccdf.xml" name="M" /><check-content>At the command prompt, run the following command:

# /opt/vmware/sbin/vami-lighttpd -p -f /opt/vmware/etc/lighttpd/lighttpd.conf 2&gt;/dev/null|awk '/server\.modules/,/\)/'|sed -e 's/^[ ]*//'

Expected result:

server.modules=(
"mod_access",
"mod_accesslog",
"mod_proxy",
"mod_cgi",
"mod_rewrite",
"mod_magnet",
"mod_setenv",
#7
)

If the output does not match the expected result, this is a finding.

Note: The command must be run from a bash shell and not from a shell generated by the "appliance shell". Use the "chsh" command to change the shell for the account to "/bin/bash". Refer to KB Article 2100508 for more details:

https://kb.vmware.com/s/article/2100508</check-content></check></Rule></Group><Group id="V-256655"><title>SRG-APP-000141-WSR-000081</title><description>&lt;GroupDescription&gt;&lt;/GroupDescription&gt;</description><Rule id="SV-256655r888487_rule" weight="10.0" severity="medium"><version>VCLD-70-000011</version><title>VAMI must have Multipurpose Internet Mail Extensions (MIME) that invoke operating system shell programs disabled.</title><description>&lt;VulnDiscussion&gt;Controlling what a user of a hosted application can access is part of the security posture of the web server. Any time a user can access more functionality than is needed for the operation of the hosted application poses a security issue. A user with too much access can view information that is not needed for the user's job role, or the user could use the function in an unintentional manner.

A MIME tells the web server what type of program various file types and extensions are and what external utilities or programs are needed to execute the file type. There is no reason for VAMI to have MIME types configured for shell scripts.&lt;/VulnDiscussion&gt;&lt;FalsePositives&gt;&lt;/FalsePositives&gt;&lt;FalseNegatives&gt;&lt;/FalseNegatives&gt;&lt;Documentable&gt;false&lt;/Documentable&gt;&lt;Mitigations&gt;&lt;/Mitigations&gt;&lt;SeverityOverrideGuidance&gt;&lt;/SeverityOverrideGuidance&gt;&lt;PotentialImpacts&gt;&lt;/PotentialImpacts&gt;&lt;ThirdPartyTools&gt;&lt;/ThirdPartyTools&gt;&lt;MitigationControl&gt;&lt;/MitigationControl&gt;&lt;Responsibility&gt;&lt;/Responsibility&gt;&lt;IAControls&gt;&lt;/IAControls&gt;</description><reference><dc:title>DPMS Target VMware vSphere 7.0 VAMI STIG</dc:title><dc:publisher>DISA</dc:publisher><dc:type>DPMS Target</dc:type><dc:subject>VMware vSphere 7.0 VAMI STIG</dc:subject><dc:identifier>5523</dc:identifier></reference><ident system="http://cyber.mil/cci">CCI-000381</ident><fixtext fixref="F-60273r888486_fix">Navigate to and open:

/opt/vmware/etc/lighttpd/lighttpd.conf

Remove any lines that reference ".sh" or ".csh" from the "mimetype.assign" section.

Restart the service with the following command:

# vmon-cli --restart applmgmt</fixtext><fix id="F-60273r888486_fix" /><check system="C-60330r888485_chk"><check-content-ref href="U_VMW_vSphere_7-0_VAMI_STIG_V1R1_Manual-xccdf.xml" name="M" /><check-content>At the command prompt, run the following command:

# /opt/vmware/sbin/vami-lighttpd -p -f /opt/vmware/etc/lighttpd/lighttpd.conf 2&gt;/dev/null|awk '/mimetype\.assign/,/\)/'|grep -E "\.sh|\.csh"

If the command returns any value, this is a finding.

Note: The command must be run from a bash shell and not from a shell generated by the "appliance shell". Use the "chsh" command to change the shell for the account to "/bin/bash". Refer to KB Article 2100508 for more details:

https://kb.vmware.com/s/article/2100508</check-content></check></Rule></Group><Group id="V-256656"><title>SRG-APP-000141-WSR-000081</title><description>&lt;GroupDescription&gt;&lt;/GroupDescription&gt;</description><Rule id="SV-256656r888490_rule" weight="10.0" severity="medium"><version>VCLD-70-000012</version><title>VAMI must explicitly disable Multipurpose Internet Mail Extensions (MIME) mime mappings based on "Content-Type".</title><description>&lt;VulnDiscussion&gt;Controlling what a user of a hosted application can access is part of the security posture of the web server. Any time a user can access more functionality than is needed for the operation of the hosted application poses a security issue. A user with too much access can view information that is not needed for the user's job role, or the user could use the function in an unintentional manner.

A MIME tells the web server what type of program various file types and extensions are and what external utilities or programs are needed to execute the file type. A limited number of MIME types must be configured manually, and automatic mapping must be disabled.&lt;/VulnDiscussion&gt;&lt;FalsePositives&gt;&lt;/FalsePositives&gt;&lt;FalseNegatives&gt;&lt;/FalseNegatives&gt;&lt;Documentable&gt;false&lt;/Documentable&gt;&lt;Mitigations&gt;&lt;/Mitigations&gt;&lt;SeverityOverrideGuidance&gt;&lt;/SeverityOverrideGuidance&gt;&lt;PotentialImpacts&gt;&lt;/PotentialImpacts&gt;&lt;ThirdPartyTools&gt;&lt;/ThirdPartyTools&gt;&lt;MitigationControl&gt;&lt;/MitigationControl&gt;&lt;Responsibility&gt;&lt;/Responsibility&gt;&lt;IAControls&gt;&lt;/IAControls&gt;</description><reference><dc:title>DPMS Target VMware vSphere 7.0 VAMI STIG</dc:title><dc:publisher>DISA</dc:publisher><dc:type>DPMS Target</dc:type><dc:subject>VMware vSphere 7.0 VAMI STIG</dc:subject><dc:identifier>5523</dc:identifier></reference><ident system="http://cyber.mil/cci">CCI-000381</ident><fixtext fixref="F-60274r888489_fix">Navigate to and open:

/opt/vmware/etc/lighttpd/lighttpd.conf

Add or reconfigure the following value:

mimetype.use-xattr        = "disable"

Restart the service with the following command:

# vmon-cli --restart applmgmt</fixtext><fix id="F-60274r888489_fix" /><check system="C-60331r888488_chk"><check-content-ref href="U_VMW_vSphere_7-0_VAMI_STIG_V1R1_Manual-xccdf.xml" name="M" /><check-content>At the command prompt, run the following command:

# /opt/vmware/sbin/vami-lighttpd -p -f /opt/vmware/etc/lighttpd/lighttpd.conf 2&gt;/dev/null|grep "mimetype.use-xattr"|sed 's: ::g'

Expected result:

mimetype.use-xattr="disable"

If the output does not match the expected result, this is a finding.

Note: The command must be run from a bash shell and not from a shell generated by the "appliance shell". Use the "chsh" command to change the shell for the account to "/bin/bash". Refer to KB Article 2100508 for more details:

https://kb.vmware.com/s/article/2100508</check-content></check></Rule></Group><Group id="V-256657"><title>SRG-APP-000141-WSR-000082</title><description>&lt;GroupDescription&gt;&lt;/GroupDescription&gt;</description><Rule id="SV-256657r888493_rule" weight="10.0" severity="medium"><version>VCLD-70-000013</version><title>VAMI must remove all mappings to unused scripts.</title><description>&lt;VulnDiscussion&gt;Scripts allow server-side processing on behalf of the hosted application user or as processes needed in the implementation of hosted applications. Removing scripts not needed for application operation or deemed vulnerable helps to secure the web server. To ensure scripts are not added to the web server and run maliciously, script mappings that are not needed or used by the web server for hosted application operation must be removed.&lt;/VulnDiscussion&gt;&lt;FalsePositives&gt;&lt;/FalsePositives&gt;&lt;FalseNegatives&gt;&lt;/FalseNegatives&gt;&lt;Documentable&gt;false&lt;/Documentable&gt;&lt;Mitigations&gt;&lt;/Mitigations&gt;&lt;SeverityOverrideGuidance&gt;&lt;/SeverityOverrideGuidance&gt;&lt;PotentialImpacts&gt;&lt;/PotentialImpacts&gt;&lt;ThirdPartyTools&gt;&lt;/ThirdPartyTools&gt;&lt;MitigationControl&gt;&lt;/MitigationControl&gt;&lt;Responsibility&gt;&lt;/Responsibility&gt;&lt;IAControls&gt;&lt;/IAControls&gt;</description><reference><dc:title>DPMS Target VMware vSphere 7.0 VAMI STIG</dc:title><dc:publisher>DISA</dc:publisher><dc:type>DPMS Target</dc:type><dc:subject>VMware vSphere 7.0 VAMI STIG</dc:subject><dc:identifier>5523</dc:identifier></reference><ident system="http://cyber.mil/cci">CCI-000381</ident><fixtext fixref="F-60275r888492_fix">Navigate to and open:

/opt/vmware/etc/lighttpd/lighttpd.conf

Configure the "cgi.assign" section to the following:

cgi.assign                 = ( ".py"  =&gt; "/usr/bin/python",
                               ".cgi" =&gt;"/usr/bin/python" )

Restart the service with the following command:

# vmon-cli --restart applmgmt</fixtext><fix id="F-60275r888492_fix" /><check system="C-60332r888491_chk"><check-content-ref href="U_VMW_vSphere_7-0_VAMI_STIG_V1R1_Manual-xccdf.xml" name="M" /><check-content>At the command prompt, run the following command:

# /opt/vmware/sbin/vami-lighttpd -p -f /opt/vmware/etc/lighttpd/lighttpd.conf 2&gt;/dev/null|awk '/cgi\.assign/,/\)/'|sed -e 's/^[ ]*//'

Expected result:

cgi.assign                        = (
".py"  =&gt; "/usr/bin/python",
".cgi" =&gt; "/usr/bin/python",
# 2
)

If the output does not match the expected result, this is a finding.

Note: The command must be run from a bash shell and not from a shell generated by the "appliance shell". Use the "chsh" command to change the shell for the account to "/bin/bash". Refer to KB Article 2100508 for more details:

https://kb.vmware.com/s/article/2100508</check-content></check></Rule></Group><Group id="V-256658"><title>SRG-APP-000141-WSR-000083</title><description>&lt;GroupDescription&gt;&lt;/GroupDescription&gt;</description><Rule id="SV-256658r888496_rule" weight="10.0" severity="medium"><version>VCLD-70-000014</version><title>VAMI must have resource mappings set to disable the serving of certain file types.</title><description>&lt;VulnDiscussion&gt;Resource mapping is the process of tying a particular file type to a process in the web server that can serve that type of file to a requesting client and to identify which file types are not to be delivered to a client.

By not specifying which files can and which files cannot be served to a user, VAMI could deliver sensitive files.&lt;/VulnDiscussion&gt;&lt;FalsePositives&gt;&lt;/FalsePositives&gt;&lt;FalseNegatives&gt;&lt;/FalseNegatives&gt;&lt;Documentable&gt;false&lt;/Documentable&gt;&lt;Mitigations&gt;&lt;/Mitigations&gt;&lt;SeverityOverrideGuidance&gt;&lt;/SeverityOverrideGuidance&gt;&lt;PotentialImpacts&gt;&lt;/PotentialImpacts&gt;&lt;ThirdPartyTools&gt;&lt;/ThirdPartyTools&gt;&lt;MitigationControl&gt;&lt;/MitigationControl&gt;&lt;Responsibility&gt;&lt;/Responsibility&gt;&lt;IAControls&gt;&lt;/IAControls&gt;</description><reference><dc:title>DPMS Target VMware vSphere 7.0 VAMI STIG</dc:title><dc:publisher>DISA</dc:publisher><dc:type>DPMS Target</dc:type><dc:subject>VMware vSphere 7.0 VAMI STIG</dc:subject><dc:identifier>5523</dc:identifier></reference><ident system="http://cyber.mil/cci">CCI-000381</ident><fixtext fixref="F-60276r888495_fix">Navigate to and open:

/opt/vmware/etc/lighttpd/lighttpd.conf

Add or reconfigure the following value:

url.access-deny=("~",".inc")
url.access-deny=("")

Restart the service with the following command:

# vmon-cli --restart applmgmt</fixtext><fix id="F-60276r888495_fix" /><check system="C-60333r888494_chk"><check-content-ref href="U_VMW_vSphere_7-0_VAMI_STIG_V1R1_Manual-xccdf.xml" name="M" /><check-content>At the command prompt, run the following command:

# /opt/vmware/sbin/vami-lighttpd -p -f /opt/vmware/etc/lighttpd/lighttpd.conf 2&gt;/dev/null|grep "url.access-deny"|sed 's: ::g'

Expected result:

url.access-deny=("~",".inc")
url.access-deny=("")

If the output does not match the expected result, this is a finding.

Note: The command must be run from a bash shell and not from a shell generated by the "appliance shell". Use the "chsh" command to change the shell for the account to "/bin/bash". Refer to KB Article 2100508 for more details:

https://kb.vmware.com/s/article/2100508</check-content></check></Rule></Group><Group id="V-256659"><title>SRG-APP-000141-WSR-000085</title><description>&lt;GroupDescription&gt;&lt;/GroupDescription&gt;</description><Rule id="SV-256659r888499_rule" weight="10.0" severity="medium"><version>VCLD-70-000015</version><title>VAMI must not have the Web Distributed Authoring (WebDAV) servlet installed.</title><description>&lt;VulnDiscussion&gt;A web server can be installed with functionality that, by its nature, is not secure. WebDAV is an extension to the HTTP protocol that, when developed, was meant to allow users to create, change, and move documents on a server, typically a web server or web share. Allowing this functionality, development, and deployment is much easier for web authors.

WebDAV is not widely used and has serious security concerns because it may allow clients to modify unauthorized files on the web server.&lt;/VulnDiscussion&gt;&lt;FalsePositives&gt;&lt;/FalsePositives&gt;&lt;FalseNegatives&gt;&lt;/FalseNegatives&gt;&lt;Documentable&gt;false&lt;/Documentable&gt;&lt;Mitigations&gt;&lt;/Mitigations&gt;&lt;SeverityOverrideGuidance&gt;&lt;/SeverityOverrideGuidance&gt;&lt;PotentialImpacts&gt;&lt;/PotentialImpacts&gt;&lt;ThirdPartyTools&gt;&lt;/ThirdPartyTools&gt;&lt;MitigationControl&gt;&lt;/MitigationControl&gt;&lt;Responsibility&gt;&lt;/Responsibility&gt;&lt;IAControls&gt;&lt;/IAControls&gt;</description><reference><dc:title>DPMS Target VMware vSphere 7.0 VAMI STIG</dc:title><dc:publisher>DISA</dc:publisher><dc:type>DPMS Target</dc:type><dc:subject>VMware vSphere 7.0 VAMI STIG</dc:subject><dc:identifier>5523</dc:identifier></reference><ident system="http://cyber.mil/cci">CCI-000381</ident><fixtext fixref="F-60277r888498_fix">Navigate to and open:

 /opt/vmware/etc/lighttpd/lighttpd.conf

Delete or comment out the "mod_webdav" line.

Note: The line may be in an included config and not in the parent config itself.

Restart the service with the following command:

# vmon-cli --restart applmgmt</fixtext><fix id="F-60277r888498_fix" /><check system="C-60334r888497_chk"><check-content-ref href="U_VMW_vSphere_7-0_VAMI_STIG_V1R1_Manual-xccdf.xml" name="M" /><check-content>At the command prompt, run the following command:

# /opt/vmware/sbin/vami-lighttpd -p -f /opt/vmware/etc/lighttpd/lighttpd.conf 2&gt;/dev/null|awk '/server\.modules/,/\)/'|grep mod_webdav

If any value is returned, this is a finding.

Note: The command must be run from a bash shell and not from a shell generated by the "appliance shell". Use the "chsh" command to change the shell for the account to "/bin/bash". Refer to KB Article 2100508 for more details:

https://kb.vmware.com/s/article/2100508</check-content></check></Rule></Group><Group id="V-256660"><title>SRG-APP-000141-WSR-000086</title><description>&lt;GroupDescription&gt;&lt;/GroupDescription&gt;</description><Rule id="SV-256660r888502_rule" weight="10.0" severity="medium"><version>VCLD-70-000016</version><title>VAMI must prevent hosted applications from exhausting system resources.</title><description>&lt;VulnDiscussion&gt;Most of the attention to denial-of-service (DoS) attacks focuses on ensuring that systems and applications are not victims of these attacks. However, these systems and applications must also be secured against use to launch such an attack against others.

A variety of technologies exist to limit or, in some cases, eliminate the effects of DoS attacks. Limiting system resources that are allocated to any user to a bare minimum may also reduce the ability of users to launch some DoS attacks.

One DoS mitigation is to prevent VAMI from keeping idle connections open for too long.&lt;/VulnDiscussion&gt;&lt;FalsePositives&gt;&lt;/FalsePositives&gt;&lt;FalseNegatives&gt;&lt;/FalseNegatives&gt;&lt;Documentable&gt;false&lt;/Documentable&gt;&lt;Mitigations&gt;&lt;/Mitigations&gt;&lt;SeverityOverrideGuidance&gt;&lt;/SeverityOverrideGuidance&gt;&lt;PotentialImpacts&gt;&lt;/PotentialImpacts&gt;&lt;ThirdPartyTools&gt;&lt;/ThirdPartyTools&gt;&lt;MitigationControl&gt;&lt;/MitigationControl&gt;&lt;Responsibility&gt;&lt;/Responsibility&gt;&lt;IAControls&gt;&lt;/IAControls&gt;</description><reference><dc:title>DPMS Target VMware vSphere 7.0 VAMI STIG</dc:title><dc:publisher>DISA</dc:publisher><dc:type>DPMS Target</dc:type><dc:subject>VMware vSphere 7.0 VAMI STIG</dc:subject><dc:identifier>5523</dc:identifier></reference><ident system="http://cyber.mil/cci">CCI-000381</ident><fixtext fixref="F-60278r888501_fix">Navigate to and open:

/opt/vmware/etc/lighttpd/lighttpd.conf file.

Add or reconfigure the following value:

server.max-keep-alive-idle = 30

Restart the service with the following command:

# vmon-cli --restart applmgmt</fixtext><fix id="F-60278r888501_fix" /><check system="C-60335r888500_chk"><check-content-ref href="U_VMW_vSphere_7-0_VAMI_STIG_V1R1_Manual-xccdf.xml" name="M" /><check-content>At the command prompt, run the following command:

# /opt/vmware/sbin/vami-lighttpd -p -f /opt/vmware/etc/lighttpd/lighttpd.conf 2&gt;/dev/null|grep "server.max-keep-alive-idle"|sed 's: ::g'

Expected result:

server.max-keep-alive-idle=30

If the output does not match the expected result, this is a finding.

Note: The command must be run from a bash shell and not from a shell generated by the "appliance shell". Use the "chsh" command to change the shell for the account to "/bin/bash". Refer to KB Article 2100508 for more details:

https://kb.vmware.com/s/article/2100508</check-content></check></Rule></Group><Group id="V-256661"><title>SRG-APP-000176-WSR-000096</title><description>&lt;GroupDescription&gt;&lt;/GroupDescription&gt;</description><Rule id="SV-256661r888505_rule" weight="10.0" severity="medium"><version>VCLD-70-000017</version><title>VAMI must protect the keystore from unauthorized access.</title><description>&lt;VulnDiscussion&gt;The web server's private key is used to prove the identity of the server to clients and securely exchange the shared secret key used to encrypt communications between the web server and clients. By gaining access to the private key, an attacker can pretend to be an authorized server and decrypt the Secure Sockets Layer (SSL) traffic between a client and the web server.&lt;/VulnDiscussion&gt;&lt;FalsePositives&gt;&lt;/FalsePositives&gt;&lt;FalseNegatives&gt;&lt;/FalseNegatives&gt;&lt;Documentable&gt;false&lt;/Documentable&gt;&lt;Mitigations&gt;&lt;/Mitigations&gt;&lt;SeverityOverrideGuidance&gt;&lt;/SeverityOverrideGuidance&gt;&lt;PotentialImpacts&gt;&lt;/PotentialImpacts&gt;&lt;ThirdPartyTools&gt;&lt;/ThirdPartyTools&gt;&lt;MitigationControl&gt;&lt;/MitigationControl&gt;&lt;Responsibility&gt;&lt;/Responsibility&gt;&lt;IAControls&gt;&lt;/IAControls&gt;</description><reference><dc:title>DPMS Target VMware vSphere 7.0 VAMI STIG</dc:title><dc:publisher>DISA</dc:publisher><dc:type>DPMS Target</dc:type><dc:subject>VMware vSphere 7.0 VAMI STIG</dc:subject><dc:identifier>5523</dc:identifier></reference><ident system="http://cyber.mil/cci">CCI-000186</ident><fixtext fixref="F-60279r888504_fix">At the command prompt, run the following commands:

# chown root:root /etc/applmgmt/appliance/server.pem
# chmod 600 /etc/applmgmt/appliance/server.pem</fixtext><fix id="F-60279r888504_fix" /><check system="C-60336r888503_chk"><check-content-ref href="U_VMW_vSphere_7-0_VAMI_STIG_V1R1_Manual-xccdf.xml" name="M" /><check-content>At the command prompt, run the following command:

# stat -c "%n has %a permissions and is owned by %U:%G" /etc/applmgmt/appliance/server.pem

Expected result:

/etc/applmgmt/appliance/server.pem has 600 permissions and is owned by root:root

If the output does not match the expected result, this is a finding.</check-content></check></Rule></Group><Group id="V-256662"><title>SRG-APP-000246-WSR-000149</title><description>&lt;GroupDescription&gt;&lt;/GroupDescription&gt;</description><Rule id="SV-256662r888508_rule" weight="10.0" severity="medium"><version>VCLD-70-000018</version><title>VAMI must protect against or limit the effects of HTTP types of denial-of-service (DoS) attacks.</title><description>&lt;VulnDiscussion&gt;In UNIX and related computer operating systems, a file descriptor is an indicator used to access a file or other input/output resource, such as a pipe or network connection. File descriptors index into a per-process file descriptor table maintained by the kernel, which in turn indexes into a systemwide table of files opened by all processes, called the file table.

As a single-threaded server, Lighttpd must be limited in the number of file descriptors that can be allocated. This will prevent Lighttpd from being used in a form of DoS attack against the operating system.&lt;/VulnDiscussion&gt;&lt;FalsePositives&gt;&lt;/FalsePositives&gt;&lt;FalseNegatives&gt;&lt;/FalseNegatives&gt;&lt;Documentable&gt;false&lt;/Documentable&gt;&lt;Mitigations&gt;&lt;/Mitigations&gt;&lt;SeverityOverrideGuidance&gt;&lt;/SeverityOverrideGuidance&gt;&lt;PotentialImpacts&gt;&lt;/PotentialImpacts&gt;&lt;ThirdPartyTools&gt;&lt;/ThirdPartyTools&gt;&lt;MitigationControl&gt;&lt;/MitigationControl&gt;&lt;Responsibility&gt;&lt;/Responsibility&gt;&lt;IAControls&gt;&lt;/IAControls&gt;</description><reference><dc:title>DPMS Target VMware vSphere 7.0 VAMI STIG</dc:title><dc:publisher>DISA</dc:publisher><dc:type>DPMS Target</dc:type><dc:subject>VMware vSphere 7.0 VAMI STIG</dc:subject><dc:identifier>5523</dc:identifier></reference><ident system="http://cyber.mil/cci">CCI-001094</ident><fixtext fixref="F-60280r888507_fix">Navigate to and open:

/opt/vmware/etc/lighttpd/lighttpd.conf

Add or reconfigure the following value:

server.max-fds = 2048

Restart the service with the following command:

# vmon-cli --restart applmgmt</fixtext><fix id="F-60280r888507_fix" /><check system="C-60337r888506_chk"><check-content-ref href="U_VMW_vSphere_7-0_VAMI_STIG_V1R1_Manual-xccdf.xml" name="M" /><check-content>At the command prompt, run the following command:

# /opt/vmware/sbin/vami-lighttpd -p -f /opt/vmware/etc/lighttpd/lighttpd.conf 2&gt;/dev/null|grep "server.max-fds"|sed 's: ::g'

Expected result:

server.max-fds=2048

If the output does not match the expected result, this is a finding.

Note: The command must be run from a bash shell and not from a shell generated by the "appliance shell". Use the "chsh" command to change the shell for the account to "/bin/bash". Refer to KB Article 2100508 for more details:

https://kb.vmware.com/s/article/2100508</check-content></check></Rule></Group><Group id="V-256663"><title>SRG-APP-000251-WSR-000157</title><description>&lt;GroupDescription&gt;&lt;/GroupDescription&gt;</description><Rule id="SV-256663r888511_rule" weight="10.0" severity="medium"><version>VCLD-70-000019</version><title>VAMI must set the encoding for all text Multipurpose Internet Mail Extensions (MIME) types to UTF-8.</title><description>&lt;VulnDiscussion&gt;Invalid user input occurs when a user inserts data or characters into a hosted application's data entry field and the hosted application is unprepared to process that data. This results in unanticipated application behavior, potentially leading to an application compromise. Invalid user input is one of the primary methods employed when attempting to compromise an application. 

An attacker can also enter Unicode into hosted applications in an effort to break out of the document home or root home directory or to bypass security checks.&lt;/VulnDiscussion&gt;&lt;FalsePositives&gt;&lt;/FalsePositives&gt;&lt;FalseNegatives&gt;&lt;/FalseNegatives&gt;&lt;Documentable&gt;false&lt;/Documentable&gt;&lt;Mitigations&gt;&lt;/Mitigations&gt;&lt;SeverityOverrideGuidance&gt;&lt;/SeverityOverrideGuidance&gt;&lt;PotentialImpacts&gt;&lt;/PotentialImpacts&gt;&lt;ThirdPartyTools&gt;&lt;/ThirdPartyTools&gt;&lt;MitigationControl&gt;&lt;/MitigationControl&gt;&lt;Responsibility&gt;&lt;/Responsibility&gt;&lt;IAControls&gt;&lt;/IAControls&gt;</description><reference><dc:title>DPMS Target VMware vSphere 7.0 VAMI STIG</dc:title><dc:publisher>DISA</dc:publisher><dc:type>DPMS Target</dc:type><dc:subject>VMware vSphere 7.0 VAMI STIG</dc:subject><dc:identifier>5523</dc:identifier></reference><ident system="http://cyber.mil/cci">CCI-001310</ident><fixtext fixref="F-60281r888510_fix">Navigate to and open:

/opt/vmware/etc/lighttpd/lighttpd.conf

Navigate to the "mimetype.assign" block.

Replace all the mappings whose assigned type is "text/*" with mappings for UTF-8 encoding. For example:

  ".log"          =&gt;      "text/plain; charset=utf-8",
  ".conf"         =&gt;      "text/plain; charset=utf-8",
  ".text"         =&gt;      "text/plain; charset=utf-8",
  ".txt"          =&gt;      "text/plain; charset=utf-8",
  ".spec"         =&gt;      "text/plain; charset=utf-8",
  ".dtd"          =&gt;      "text/xml; charset=utf-8",
  ".xml"          =&gt;      "text/xml; charset=utf-8",

Restart the service with the following command:

# vmon-cli --restart applmgmt</fixtext><fix id="F-60281r888510_fix" /><check system="C-60338r888509_chk"><check-content-ref href="U_VMW_vSphere_7-0_VAMI_STIG_V1R1_Manual-xccdf.xml" name="M" /><check-content>At the command prompt, run the following command:

# /opt/vmware/sbin/vami-lighttpd -p -f /opt/vmware/etc/lighttpd/lighttpd.conf 2&gt;/dev/null|awk '/mimetype\.assign/,/\)/'|grep "text/"|grep -v "charset=utf-8"|sed -e 's/^[ ]*//'

If the command returns any value, this is a finding.

Note: The command must be run from a bash shell and not from a shell generated by the "appliance shell". Use the "chsh" command to change the shell for the account to "/bin/bash". Refer to KB Article 2100508 for more details:

https://kb.vmware.com/s/article/2100508</check-content></check></Rule></Group><Group id="V-256664"><title>SRG-APP-000266-WSR-000142</title><description>&lt;GroupDescription&gt;&lt;/GroupDescription&gt;</description><Rule id="SV-256664r888514_rule" weight="10.0" severity="medium"><version>VCLD-70-000020</version><title>VAMI must disable directory browsing.</title><description>&lt;VulnDiscussion&gt;The goal is to completely control the web user's experience in navigating any portion of the web document root directories. Ensuring all web content directories have at least the equivalent of an "index.html" file is a significant factor to accomplish this end.

Enumeration techniques, such as Uniform Resource Locator (URL) parameter manipulation, rely on being able to obtain information about the web server's directory structure by locating directories without default pages. In this scenario, the web server will display to the user a listing of the files in the directory being accessed. By having a default hosted application web page, the anonymous web user will not obtain directory browsing information or an error message that reveals the server type and version.&lt;/VulnDiscussion&gt;&lt;FalsePositives&gt;&lt;/FalsePositives&gt;&lt;FalseNegatives&gt;&lt;/FalseNegatives&gt;&lt;Documentable&gt;false&lt;/Documentable&gt;&lt;Mitigations&gt;&lt;/Mitigations&gt;&lt;SeverityOverrideGuidance&gt;&lt;/SeverityOverrideGuidance&gt;&lt;PotentialImpacts&gt;&lt;/PotentialImpacts&gt;&lt;ThirdPartyTools&gt;&lt;/ThirdPartyTools&gt;&lt;MitigationControl&gt;&lt;/MitigationControl&gt;&lt;Responsibility&gt;&lt;/Responsibility&gt;&lt;IAControls&gt;&lt;/IAControls&gt;</description><reference><dc:title>DPMS Target VMware vSphere 7.0 VAMI STIG</dc:title><dc:publisher>DISA</dc:publisher><dc:type>DPMS Target</dc:type><dc:subject>VMware vSphere 7.0 VAMI STIG</dc:subject><dc:identifier>5523</dc:identifier></reference><ident system="http://cyber.mil/cci">CCI-001312</ident><fixtext fixref="F-60282r888513_fix">Navigate to and open:

/opt/vmware/etc/lighttpd/lighttpd.conf

Add or reconfigure the following value:

 dir-listing.activate  = "disable"

Restart the service with the following command:

# vmon-cli --restart applmgmt</fixtext><fix id="F-60282r888513_fix" /><check system="C-60339r888512_chk"><check-content-ref href="U_VMW_vSphere_7-0_VAMI_STIG_V1R1_Manual-xccdf.xml" name="M" /><check-content>At the command prompt, run the following command:

# /opt/vmware/sbin/vami-lighttpd -p -f /opt/vmware/etc/lighttpd/lighttpd.conf 2&gt;/dev/null|grep "dir-listing.activate"|sed 's: ::g'

Expected result:

dir-listing.activate="disable"

If the output does not match the expected result, this is a finding.

Note: The command must be run from a bash shell and not from a shell generated by the "appliance shell". Use the "chsh" command to change the shell for the account to "/bin/bash". Refer to KB Article 2100508 for more details:

https://kb.vmware.com/s/article/2100508</check-content></check></Rule></Group><Group id="V-256665"><title>SRG-APP-000266-WSR-000159</title><description>&lt;GroupDescription&gt;&lt;/GroupDescription&gt;</description><Rule id="SV-256665r888517_rule" weight="10.0" severity="medium"><version>VCLD-70-000021</version><title>VAMI must not be configured to use "mod_status".</title><description>&lt;VulnDiscussion&gt;Any application providing too much information in error logs and in administrative messages to the screen risks compromising the data and security of the application and system.

VAMI must only generate error messages that provide information necessary for corrective actions without revealing sensitive or potentially harmful information in error logs and administrative messages. The "mod_status" module generates the status overview of the webserver. 

The information covers the following:

- Uptime.
- Average throughput.
- Current throughput.
- Active connections and their state.

While this information is useful on a development system, production systems must not have "mod_status" enabled.&lt;/VulnDiscussion&gt;&lt;FalsePositives&gt;&lt;/FalsePositives&gt;&lt;FalseNegatives&gt;&lt;/FalseNegatives&gt;&lt;Documentable&gt;false&lt;/Documentable&gt;&lt;Mitigations&gt;&lt;/Mitigations&gt;&lt;SeverityOverrideGuidance&gt;&lt;/SeverityOverrideGuidance&gt;&lt;PotentialImpacts&gt;&lt;/PotentialImpacts&gt;&lt;ThirdPartyTools&gt;&lt;/ThirdPartyTools&gt;&lt;MitigationControl&gt;&lt;/MitigationControl&gt;&lt;Responsibility&gt;&lt;/Responsibility&gt;&lt;IAControls&gt;&lt;/IAControls&gt;</description><reference><dc:title>DPMS Target VMware vSphere 7.0 VAMI STIG</dc:title><dc:publisher>DISA</dc:publisher><dc:type>DPMS Target</dc:type><dc:subject>VMware vSphere 7.0 VAMI STIG</dc:subject><dc:identifier>5523</dc:identifier></reference><ident system="http://cyber.mil/cci">CCI-001312</ident><fixtext fixref="F-60283r888516_fix">Navigate to and open:

/opt/vmware/etc/lighttpd/lighttpd.conf.

Remove the line containing "mod_status".

Note: The line may be in an included config and not in the parent config.

Restart the service with the following command:

# vmon-cli --restart applmgmt</fixtext><fix id="F-60283r888516_fix" /><check system="C-60340r888515_chk"><check-content-ref href="U_VMW_vSphere_7-0_VAMI_STIG_V1R1_Manual-xccdf.xml" name="M" /><check-content>At the command prompt, run the following command: 

# /opt/vmware/sbin/vami-lighttpd -p -f /opt/vmware/etc/lighttpd/lighttpd.conf 2&gt;/dev/null|awk '/server\.modules/,/\)/'|grep mod_status

If any value is returned, this is a finding.

Note: The command must be run from a bash shell and not from a shell generated by the "appliance shell". Use the "chsh" command to change the shell for the account to "/bin/bash". Refer to KB Article 2100508 for more details:

https://kb.vmware.com/s/article/2100508</check-content></check></Rule></Group><Group id="V-256666"><title>SRG-APP-000266-WSR-000160</title><description>&lt;GroupDescription&gt;&lt;/GroupDescription&gt;</description><Rule id="SV-256666r888520_rule" weight="10.0" severity="medium"><version>VCLD-70-000022</version><title>VAMI must have debug logging disabled.</title><description>&lt;VulnDiscussion&gt;Information needed by an attacker to begin looking for possible vulnerabilities in a web server includes any information about the web server and plug-ins or modules being used. When debugging or trace information is enabled in a production web server, information about the web server, such as web server type, version, patches installed, plug-ins and modules installed, type of code being used by the hosted application, and any backends being used for data storage may be displayed.

Because this information may be placed in logs and general messages during normal operation of the web server, an attacker does not need to cause an error condition to gain this information.&lt;/VulnDiscussion&gt;&lt;FalsePositives&gt;&lt;/FalsePositives&gt;&lt;FalseNegatives&gt;&lt;/FalseNegatives&gt;&lt;Documentable&gt;false&lt;/Documentable&gt;&lt;Mitigations&gt;&lt;/Mitigations&gt;&lt;SeverityOverrideGuidance&gt;&lt;/SeverityOverrideGuidance&gt;&lt;PotentialImpacts&gt;&lt;/PotentialImpacts&gt;&lt;ThirdPartyTools&gt;&lt;/ThirdPartyTools&gt;&lt;MitigationControl&gt;&lt;/MitigationControl&gt;&lt;Responsibility&gt;&lt;/Responsibility&gt;&lt;IAControls&gt;&lt;/IAControls&gt;</description><reference><dc:title>DPMS Target VMware vSphere 7.0 VAMI STIG</dc:title><dc:publisher>DISA</dc:publisher><dc:type>DPMS Target</dc:type><dc:subject>VMware vSphere 7.0 VAMI STIG</dc:subject><dc:identifier>5523</dc:identifier></reference><ident system="http://cyber.mil/cci">CCI-001312</ident><fixtext fixref="F-60284r888519_fix">Navigate to and open:

/opt/vmware/etc/lighttpd/lighttpd.conf

Add or reconfigure the following value:

debug.log-request-handling = "disable"

Restart the service with the following command:

# vmon-cli --restart applmgmt</fixtext><fix id="F-60284r888519_fix" /><check system="C-60341r888518_chk"><check-content-ref href="U_VMW_vSphere_7-0_VAMI_STIG_V1R1_Manual-xccdf.xml" name="M" /><check-content>At the command prompt, run the following command:    

# /opt/vmware/sbin/vami-lighttpd -p -f /opt/vmware/etc/lighttpd/lighttpd.conf 2&gt;/dev/null|grep "debug.log-request-handling"|sed 's: ::g'

Expected result:

debug.log-request-handling="disable"

If the output does not match the expected result, this is a finding.

Note: The command must be run from a bash shell and not from a shell generated by the "appliance shell". Use the "chsh" command to change the shell for the account to "/bin/bash". Refer to KB Article 2100508 for more details:

https://kb.vmware.com/s/article/2100508</check-content></check></Rule></Group><Group id="V-256667"><title>SRG-APP-000435-WSR-000147</title><description>&lt;GroupDescription&gt;&lt;/GroupDescription&gt;</description><Rule id="SV-256667r888523_rule" weight="10.0" severity="medium"><version>VCLD-70-000023</version><title>VAMI must be protected from being stopped by a nonprivileged user.</title><description>&lt;VulnDiscussion&gt;An attacker has at least two reasons to stop a web server. The first is to cause a denial of service, and the second is to put in place changes the attacker made to the web server configuration. Therefore, only administrators should ever be able to stop VAMI.

The VAMI process is configured out of the box to be owned by root. This configuration must be verified and maintained.&lt;/VulnDiscussion&gt;&lt;FalsePositives&gt;&lt;/FalsePositives&gt;&lt;FalseNegatives&gt;&lt;/FalseNegatives&gt;&lt;Documentable&gt;false&lt;/Documentable&gt;&lt;Mitigations&gt;&lt;/Mitigations&gt;&lt;SeverityOverrideGuidance&gt;&lt;/SeverityOverrideGuidance&gt;&lt;PotentialImpacts&gt;&lt;/PotentialImpacts&gt;&lt;ThirdPartyTools&gt;&lt;/ThirdPartyTools&gt;&lt;MitigationControl&gt;&lt;/MitigationControl&gt;&lt;Responsibility&gt;&lt;/Responsibility&gt;&lt;IAControls&gt;&lt;/IAControls&gt;</description><reference><dc:title>DPMS Target VMware vSphere 7.0 VAMI STIG</dc:title><dc:publisher>DISA</dc:publisher><dc:type>DPMS Target</dc:type><dc:subject>VMware vSphere 7.0 VAMI STIG</dc:subject><dc:identifier>5523</dc:identifier></reference><ident system="http://cyber.mil/cci">CCI-002385</ident><fixtext fixref="F-60285r888522_fix">Navigate to and open:

/usr/lib/systemd/system/vami-lighttp.service

Under the "[Service]" section, remove the line that beings with "User=".

Restart the service with the following command:

# vmon-cli --restart applmgmt</fixtext><fix id="F-60285r888522_fix" /><check system="C-60342r888521_chk"><check-content-ref href="U_VMW_vSphere_7-0_VAMI_STIG_V1R1_Manual-xccdf.xml" name="M" /><check-content>At the command prompt, run the following command:

# ps -f -U root | awk '$0 ~ /vami-lighttpd/ &amp;&amp; $0 !~ /awk/ {print $1}'

Expected result:

root

If the output does not match the expected result, this is a finding.</check-content></check></Rule></Group><Group id="V-256668"><title>SRG-APP-000439-WSR-000156</title><description>&lt;GroupDescription&gt;&lt;/GroupDescription&gt;</description><Rule id="SV-256668r888526_rule" weight="10.0" severity="medium"><version>VCLD-70-000024</version><title>VAMI must implement Transport Layer Security (TLS) 1.2 exclusively.</title><description>&lt;VulnDiscussion&gt;TLS is a required transmission protocol for a web server hosting controlled information. The use of TLS provides confidentiality of data in transit between the web server and client. FIPS 140-2 approved TLS versions must be enabled, and non-FIPS-approved Secure Sockets Layer (SSL) versions must be disabled.

VAMI comes configured to use only TLS 1.2. This configuration must be verified and maintained.

Satisfies: SRG-APP-000439-WSR-000156, SRG-APP-000442-WSR-000182&lt;/VulnDiscussion&gt;&lt;FalsePositives&gt;&lt;/FalsePositives&gt;&lt;FalseNegatives&gt;&lt;/FalseNegatives&gt;&lt;Documentable&gt;false&lt;/Documentable&gt;&lt;Mitigations&gt;&lt;/Mitigations&gt;&lt;SeverityOverrideGuidance&gt;&lt;/SeverityOverrideGuidance&gt;&lt;PotentialImpacts&gt;&lt;/PotentialImpacts&gt;&lt;ThirdPartyTools&gt;&lt;/ThirdPartyTools&gt;&lt;MitigationControl&gt;&lt;/MitigationControl&gt;&lt;Responsibility&gt;&lt;/Responsibility&gt;&lt;IAControls&gt;&lt;/IAControls&gt;</description><reference><dc:title>DPMS Target VMware vSphere 7.0 VAMI STIG</dc:title><dc:publisher>DISA</dc:publisher><dc:type>DPMS Target</dc:type><dc:subject>VMware vSphere 7.0 VAMI STIG</dc:subject><dc:identifier>5523</dc:identifier></reference><ident system="http://cyber.mil/cci">CCI-002418</ident><ident system="http://cyber.mil/cci">CCI-002422</ident><fixtext fixref="F-60286r888525_fix">Navigate to and open:

/opt/vmware/etc/lighttpd/lighttpd.conf

Replace all "ssl.use-*" lines with the following:

ssl.use-sslv2="disable"
ssl.use-sslv3="disable"
ssl.use-tlsv10="disable"
ssl.use-tlsv11="disable"
ssl.use-tlsv12="enable"

Restart the service with the following command:

# vmon-cli --restart applmgmt</fixtext><fix id="F-60286r888525_fix" /><check system="C-60343r888524_chk"><check-content-ref href="U_VMW_vSphere_7-0_VAMI_STIG_V1R1_Manual-xccdf.xml" name="M" /><check-content>At the command prompt, run the following command:    

# /opt/vmware/sbin/vami-lighttpd -p -f /opt/vmware/etc/lighttpd/lighttpd.conf 2&gt;/dev/null|grep "ssl.use"|sed 's: ::g'

Expected result:

ssl.use-sslv2="disable"
ssl.use-sslv3="disable"
ssl.use-tlsv10="disable"
ssl.use-tlsv11="disable"
ssl.use-tlsv12="enable"

If the output does not match the expected result, this is a finding.

Note: The command must be run from a bash shell and not from a shell generated by the "appliance shell". Use the "chsh" command to change the shell for the account to "/bin/bash". Refer to KB Article 2100508 for more details:

https://kb.vmware.com/s/article/2100508</check-content></check></Rule></Group><Group id="V-256669"><title>SRG-APP-000516-WSR-000174</title><description>&lt;GroupDescription&gt;&lt;/GroupDescription&gt;</description><Rule id="SV-256669r888529_rule" weight="10.0" severity="medium"><version>VCLD-70-000025</version><title>VAMI must force clients to select the most secure cipher.</title><description>&lt;VulnDiscussion&gt;During a Transport Layer Security  (TLS) session negotiation, when choosing a cipher during a handshake, normally the client's preference is used. This is potentially problematic as a malicious, dated, or poorly configured client could select the most insecure cipher offered by the server, even if it supports stronger ones.

If "ssl.honor-cipher-order" is enabled, the "ssl.cipher-list" setting will be treated as an ordered list of cipher values from most preferred to least, left to right.&lt;/VulnDiscussion&gt;&lt;FalsePositives&gt;&lt;/FalsePositives&gt;&lt;FalseNegatives&gt;&lt;/FalseNegatives&gt;&lt;Documentable&gt;false&lt;/Documentable&gt;&lt;Mitigations&gt;&lt;/Mitigations&gt;&lt;SeverityOverrideGuidance&gt;&lt;/SeverityOverrideGuidance&gt;&lt;PotentialImpacts&gt;&lt;/PotentialImpacts&gt;&lt;ThirdPartyTools&gt;&lt;/ThirdPartyTools&gt;&lt;MitigationControl&gt;&lt;/MitigationControl&gt;&lt;Responsibility&gt;&lt;/Responsibility&gt;&lt;IAControls&gt;&lt;/IAControls&gt;</description><reference><dc:title>DPMS Target VMware vSphere 7.0 VAMI STIG</dc:title><dc:publisher>DISA</dc:publisher><dc:type>DPMS Target</dc:type><dc:subject>VMware vSphere 7.0 VAMI STIG</dc:subject><dc:identifier>5523</dc:identifier></reference><ident system="http://cyber.mil/cci">CCI-000366</ident><fixtext fixref="F-60287r888528_fix">Navigate to and open:

/opt/vmware/etc/lighttpd/lighttpd.conf

Add or reconfigure the following setting:

ssl.honor-cipher-order = "enable"

Restart the service with the following command:

# vmon-cli --restart applmgmt</fixtext><fix id="F-60287r888528_fix" /><check system="C-60344r888527_chk"><check-content-ref href="U_VMW_vSphere_7-0_VAMI_STIG_V1R1_Manual-xccdf.xml" name="M" /><check-content>At the command prompt, run the following command: 

# /opt/vmware/sbin/vami-lighttpd -p -f /opt/vmware/etc/lighttpd/lighttpd.conf 2&gt;/dev/null|grep "ssl\.honor-cipher-order"|sed 's: ::g'

Expected result:

ssl.honor-cipher-order = "enable"

If the output does not match the expected result, this is a finding.

Note: The command must be run from a bash shell and not from a shell generated by the "appliance shell". Use the "chsh" command to change the shell for the account to "/bin/bash". Refer to KB Article 2100508 for more details:

https://kb.vmware.com/s/article/2100508</check-content></check></Rule></Group><Group id="V-256670"><title>SRG-APP-000516-WSR-000174</title><description>&lt;GroupDescription&gt;&lt;/GroupDescription&gt;</description><Rule id="SV-256670r888532_rule" weight="10.0" severity="medium"><version>VCLD-70-000026</version><title>VAMI must disable client-initiated Transport Layer Security (TLS) renegotiation.</title><description>&lt;VulnDiscussion&gt;All versions of the Secure Sockets Layer (SSL) and TLS protocols (up to and including TLS 1.2) are vulnerable to a man-in-the-middle attack (CVE-2009-3555) during a renegotiation. This vulnerability allows an attacker to "prefix" a chosen plaintext to the HTTP request as seen by the web server. The protocols have since been amended by RFC 5746, but the fix must be supported by both client and server to be effective.

While Lighttpd and the underlying OpenSSL libraries are no longer vulnerable, steps must be taken to account for older clients that do not support RFC 5746. To this end, Lighttpd disables client-initiated renegotiation entirely by default. This configuration must be validated and maintained.&lt;/VulnDiscussion&gt;&lt;FalsePositives&gt;&lt;/FalsePositives&gt;&lt;FalseNegatives&gt;&lt;/FalseNegatives&gt;&lt;Documentable&gt;false&lt;/Documentable&gt;&lt;Mitigations&gt;&lt;/Mitigations&gt;&lt;SeverityOverrideGuidance&gt;&lt;/SeverityOverrideGuidance&gt;&lt;PotentialImpacts&gt;&lt;/PotentialImpacts&gt;&lt;ThirdPartyTools&gt;&lt;/ThirdPartyTools&gt;&lt;MitigationControl&gt;&lt;/MitigationControl&gt;&lt;Responsibility&gt;&lt;/Responsibility&gt;&lt;IAControls&gt;&lt;/IAControls&gt;</description><reference><dc:title>DPMS Target VMware vSphere 7.0 VAMI STIG</dc:title><dc:publisher>DISA</dc:publisher><dc:type>DPMS Target</dc:type><dc:subject>VMware vSphere 7.0 VAMI STIG</dc:subject><dc:identifier>5523</dc:identifier></reference><ident system="http://cyber.mil/cci">CCI-000366</ident><fixtext fixref="F-60288r888531_fix">Navigate to and open:

/opt/vmware/etc/lighttpd/lighttpd.conf

Remove any setting for "ssl.disable-client-renegotiation".

Restart the service with the following command:

# vmon-cli --restart applmgmt</fixtext><fix id="F-60288r888531_fix" /><check system="C-60345r888530_chk"><check-content-ref href="U_VMW_vSphere_7-0_VAMI_STIG_V1R1_Manual-xccdf.xml" name="M" /><check-content>At the command prompt, run the following command: 

# /opt/vmware/sbin/vami-lighttpd -p -f /opt/vmware/etc/lighttpd/lighttpd.conf 2&gt;/dev/null|grep "ssl\.disable-client-renegotiation"|sed 's: ::g'

If no line is returned, this is not a finding.

If "ssl.disable-client-renegotiation" is set to "disabled", this is a finding.

Note: The command must be run from a bash shell and not from a shell generated by the "appliance shell". Use the "chsh" command to change the shell for the account to "/bin/bash". Refer to KB Article 2100508 for more details:

https://kb.vmware.com/s/article/2100508</check-content></check></Rule></Group><Group id="V-256671"><title>SRG-APP-000266-WSR-000159</title><description>&lt;GroupDescription&gt;&lt;/GroupDescription&gt;</description><Rule id="SV-256671r888535_rule" weight="10.0" severity="medium"><version>VCLD-70-000027</version><title>VAMI must be configured to hide the server type and version in client responses.</title><description>&lt;VulnDiscussion&gt;Web servers will often display error messages to client users, displaying enough information to aid in the debugging of the error. The information given back in error messages may display the web server type, version, patches installed, plug-ins and modules installed, type of code being used by the hosted application, and any backends being used for data storage.

This information could be used by an attacker to blueprint what type of attacks might be successful. Therefore, VAMI must be configured to hide the server version at all times.&lt;/VulnDiscussion&gt;&lt;FalsePositives&gt;&lt;/FalsePositives&gt;&lt;FalseNegatives&gt;&lt;/FalseNegatives&gt;&lt;Documentable&gt;false&lt;/Documentable&gt;&lt;Mitigations&gt;&lt;/Mitigations&gt;&lt;SeverityOverrideGuidance&gt;&lt;/SeverityOverrideGuidance&gt;&lt;PotentialImpacts&gt;&lt;/PotentialImpacts&gt;&lt;ThirdPartyTools&gt;&lt;/ThirdPartyTools&gt;&lt;MitigationControl&gt;&lt;/MitigationControl&gt;&lt;Responsibility&gt;&lt;/Responsibility&gt;&lt;IAControls&gt;&lt;/IAControls&gt;</description><reference><dc:title>DPMS Target VMware vSphere 7.0 VAMI STIG</dc:title><dc:publisher>DISA</dc:publisher><dc:type>DPMS Target</dc:type><dc:subject>VMware vSphere 7.0 VAMI STIG</dc:subject><dc:identifier>5523</dc:identifier></reference><ident system="http://cyber.mil/cci">CCI-001312</ident><fixtext fixref="F-60289r888534_fix">Navigate to and open:

/etc/applmgmt/appliance/lighttpd.conf

Add or reconfigure the following value:

server.tag = "vami"

Restart the service with the following command:

# vmon-cli --restart applmgmt</fixtext><fix id="F-60289r888534_fix" /><check system="C-60346r888533_chk"><check-content-ref href="U_VMW_vSphere_7-0_VAMI_STIG_V1R1_Manual-xccdf.xml" name="M" /><check-content>At the command prompt, run the following command:

# /opt/vmware/sbin/vami-lighttpd -p -f /opt/vmware/etc/lighttpd/lighttpd.conf 2&gt;/dev/null|grep "server.tag"|sed 's: ::g'

Expected result:

server.tag="vami"

If the output does not match the expected result, this is a finding.

Note: The command must be run from a bash shell and not from a shell generated by the "appliance shell". Use the "chsh" command to change the shell for the account to "/bin/bash". Refer to KB Article 2100508 for more details:

https://kb.vmware.com/s/article/2100508</check-content></check></Rule></Group><Group id="V-256672"><title>SRG-APP-000179-WSR-000111</title><description>&lt;GroupDescription&gt;&lt;/GroupDescription&gt;</description><Rule id="SV-256672r888538_rule" weight="10.0" severity="high"><version>VCLD-70-000056</version><title>VAMI must enable FIPS mode.</title><description>&lt;VulnDiscussion&gt;Encryption is only as good as the encryption modules used. Unapproved cryptographic module algorithms cannot be verified and cannot be relied on to provide confidentiality or integrity, and DOD data may be compromised due to weak algorithms. FIPS 140-2 is the current standard for validating cryptographic modules.&lt;/VulnDiscussion&gt;&lt;FalsePositives&gt;&lt;/FalsePositives&gt;&lt;FalseNegatives&gt;&lt;/FalseNegatives&gt;&lt;Documentable&gt;false&lt;/Documentable&gt;&lt;Mitigations&gt;&lt;/Mitigations&gt;&lt;SeverityOverrideGuidance&gt;&lt;/SeverityOverrideGuidance&gt;&lt;PotentialImpacts&gt;&lt;/PotentialImpacts&gt;&lt;ThirdPartyTools&gt;&lt;/ThirdPartyTools&gt;&lt;MitigationControl&gt;&lt;/MitigationControl&gt;&lt;Responsibility&gt;&lt;/Responsibility&gt;&lt;IAControls&gt;&lt;/IAControls&gt;</description><reference><dc:title>DPMS Target VMware vSphere 7.0 VAMI STIG</dc:title><dc:publisher>DISA</dc:publisher><dc:type>DPMS Target</dc:type><dc:subject>VMware vSphere 7.0 VAMI STIG</dc:subject><dc:identifier>5523</dc:identifier></reference><ident system="http://cyber.mil/cci">CCI-000803</ident><fixtext fixref="F-60290r888537_fix">Navigate to and open:

/opt/vmware/etc/lighttpd/lighttpd.conf  

Add or reconfigure the following value:

server.fips-mode = "enable"

Restart the service with the following command:

# vmon-cli --restart applmgmt</fixtext><fix id="F-60290r888537_fix" /><check system="C-60347r888536_chk"><check-content-ref href="U_VMW_vSphere_7-0_VAMI_STIG_V1R1_Manual-xccdf.xml" name="M" /><check-content>At the command prompt, run the following command:

# /opt/vmware/sbin/vami-lighttpd -p -f /opt/vmware/etc/lighttpd/lighttpd.conf 2&gt;/dev/null|grep "server.fips-mode"|sed -e 's/^[ ]*//'

Expected result:

server.fips-mode                  = "enable"

If the output does not match the expected result, this is a finding.

Note: The command must be run from a bash shell and not from a shell generated by the "appliance shell". Use the "chsh" command to change the shell for the account to "/bin/bash". Refer to KB Article 2100508 for more details:

https://kb.vmware.com/s/article/2100508</check-content></check></Rule></Group></Benchmark>