<?xml version="1.0" encoding="UTF-8"?><?xml-stylesheet type="text/xsl" href="STIG_unclass.xsl"?>
<Benchmark xmlns:dc="http://purl.org/dc/elements/1.1/" xmlns:xsi="http://www.w3.org/2001/XMLSchema-instance" xmlns:cpe="http://cpe.mitre.org/language/2.0" xmlns:xhtml="http://www.w3.org/1999/xhtml" xmlns:dsig="http://www.w3.org/2000/09/xmldsig#" xsi:schemaLocation="http://checklists.nist.gov/xccdf/1.1 http://nvd.nist.gov/schema/xccdf-1.1.4.xsdhttp://cpe.mitre.org/dictionary/2.0 http://cpe.mitre.org/files/cpe-dictionary_2.1.xsd" id="VMware Aria Automation 8.x Application STIG Readiness Guide" xml:lang="en" xmlns="http://checklists.nist.gov/xccdf/1.1">
  <status date="2023-11-09">draft</status>
  <title>VMware Aria Automation 8.x Application STIG Readiness Guide</title>
  <description></description>
  <notice id="terms-of-use" xml:lang="en"/>
  <front-matter xml:lang="en"/>
  <rear-matter xml:lang="en"/>
  <reference href="">
    <dc:publisher/>
    <dc:source/>
  </reference>
  <plain-text id="release-info">Release: 5 Benchmark Date: 30 October 2023</plain-text>
  <plain-text id="generator">3.2.2.36079</plain-text>
  <plain-text id="conventionsVersion">1.10.0</plain-text>
  <version>1</version>
  <Group id="V-VRAA-8X-000007">
    <title>SRG-APP-000357-AS-000038</title>
    <Rule id="SV-VRAA-8X-000007" severity="medium" weight="10.0">
      <version>VRAA-8X-000007</version>
      <title>VMware Aria Automation must perform log record management.</title>
      <description>&lt;VulnDiscussion&gt;The proper management of log records not only dictates proper archiving processes and procedures be established, it also requires allocating enough storage space to maintain the logs online for a defined period of time.

If adequate online log storage capacity is not maintained, intrusion monitoring, security investigations, and forensic analysis can be negatively affected.

It is important to keep a defined amount of logs online and readily available for investigative purposes. The logs may be stored on the application server until they can be archived to a log system or, in some instances, a Storage Area Network (SAN).  Regardless of the method used, log record storage capacity must be sufficient to store log data when the data cannot be offloaded to a log system or SAN.

Satisfies: SRG-APP-000504-AS-000229, SRG-APP-000092-AS-000053&lt;/VulnDiscussion&gt;&lt;FalsePositives&gt;&lt;/FalsePositives&gt;&lt;FalseNegatives&gt;&lt;/FalseNegatives&gt;&lt;Documentable&gt;false&lt;/Documentable&gt;&lt;Mitigations&gt;&lt;/Mitigations&gt;&lt;SecurityOverrideGuidance&gt;&lt;/SecurityOverrideGuidance&gt;&lt;PotentialImpacts&gt;&lt;/PotentialImpacts&gt;&lt;ThirdPartyTools&gt;&lt;/ThirdPartyTools&gt;&lt;MitigationControl&gt;&lt;/MitigationControl&gt;&lt;Responsibility&gt;&lt;/Responsibility&gt;&lt;IAControls&gt;&lt;/IAControls&gt;</description>
      <ident system="http://cyber.mil/cci">CCI-001849</ident>
      <fixtext fixref="F-VRAA-8X-000007_fix">1) Create /etc/logrotate.prelude.services.conf  with the expected content:

# Define defaults for services' logs rotation: 7 iterations (one current, 6 rotated)
# rotated hourly, or whenever a maximum size is exceeded. To ensure the max size triggers rotation
# whenever needed, the services-logrotate timer triggers logrotate for this config multiple times
# a day. Rotations are not compressed, but rotation names are parsable by logcompress. This is to allow
# logcompress to compress and rename the rotation to avoid it being deleted by logrotate which does
# not support unlimited number of rotatations.

hourly
rotate 6
dateext
dateformat .%Y%m%d%H%M%S.0
maxsize 128M
nocreate
copytruncate
nocompress
missingok
notifempty
sharedscripts

# Apply defaults for all namespaces but prelude. Some services there require different settings.
# Since it is not an option to separate their logs in a special location and since logrotate does
# not allow overrides, all of the services in the excluded namespaces have a dedicated config
# in the fluentd.d directory

/var/log/services-logs/logging/*.log
/var/log/services-logs/default/*.log /var/log/services-logs/default/*/console-logs/*.log
/var/log/services-logs/.orphaned/*.log /var/log/services-logs/.orphaned/*/console-logs/*.log
/var/log/services-logs/ingress/*.log /var/log/services-logs/ingress/*/console-logs/*.log
/var/log/services-logs/kube-node-lease/*.log /var/log/services-logs/kube-node-lease/*/console-logs/*.log
/var/log/services-logs/kube-public/*.log /var/log/services-logs/kube-public/*/console-logs/*.log
/var/log/services-logs/kube-system/*.log /var/log/services-logs/kube-system/*/console-logs/*.log
/var/log/services-logs/*/untagged-apps/*.log /services-logs/*/untagged-apps/console-logs/*.log {
}

taboopat + README*
include /etc/logrotate.prelude.services.d/

2) For each service that is not covered by the general configuration in the /etc/logrotate.prelude.services.conf file, create a file /etc/logrotate.prelude.services.d/ns-prelude-{service-name}.lr. These files inherit from the general configuration, so unless special settings are needed, the contents of this file should look like:
 
 /services-logs/prelude/{service-app-name}/*.log {
  }

      Exceptions:
      * abx-service-app
/var/log/services-logs/prelude/abx-service-app/console-logs/*.log {
    # up to 1GB a day, 7 days (1 current + 13 rotations, 512MB each)
    rotate 13
}

      * postgres
/var/log/services-logs/prelude/postgres-*/console-logs/*.log /var/log/services-logs/prelude/p-*/console-logs/*.log{
}

/var/log/services-logs/prelude/postgres-*/file-logs/postgres.log /var/log/services-logs/prelude/p-*/file-logs/postgres.log
/var/log/services-logs/prelude/postgres-*/file-logs/repmgrd.log /var/log/services-logs/prelude/p-*/file-logs/repmgrd.log{
}

      * provisioning-service-app
/var/log/services-logs/prelude/provisioning-service-app/console-logs/*.log {
    # up to 7GB a day, 7 days (1 current + 97 rotations, 128MB each)
    rotate 97
}

      * tango-blueprint-service-app
/var/log/services-logs/prelude/tango-blueprint-service-app/console-logs/*.log {
    # up to 600MB a day, 7 days (1 current + 13 rotations, 300MB each)
    rotate 13
}
</fixtext>
      <check system="N/A">
        <check-content>At the command line, run the following commands:

1) # cat /etc/logrotate.prelude.services.conf

Example result:

# Define defaults for services' logs rotation: 7 iterations (one current, 6 rotated)
# rotated hourly, or whenever a maximum size is exceeded. To ensure the max size triggers rotation
# whenever needed, the services-logrotate timer triggers logrotate for this config multiple times
# a day. Rotations are not compressed, but rotation names are parsable by logcompress. This is to allow
# logcompress to compress and rename the rotation to avoid it being deleted by logrotate which does
# not support unlimited number of rotatations.

hourly
rotate 6
dateext
dateformat .%Y%m%d%H%M%S.0
maxsize 128M
nocreate
copytruncate
nocompress
missingok
notifempty
sharedscripts

# Apply defaults for all namespaces but prelude. Some services there require different settings.
# Since it is not an option to separate their logs in a special location and since logrotate does
# not allow overrides, all of the services in the excluded namespaces have a dedicated config
# in the fluentd.d directory

/var/log/services-logs/logging/*.log
/var/log/services-logs/default/*.log /var/log/services-logs/default/*/console-logs/*.log
/var/log/services-logs/.orphaned/*.log /var/log/services-logs/.orphaned/*/console-logs/*.log
/var/log/services-logs/ingress/*.log /var/log/services-logs/ingress/*/console-logs/*.log
/var/log/services-logs/kube-node-lease/*.log /var/log/services-logs/kube-node-lease/*/console-logs/*.log
/var/log/services-logs/kube-public/*.log /var/log/services-logs/kube-public/*/console-logs/*.log
/var/log/services-logs/kube-system/*.log /var/log/services-logs/kube-system/*/console-logs/*.log
/var/log/services-logs/*/untagged-apps/*.log /services-logs/*/untagged-apps/console-logs/*.log {
}

taboopat + README*
include /etc/logrotate.prelude.services.d/

2) List all services' logs for the prelude namespace:

  # ls -l /services-logs/prelude/

Then verify that each of them is covered by an extra configuration file located here:

  # ls -l /etc/logrotate.prelude.services.d/

If the output does not match the expected result, this is a finding.</check-content>
      </check>
    </Rule>
  </Group>
  <Group id="V-VRAA-8X-000009">
    <title>SRG-APP-000371-AS-000077</title>
    <Rule id="SV-VRAA-8X-000009" severity="medium" weight="10.0">
      <version>VRAA-8X-000009</version>
      <title>VMware Aria Automation must synchronize time from an authoritative time source.</title>
      <description>&lt;VulnDiscussion&gt;Determining the correct time a particular application event occurred on a system is critical when conducting forensic analysis and investigating system events.

Synchronization of system clocks is necessary in order to correctly correlate the timing of events that occur across multiple systems. To meet this requirement, the organization will define an authoritative time source and have each system compare its internal clock at least every 24 hours.

Satisfies: SRG-APP-000116-AS-000076, SRG-APP-000372-AS-000212&lt;/VulnDiscussion&gt;&lt;FalsePositives&gt;&lt;/FalsePositives&gt;&lt;FalseNegatives&gt;&lt;/FalseNegatives&gt;&lt;Documentable&gt;false&lt;/Documentable&gt;&lt;Mitigations&gt;&lt;/Mitigations&gt;&lt;SecurityOverrideGuidance&gt;&lt;/SecurityOverrideGuidance&gt;&lt;PotentialImpacts&gt;&lt;/PotentialImpacts&gt;&lt;ThirdPartyTools&gt;&lt;/ThirdPartyTools&gt;&lt;MitigationControl&gt;&lt;/MitigationControl&gt;&lt;Responsibility&gt;&lt;/Responsibility&gt;&lt;IAControls&gt;&lt;/IAControls&gt;</description>
      <ident system="http://cyber.mil/cci">CCI-001891</ident>
      <fixtext fixref="F-VRAA-8X-000009_fix">At the command line, run the following command:

# vracli ntp systemd --set &lt;time_server_IP_or_FQDN&gt;

Note: You can add multiple NTP servers by separating their network addresses with a comma.</fixtext>
      <check system="N/A">
        <check-content>At the command line, run the following command:

# vracli ntp show-config

If the output does not show "ntp_enabled: True", this is a finding.

If the output does not show "ntp_servers:" with one or more authoritative NTP servers configured , this is a finding.</check-content>
      </check>
    </Rule>
  </Group>
  <Group id="V-VRAA-8X-000126">
    <title>SRG-APP-000516-AS-000237</title>
    <Rule id="SV-VRAA-8X-000126" severity="medium" weight="10.0">
      <version>VRAA-8X-000126</version>
      <title>VMware Aria Automation must must configure sshd to limit the number of allowed login attempts per connection.</title>
      <description>&lt;VulnDiscussion&gt;By setting the login attempt limit to a low value, an attacker will be forced to reconnect frequently, which severely limits the speed and effectiveness of brute-force attacks.&lt;/VulnDiscussion&gt;&lt;FalsePositives&gt;&lt;/FalsePositives&gt;&lt;FalseNegatives&gt;&lt;/FalseNegatives&gt;&lt;Documentable&gt;false&lt;/Documentable&gt;&lt;Mitigations&gt;&lt;/Mitigations&gt;&lt;SecurityOverrideGuidance&gt;&lt;/SecurityOverrideGuidance&gt;&lt;PotentialImpacts&gt;&lt;/PotentialImpacts&gt;&lt;ThirdPartyTools&gt;&lt;/ThirdPartyTools&gt;&lt;MitigationControl&gt;&lt;/MitigationControl&gt;&lt;Responsibility&gt;&lt;/Responsibility&gt;&lt;IAControls&gt;&lt;/IAControls&gt;</description>
      <ident system="http://cyber.mil/cci">CCI-000366</ident>
      <fixtext fixref="F-VRAA-8X-000126_fix">Navigate to and open:

/etc/ssh/sshd_config_effective

Ensure that the "MaxAuthTries" line is uncommented and set to the following:

MaxAuthTries &lt;organization-defined value&gt;

At the command line, execute the following command:

# systemctl restart sshd.service

Note: Replace &lt;organization-defined value&gt; with an appropriately defined value for the environment.</fixtext>
      <check system="N/A">
        <check-content>At the command line, run the following command:

# sshd -T -f /etc/ssh/sshd_config_effective |&amp;grep -i MaxAuthTries

Example result:

MaxAuthTries 6

If the output does not match the organization-defined expected result, this is a finding.</check-content>
      </check>
    </Rule>
  </Group>
  <Group id="V-VRAA-8X-000127">
    <title>SRG-APP-000516-AS-000237</title>
    <Rule id="SV-VRAA-8X-000127" severity="medium" weight="10.0">
      <version>VRAA-8X-000127</version>
      <title>The VMware Aria Automation Photon operating system must be configured so that all files have a valid owner and group owner.</title>
      <description>&lt;VulnDiscussion&gt;If files do not have valid user and group owners, unintended access to files could occur.&lt;/VulnDiscussion&gt;&lt;FalsePositives&gt;&lt;/FalsePositives&gt;&lt;FalseNegatives&gt;&lt;/FalseNegatives&gt;&lt;Documentable&gt;false&lt;/Documentable&gt;&lt;Mitigations&gt;&lt;/Mitigations&gt;&lt;SecurityOverrideGuidance&gt;&lt;/SecurityOverrideGuidance&gt;&lt;PotentialImpacts&gt;&lt;/PotentialImpacts&gt;&lt;ThirdPartyTools&gt;&lt;/ThirdPartyTools&gt;&lt;MitigationControl&gt;&lt;/MitigationControl&gt;&lt;Responsibility&gt;&lt;/Responsibility&gt;&lt;IAControls&gt;&lt;/IAControls&gt;</description>
      <ident system="http://cyber.mil/cci">CCI-000366</ident>
      <fixtext fixref="F-VRAA-8X-000127_fix">At the command line, run the following command for each returned file:

# chown root:root &lt;file&gt;</fixtext>
      <check system="N/A">
        <check-content>At the command line, run the following command:

# find / -fstype ext4 -nouser -o -nogroup -exec ls -ld {} \; 2&gt;/dev/null | grep -v "/data/docker/"

If any files are returned, this is a finding.</check-content>
      </check>
    </Rule>
  </Group>
  <Group id="V-VRAA-8X-000128">
    <title>SRG-APP-000516-AS-000237</title>
    <Rule id="SV-VRAA-8X-000128" severity="medium" weight="10.0">
      <version>VRAA-8X-000128</version>
      <title>The VMware Aria Automation Photon operating system must disable systemd fallback DNS.</title>
      <description>&lt;VulnDiscussion&gt;Systemd contains an ability to set fallback DNS servers which is used for DNS lookups in the event no system level DNS servers are configured or other DNS servers are specified in the Systemd resolved.conf file. If uncommented this configuration contains Google DNS servers by default and could result in DNS leaking info unknowingly in the event DNS is absent or misconfigured at the system level.&lt;/VulnDiscussion&gt;&lt;FalsePositives&gt;&lt;/FalsePositives&gt;&lt;FalseNegatives&gt;&lt;/FalseNegatives&gt;&lt;Documentable&gt;false&lt;/Documentable&gt;&lt;Mitigations&gt;&lt;/Mitigations&gt;&lt;SecurityOverrideGuidance&gt;&lt;/SecurityOverrideGuidance&gt;&lt;PotentialImpacts&gt;&lt;/PotentialImpacts&gt;&lt;ThirdPartyTools&gt;&lt;/ThirdPartyTools&gt;&lt;MitigationControl&gt;&lt;/MitigationControl&gt;&lt;Responsibility&gt;&lt;/Responsibility&gt;&lt;IAControls&gt;&lt;/IAControls&gt;</description>
      <ident system="http://cyber.mil/cci">CCI-000366</ident>
      <fixtext fixref="F-VRAA-8X-000128_fix">Navigate to and open:

/etc/systemd/resolved.conf.d/vracli_resolved.conf

At the end of the file add or update the "FallbackDNS" entry to the following:

FallbackDNS=

Restart the Systemd resolved service by running the following command:

# systemctl restart systemd-resolved

Note: If this option is not given, a compiled-in list of DNS servers is used instead, which is undesirable.</fixtext>
      <check system="N/A">
        <check-content>At the command line, execute the following command:

# resolvectl status | grep 'Fallback DNS'

If the output indicates that Fallback DNS servers are configured, this is a finding.</check-content>
      </check>
    </Rule>
  </Group>
  <Group id="V-VRAA-8X-000106">
    <title>SRG-APP-000435-AS-000163</title>
    <Rule id="SV-VRAA-8X-000106" severity="medium" weight="10.0">
      <version>VRAA-8X-000106</version>
      <title>The VMware Aria Automation ingress controller must be tuned to handle the operational requirements of the application.</title>
      <description>&lt;VulnDiscussion&gt;A Denial of Service (DoS) can occur when the web server is so overwhelmed that it can no longer respond to additional requests. A web server not properly tuned may become overwhelmed and cause a DoS condition even with expected traffic from users. To help avoid a DoS, the web server must be tuned to handle the expected traffic for the hosted applications.&lt;/VulnDiscussion&gt;&lt;FalsePositives&gt;&lt;/FalsePositives&gt;&lt;FalseNegatives&gt;&lt;/FalseNegatives&gt;&lt;Documentable&gt;false&lt;/Documentable&gt;&lt;Mitigations&gt;As a mitigation this could be configured at the load balancer (Traefik).

As a safeguard vRA can be configured by increasing memory, throttling at the load balancer level, setup a cluster(s), increase memory on the CPU.&lt;/Mitigations&gt;&lt;SecurityOverrideGuidance&gt;&lt;/SecurityOverrideGuidance&gt;&lt;PotentialImpacts&gt;&lt;/PotentialImpacts&gt;&lt;ThirdPartyTools&gt;&lt;/ThirdPartyTools&gt;&lt;MitigationControl&gt;&lt;/MitigationControl&gt;&lt;Responsibility&gt;&lt;/Responsibility&gt;&lt;IAControls&gt;&lt;/IAControls&gt;</description>
      <ident system="http://cyber.mil/cci">CCI-002385</ident>
      <fixtext fixref="F-VRAA-8X-000106_fix">Navigate to and open:

/opt/charts/ingress-ctl/values.yaml

Add or configure the following line:

cpuLimit: 500m

Note: If VMware Aria Automation is clustered this file should be updated on all nodes.

From the command line interface, run the following command:

# /opt/scripts/deploy.sh

Note: This is a service impacting command and will re-instantiate the Kubernetes deployments.  This will also perform the action on all nodes if VMware Aria Automation is clustered.</fixtext>
      <check system="N/A">
        <check-content>From the command line interface, run the following command:

# kubectl -n ingress describe pod ingress-ctl-traefik | grep -i limits -A 2 | grep cpu

Expected Result:

      cpu:     500m

If the output does not match the expected result, this is a finding.</check-content>
      </check>
    </Rule>
  </Group>
  <Group id="V-VRAA-8X-000012">
    <title>SRG-APP-000514-AS-000137</title>
    <Rule id="SV-VRAA-8X-000012" severity="medium" weight="10.0">
      <version>VRAA-8X-000012</version>
      <title>VMware Aria Automation must use only DoD approved certificates.</title>
      <description>&lt;VulnDiscussion&gt;Class 3 PKI certificates are used for servers and software signing rather than for identifying individuals. Class 4 certificates are used for business-to-business transactions. Utilizing unapproved certificates not issued or approved by DoD or CNSS creates an integrity risk. The application server must utilize approved DoD or CNSS Class 3 or Class 4 certificates for software signing and business-to-business transactions.

Satisfies: SRG-APP-000427-AS-000264&lt;/VulnDiscussion&gt;&lt;FalsePositives&gt;&lt;/FalsePositives&gt;&lt;FalseNegatives&gt;&lt;/FalseNegatives&gt;&lt;Documentable&gt;false&lt;/Documentable&gt;&lt;Mitigations&gt;&lt;/Mitigations&gt;&lt;SecurityOverrideGuidance&gt;&lt;/SecurityOverrideGuidance&gt;&lt;PotentialImpacts&gt;&lt;/PotentialImpacts&gt;&lt;ThirdPartyTools&gt;&lt;/ThirdPartyTools&gt;&lt;MitigationControl&gt;&lt;/MitigationControl&gt;&lt;Responsibility&gt;&lt;/Responsibility&gt;&lt;IAControls&gt;&lt;/IAControls&gt;</description>
      <ident system="http://cyber.mil/cci">CCI-002450</ident>
      <fixtext fixref="F-VRAA-8X-000012_fix">VMware Aria Lifecycle Manager manages day 2 operations for VMware Aria Automation, and it should be used to replace certificates.

A suitable DoD issued certificate should be imported into VMware Aria Lifecycle Manager before performing these steps.

Log in to VMware Aria Lifecycle Manager as an administrative user.

Select Lifecycle Operations &gt;&gt; Environments.

Select the environment which contains the VMware Aria Automation deployment and then select the VMware Aria Automation deployment.

Click Replace Certificate, select the imported DoD issued certificate, and click Submit.</fixtext>
      <check system="N/A">
        <check-content>At the command line interface run the following command:

# vracli certificate ingress --parse

If the certificate is not an approved DoD issued certificate, this is a finding.</check-content>
      </check>
    </Rule>
  </Group>
  <Group id="V-VRAA-8X-000047">
    <title>SRG-APP-000142-AS-000014</title>
    <Rule id="SV-VRAA-8X-000047" severity="medium" weight="10.0">
      <version>VRAA-8X-000047</version>
      <title>The VMware Aria Automation ingress controller must restrict the use of unnecessary ports.</title>
      <description>&lt;VulnDiscussion&gt;Web servers provide numerous processes, features, and functionalities that utilize TCP/IP ports. Some of these processes may be deemed unnecessary or too unsecure to run on a production system.

The web server must provide the capability to disable or deactivate network-related services that are deemed to be non-essential to the server mission, are too unsecure, or are prohibited by the PPSM CAL and vulnerability assessments.&lt;/VulnDiscussion&gt;&lt;FalsePositives&gt;&lt;/FalsePositives&gt;&lt;FalseNegatives&gt;&lt;/FalseNegatives&gt;&lt;Documentable&gt;false&lt;/Documentable&gt;&lt;Mitigations&gt;&lt;/Mitigations&gt;&lt;SecurityOverrideGuidance&gt;&lt;/SecurityOverrideGuidance&gt;&lt;PotentialImpacts&gt;&lt;/PotentialImpacts&gt;&lt;ThirdPartyTools&gt;&lt;/ThirdPartyTools&gt;&lt;MitigationControl&gt;&lt;/MitigationControl&gt;&lt;Responsibility&gt;&lt;/Responsibility&gt;&lt;IAControls&gt;&lt;/IAControls&gt;</description>
      <ident system="http://cyber.mil/cci">CCI-000382</ident>
      <fixtext fixref="F-VRAA-8X-000047_fix">Navigate to and open:

/opt/charts/ingress-ctl/values.yaml

Find and configure the following line(s):

service:
  nodePorts:
    http: 80
    https: 443

Ensure https is configured to 443.

Note: If VMware Aria Automation is clustered this file should be updated on all nodes.

From the command line interface, run the following command:

# /opt/scripts/deploy.sh

Note: This is a service impacting command and will re-instantiate the Kubernetes deployments.  This will also perform the action on all nodes if VMware Aria Automation is clustered.</fixtext>
      <check system="N/A">
        <check-content>From the command line interface, run the following command:

# kubectl -n ingress describe cm ingress-ctl-traefik | grep '\[entryPoints.https\]' -A 2 | grep 'address'

Expected result:

  address = ":443"

If the output does not match the expected result, this is a finding.</check-content>
      </check>
    </Rule>
  </Group>
  <Group id="V-VRAA-8X-000046">
    <title>SRG-APP-000141-AS-000095</title>
    <Rule id="SV-VRAA-8X-000046" severity="medium" weight="10.0">
      <version>VRAA-8X-000046</version>
      <title>The VMware Aria Automation RabbitMQ service must disable any unneeded plugins.</title>
      <description>&lt;VulnDiscussion&gt;Application servers provide a myriad of differing processes, features and functionalities. Some of these processes may be deemed to be unnecessary or too unsecure to run on a production DoD system.

Application servers must provide the capability to disable or deactivate functionality and services that are deemed to be non-essential to the server mission or can adversely impact server performance, for example, disabling dynamic JSP reloading on production application servers as a best practice.&lt;/VulnDiscussion&gt;&lt;FalsePositives&gt;&lt;/FalsePositives&gt;&lt;FalseNegatives&gt;&lt;/FalseNegatives&gt;&lt;Documentable&gt;false&lt;/Documentable&gt;&lt;Mitigations&gt;&lt;/Mitigations&gt;&lt;SecurityOverrideGuidance&gt;&lt;/SecurityOverrideGuidance&gt;&lt;PotentialImpacts&gt;&lt;/PotentialImpacts&gt;&lt;ThirdPartyTools&gt;&lt;/ThirdPartyTools&gt;&lt;MitigationControl&gt;&lt;/MitigationControl&gt;&lt;Responsibility&gt;&lt;/Responsibility&gt;&lt;IAControls&gt;&lt;/IAControls&gt;</description>
      <ident system="http://cyber.mil/cci">CCI-000381</ident>
      <fixtext fixref="F-VRAA-8X-000046_fix">Navigate to and open:

/opt/charts/rabbitmq-ha/values.yaml

For each plugin that was unexpectedly loaded in the check, find the section for that plugin and set it to "enabled: false" and also comment out any configuration for that plugin.

Note: If VMware Aria Automation is clustered this file should be updated on all nodes.

From the command line interface, run the following command:

# /opt/scripts/deploy.sh

Note: This is a service impacting command and will re-instantiate the Kubernetes deployments.  This will also perform the action on all nodes if VMware Aria Automation is clustered.</fixtext>
      <check system="N/A">
        <check-content>From the command line interface, run the following command:

# kubectl -n prelude describe cm rabbitmq-ha | sed -n '/enabled_plugins:/,/]\./p'

Expected result:

enabled_plugins:
----
[

  rabbitmq_consistent_hash_exchange,
  rabbitmq_federation,
  rabbitmq_federation_management,
  rabbitmq_management,
  rabbitmq_peer_discovery_k8s,
  rabbitmq_shovel,
  rabbitmq_shovel_management
].

If the output does not match the expected result and any additional plugins are enabled, this is a finding.</check-content>
      </check>
    </Rule>
  </Group>
  <Group id="V-VRAA-8X-000107">
    <title>SRG-APP-000439-AS-000155</title>
    <Rule id="SV-VRAA-8X-000107" severity="medium" weight="10.0">
      <version>VRAA-8X-000107</version>
      <title>VMware Aria Automation must implement approved TLS versions.</title>
      <description>&lt;VulnDiscussion&gt;Encryption is critical for protection of remote access sessions. If encryption is not being used for integrity, malicious users may gain the ability to modify the application server configuration. The use of cryptography for ensuring integrity of remote access sessions mitigates that risk.

Application servers utilize a web management interface and scripted commands when allowing remote access. Web access requires the use of TLS and scripted access requires using some form of approved cryptography.

FIPS 140-2 approved TLS versions must be enabled and non-FIPS-approved SSL and TLS versions must be disabled.

NIST SP 800-52 specifies the preferred configurations for government systems.

Satisfies: SRG-APP-000440-AS-000167, SRG-APP-000439-AS-000274, SRG-APP-000442-AS-000259&lt;/VulnDiscussion&gt;&lt;FalsePositives&gt;&lt;/FalsePositives&gt;&lt;FalseNegatives&gt;&lt;/FalseNegatives&gt;&lt;Documentable&gt;false&lt;/Documentable&gt;&lt;Mitigations&gt;&lt;/Mitigations&gt;&lt;SecurityOverrideGuidance&gt;&lt;/SecurityOverrideGuidance&gt;&lt;PotentialImpacts&gt;&lt;/PotentialImpacts&gt;&lt;ThirdPartyTools&gt;&lt;/ThirdPartyTools&gt;&lt;MitigationControl&gt;&lt;/MitigationControl&gt;&lt;Responsibility&gt;&lt;/Responsibility&gt;&lt;IAControls&gt;&lt;/IAControls&gt;</description>
      <ident system="http://cyber.mil/cci">CCI-002418</ident>
      <fixtext fixref="F-VRAA-8X-000107_fix">Navigate to and open:

/opt/charts/ingress-ctl/values.yaml

Under the "ssl" heading, add or configure the following line:

tlsMinVersion: VersionTLS12

Note: If VMware Aria Automation is clustered this file should be updated on all nodes.

From the command line interface, run the following command:

# /opt/scripts/deploy.sh

Note: This is a service impacting command and will re-instantiate the Kubernetes deployments.  This will also perform the action on all nodes if VMware Aria Automation is clustered.</fixtext>
      <check system="N/A">
        <check-content>Verify the minimum TLS version in use by running the following command:

# kubectl -n ingress describe cm ingress-ctl-traefik | grep "minVersion"

Example output:

minVersion = "VersionTLS12"

If any version besides TLSv1.2 or TLSv1.3 is returned, this is a finding.</check-content>
      </check>
    </Rule>
  </Group>
  <Group id="V-VRAA-8X-000002">
    <title>SRG-APP-000121-AS-000081</title>
    <Rule id="SV-VRAA-8X-000002" severity="medium" weight="10.0">
      <version>VRAA-8X-000002</version>
      <title>VMware Aria Automation must protect log tools from unauthorized access.</title>
      <description>&lt;VulnDiscussion&gt;Protecting log data also includes identifying and protecting the tools used to view and manipulate log data. 

Depending upon the log format and application, system and application log tools may provide the only means to manipulate and manage application and system log data. 

It is therefore imperative that access to log tools be controlled and protected from unauthorized access. 

Application servers generally provide web- and/or command line-based functionality for managing the application server log capabilities. In addition, subsets of log tool components may be stored on the file system as jar or xml configuration files. The application server must ensure that in addition to protecting any web-based log tools, any file system-based tools are protected as well.

Satisfies: SRG-APP-000123-AS-000083, SRG-APP-000122-AS-000082, SRG-APP-000340-AS-000185&lt;/VulnDiscussion&gt;&lt;FalsePositives&gt;&lt;/FalsePositives&gt;&lt;FalseNegatives&gt;&lt;/FalseNegatives&gt;&lt;Documentable&gt;false&lt;/Documentable&gt;&lt;Mitigations&gt;&lt;/Mitigations&gt;&lt;SecurityOverrideGuidance&gt;&lt;/SecurityOverrideGuidance&gt;&lt;PotentialImpacts&gt;&lt;/PotentialImpacts&gt;&lt;ThirdPartyTools&gt;&lt;/ThirdPartyTools&gt;&lt;MitigationControl&gt;&lt;/MitigationControl&gt;&lt;Responsibility&gt;&lt;/Responsibility&gt;&lt;IAControls&gt;&lt;/IAControls&gt;</description>
      <ident system="http://cyber.mil/cci">CCI-001493</ident>
      <fixtext fixref="F-VRAA-8X-000002_fix">At the command prompt, run the following command(s):

#  chmod 700 /usr/local/bin/vracli
#  chown root:root /usr/local/bin/vracli</fixtext>
      <check system="N/A">
        <check-content>At the command prompt, run the following command:

# stat -c "%a:%U:%G" /usr/local/bin/vracli

Expected result:

700:root:root

If the output does not match the expected result, this is a finding.</check-content>
      </check>
    </Rule>
  </Group>
  <Group id="V-VRAA-8X-000008">
    <title>SRG-APP-000358-AS-000064</title>
    <Rule id="SV-VRAA-8X-000008" severity="medium" weight="10.0">
      <version>VRAA-8X-000008</version>
      <title>VMware Aria Automation must configure log shipping to an external system.</title>
      <description>&lt;VulnDiscussion&gt;Information system logging capability is critical for accurate forensic analysis. Log record content that may be necessary to satisfy the requirement of this control includes, but is not limited to, time stamps, source and destination IP addresses, user/process identifiers, event descriptions, application-specific events, success/fail indications, filenames involved, access control or flow control rules invoked.

Off-loading is a common process in information systems with limited log storage capacity.

Centralized management of log records provides for efficiency in maintenance and management of records, as well as the backup and archiving of those records. Application servers and their related components are required to off-load log records onto a different system or media than the system being logged.

Satisfies: SRG-APP-000515-AS-000203, SRG-APP-000125-AS-000084, SRG-APP-000356-AS-000202, SRG-APP-000181-AS-000255&lt;/VulnDiscussion&gt;&lt;FalsePositives&gt;&lt;/FalsePositives&gt;&lt;FalseNegatives&gt;&lt;/FalseNegatives&gt;&lt;Documentable&gt;false&lt;/Documentable&gt;&lt;Mitigations&gt;&lt;/Mitigations&gt;&lt;SecurityOverrideGuidance&gt;&lt;/SecurityOverrideGuidance&gt;&lt;PotentialImpacts&gt;&lt;/PotentialImpacts&gt;&lt;ThirdPartyTools&gt;&lt;/ThirdPartyTools&gt;&lt;MitigationControl&gt;&lt;/MitigationControl&gt;&lt;Responsibility&gt;&lt;/Responsibility&gt;&lt;IAControls&gt;&lt;/IAControls&gt;</description>
      <ident system="http://cyber.mil/cci">CCI-001851</ident>
      <fixtext fixref="F-VRAA-8X-000008_fix">At the command line interface, run one of the following commands:

For Syslog configuration:

 # vracli remote-syslog set -id &lt;unique ID to send to syslog&gt; --ca-file &lt;/path/to/syslog crt&gt; tcp://&lt;syslog server IP&gt;:&lt;port&gt;

 To use TCP rather than TLS, remove the "ca-file" switch and add "--disable-ssl" before the host portion.

For VMware Aria Operations for Logs configuration:

 # vracli vrli set https://&lt;FQDN or IP&gt;:&lt;port&gt;</fixtext>
      <check system="N/A">
        <check-content>On the appliance, at the command line interface, run one of the following commands:

For Syslog configuration:

 # vracli remote-syslog

For VMware Aria Operations for Logs configuration:

 # vracli vrli

Example result for Syslog:

{
    "Example_Host": {
        "host": "10.100.110.120",
        "port": 514,
        "protocol": "tcp",
        "ssl_verify": true,
        "use_ssl": false
}

Example result for VMware Aria Operations for Logs:

{
    "agentId": "0",
    "environment": "prod",
    "host": "my-vrli.local",
    "port": 443,
    "scheme": "https",
    "sslVerify": false
}

If the output does not indicate a valid server similar to the above examples, this is a finding.</check-content>
      </check>
    </Rule>
  </Group>
  <Group id="V-VRAA-8X-000014">
    <title>SRG-APP-000014-AS-000009</title>
    <Rule id="SV-VRAA-8X-000014" severity="medium" weight="10.0">
      <version>VRAA-8X-000014</version>
      <title>The VMware Aria Automation ingress controller must use cryptography to protect remote sessions.</title>
      <description>&lt;VulnDiscussion&gt;Data exchanged during the remote session between the user and a web server can range from static display data to credentials used to log into the hosted application. Even when data appears to be static, the non-displayed logic in a web page may expose business logic or trusted system relationships. The integrity of all data being exchanged between the user and web server must always be trusted. To protect the integrity and trust, encryption methods should be used to protect the complete communication session.&lt;/VulnDiscussion&gt;&lt;FalsePositives&gt;&lt;/FalsePositives&gt;&lt;FalseNegatives&gt;&lt;/FalseNegatives&gt;&lt;Documentable&gt;false&lt;/Documentable&gt;&lt;Mitigations&gt;&lt;/Mitigations&gt;&lt;SecurityOverrideGuidance&gt;&lt;/SecurityOverrideGuidance&gt;&lt;PotentialImpacts&gt;&lt;/PotentialImpacts&gt;&lt;ThirdPartyTools&gt;&lt;/ThirdPartyTools&gt;&lt;MitigationControl&gt;&lt;/MitigationControl&gt;&lt;Responsibility&gt;&lt;/Responsibility&gt;&lt;IAControls&gt;&lt;/IAControls&gt;</description>
      <ident system="http://cyber.mil/cci">CCI-000068</ident>
      <fixtext fixref="F-VRAA-8X-000014_fix">Navigate to and open:

/opt/charts/ingress-ctl/values.yaml

Add or configure the following line:

Under the ssl: section

ssl:
  enabled: true

Note: If VMware Aria Automation is clustered this file should be updated on all nodes.

From the command line interface, run the following command:

# /opt/scripts/deploy.sh

Note: This is a service impacting command and will re-instantiate the Kubernetes deployments.  This will also perform the action on all nodes if VMware Aria Automation is clustered.</fixtext>
      <check system="N/A">
        <check-content>From the command line interface, run the following command:

# kubectl -n ingress describe cm ingress-ctl-traefik | grep '\[entryPoints.https\]'

Expected result:

[entryPoints.https]

If the output does not match the expected result, this is a finding.

The presence of the https entry point indicates SSL is enabled in the ingress controller.</check-content>
      </check>
    </Rule>
  </Group>
  <Group id="V-VRAA-8X-000125">
    <title>SRG-APP-000516-AS-000237</title>
    <Rule id="SV-VRAA-8X-000125" severity="medium" weight="10.0">
      <version>VRAA-8X-000125</version>
      <title>VMware Aria Automation must implement NIST FIPS-validated cryptography.</title>
      <description>&lt;VulnDiscussion&gt;Use of weak or untested encryption algorithms undermines the purposes of utilizing encryption to protect data. VMware Aria Automation must implement cryptographic modules adhering to the higher standards approved by the federal government since this provides assurance they have been tested and validated.&lt;/VulnDiscussion&gt;&lt;FalsePositives&gt;&lt;/FalsePositives&gt;&lt;FalseNegatives&gt;&lt;/FalseNegatives&gt;&lt;Documentable&gt;false&lt;/Documentable&gt;&lt;Mitigations&gt;&lt;/Mitigations&gt;&lt;SecurityOverrideGuidance&gt;&lt;/SecurityOverrideGuidance&gt;&lt;PotentialImpacts&gt;&lt;/PotentialImpacts&gt;&lt;ThirdPartyTools&gt;&lt;/ThirdPartyTools&gt;&lt;MitigationControl&gt;&lt;/MitigationControl&gt;&lt;Responsibility&gt;&lt;/Responsibility&gt;&lt;IAControls&gt;&lt;/IAControls&gt;</description>
      <ident system="http://cyber.mil/cci">CCI-000366</ident>
      <fixtext fixref="F-VRAA-8X-000125_fix">The only way to enable FIPS mode for VMware Aria Automation is by configuring the setting during the installation.

Re-deploy a new VMware Aria Automation appliance into the environment with FIPS mode enabled.</fixtext>
      <check system="N/A">
        <check-content>Verify VMware Aria Automation has been installed with FIPS enabled by running the following command:

# vracli security fips

Example output:

FIPS mode: strict

If FIPS mode is not enabled, this is a finding.</check-content>
      </check>
    </Rule>
  </Group>
  <Group id="V-VRAA-8X-000091">
    <title>SRG-APP-000380-AS-000088</title>
    <Rule id="SV-VRAA-8X-000091" severity="medium" weight="10.0">
      <version>VRAA-8X-000091</version>
      <title>The VMware Aria Automation ingress controller configuration files must only be accessible to privileged users.</title>
      <description>&lt;VulnDiscussion&gt;A web server can be modified through parameter modification, patch installation, upgrades to the web server or modules, and security parameter changes. With each of these changes, there is the potential for an adverse effect such as a DoS, web server instability, or hosted application instability.

To limit changes to the web server and limit exposure to any adverse effects from the changes, files such as the web server application files, libraries, and configuration files must have permissions and ownership set properly to only allow privileged user access.&lt;/VulnDiscussion&gt;&lt;FalsePositives&gt;&lt;/FalsePositives&gt;&lt;FalseNegatives&gt;&lt;/FalseNegatives&gt;&lt;Documentable&gt;false&lt;/Documentable&gt;&lt;Mitigations&gt;&lt;/Mitigations&gt;&lt;SecurityOverrideGuidance&gt;&lt;/SecurityOverrideGuidance&gt;&lt;PotentialImpacts&gt;&lt;/PotentialImpacts&gt;&lt;ThirdPartyTools&gt;&lt;/ThirdPartyTools&gt;&lt;MitigationControl&gt;&lt;/MitigationControl&gt;&lt;Responsibility&gt;&lt;/Responsibility&gt;&lt;IAControls&gt;&lt;/IAControls&gt;</description>
      <ident system="http://cyber.mil/cci">CCI-001813</ident>
      <fixtext fixref="F-VRAA-8X-000091_fix">From the command line interface, run the following command(s) for each &lt;file&gt; returned in the check:

# chmod 644 &lt;file&gt;
# chown root:root &lt;file&gt;</fixtext>
      <check system="N/A">
        <check-content>From the command line interface, run the following command:

# find /opt/charts/ingress-ctl -xdev -type f -a '(' -not -perm 644 -o -not -user root -o -not -group root ')' -exec ls -ld {} \;

If any files are returned, this is a finding.</check-content>
      </check>
    </Rule>
  </Group>
  <Group id="V-VRAA-8X-000074">
    <title>SRG-APP-000266-AS-000168</title>
    <Rule id="SV-VRAA-8X-000074" severity="medium" weight="10.0">
      <version>VRAA-8X-000074</version>
      <title>The VMware Aria Automation ingress controller must set the log level to capture sufficient events.</title>
      <description>&lt;VulnDiscussion&gt;Log records can be generated from various components within the web server (e.g., httpd, plug-ins to external backends, etc.). From a web server perspective, certain specific web server functionalities may be logged as well. The web server must allow the definition of what events are to be logged. As conditions change, the number and types of events to be logged may change, and the web server must be able to facilitate these changes.

The minimum list of logged events should be those pertaining to system startup and shutdown, system access, and system authentication events. If these events are not logged at a minimum, any type of forensic investigation would be missing pertinent information needed to replay what occurred.

Note: Elevated logging levels must be applied only during troubleshooting as these levels can reduce performance and increase the verbose log messages. After you complete troubleshooting using elevated logging levels, the log level must be reset to INFO.&lt;/VulnDiscussion&gt;&lt;FalsePositives&gt;&lt;/FalsePositives&gt;&lt;FalseNegatives&gt;&lt;/FalseNegatives&gt;&lt;Documentable&gt;false&lt;/Documentable&gt;&lt;Mitigations&gt;An audit trail feature that will encompass this requirement is in progress.&lt;/Mitigations&gt;&lt;SecurityOverrideGuidance&gt;&lt;/SecurityOverrideGuidance&gt;&lt;PotentialImpacts&gt;&lt;/PotentialImpacts&gt;&lt;ThirdPartyTools&gt;&lt;/ThirdPartyTools&gt;&lt;MitigationControl&gt;&lt;/MitigationControl&gt;&lt;Responsibility&gt;&lt;/Responsibility&gt;&lt;IAControls&gt;&lt;/IAControls&gt;</description>
      <ident system="http://cyber.mil/cci">CCI-001312</ident>
      <fixtext fixref="F-VRAA-8X-000074_fix">Navigate to and open:

/opt/charts/ingress-ctl/templates/configmap.yaml

Find and configure the following line:

logLevel = "INFO"

Note: If VMware Aria Automation is clustered this file should be updated on all nodes.

From the command line interface, run the following command:

# /opt/scripts/deploy.sh

Note: This is a service impacting command and will re-instantiate the Kubernetes deployments.  This will also perform the action on all nodes if VMware Aria Automation is clustered.</fixtext>
      <check system="N/A">
        <check-content>From the command line interface, run the following command:

# kubectl -n ingress describe cm ingress-ctl-traefik | grep 'logLevel'

Expected result:

logLevel = "INFO"

If the output does not match the expected result, this is a finding.</check-content>
      </check>
    </Rule>
  </Group>
  <Group id="V-VRAA-8X-000005">
    <title>SRG-APP-000290-AS-000174</title>
    <Rule id="SV-VRAA-8X-000005" severity="medium" weight="10.0">
      <version>VRAA-8X-000005</version>
      <title>VMware Aria Automation must use cryptographic mechanisms to protect the integrity of log tools.</title>
      <description>&lt;VulnDiscussion&gt;Protecting the integrity of the tools used for logging purposes is a critical step in ensuring the integrity of log data. Log data includes all information (e.g., log records, log settings, and log reports) needed to successfully log information system activity.

It is not uncommon for attackers to replace the log tools or inject code into the existing tools for the purpose of providing the capability to hide or erase system activity from the logs.

To address this risk, log tools must be cryptographically signed in order to provide the capability to identify when the log tools have been modified, manipulated or replaced. An example is a checksum hash of the file or files.

Application server log tools must use cryptographic mechanisms to protect the integrity of the tools or allow cryptographic protection mechanisms to be applied to their tools.&lt;/VulnDiscussion&gt;&lt;FalsePositives&gt;&lt;/FalsePositives&gt;&lt;FalseNegatives&gt;&lt;/FalseNegatives&gt;&lt;Documentable&gt;false&lt;/Documentable&gt;&lt;Mitigations&gt;&lt;/Mitigations&gt;&lt;SecurityOverrideGuidance&gt;&lt;/SecurityOverrideGuidance&gt;&lt;PotentialImpacts&gt;&lt;/PotentialImpacts&gt;&lt;ThirdPartyTools&gt;&lt;/ThirdPartyTools&gt;&lt;MitigationControl&gt;&lt;/MitigationControl&gt;&lt;Responsibility&gt;&lt;/Responsibility&gt;&lt;IAControls&gt;&lt;/IAControls&gt;</description>
      <ident system="http://cyber.mil/cci">CCI-001496</ident>
      <fixtext fixref="F-VRAA-8X-000005_fix">The fix will vary on the file and the modification made. If the user or group has been changed, run the following command:

# rpm --setugids prelude-vracli

If the permissions have been changed, run the following command:

# rpm --setperms prelude-vracli

If the md5 hash has been changed, roll back to a previous backup or contact VMware support.

The original files are not retained and cannot be included here.</fixtext>
      <check system="N/A">
        <check-content>At the command prompt, run the following command:

# rpm -V prelude-vracli

If the command produces any output showing files have been modified, this is a finding.

Note: In some cases "tmp" files may be created during package install, and later cleaned up, which rpm will report as "missing". These changes must be inspected on a case by case basis for determination if they should be considered findings or not.</check-content>
      </check>
    </Rule>
  </Group>
</Benchmark>
