<?xml version="1.0" encoding="UTF-8"?><?xml-stylesheet type="text/xsl" href="STIG_unclass.xsl"?>
<Benchmark xmlns:dc="http://purl.org/dc/elements/1.1/" xmlns:xsi="http://www.w3.org/2001/XMLSchema-instance" xmlns:cpe="http://cpe.mitre.org/language/2.0" xmlns:xhtml="http://www.w3.org/1999/xhtml" xmlns:dsig="http://www.w3.org/2000/09/xmldsig#" xsi:schemaLocation="http://checklists.nist.gov/xccdf/1.1 http://nvd.nist.gov/schema/xccdf-1.1.4.xsdhttp://cpe.mitre.org/dictionary/2.0 http://cpe.mitre.org/files/cpe-dictionary_2.1.xsd" id="PostgreSQL" xml:lang="en" xmlns="http://checklists.nist.gov/xccdf/1.1">
  <status date="2025-10-01">draft</status>
  <title>VMware Cloud Director 10.6 Appliance PostgreSQL STIG Readiness Guide</title>
  <description>VMware Cloud Director 10.6 Appliance PostgreSQL STIG Readiness Guide</description>
  <notice id="terms-of-use" xml:lang="en"/>
  <front-matter xml:lang="en"/>
  <rear-matter xml:lang="en"/>
  <reference href="">
    <dc:publisher/>
    <dc:source/>
  </reference>
  <plain-text id="release-info">Release: 3 Benchmark Date: 1 Oct 2025</plain-text>
  <plain-text id="generator">3.2.2.36079</plain-text>
  <plain-text id="conventionsVersion">1.10.0</plain-text>
  <version>1</version>
  <Group id="V-PSQL-00-000051">
    <title>SRG-APP-000226-DB-000147</title>
    <Rule id="SV-PSQL-00-000051" severity="medium" weight="10.0">
      <version>PSQL-00-000051</version>
      <title>The Cloud Director PostgreSQL database must write log entries to disk prior to returning operation success or failure.</title>
      <description>&lt;VulnDiscussion&gt;Failure to a known secure state helps prevent a loss of confidentiality, integrity, or availability in the event of a failure of the information system or a component of the system. Preserving  system state information helps to facilitate system restart and return to the operational mode of the organization with less disruption of mission/business processes. 

Aggregating log writes saves on performance but leaves a window for log data loss. The logging system inside PostgreSQL is capable of writing logs to disk, fully and completely before the associated operation is returned to the client. This ensures that database activity is always captured, even in the event of a system crash during or immediately after a given operation.&lt;/VulnDiscussion&gt;&lt;FalsePositives&gt;&lt;/FalsePositives&gt;&lt;FalseNegatives&gt;&lt;/FalseNegatives&gt;&lt;Documentable&gt;false&lt;/Documentable&gt;&lt;Mitigations&gt;&lt;/Mitigations&gt;&lt;SecurityOverrideGuidance&gt;&lt;/SecurityOverrideGuidance&gt;&lt;PotentialImpacts&gt;&lt;/PotentialImpacts&gt;&lt;ThirdPartyTools&gt;&lt;/ThirdPartyTools&gt;&lt;MitigationControl&gt;&lt;/MitigationControl&gt;&lt;Responsibility&gt;&lt;/Responsibility&gt;&lt;IAControls&gt;&lt;/IAControls&gt;</description>
      <ident system="http://cyber.mil/cci">CCI-001665</ident>
      <fixtext fixref="F-PSQL-00-000051_fix">As a database administrator, perform the following at the command prompt:

$ su - postgres -c "/opt/vmware/vpostgres/current/bin/psql -c \"ALTER SYSTEM SET &lt;name&gt; TO 'on';\""

Reload the PostgreSQL service by running the following command:

# systemctl reload postgresql

or

# service postgresql reload

Note: Substitute &lt;name&gt; with the incorrectly set parameter (fsync, full_page_writes, synchronous_commit).</fixtext>
      <check system="N/A">
        <check-content>As a database administrator, perform the following at the command prompt:

$ su - postgres -c "/opt/vmware/vpostgres/current/bin/psql -A -t -c \"SELECT name,setting FROM pg_settings WHERE name IN ('fsync','full_page_writes','synchronous_commit');\""

Expected result:

fsync              | on
full_page_writes   | on
synchronous_commit | on

If the output does not match the expected result, this is a finding.</check-content>
      </check>
    </Rule>
  </Group>
  <Group id="V-PSQL-00-000122">
    <title>SRG-APP-000515-DB-000318</title>
    <Rule id="SV-PSQL-00-000122" severity="medium" weight="10.0">
      <version>PSQL-00-000122</version>
      <title>The Cloud Director PostgreSQL database must off-load audit data to a separate log management facility.</title>
      <description>&lt;VulnDiscussion&gt;Information stored in one location is vulnerable to accidental or incidental deletion or alteration.

Off-loading is a common process in information systems with limited audit storage capacity. 

The DBMS may write audit records to database tables, to files in the file system, to other kinds of local repository, or directly to a centralized log management system. Whatever the method used, it must be compatible with off-loading the records to the centralized system.

Satisfies: SRG-APP-000795-DB-000130, SRG-APP-000745-DB-000120&lt;/VulnDiscussion&gt;&lt;FalsePositives&gt;&lt;/FalsePositives&gt;&lt;FalseNegatives&gt;&lt;/FalseNegatives&gt;&lt;Documentable&gt;false&lt;/Documentable&gt;&lt;Mitigations&gt;&lt;/Mitigations&gt;&lt;SecurityOverrideGuidance&gt;&lt;/SecurityOverrideGuidance&gt;&lt;PotentialImpacts&gt;&lt;/PotentialImpacts&gt;&lt;ThirdPartyTools&gt;&lt;/ThirdPartyTools&gt;&lt;MitigationControl&gt;&lt;/MitigationControl&gt;&lt;Responsibility&gt;&lt;/Responsibility&gt;&lt;IAControls&gt;&lt;/IAControls&gt;</description>
      <ident system="http://cyber.mil/cci">CCI-001851</ident>
      <fixtext fixref="F-PSQL-00-000122_fix">Navigate to and open:

/etc/rsyslog.d/stig-services-postgres.conf

Create the file if it does not exist.

Set the contents of the file as follows:

module(load="imfile" mode="inotify")
input(type="imfile"
File="/var/vmware/vpostgres/current/pgdata/log/*.log"
Tag="postgres-runtime"
Severity="info"
Facility="local0")

At the command prompt, run the following command:

# systemctl restart rsyslog.service</fixtext>
      <check system="N/A">
        <check-content>At the command line, run the following command:

# grep -v "^" /etc/rsyslog.d/stig-services-postgres.conf

Expected result:

module(load="imfile" mode="inotify")
input(type="imfile"
File="/var/vmware/vpostgres/current/pgdata/log/*.log"
Tag="postgres-runtime"
Severity="info"
Facility="local0")

If the file does not exist, this is a finding.

If the output of the command does not match the expected result above, this is a finding.</check-content>
      </check>
    </Rule>
  </Group>
  <Group id="V-PSQL-00-000010">
    <title>SRG-APP-000095-DB-000039</title>
    <Rule id="SV-PSQL-00-000010" severity="medium" weight="10.0">
      <version>PSQL-00-000010</version>
      <title>The Cloud Director PostgreSQL database must produce logs containing sufficient information to establish what type of events occurred.</title>
      <description>&lt;VulnDiscussion&gt;Information system auditing capability is critical for accurate forensic analysis. Without establishing what type of event occurred, it would be difficult to establish, correlate, and investigate the events relating to an incident or identify those responsible for one. 

Audit record content that may be necessary to satisfy the requirement of this policy includes, for example, time stamps, user/process identifiers, event descriptions, success/fail indications, filenames involved, and access control or flow control rules invoked.

Associating event types with detected events in the application and audit logs provides a means of investigating an attack; recognizing resource utilization or capacity thresholds; or identifying an improperly configured application. 

Database software is capable of a range of actions on data stored within the database. It is important, for accurate forensic analysis, to know exactly what actions were performed. This requires specific information regarding the event type an audit record is referring to. If event type information is not recorded and stored with the audit record, the record itself is of very limited use.

Satisfies: SRG-APP-000375-DB-000323, SRG-APP-000100-DB-000201, SRG-APP-000099-DB-000043, SRG-APP-000098-DB-000042, SRG-APP-000097-DB-000041, SRG-APP-000096-DB-000040, SRG-APP-000101-DB-000044&lt;/VulnDiscussion&gt;&lt;FalsePositives&gt;&lt;/FalsePositives&gt;&lt;FalseNegatives&gt;&lt;/FalseNegatives&gt;&lt;Documentable&gt;false&lt;/Documentable&gt;&lt;Mitigations&gt;&lt;/Mitigations&gt;&lt;SecurityOverrideGuidance&gt;&lt;/SecurityOverrideGuidance&gt;&lt;PotentialImpacts&gt;&lt;/PotentialImpacts&gt;&lt;ThirdPartyTools&gt;&lt;/ThirdPartyTools&gt;&lt;MitigationControl&gt;&lt;/MitigationControl&gt;&lt;Responsibility&gt;&lt;/Responsibility&gt;&lt;IAControls&gt;&lt;/IAControls&gt;</description>
      <ident system="http://cyber.mil/cci">CCI-000130</ident>
      <fixtext fixref="F-PSQL-00-000010_fix">As a database administrator, perform the following at the command prompt:

$ su - postgres -c "/opt/vmware/vpostgres/current/bin/psql -c \"ALTER SYSTEM SET log_line_prefix = '%m %c %x %d %u %r %p %l';\""

Reload the PostgreSQL service by running the following command:

# systemctl reload postgresql

or

# service postgresql reload</fixtext>
      <check system="N/A">
        <check-content>As a database administrator, perform the following at the command prompt:

$ su - postgres -c "/opt/vmware/vpostgres/current/bin/psql -A -t -c 'SHOW log_line_prefix;'"

Expected result:

%m %c %x %d %u %r %p %l

If the output does not include each option in the expected result, this is a finding.</check-content>
      </check>
    </Rule>
  </Group>
  <Group id="V-PSQL-00-000020">
    <title>SRG-APP-000118-DB-000059</title>
    <Rule id="SV-PSQL-00-000020" severity="medium" weight="10.0">
      <version>PSQL-00-000020</version>
      <title>The Cloud Director PostgreSQL database must be configured to protect log files from unauthorized access.</title>
      <description>&lt;VulnDiscussion&gt;If audit data were to become compromised, then competent forensic analysis and discovery of the true source of potentially malicious system activity is difficult, if not impossible, to achieve. In addition, access to audit records provides information an attacker could potentially use to his or her advantage.

To ensure the veracity of audit data, the information system and/or the application must protect audit information from any and all unauthorized access. This includes read, write, copy, etc.

Satisfies: SRG-APP-000119-DB-000060, SRG-APP-000120-DB-000061&lt;/VulnDiscussion&gt;&lt;FalsePositives&gt;&lt;/FalsePositives&gt;&lt;FalseNegatives&gt;&lt;/FalseNegatives&gt;&lt;Documentable&gt;false&lt;/Documentable&gt;&lt;Mitigations&gt;&lt;/Mitigations&gt;&lt;SecurityOverrideGuidance&gt;&lt;/SecurityOverrideGuidance&gt;&lt;PotentialImpacts&gt;&lt;/PotentialImpacts&gt;&lt;ThirdPartyTools&gt;&lt;/ThirdPartyTools&gt;&lt;MitigationControl&gt;&lt;/MitigationControl&gt;&lt;Responsibility&gt;&lt;/Responsibility&gt;&lt;IAControls&gt;&lt;/IAControls&gt;</description>
      <ident system="http://cyber.mil/cci">CCI-000162</ident>
      <fixtext fixref="F-PSQL-00-000020_fix">As a database administrator, perform the following at the command prompt:

$ su - postgres -c "/opt/vmware/vpostgres/current/bin/psql -c \"ALTER SYSTEM SET log_file_mode = '0600';\""

Reload the PostgreSQL service by running the following command:

# systemctl reload postgresql

or

# service postgresql reload

At the command prompt, enter the following command(s):

# chmod 600 &lt;file&gt;
# chown postgres:users &lt;file&gt;

Note: Replace &lt;file&gt; with the file with incorrect permissions.</fixtext>
      <check system="N/A">
        <check-content>If PostgreSQL is logging directly to syslog and not storing audit data locally, this is Not Applicable.

As a database administrator, perform the following at the command prompt:

$ su - postgres -c "/opt/vmware/vpostgres/current/bin/psql -A -t -c 'SHOW log_file_mode;'"

Expected result:

0600

If the output does not match the expected result, this is a finding.

As a database administrator, perform the following at the command prompt:

# su - postgres -c \"/opt/vmware/vpostgres/current/bin/psql -A -t -c 'SHOW log_directory;'\"

The log directory may be a relative path to the 'data_directory' setting, which can be found by running the following command:

# su - postgres -c \"/opt/vmware/vpostgres/current/bin/psql -A -t -c 'SHOW data_directory;'\"

After finding the log destination, execute the following command:

$ find &lt;log dir&gt;/* -xdev -type f -a '(' -not -perm 600 -o -not -user postgres -o -not -group users ')' -exec ls -ld {} \\;

If any files are returned, this is a finding.</check-content>
      </check>
    </Rule>
  </Group>
  <Group id="V-PSQL-00-000035">
    <title>SRG-APP-000142-DB-000094</title>
    <Rule id="SV-PSQL-00-000035" severity="medium" weight="10.0">
      <version>PSQL-00-000035</version>
      <title>The Cloud Director PostgreSQL database must be configured to use an authorized port.</title>
      <description>&lt;VulnDiscussion&gt;In order to prevent unauthorized connection of devices, unauthorized transfer of information, or unauthorized tunneling (i.e., embedding of data types within data types), organizations must disable or restrict unused or unnecessary physical and logical ports/protocols/services on information systems.

Applications are capable of providing a wide variety of functions and services. Some of the functions and services provided by default may not be necessary to support essential organizational operations. Additionally, it is sometimes convenient to provide multiple services from a single component (e.g., email and web services); however, doing so increases risk over limiting the services provided by any one component. 

To support the requirements and principles of least functionality, the application must support the organizational requirements providing only essential capabilities and limiting the use of ports, protocols, and/or services to only those required, authorized, and approved to conduct official business or to address authorized quality of life issues.

Database Management Systems using ports, protocols, and services deemed unsafe are open to attack through those ports, protocols, and services. This can allow unauthorized access to the database and through the database to other components of the information system.

Satisfies: SRG-APP-000383-DB-000364&lt;/VulnDiscussion&gt;&lt;FalsePositives&gt;&lt;/FalsePositives&gt;&lt;FalseNegatives&gt;&lt;/FalseNegatives&gt;&lt;Documentable&gt;false&lt;/Documentable&gt;&lt;Mitigations&gt;&lt;/Mitigations&gt;&lt;SecurityOverrideGuidance&gt;&lt;/SecurityOverrideGuidance&gt;&lt;PotentialImpacts&gt;&lt;/PotentialImpacts&gt;&lt;ThirdPartyTools&gt;&lt;/ThirdPartyTools&gt;&lt;MitigationControl&gt;&lt;/MitigationControl&gt;&lt;Responsibility&gt;&lt;/Responsibility&gt;&lt;IAControls&gt;&lt;/IAControls&gt;</description>
      <ident system="http://cyber.mil/cci">CCI-000382</ident>
      <fixtext fixref="F-PSQL-00-000035_fix">As a database administrator, perform the following at the command prompt:

$ su - postgres -c "/opt/vmware/vpostgres/current/bin/psql -c \"ALTER SYSTEM SET port = '5432';\""

Reload the PostgreSQL service by running the following command:

# systemctl reload postgresql

or

# service postgresql reload</fixtext>
      <check system="N/A">
        <check-content>As a database administrator, perform the following at the command prompt:

$ su - postgres -c "/opt/vmware/vpostgres/current/bin/psql -A -t -c 'SHOW port;'"

Expected result:

5432

If the output does not match the expected result, this is a finding.</check-content>
      </check>
    </Rule>
  </Group>
  <Group id="V-PSQL-00-000060">
    <title>SRG-APP-000266-DB-000162</title>
    <Rule id="SV-PSQL-00-000060" severity="medium" weight="10.0">
      <version>PSQL-00-000060</version>
      <title>The Cloud Director PostgreSQL database must provide non-privileged users with minimal error information.</title>
      <description>&lt;VulnDiscussion&gt;Any DBMS or associated application providing too much information in error messages on the screen or printout risks compromising the data and security of the system. The structure and content of error messages need to contain the minimal amount of information.

Databases can inadvertently provide a wealth of information to an attacker through improperly handled error messages. In addition to sensitive business or personal information, database errors can provide host names, IP addresses, user names, and other system information not required for troubleshooting but very useful to someone targeting the system.

Satisfies: SRG-APP-000267-DB-000163&lt;/VulnDiscussion&gt;&lt;FalsePositives&gt;&lt;/FalsePositives&gt;&lt;FalseNegatives&gt;&lt;/FalseNegatives&gt;&lt;Documentable&gt;false&lt;/Documentable&gt;&lt;Mitigations&gt;&lt;/Mitigations&gt;&lt;SecurityOverrideGuidance&gt;&lt;/SecurityOverrideGuidance&gt;&lt;PotentialImpacts&gt;&lt;/PotentialImpacts&gt;&lt;ThirdPartyTools&gt;&lt;/ThirdPartyTools&gt;&lt;MitigationControl&gt;&lt;/MitigationControl&gt;&lt;Responsibility&gt;&lt;/Responsibility&gt;&lt;IAControls&gt;&lt;/IAControls&gt;</description>
      <ident system="http://cyber.mil/cci">CCI-001312</ident>
      <fixtext fixref="F-PSQL-00-000060_fix">As a database administrator, perform the following at the command prompt:

$ su - postgres -c "/opt/vmware/vpostgres/current/bin/psql -c \"ALTER SYSTEM SET client_min_messages TO 'error';\""

Reload the PostgreSQL service by running the following command:

# systemctl reload postgresql

or

# service postgresql reload</fixtext>
      <check system="N/A">
        <check-content>As a database administrator, perform the following at the command prompt:

$ su - postgres -c "/opt/vmware/vpostgres/current/bin/psql -A -t -c 'SHOW client_min_messages;'"

Expected result:

error

If the output does not match the expected result, this is a finding.</check-content>
      </check>
    </Rule>
  </Group>
  <Group id="V-PSQL-00-000075">
    <title>SRG-APP-000374-DB-000322</title>
    <Rule id="SV-PSQL-00-000075" severity="medium" weight="10.0">
      <version>PSQL-00-000075</version>
      <title>The Cloud Director PostgreSQL database must use UTC for log timestamps.</title>
      <description>&lt;VulnDiscussion&gt;If time stamps are not consistently applied and there is no common time reference, it is difficult to perform forensic analysis.

Time stamps generated by PostgreSQL must include date and time. Time is commonly expressed in Coordinated Universal Time (UTC), a modern continuation of Greenwich Mean Time (GMT), or local time with an offset from UTC.&lt;/VulnDiscussion&gt;&lt;FalsePositives&gt;&lt;/FalsePositives&gt;&lt;FalseNegatives&gt;&lt;/FalseNegatives&gt;&lt;Documentable&gt;false&lt;/Documentable&gt;&lt;Mitigations&gt;&lt;/Mitigations&gt;&lt;SecurityOverrideGuidance&gt;&lt;/SecurityOverrideGuidance&gt;&lt;PotentialImpacts&gt;&lt;/PotentialImpacts&gt;&lt;ThirdPartyTools&gt;&lt;/ThirdPartyTools&gt;&lt;MitigationControl&gt;&lt;/MitigationControl&gt;&lt;Responsibility&gt;&lt;/Responsibility&gt;&lt;IAControls&gt;&lt;/IAControls&gt;</description>
      <ident system="http://cyber.mil/cci">CCI-001890</ident>
      <fixtext fixref="F-PSQL-00-000075_fix">As a database administrator, perform the following at the command prompt:

$ su - postgres -c "/opt/vmware/vpostgres/current/bin/psql -c \"ALTER SYSTEM SET log_timezone TO 'UTC';\""

Reload the PostgreSQL service by running the following command:

# systemctl reload postgresql

or

# service postgresql reload</fixtext>
      <check system="N/A">
        <check-content>As a database administrator, perform the following at the command prompt:

$ su - postgres -c "/opt/vmware/vpostgres/current/bin/psql -A -t -c 'SHOW log_timezone;'"

Expected result:

UTC

If the output does not match the expected result, this is a finding.</check-content>
      </check>
    </Rule>
  </Group>
  <Group id="V-PSQL-00-000001">
    <title>SRG-APP-000001-DB-000031</title>
    <Rule id="SV-PSQL-00-000001" severity="medium" weight="10.0">
      <version>PSQL-00-000001</version>
      <title>The Cloud Director PostgreSQL database must limit the number of concurrent sessions.</title>
      <description>&lt;VulnDiscussion&gt;Database management includes the ability to control the number of users and user sessions utilizing a DBMS. Unlimited concurrent connections to the DBMS could allow a successful Denial of Service (DoS) attack by exhausting connection resources; and a system can also fail or be degraded by an overload of legitimate users. Limiting the number of concurrent sessions per user is helpful in reducing these risks.

This requirement addresses concurrent session control for a single account. It does not address concurrent sessions by a single user via multiple system accounts; and it does not deal with the total number of sessions across all accounts.

The capability to limit the number of concurrent sessions per user must be configured in or added to the DBMS (for example, by use of a logon trigger), when this is technically feasible. Note that it is not sufficient to limit sessions via a web server or application server alone, because legitimate users and adversaries can potentially connect to the DBMS by other means.

The organization will need to define the maximum number of concurrent sessions by account type, by account, or a combination thereof. In deciding on the appropriate number, it is important to consider the work requirements of the various types of users. For example, 2 might be an acceptable limit for general users accessing the database via an application; but 10 might be too few for a database administrator using a database management GUI tool, where each query tab and navigation pane may count as a separate session.

(Sessions may also be referred to as connections or logons, which for the purposes of this requirement are synonyms.)&lt;/VulnDiscussion&gt;&lt;FalsePositives&gt;&lt;/FalsePositives&gt;&lt;FalseNegatives&gt;&lt;/FalseNegatives&gt;&lt;Documentable&gt;false&lt;/Documentable&gt;&lt;Mitigations&gt;&lt;/Mitigations&gt;&lt;SecurityOverrideGuidance&gt;&lt;/SecurityOverrideGuidance&gt;&lt;PotentialImpacts&gt;&lt;/PotentialImpacts&gt;&lt;ThirdPartyTools&gt;&lt;/ThirdPartyTools&gt;&lt;MitigationControl&gt;&lt;/MitigationControl&gt;&lt;Responsibility&gt;&lt;/Responsibility&gt;&lt;IAControls&gt;&lt;/IAControls&gt;</description>
      <ident system="http://cyber.mil/cci">CCI-000054</ident>
      <fixtext fixref="F-PSQL-00-000001_fix">As a database administrator, perform the following at the command prompt:

$ su - postgres -c "/opt/vmware/vpostgres/current/bin/psql -c \"ALTER SYSTEM SET max_connections = '500';\""

Reload the PostgreSQL service by running the following command:

# systemctl reload postgresql

or

# service postgresql reload</fixtext>
      <check system="N/A">
        <check-content>As a database administrator, perform the following at the command prompt:

$ su - postgres -c "/opt/vmware/vpostgres/current/bin/psql -A -t -c 'SHOW max_connections;'"

Example result:

500

If "max_connections" is set to -1 or more connections are configured than documented, this is a finding.</check-content>
      </check>
    </Rule>
  </Group>
  <Group id="V-PSQL-00-000009">
    <title>SRG-APP-000092-DB-000208</title>
    <Rule id="SV-PSQL-00-000009" severity="medium" weight="10.0">
      <version>PSQL-00-000009</version>
      <title>The Cloud Director PostgreSQL database must initiate session auditing upon startup.</title>
      <description>&lt;VulnDiscussion&gt;Session auditing is for use when a user's activities are under investigation. To be sure of capturing all activity during those periods when session auditing is in use, it needs to be in operation for the whole time the DBMS is running.&lt;/VulnDiscussion&gt;&lt;FalsePositives&gt;&lt;/FalsePositives&gt;&lt;FalseNegatives&gt;&lt;/FalseNegatives&gt;&lt;Documentable&gt;false&lt;/Documentable&gt;&lt;Mitigations&gt;&lt;/Mitigations&gt;&lt;SecurityOverrideGuidance&gt;&lt;/SecurityOverrideGuidance&gt;&lt;PotentialImpacts&gt;&lt;/PotentialImpacts&gt;&lt;ThirdPartyTools&gt;&lt;/ThirdPartyTools&gt;&lt;MitigationControl&gt;&lt;/MitigationControl&gt;&lt;Responsibility&gt;&lt;/Responsibility&gt;&lt;IAControls&gt;&lt;/IAControls&gt;</description>
      <ident system="http://cyber.mil/cci">CCI-001464</ident>
      <fixtext fixref="F-PSQL-00-000009_fix">As a database administrator, perform the following at the command prompt:

$ su - postgres -c "/opt/vmware/vpostgres/current/bin/psql -c \"ALTER SYSTEM SET log_destination = 'stderr';\""

Note: There can be more than one option set for log_destination and values should be comma separated.

Reload the PostgreSQL service by running the following command:

# systemctl reload postgresql

or

# service postgresql reload</fixtext>
      <check system="N/A">
        <check-content>As a database administrator, perform the following at the command prompt:

$ su - postgres -c "/opt/vmware/vpostgres/current/bin/psql -c 'SHOW log_destination;'"

Example result:

stderr

If "log_destination" is not set to stderr or syslog, this is a finding.</check-content>
      </check>
    </Rule>
  </Group>
  <Group id="V-PSQL-00-000038">
    <title>SRG-APP-000171-DB-000074</title>
    <Rule id="SV-PSQL-00-000038" severity="high" weight="10.0">
      <version>PSQL-00-000038</version>
      <title>The Cloud Director PostgreSQL database must encrypt passwords for user authentication.</title>
      <description>&lt;VulnDiscussion&gt;The DoD standard for authentication is DoD-approved PKI certificates.

Authentication based on User ID and Password may be used only when it is not possible to employ a PKI certificate, and requires AO approval.

In such cases, database passwords stored in clear text, using reversible encryption, or using unsalted hashes would be vulnerable to unauthorized disclosure. Database passwords must always be in the form of one-way, salted hashes when stored internally or externally to the DBMS.&lt;/VulnDiscussion&gt;&lt;FalsePositives&gt;&lt;/FalsePositives&gt;&lt;FalseNegatives&gt;&lt;/FalseNegatives&gt;&lt;Documentable&gt;false&lt;/Documentable&gt;&lt;Mitigations&gt;&lt;/Mitigations&gt;&lt;SecurityOverrideGuidance&gt;&lt;/SecurityOverrideGuidance&gt;&lt;PotentialImpacts&gt;&lt;/PotentialImpacts&gt;&lt;ThirdPartyTools&gt;&lt;/ThirdPartyTools&gt;&lt;MitigationControl&gt;&lt;/MitigationControl&gt;&lt;Responsibility&gt;&lt;/Responsibility&gt;&lt;IAControls&gt;&lt;/IAControls&gt;</description>
      <ident system="http://cyber.mil/cci">CCI-004062</ident>
      <fixtext fixref="F-PSQL-00-000038_fix">As a database administrator, perform the following at the command prompt:

$ su - postgres -c "/opt/vmware/vpostgres/current/bin/psql -c \"ALTER SYSTEM SET password_encryption TO 'scram-sha-256';\""

Reload the PostgreSQL service by running the following command:

# systemctl reload postgresql

or

# service postgresql reload</fixtext>
      <check system="N/A">
        <check-content>As a database administrator, perform the following at the command prompt:

$ su - postgres -c "/opt/vmware/vpostgres/current/bin/psql -A -t -c 'SHOW password_encryption;'"

Expected result:

scram-sha-256

If the output does not match the expected result, this is a finding.</check-content>
      </check>
    </Rule>
  </Group>
  <Group id="V-PSQL-00-000032">
    <title>SRG-APP-000141-DB-000091</title>
    <Rule id="SV-PSQL-00-000032" severity="medium" weight="10.0">
      <version>PSQL-00-000032</version>
      <title>The Cloud Director PostgreSQL database must not load unused database components, software, and database objects.</title>
      <description>&lt;VulnDiscussion&gt;Information systems are capable of providing a wide variety of functions and services. Some of the functions and services, provided by default, may not be necessary to support essential organizational operations (e.g., key missions, functions).

It is detrimental for software products to provide, or install by default, functionality exceeding requirements or mission objectives. 

DBMSs must adhere to the principles of least functionality by providing only essential capabilities.

Satisfies: SRG-APP-000141-DB-000093&lt;/VulnDiscussion&gt;&lt;FalsePositives&gt;&lt;/FalsePositives&gt;&lt;FalseNegatives&gt;&lt;/FalseNegatives&gt;&lt;Documentable&gt;false&lt;/Documentable&gt;&lt;Mitigations&gt;&lt;/Mitigations&gt;&lt;SecurityOverrideGuidance&gt;&lt;/SecurityOverrideGuidance&gt;&lt;PotentialImpacts&gt;&lt;/PotentialImpacts&gt;&lt;ThirdPartyTools&gt;&lt;/ThirdPartyTools&gt;&lt;MitigationControl&gt;&lt;/MitigationControl&gt;&lt;Responsibility&gt;&lt;/Responsibility&gt;&lt;IAControls&gt;&lt;/IAControls&gt;</description>
      <ident system="http://cyber.mil/cci">CCI-000381</ident>
      <fixtext fixref="F-PSQL-00-000032_fix">As a database administrator, perform the following at the command prompt:

$ su - postgres -c "/opt/vmware/vpostgres/current/bin/psql -c \"DROP EXTENSION &lt;extension name&gt;;\""

Note: It is recommended that plpgsql not be removed.</fixtext>
      <check system="N/A">
        <check-content>As a database administrator, perform the following at the command prompt:

$ su - postgres -c "/opt/vmware/vpostgres/current/bin/psql -c \"select * from pg_extension where extname != 'plpgsql';\""

If any extensions exist that are not approved, this is a finding.</check-content>
      </check>
    </Rule>
  </Group>
  <Group id="V-PSQL-00-000110">
    <title>SRG-APP-000503-DB-000350</title>
    <Rule id="SV-PSQL-00-000110" severity="medium" weight="10.0">
      <version>PSQL-00-000110</version>
      <title>The Cloud Director PostgreSQL database must log all connection attempts.</title>
      <description>&lt;VulnDiscussion&gt;For completeness of forensic analysis, it is necessary to track successful and failed attempts to log on to PostgreSQL. Setting 'log_connections' to 'on' will cause each attempted connection to the server to be logged, as well as successful completion of client authentication.

Satisfies: SRG-APP-000503-DB-000351, SRG-APP-000506-DB-000353, SRG-APP-000508-DB-000358&lt;/VulnDiscussion&gt;&lt;FalsePositives&gt;&lt;/FalsePositives&gt;&lt;FalseNegatives&gt;&lt;/FalseNegatives&gt;&lt;Documentable&gt;false&lt;/Documentable&gt;&lt;Mitigations&gt;&lt;/Mitigations&gt;&lt;SecurityOverrideGuidance&gt;&lt;/SecurityOverrideGuidance&gt;&lt;PotentialImpacts&gt;&lt;/PotentialImpacts&gt;&lt;ThirdPartyTools&gt;&lt;/ThirdPartyTools&gt;&lt;MitigationControl&gt;&lt;/MitigationControl&gt;&lt;Responsibility&gt;&lt;/Responsibility&gt;&lt;IAControls&gt;&lt;/IAControls&gt;</description>
      <ident system="http://cyber.mil/cci">CCI-000172</ident>
      <fixtext fixref="F-PSQL-00-000110_fix">As a database administrator, perform the following at the command prompt:

$ su - postgres -c "/opt/vmware/vpostgres/current/bin/psql -c \"ALTER SYSTEM SET log_connections TO 'on';\""

Reload the PostgreSQL service by running the following command:

# systemctl reload postgresql

or

# service postgresql reload</fixtext>
      <check system="N/A">
        <check-content>As a database administrator, perform the following at the command prompt:

$ su - postgres -c "/opt/vmware/vpostgres/current/bin/psql -A -t -c 'SHOW log_connections;'"

Expected result:

on

If the output does not match the expected result, this is a finding.</check-content>
      </check>
    </Rule>
  </Group>
  <Group id="V-PSQL-00-000070">
    <title>SRG-APP-000356-DB-000314</title>
    <Rule id="SV-PSQL-00-000070" severity="medium" weight="10.0">
      <version>PSQL-00-000070</version>
      <title>The Cloud Director PostgreSQL database must have log collection enabled.</title>
      <description>&lt;VulnDiscussion&gt;Without the ability to centrally manage the content captured in the audit records, identification, troubleshooting, and correlation of suspicious behavior would be difficult and could lead to a delayed or incomplete analysis of an ongoing attack.

The content captured in audit records must be managed from a central location (necessitating automation). Centralized management of audit records and logs provides for efficiency in maintenance and management of records, as well as the backup and archiving of those records. 

Satisfies: SRG-APP-000381-DB-000361&lt;/VulnDiscussion&gt;&lt;FalsePositives&gt;&lt;/FalsePositives&gt;&lt;FalseNegatives&gt;&lt;/FalseNegatives&gt;&lt;Documentable&gt;false&lt;/Documentable&gt;&lt;Mitigations&gt;&lt;/Mitigations&gt;&lt;SecurityOverrideGuidance&gt;&lt;/SecurityOverrideGuidance&gt;&lt;PotentialImpacts&gt;&lt;/PotentialImpacts&gt;&lt;ThirdPartyTools&gt;&lt;/ThirdPartyTools&gt;&lt;MitigationControl&gt;&lt;/MitigationControl&gt;&lt;Responsibility&gt;&lt;/Responsibility&gt;&lt;IAControls&gt;&lt;/IAControls&gt;</description>
      <ident system="http://cyber.mil/cci">CCI-001844</ident>
      <fixtext fixref="F-PSQL-00-000070_fix">As a database administrator, perform the following at the command prompt:

$ su - postgres -c "/opt/vmware/vpostgres/current/bin/psql c \"ALTER SYSTEM SET logging_collector TO 'on';\""

Reload the PostgreSQL service by running the following command:

# systemctl reload postgresql

or

# service postgresql reload</fixtext>
      <check system="N/A">
        <check-content>As a database administrator, perform the following at the command prompt:

$ su - postgres -c "/opt/vmware/vpostgres/current/bin/psql -A -t -c 'SHOW logging_collector;'"

Expected result:

on

If the output does not match the expected result, this is a finding.</check-content>
      </check>
    </Rule>
  </Group>
  <Group id="V-PSQL-00-000114">
    <title>SRG-APP-000505-DB-000352</title>
    <Rule id="SV-PSQL-00-000114" severity="medium" weight="10.0">
      <version>PSQL-00-000114</version>
      <title>The Cloud Director PostgreSQL database must log all client disconnections.</title>
      <description>&lt;VulnDiscussion&gt;Disconnection may be initiated by the user or forced by the system (as in a timeout) or result from a system or network failure. To the greatest extent possible, all disconnections must be logged.

For completeness of forensic analysis, it is necessary to know how long a user's (or other principal's) connection to PostgreSQL lasts. This can be achieved by recording disconnections, in addition to logons/connections, in the audit logs. &lt;/VulnDiscussion&gt;&lt;FalsePositives&gt;&lt;/FalsePositives&gt;&lt;FalseNegatives&gt;&lt;/FalseNegatives&gt;&lt;Documentable&gt;false&lt;/Documentable&gt;&lt;Mitigations&gt;&lt;/Mitigations&gt;&lt;SecurityOverrideGuidance&gt;&lt;/SecurityOverrideGuidance&gt;&lt;PotentialImpacts&gt;&lt;/PotentialImpacts&gt;&lt;ThirdPartyTools&gt;&lt;/ThirdPartyTools&gt;&lt;MitigationControl&gt;&lt;/MitigationControl&gt;&lt;Responsibility&gt;&lt;/Responsibility&gt;&lt;IAControls&gt;&lt;/IAControls&gt;</description>
      <ident system="http://cyber.mil/cci">CCI-000172</ident>
      <fixtext fixref="F-PSQL-00-000114_fix">As a database administrator, perform the following at the command prompt:

$ su - postgres -c "/opt/vmware/vpostgres/current/bin/psql -c \"ALTER SYSTEM SET log_disconnections TO 'on';\""

Reload the PostgreSQL service by running the following command:

# systemctl reload postgresql

or

# service postgresql reload</fixtext>
      <check system="N/A">
        <check-content>As a database administrator, perform the following at the command prompt:

$ su - postgres -c "/opt/vmware/vpostgres/current/bin/psql -A -t -c 'SHOW log_disconnections;'"

Expected result:

on

If the output does not match the expected result, this is a finding.</check-content>
      </check>
    </Rule>
  </Group>
</Benchmark>
