<?xml version="1.0" encoding="UTF-8"?><?xml-stylesheet type="text/xsl" href="STIG_unclass.xsl"?>
<Benchmark xmlns:dc="http://purl.org/dc/elements/1.1/" xmlns:xsi="http://www.w3.org/2001/XMLSchema-instance" xmlns:cpe="http://cpe.mitre.org/language/2.0" xmlns:xhtml="http://www.w3.org/1999/xhtml" xmlns:dsig="http://www.w3.org/2000/09/xmldsig#" xsi:schemaLocation="http://checklists.nist.gov/xccdf/1.1 http://nvd.nist.gov/schema/xccdf-1.1.4.xsdhttp://cpe.mitre.org/dictionary/2.0 http://cpe.mitre.org/files/cpe-dictionary_2.1.xsd" id="VCD Application" xml:lang="en" xmlns="http://checklists.nist.gov/xccdf/1.1">
  <status date="2025-10-01">draft</status>
  <title>VMware Cloud Director 10.6 Application STIG Readiness Guide</title>
  <description>VMware Cloud Director 10.6 Application STIG Readiness Guide</description>
  <notice id="terms-of-use" xml:lang="en"/>
  <front-matter xml:lang="en"/>
  <rear-matter xml:lang="en"/>
  <reference href="">
    <dc:publisher/>
    <dc:source/>
  </reference>
  <plain-text id="release-info">Release: 2 Benchmark Date: 1 Oct 2025</plain-text>
  <plain-text id="generator">3.2.2.36079</plain-text>
  <plain-text id="conventionsVersion">1.10.0</plain-text>
  <version>1</version>
  <Group id="V-CDAP-10-000128">
    <title>SRG-APP-000516-AS-000237</title>
    <Rule id="SV-CDAP-10-000128" severity="medium" weight="10.0">
      <version>CDAP-10-000128</version>
      <title>Cloud Director must enable FIPS mode for NSX Edge Gateways.</title>
      <description>&lt;VulnDiscussion&gt;Cryptography is only as strong as the encryption modules/algorithms employed to encrypt the data. Use of weak or untested encryption algorithms undermines the purposes of utilizing encryption to protect data.

NSX-v edge gateways support enabling FIPS mode on deployment. When you enable FIPS mode, any secure communication to or from the NSX-v edge uses cryptographic algorithms or protocols that are allowed by FIPS.&lt;/VulnDiscussion&gt;&lt;FalsePositives&gt;&lt;/FalsePositives&gt;&lt;FalseNegatives&gt;&lt;/FalseNegatives&gt;&lt;Documentable&gt;false&lt;/Documentable&gt;&lt;Mitigations&gt;&lt;/Mitigations&gt;&lt;SecurityOverrideGuidance&gt;&lt;/SecurityOverrideGuidance&gt;&lt;PotentialImpacts&gt;&lt;/PotentialImpacts&gt;&lt;ThirdPartyTools&gt;&lt;/ThirdPartyTools&gt;&lt;MitigationControl&gt;&lt;/MitigationControl&gt;&lt;Responsibility&gt;&lt;/Responsibility&gt;&lt;IAControls&gt;&lt;/IAControls&gt;</description>
      <ident system="http://cyber.mil/cci">CCI-000366</ident>
      <fixtext fixref="F-CDAP-10-000128_fix">From the Cloud Director provider interface, go to Administration &gt;&gt; Settings &gt;&gt; General &gt;&gt; Networking.

Click Edit.

Enable the radio button next to "Allow FIPS mode" and click Save.</fixtext>
      <check system="N/A">
        <check-content>If NSX-v is not being used as a network provider for Cloud Director, this is Not Applicable.

From the Cloud Director provider interface, go to Administration &gt;&gt; Settings &gt;&gt; General &gt;&gt; Networking.

View the "FIPS Mode for Edge Gateways" setting.

If "FIPS Mode for Edge Gateways" is not enabled, this is a finding.</check-content>
      </check>
    </Rule>
  </Group>
  <Group id="V-CDAP-10-000129">
    <title>SRG-APP-000516-AS-000237</title>
    <Rule id="SV-CDAP-10-000129" severity="medium" weight="10.0">
      <version>CDAP-10-000129</version>
      <title>Cloud Director must enable hostname certificate verification for vCenter connections.</title>
      <description>&lt;VulnDiscussion&gt;VMware Cloud Director always verifies the certificates for vCenter by default. When enabled, this setting adds an additional step to verify the host names in the vCenter Server certificates.&lt;/VulnDiscussion&gt;&lt;FalsePositives&gt;&lt;/FalsePositives&gt;&lt;FalseNegatives&gt;&lt;/FalseNegatives&gt;&lt;Documentable&gt;false&lt;/Documentable&gt;&lt;Mitigations&gt;&lt;/Mitigations&gt;&lt;SecurityOverrideGuidance&gt;&lt;/SecurityOverrideGuidance&gt;&lt;PotentialImpacts&gt;&lt;/PotentialImpacts&gt;&lt;ThirdPartyTools&gt;&lt;/ThirdPartyTools&gt;&lt;MitigationControl&gt;&lt;/MitigationControl&gt;&lt;Responsibility&gt;&lt;/Responsibility&gt;&lt;IAControls&gt;&lt;/IAControls&gt;</description>
      <ident system="http://cyber.mil/cci">CCI-000366</ident>
      <fixtext fixref="F-CDAP-10-000129_fix">From the Cloud Director provider interface, go to Administration &gt;&gt; Settings &gt;&gt; General &gt;&gt; Certificates.

Click Edit.

Enable the radio button next to "Use hostname verification for vCenter Server and vSphere Certificates" and click Save.</fixtext>
      <check system="N/A">
        <check-content>From the Cloud Director provider interface, go to Administration &gt;&gt; Settings &gt;&gt; General &gt;&gt; Certificates.

View the "Use hostname verification for vCenter Server and vSphere Certificates" setting.

If "Use hostname verification for vCenter Server and vSphere Certificates" is not enabled, this is a finding.</check-content>
      </check>
    </Rule>
  </Group>
  <Group id="V-CDAP-10-000070">
    <title>SRG-APP-000295-AS-000263</title>
    <Rule id="SV-CDAP-10-000070" severity="medium" weight="10.0">
      <version>CDAP-10-000070</version>
      <title>Cloud Director must automatically terminate an idle user session after 15 minutes.</title>
      <description>&lt;VulnDiscussion&gt;An attacker can take advantage of user sessions that are left open, thus bypassing the user authentication process.

To thwart the vulnerability of open and unused user sessions, the application server must be configured to close the sessions when a configured condition or trigger event is met.

Session termination terminates all processes associated with a user's logical session except those processes that are specifically created by the user (i.e., session owner) to continue after the session is terminated.

Conditions or trigger events requiring automatic session termination can include, for example, periods of user inactivity, targeted responses to certain types of incidents, and time-of-day restrictions on information system use.&lt;/VulnDiscussion&gt;&lt;FalsePositives&gt;&lt;/FalsePositives&gt;&lt;FalseNegatives&gt;&lt;/FalseNegatives&gt;&lt;Documentable&gt;false&lt;/Documentable&gt;&lt;Mitigations&gt;&lt;/Mitigations&gt;&lt;SecurityOverrideGuidance&gt;&lt;/SecurityOverrideGuidance&gt;&lt;PotentialImpacts&gt;&lt;/PotentialImpacts&gt;&lt;ThirdPartyTools&gt;&lt;/ThirdPartyTools&gt;&lt;MitigationControl&gt;&lt;/MitigationControl&gt;&lt;Responsibility&gt;&lt;/Responsibility&gt;&lt;IAControls&gt;&lt;/IAControls&gt;</description>
      <ident system="http://cyber.mil/cci">CCI-002361</ident>
      <fixtext fixref="F-CDAP-10-000070_fix">From the Cloud Director provider interface, go to Administration &gt;&gt; Settings &gt;&gt; General &gt;&gt; Timeouts.

Click Edit.

Enter 15 on the "Idle session timeout" line then click Save.</fixtext>
      <check system="N/A">
        <check-content>From the Cloud Director provider interface, go to Administration &gt;&gt; Settings &gt;&gt; General &gt;&gt; Timeouts.

Review the Idle session timeout value.

If the "Idle session timeout" is not set to 15 minutes or less, this is a finding.</check-content>
      </check>
    </Rule>
  </Group>
  <Group id="V-CDAP-10-000003">
    <title>SRG-APP-000015-AS-000010</title>
    <Rule id="SV-CDAP-10-000003" severity="medium" weight="10.0">
      <version>CDAP-10-000003</version>
      <title>VMware Cloud Director must implement FIPS 140-2 approved TLS versions.</title>
      <description>&lt;VulnDiscussion&gt;Encryption is critical for protection of remote access sessions. If encryption is not being used for integrity, malicious users may gain the ability to modify the application server configuration. The use of cryptography for ensuring integrity of remote access sessions mitigates that risk.

Application servers utilize a web management interface and scripted commands when allowing remote access. Web access requires the use of TLS and scripted access requires using ssh or some other form of approved cryptography. Application servers must have a capability to enable a secure remote admin capability.

FIPS 140-2 approved TLS versions must be enabled and non-FIPS-approved SSL versions must be disabled.

NIST SP 800-52 specifies the preferred configurations for government systems.

Satisfies: SRG-APP-000441-AS-000258, SRG-APP-000440-AS-000167, SRG-APP-000442-AS-000259, SRG-APP-000439-AS-000155&lt;/VulnDiscussion&gt;&lt;FalsePositives&gt;&lt;/FalsePositives&gt;&lt;FalseNegatives&gt;&lt;/FalseNegatives&gt;&lt;Documentable&gt;false&lt;/Documentable&gt;&lt;Mitigations&gt;&lt;/Mitigations&gt;&lt;SecurityOverrideGuidance&gt;&lt;/SecurityOverrideGuidance&gt;&lt;PotentialImpacts&gt;&lt;/PotentialImpacts&gt;&lt;ThirdPartyTools&gt;&lt;/ThirdPartyTools&gt;&lt;MitigationControl&gt;&lt;/MitigationControl&gt;&lt;Responsibility&gt;&lt;/Responsibility&gt;&lt;IAControls&gt;&lt;/IAControls&gt;</description>
      <ident system="http://cyber.mil/cci">CCI-001453</ident>
      <fixtext fixref="F-CDAP-10-000003_fix">At the command prompt, execute the following command:

# /opt/vmware/vcloud-director/bin/cell-management-tool ssl-protocols -d "TLSv1,TLSv1.1"</fixtext>
      <check system="N/A">
        <check-content>Verify TLS 1.2 or TLS 1.3 are the only protocols in use by running the following command on each appliance:

# /opt/vmware/vcloud-director/bin/cell-management-tool ssl-protocols -l

Example output:

Allowed SSL protocols:
* TLSv1.3
* TLSv1.2

If any protocol is enabled other than TLSv1.2 or TLSv1.3, this is a finding.</check-content>
      </check>
    </Rule>
  </Group>
  <Group id="V-CDAP-10-000036">
    <title>SRG-APP-000141-AS-000095</title>
    <Rule id="SV-CDAP-10-000036" severity="medium" weight="10.0">
      <version>CDAP-10-000036</version>
      <title>VMware Cloud Director must disable SNMP if not used.</title>
      <description>&lt;VulnDiscussion&gt;Application servers provide a myriad of differing processes, features and functionalities. Some of these processes may be deemed to be unnecessary or too unsecure to run on a production DoD system. Application servers must provide the capability to disable or deactivate functionality and services that are deemed to be non-essential to the server mission or can adversely impact server performance, for example, disabling dynamic JSP reloading on production application servers as a best practice.&lt;/VulnDiscussion&gt;&lt;FalsePositives&gt;&lt;/FalsePositives&gt;&lt;FalseNegatives&gt;&lt;/FalseNegatives&gt;&lt;Documentable&gt;false&lt;/Documentable&gt;&lt;Mitigations&gt;&lt;/Mitigations&gt;&lt;SecurityOverrideGuidance&gt;&lt;/SecurityOverrideGuidance&gt;&lt;PotentialImpacts&gt;&lt;/PotentialImpacts&gt;&lt;ThirdPartyTools&gt;&lt;/ThirdPartyTools&gt;&lt;MitigationControl&gt;&lt;/MitigationControl&gt;&lt;Responsibility&gt;&lt;/Responsibility&gt;&lt;IAControls&gt;&lt;/IAControls&gt;</description>
      <ident system="http://cyber.mil/cci">CCI-000381</ident>
      <fixtext fixref="F-CDAP-10-000036_fix">At the command prompt, execute the following command to disable SNMP:

# vicfg-snmp --disable

If V1/V2c is configured migrate the configuration to V3 if SNMP is needed.</fixtext>
      <check system="N/A">
        <check-content>Verify SNMP is disabled by running the following command on each appliance:

# vicfg-snmp --show

Example output:

Current SNMP agent setting
Enabled                 : false
UDP port                : 161
V1/V2c Communities      :
V2c Notification targets :
Notification filter oids:
V3 Notification targets :
V3 Users                :
Contact                 :
Location                :
Engine ID               :
Auth Protocol           : usmNoAuthProtocol
Priv Protocol           : usmNoPrivProtocol
Log level               : warning
Process ID              : n/a
Large Storage Support   : False
Simple Application Names: True

If SNMP is enabled and not in use, this is a finding.

If SNMP is enabled and configured to use V1 or V2c, this is a finding.</check-content>
      </check>
    </Rule>
  </Group>
  <Group id="V-CDAP-10-000130">
    <title>SRG-APP-000516-AS-000237</title>
    <Rule id="SV-CDAP-10-000130" severity="medium" weight="10.0">
      <version>CDAP-10-000130</version>
      <title>Cloud Director must enable account lockout for unsuccessful login attempts.</title>
      <description>&lt;VulnDiscussion&gt;By limiting the number of failed login attempts, the risk of unauthorized system access via user password guessing, otherwise known as brute forcing, is reduced. Limits are imposed by locking the account.&lt;/VulnDiscussion&gt;&lt;FalsePositives&gt;&lt;/FalsePositives&gt;&lt;FalseNegatives&gt;&lt;/FalseNegatives&gt;&lt;Documentable&gt;false&lt;/Documentable&gt;&lt;Mitigations&gt;&lt;/Mitigations&gt;&lt;SecurityOverrideGuidance&gt;&lt;/SecurityOverrideGuidance&gt;&lt;PotentialImpacts&gt;&lt;/PotentialImpacts&gt;&lt;ThirdPartyTools&gt;&lt;/ThirdPartyTools&gt;&lt;MitigationControl&gt;&lt;/MitigationControl&gt;&lt;Responsibility&gt;&lt;/Responsibility&gt;&lt;IAControls&gt;&lt;/IAControls&gt;</description>
      <ident system="http://cyber.mil/cci">CCI-000366</ident>
      <fixtext fixref="F-CDAP-10-000130_fix">From the Cloud Director provider interface, go to Administration &gt;&gt; Settings &gt;&gt; Password Policy.

Click Edit.

Enable the radio button next to "Account Logout"

Configure the "Invalid logins before lockout" setting to 3.

Configure the "Account lockout interval" to 15 minutes or less.</fixtext>
      <check system="N/A">
        <check-content>From the Cloud Director provider interface, go to Administration &gt;&gt; Settings &gt;&gt; Password Policy.

View the "Account Lockout" policy.

If "Account Lockout" is not enabled, this is a finding.

If "Invalid logins before lockout" is not set to 3 or less, this is a finding.

If "Account lockout interval" is not 15 minutes or less, this is a finding.</check-content>
      </check>
    </Rule>
  </Group>
  <Group id="V-CDAP-10-000133">
    <title>SRG-APP-000516-AS-000237</title>
    <Rule id="SV-CDAP-10-000133" severity="medium" weight="10.0">
      <version>CDAP-10-000133</version>
      <title>Cloud Director must disable alpha features.</title>
      <description>&lt;VulnDiscussion&gt;Cloud Director can ship with alpha features that are still under development but in a state where some customers may find them useful. If not used these features should be disabled to reduce attack surface and risk that may be present in features not considered production ready.&lt;/VulnDiscussion&gt;&lt;FalsePositives&gt;&lt;/FalsePositives&gt;&lt;FalseNegatives&gt;&lt;/FalseNegatives&gt;&lt;Documentable&gt;false&lt;/Documentable&gt;&lt;Mitigations&gt;&lt;/Mitigations&gt;&lt;SecurityOverrideGuidance&gt;&lt;/SecurityOverrideGuidance&gt;&lt;PotentialImpacts&gt;&lt;/PotentialImpacts&gt;&lt;ThirdPartyTools&gt;&lt;/ThirdPartyTools&gt;&lt;MitigationControl&gt;&lt;/MitigationControl&gt;&lt;Responsibility&gt;&lt;/Responsibility&gt;&lt;IAControls&gt;&lt;/IAControls&gt;</description>
      <ident system="http://cyber.mil/cci">CCI-000366</ident>
      <fixtext fixref="F-CDAP-10-000133_fix">From the Cloud Director provider interface, go to Administration &gt;&gt; Settings &gt;&gt; Feature Flags.

Select the target feature flag and click Disable.</fixtext>
      <check system="N/A">
        <check-content>From the Cloud Director provider interface, go to Administration &gt;&gt; Settings &gt;&gt; Feature Flags.

Review the available feature flags and their state.

If any feature flags are enabled and no actively used, this is a finding.</check-content>
      </check>
    </Rule>
  </Group>
  <Group id="V-CDAP-10-000084">
    <title>SRG-APP-000371-AS-000077</title>
    <Rule id="SV-CDAP-10-000084" severity="medium" weight="10.0">
      <version>CDAP-10-000084</version>
      <title>Cloud Director must compare internal application server clocks at least every 24 hours with an authoritative time source.</title>
      <description>&lt;VulnDiscussion&gt;Determining the correct time a particular application event occurred on a system is critical when conducting forensic analysis and investigating system events.

Synchronization of system clocks is needed in order to correctly correlate the timing of events that occur across multiple systems. To meet this requirement, the organization will define an authoritative time source and have each system compare its internal clock at least every 24 hours.

Satisfies: SRG-APP-000920-AS-000320, SRG-APP-000372-AS-000212&lt;/VulnDiscussion&gt;&lt;FalsePositives&gt;&lt;/FalsePositives&gt;&lt;FalseNegatives&gt;&lt;/FalseNegatives&gt;&lt;Documentable&gt;false&lt;/Documentable&gt;&lt;Mitigations&gt;&lt;/Mitigations&gt;&lt;SecurityOverrideGuidance&gt;&lt;/SecurityOverrideGuidance&gt;&lt;PotentialImpacts&gt;&lt;/PotentialImpacts&gt;&lt;ThirdPartyTools&gt;&lt;/ThirdPartyTools&gt;&lt;MitigationControl&gt;&lt;/MitigationControl&gt;&lt;Responsibility&gt;&lt;/Responsibility&gt;&lt;IAControls&gt;&lt;/IAControls&gt;</description>
      <ident system="http://cyber.mil/cci">CCI-004923</ident>
      <fixtext fixref="F-CDAP-10-000084_fix">Navigate to and open:

/etc/systemd/timesyncd.conf

Add or update the NTP entry with the correct time server(s), for example:

NTP=tick.usno.navy.mil

Restart the systemd-timesyncd service by running the following command:

# systemctl restart systemd-timesyncd.service

To enable and start the systemd-timesyncd service, run the following commands:

# systemctl enable systemd-timesyncd.service
# systemctl start systemd-timesyncd.service</fixtext>
      <check system="N/A">
        <check-content>Verify the NTP configuration by running the following commands on each appliance:

# systemctl status systemd-timesyncd.service

If the systemd-timesyncd service is not enabled and running, this is a finding.

# grep ^NTP /etc/systemd/timesyncd.conf

Example output:

NTP=tick.usno.navy.mil

If no NTP servers are configured or the configured NTP servers are not an authoritative time source, this is a finding.</check-content>
      </check>
    </Rule>
  </Group>
  <Group id="V-CDAP-10-000048">
    <title>SRG-APP-000176-AS-000125</title>
    <Rule id="SV-CDAP-10-000048" severity="medium" weight="10.0">
      <version>CDAP-10-000048</version>
      <title>Cloud Director must restrict access to the web servers private key.</title>
      <description>&lt;VulnDiscussion&gt;The cornerstone of the PKI is the private key used to encrypt or digitally sign information. 

If the private key is stolen, this will lead to the compromise of the authentication and non-repudiation gained through PKI because the attacker can use the private key to digitally sign documents and can pretend to be the authorized user. 

Both the holders of a digital certificate and the issuing authority must protect the computers, storage devices, or whatever they use to keep the private keys. Java-based application servers utilize the Java keystore, which provides storage for cryptographic keys and certificates. The keystore is usually maintained in a file stored on the file system.&lt;/VulnDiscussion&gt;&lt;FalsePositives&gt;&lt;/FalsePositives&gt;&lt;FalseNegatives&gt;&lt;/FalseNegatives&gt;&lt;Documentable&gt;false&lt;/Documentable&gt;&lt;Mitigations&gt;&lt;/Mitigations&gt;&lt;SecurityOverrideGuidance&gt;&lt;/SecurityOverrideGuidance&gt;&lt;PotentialImpacts&gt;&lt;/PotentialImpacts&gt;&lt;ThirdPartyTools&gt;&lt;/ThirdPartyTools&gt;&lt;MitigationControl&gt;&lt;/MitigationControl&gt;&lt;Responsibility&gt;&lt;/Responsibility&gt;&lt;IAControls&gt;&lt;/IAControls&gt;</description>
      <ident system="http://cyber.mil/cci">CCI-000186</ident>
      <fixtext fixref="F-CDAP-10-000048_fix">To correct permissions on files under /opt/vmware/vcloud-director/etc run the following commands:

# chmod 600 &lt;file&gt;
# chown vcloud:vcloud &lt;file&gt;


To correct permissions on files under /opt/vmware/appliance/etc/ssl run the following commands:

# chmod 600 &lt;file&gt;
# chown root:users &lt;file&gt;</fixtext>
      <check system="N/A">
        <check-content>Cloud Director stores key information for services in multiple locations and files which all must have their permissions checked.

Verify key file permissions by running the following commands on each appliance:

# find /opt/vmware/vcloud-director/etc/*.key -type f -a '(' -not -perm 0600 -o -not -user vcloud -o -not -group vcloud ')' -exec ls -ls {} \;
# find /opt/vmware/appliance/etc/ssl/*.key -type f -a '(' -not -perm 0640 -o -not -user root -o -not -group users ')' -exec ls -ls {} \;

If any results are returned, this is a finding.

Verify properties file by running the following commands on each appliance:

stat -c "%n permissions are %a and ownership is %U:%G" /opt/vmware/vcloud-director/etc/global.properties
stat -c "%n permissions are %a and ownership is %U:%G" /opt/vmware/vcloud-director/etc/responses.properties

Expected result:

/opt/vmware/vcloud-director/etc/global.properties permissions are 600 and ownership is vcloud:vcloud
/opt/vmware/vcloud-director/etc/responses.properties permissions are 640 and ownership is vcloud:vcloud

If the output does not match the expected result, this is a finding.</check-content>
      </check>
    </Rule>
  </Group>
  <Group id="V-CDAP-10-000127">
    <title>SRG-APP-000514-AS-000137</title>
    <Rule id="SV-CDAP-10-000127" severity="medium" weight="10.0">
      <version>CDAP-10-000127</version>
      <title>Cloud Director must use DoD-approved certificates for the appliance management interface.</title>
      <description>&lt;VulnDiscussion&gt;Class 3 PKI certificates are used for servers and software signing rather than for identifying individuals. Class 4 certificates are used for business-to-business transactions. Utilizing unapproved certificates not issued or approved by DoD or CNS creates an integrity risk. The application server must utilize approved DoD or CNS Class 3 or Class 4 certificates for software signing and business-to-business transactions.

By default, the embedded PostgreSQL database and the VMware Cloud Director appliance management user interface share a set of self-signed SSL certificates. For increased security, you can replace the default self-signed certificates with certificate authority (CA) signed certificates.&lt;/VulnDiscussion&gt;&lt;FalsePositives&gt;&lt;/FalsePositives&gt;&lt;FalseNegatives&gt;&lt;/FalseNegatives&gt;&lt;Documentable&gt;false&lt;/Documentable&gt;&lt;Mitigations&gt;&lt;/Mitigations&gt;&lt;SecurityOverrideGuidance&gt;&lt;/SecurityOverrideGuidance&gt;&lt;PotentialImpacts&gt;&lt;/PotentialImpacts&gt;&lt;ThirdPartyTools&gt;&lt;/ThirdPartyTools&gt;&lt;MitigationControl&gt;&lt;/MitigationControl&gt;&lt;Responsibility&gt;&lt;/Responsibility&gt;&lt;IAControls&gt;&lt;/IAControls&gt;</description>
      <ident system="http://cyber.mil/cci">CCI-002450</ident>
      <fixtext fixref="F-CDAP-10-000127_fix">Send the certificate signing request which is located at /opt/vmware/appliance/etc/ssl/vcd_ova.csr to the appropriate DoD certificate authority for signing.

Copy the new PEM formatted certificate to the cloud director appliance and replace the existing certificate /opt/vmware/appliance/etc/ssl/vcd_ova.crt.

If you are replacing the certificate for the primary database, place all other nodes into maintenance mode to prevent the possibility of data loss.

To apply the new certificate, run the following command(s):

# systemctl restart nginx.service &amp;&amp; systemctl restart vcd_ova_ui.service
# systemctl restart vpostgres.service

If you are replacing the certificate for the primary database, take all other nodes out of maintenance mode.

Note: The new certificate is imported to the VMware Cloud Director truststore on other VMware Cloud Director cells the next time the appliance-sync function runs. The operation might take up to 60 seconds.</fixtext>
      <check system="N/A">
        <check-content>Navigate to the Cloud Director appliance management web interface.

Inspect the site certificate through the browser.

If the "Issuer" of the server certificate is not a DoD certificate authority, this is a finding.</check-content>
      </check>
    </Rule>
  </Group>
  <Group id="V-CDAP-10-000125">
    <title>SRG-APP-000141-AS-000095</title>
    <Rule id="SV-CDAP-10-000125" severity="medium" weight="10.0">
      <version>CDAP-10-000125</version>
      <title>Cloud Director must disable or remove plugins that are not used.</title>
      <description>&lt;VulnDiscussion&gt;Application servers provide a myriad of differing processes, features and functionalities. Some of these processes may be deemed to be unnecessary or too unsecure to run on a production DoD system. Application servers must provide the capability to disable or deactivate functionality and services that are deemed to be non-essential to the server mission or can adversely impact server performance, for example Cloud Director functionality can be extended with plugins that should be disabled if not used.&lt;/VulnDiscussion&gt;&lt;FalsePositives&gt;&lt;/FalsePositives&gt;&lt;FalseNegatives&gt;&lt;/FalseNegatives&gt;&lt;Documentable&gt;false&lt;/Documentable&gt;&lt;Mitigations&gt;&lt;/Mitigations&gt;&lt;SecurityOverrideGuidance&gt;&lt;/SecurityOverrideGuidance&gt;&lt;PotentialImpacts&gt;&lt;/PotentialImpacts&gt;&lt;ThirdPartyTools&gt;&lt;/ThirdPartyTools&gt;&lt;MitigationControl&gt;&lt;/MitigationControl&gt;&lt;Responsibility&gt;&lt;/Responsibility&gt;&lt;IAControls&gt;&lt;/IAControls&gt;</description>
      <ident system="http://cyber.mil/cci">CCI-000381</ident>
      <fixtext fixref="F-CDAP-10-000125_fix">From the Cloud Director provider interface, go to More &gt;&gt; Customize Portal.

Select the plugin(s) that are not used then click Disable or Delete.

Note: For 3rd party (non-VMware) or custom plugins it is recommended to delete them if not in use.</fixtext>
      <check system="N/A">
        <check-content>From the Cloud Director provider interface, go to More &gt;&gt; Customize Portal.

Review the list of plugins and determine which are not in use.

If any plugins are not in use and are enabled, this is a finding.</check-content>
      </check>
    </Rule>
  </Group>
  <Group id="V-CDAP-10-000131">
    <title>SRG-APP-000516-AS-000237</title>
    <Rule id="SV-CDAP-10-000131" severity="medium" weight="10.0">
      <version>CDAP-10-000131</version>
      <title>Cloud Director must enable SSL for AMQP connections.</title>
      <description>&lt;VulnDiscussion&gt;If you want VMware Cloud Director to send AMQP messages triggered by certain events, you must configure an AMQP broker. You can use the AMQP messages to automate the handling of an underlying user request. By default, the VMware Cloud Director AMQP service sends unencrypted messages. If used the AMQP service must be to encrypt these messages by using SSL.&lt;/VulnDiscussion&gt;&lt;FalsePositives&gt;&lt;/FalsePositives&gt;&lt;FalseNegatives&gt;&lt;/FalseNegatives&gt;&lt;Documentable&gt;false&lt;/Documentable&gt;&lt;Mitigations&gt;&lt;/Mitigations&gt;&lt;SecurityOverrideGuidance&gt;&lt;/SecurityOverrideGuidance&gt;&lt;PotentialImpacts&gt;&lt;/PotentialImpacts&gt;&lt;ThirdPartyTools&gt;&lt;/ThirdPartyTools&gt;&lt;MitigationControl&gt;&lt;/MitigationControl&gt;&lt;Responsibility&gt;&lt;/Responsibility&gt;&lt;IAControls&gt;&lt;/IAControls&gt;</description>
      <ident system="http://cyber.mil/cci">CCI-000366</ident>
      <fixtext fixref="F-CDAP-10-000131_fix">The AMQP broker certificate must be trusted to establish an SSL connection and can be done by going to Administration &gt;&gt; Certificate Management &gt;&gt; Trusted Certificates.

Click Test Remote Connection.

Enter the URL for the AMQP server and select HTTPS as the verification algorithm and click Connect.

Review the presented certificate information and click Trust if it is correct.

From the Cloud Director provider interface, go to Administration &gt;&gt; Settings &gt;&gt; Extensibility.

Under AMQP Broker click Edit.

Enable the radio button next to "Use SSL" and click Save.</fixtext>
      <check system="N/A">
        <check-content>If an AMQP broker is not configured, this is Not Applicable.

From the Cloud Director provider interface, go to Administration &gt;&gt; Settings &gt;&gt; Extensibility.

View the "AMQP Broker" configuration.

If "Use SSL" is not enabled, this is a finding.</check-content>
      </check>
    </Rule>
  </Group>
  <Group id="V-CDAP-10-000135">
    <title>SRG-APP-000516-AS-000237</title>
    <Rule id="SV-CDAP-10-000135" severity="medium" weight="10.0">
      <version>CDAP-10-000135</version>
      <title>Cloud Director must enable host header verification.</title>
      <description>&lt;VulnDiscussion&gt;HTTP response splitting occurs when:

Data enters a web application through an untrusted source, most frequently an HTTP request or the data is included in an HTTP response header sent to a web user without being validated for malicious characters.

HTTP response splitting is a means to an end, not an end in itself. At its root, the attack is straightforward: an attacker passes malicious data to a vulnerable application, and the application includes the data in an HTTP response header.

Cloud Director includes a configuration that when enabled prevents host header injection by comparing the host header against an allow list comprised of the allowed origins, the public endpoint, and cell endpoint.&lt;/VulnDiscussion&gt;&lt;FalsePositives&gt;&lt;/FalsePositives&gt;&lt;FalseNegatives&gt;&lt;/FalseNegatives&gt;&lt;Documentable&gt;false&lt;/Documentable&gt;&lt;Mitigations&gt;&lt;/Mitigations&gt;&lt;SecurityOverrideGuidance&gt;&lt;/SecurityOverrideGuidance&gt;&lt;PotentialImpacts&gt;&lt;/PotentialImpacts&gt;&lt;ThirdPartyTools&gt;&lt;/ThirdPartyTools&gt;&lt;MitigationControl&gt;&lt;/MitigationControl&gt;&lt;Responsibility&gt;&lt;/Responsibility&gt;&lt;IAControls&gt;&lt;/IAControls&gt;</description>
      <ident system="http://cyber.mil/cci">CCI-000366</ident>
      <fixtext fixref="F-CDAP-10-000135_fix">At the command prompt, execute the following command:

# /opt/vmware/vcloud-director/bin/cell-management-tool manage-config -n vcloud.http.enableHostHeaderCheck -v true</fixtext>
      <check system="N/A">
        <check-content>Verify host header checks are configured by running the following command:

# /opt/vmware/vcloud-director/bin/cell-management-tool manage-config -n vcloud.http.enableHostHeaderCheck -l 

Expected result:

Property "vcloud.http.enableHostHeaderCheck" has value "true"

If "vcloud.http.enableHostHeaderCheck" does not exist or is set to false, this is a finding.</check-content>
      </check>
    </Rule>
  </Group>
  <Group id="V-CDAP-10-000121">
    <title>SRG-APP-000514-AS-000137</title>
    <Rule id="SV-CDAP-10-000121" severity="medium" weight="10.0">
      <version>CDAP-10-000121</version>
      <title>Cloud Director must use DoD-approved certificates.</title>
      <description>&lt;VulnDiscussion&gt;Class 3 PKI certificates are used for servers and software signing rather than for identifying individuals. Class 4 certificates are used for business-to-business transactions. Utilizing unapproved certificates not issued or approved by DoD or CNS creates an integrity risk. The application server must utilize approved DoD or CNS Class 3 or Class 4 certificates for software signing and business-to-business transactions.&lt;/VulnDiscussion&gt;&lt;FalsePositives&gt;&lt;/FalsePositives&gt;&lt;FalseNegatives&gt;&lt;/FalseNegatives&gt;&lt;Documentable&gt;false&lt;/Documentable&gt;&lt;Mitigations&gt;&lt;/Mitigations&gt;&lt;SecurityOverrideGuidance&gt;&lt;/SecurityOverrideGuidance&gt;&lt;PotentialImpacts&gt;&lt;/PotentialImpacts&gt;&lt;ThirdPartyTools&gt;&lt;/ThirdPartyTools&gt;&lt;MitigationControl&gt;&lt;/MitigationControl&gt;&lt;Responsibility&gt;&lt;/Responsibility&gt;&lt;IAControls&gt;&lt;/IAControls&gt;</description>
      <ident system="http://cyber.mil/cci">CCI-002450</ident>
      <fixtext fixref="F-CDAP-10-000121_fix">Cloud Director has certificates for the HTTPS and Console Proxy endpoints. These can be replaced individually or share a certificate.

Obtain a web server SSL certificate and private key from an appropriate DoD certificate authority.

Construct a concatenated PEM file consisting of the issued certificate, intermediate cert(s) and root cert in that order.

Copy the new certificate(s) and key file(s) to the primary cloud director appliance to the /opt/vmware/vcloud-director/data/transfer folder.

Update permissions on the files by running the following command(s) for each file:

# chown vcloud:vcloud &lt;filename&gt;
# chmod 600 &lt;filename&gt;

Apply the new certificate by running the following commands:

# /opt/vmware/vcloud-director/bin/cell-management-tool certificates -j --cert /opt/vmware/vcloud-director/data/transfer/newcert.pem --key /opt/vmware/vcloud-director/data/transfer/newkey.pem --key-password &lt;key password&gt;
# /opt/vmware/vcloud-director/bin/cell-management-tool certificates -p --cert /opt/vmware/vcloud-director/data/transfer/newcert.pem --key /opt/vmware/vcloud-director/data/transfer/newkey.pem --key-password &lt;key password&gt;

Stop and start the VCD service by running the following commands:

# /opt/vmware/vcloud-director/bin/cell-management-tool cell -i $(service vmware-vcd pid cell) -s
# systemctl start vmware-vcd

Repeat the preceding steps for each cell remaining.

If a load balancer or proxy is configured for VCD then an additional step must be taken to update the Public Addresses settings.

From the Cloud Director provider interface, go to Administration &gt;&gt; Settings &gt;&gt; Public Addresses.

For the Web Portal, API, and Console Proxy edit the base URLs if needed and upload the new certificate including the chain for each endpoint and Save.

Note: The steps listed in the fix assume a multi-cell environment with a single certificate with appropriate subject alternative names for each cell.</fixtext>
      <check system="N/A">
        <check-content>Navigate to the Cloud Director web interface.

Inspect the site certificate through the browser.

If the "Issuer" of the server certificate is not a DoD certificate authority, this is a finding.</check-content>
      </check>
    </Rule>
  </Group>
  <Group id="V-CDAP-10-000123">
    <title>SRG-APP-000516-AS-000237</title>
    <Rule id="SV-CDAP-10-000123" severity="medium" weight="10.0">
      <version>CDAP-10-000123</version>
      <title>Cloud Director must disable the Customer Experience Improvement Program (CEIP).</title>
      <description>&lt;VulnDiscussion&gt;The VMware CEIP sends VMware anonymized system information that is used to improve the quality, reliability, and functionality of VMware products and services. For confidentiality purposes, this feature must be disabled.&lt;/VulnDiscussion&gt;&lt;FalsePositives&gt;&lt;/FalsePositives&gt;&lt;FalseNegatives&gt;&lt;/FalseNegatives&gt;&lt;Documentable&gt;false&lt;/Documentable&gt;&lt;Mitigations&gt;&lt;/Mitigations&gt;&lt;SecurityOverrideGuidance&gt;&lt;/SecurityOverrideGuidance&gt;&lt;PotentialImpacts&gt;&lt;/PotentialImpacts&gt;&lt;ThirdPartyTools&gt;&lt;/ThirdPartyTools&gt;&lt;MitigationControl&gt;&lt;/MitigationControl&gt;&lt;Responsibility&gt;&lt;/Responsibility&gt;&lt;IAControls&gt;&lt;/IAControls&gt;</description>
      <ident system="http://cyber.mil/cci">CCI-000366</ident>
      <fixtext fixref="F-CDAP-10-000123_fix">At the command prompt, execute the following command:

# /opt/vmware/vcloud-director/bin/cell-management-tool configure-ceip --disable</fixtext>
      <check system="N/A">
        <check-content>Verify the CEIP is disabled by running the following command:

# /opt/vmware/vcloud-director/bin/cell-management-tool configure-ceip --status

Example output:

Participation disabled

If the CEIP is enabled, this is a finding.</check-content>
      </check>
    </Rule>
  </Group>
  <Group id="V-CDAP-10-000134">
    <title>SRG-APP-000516-AS-000237</title>
    <Rule id="SV-CDAP-10-000134" severity="medium" weight="10.0">
      <version>CDAP-10-000134</version>
      <title>Expired and untrusted certificates must be removed from Cloud Director.</title>
      <description>&lt;VulnDiscussion&gt;Cloud Director's trust store does not automatically clean up expired, revoked, or no longer trusted certificates automatically. These certificates should be periodically reviewed and removed if they are no longer suitable for use.&lt;/VulnDiscussion&gt;&lt;FalsePositives&gt;&lt;/FalsePositives&gt;&lt;FalseNegatives&gt;&lt;/FalseNegatives&gt;&lt;Documentable&gt;false&lt;/Documentable&gt;&lt;Mitigations&gt;&lt;/Mitigations&gt;&lt;SecurityOverrideGuidance&gt;&lt;/SecurityOverrideGuidance&gt;&lt;PotentialImpacts&gt;&lt;/PotentialImpacts&gt;&lt;ThirdPartyTools&gt;&lt;/ThirdPartyTools&gt;&lt;MitigationControl&gt;&lt;/MitigationControl&gt;&lt;Responsibility&gt;&lt;/Responsibility&gt;&lt;IAControls&gt;&lt;/IAControls&gt;</description>
      <ident system="http://cyber.mil/cci">CCI-000366</ident>
      <fixtext fixref="F-CDAP-10-000134_fix">From the Cloud Director provider interface, go to Administration &gt;&gt; Certificate Management &gt;&gt; Trusted Certificates.

Select the target certificate then click Delete then Delete again on the confirmation screen.

Note: It is critical that you verify a certificates usage before deleting it to avoid any disruption of services as certificates that are expired may still be in use for an active connection and should be updated before deleting the expired certificate.</fixtext>
      <check system="N/A">
        <check-content>From the Cloud Director provider interface, go to Administration &gt;&gt; Certificate Management &gt;&gt; Trusted Certificates.

Review the list of trusted certificates for any that are expired, revoked, or no longer needed and trusted.

If any certificates are present that are expired, revoked, or no longer trusted, this is a finding.</check-content>
      </check>
    </Rule>
  </Group>
  <Group id="V-CDAP-10-000038">
    <title>SRG-APP-000148-AS-000101</title>
    <Rule id="SV-CDAP-10-000038" severity="medium" weight="10.0">
      <version>CDAP-10-000038</version>
      <title>Cloud Director must use an enterprise user management system to uniquely identify and authenticate users.</title>
      <description>&lt;VulnDiscussion&gt;To assure accountability and prevent unauthorized access, application server users must be uniquely identified and authenticated.  This is typically accomplished via the use of a user store which is either local (OS-based) or centralized (LDAP) in nature.

To ensure support to the enterprise, the authentication must utilize an enterprise solution. Cloud Director supports this in multiple ways for the Provider and for Tenants with support for SAML, LDAPS, and OIDC based identity providers. Should multi-factor authentication be required SAML or OIDC must be used.

Satisfies: SRG-APP-000825-AS-000180, SRG-APP-000820-AS-000170, SRG-APP-000705-AS-000110, SRG-APP-000149-AS-000102, SRG-APP-000177-AS-000126, SRG-APP-000080-AS-000045&lt;/VulnDiscussion&gt;&lt;FalsePositives&gt;&lt;/FalsePositives&gt;&lt;FalseNegatives&gt;&lt;/FalseNegatives&gt;&lt;Documentable&gt;false&lt;/Documentable&gt;&lt;Mitigations&gt;&lt;/Mitigations&gt;&lt;SecurityOverrideGuidance&gt;&lt;/SecurityOverrideGuidance&gt;&lt;PotentialImpacts&gt;&lt;/PotentialImpacts&gt;&lt;ThirdPartyTools&gt;&lt;/ThirdPartyTools&gt;&lt;MitigationControl&gt;&lt;/MitigationControl&gt;&lt;Responsibility&gt;&lt;/Responsibility&gt;&lt;IAControls&gt;&lt;/IAControls&gt;</description>
      <ident system="http://cyber.mil/cci">CCI-000764</ident>
      <fixtext fixref="F-CDAP-10-000038_fix">For either the Provider or a Tenant as an administrator go to Administration &gt;&gt; Identity Providers.

Select the Identity Provider of choice and click Configure.

Enter the required information for the Identity Provider and click Save.

Users and Groups may now be imported into Cloud Director and assigned roles and used for logins.

Note: For more information on a specific Identity Provider and configuration refer to the product documentation.</fixtext>
      <check system="N/A">
        <check-content>From the Cloud Director provider interface, go to Administration &gt;&gt; Identity Providers.

Review the SAML, LDAP, and OIDC sections.

If none of the available identity providers are configured for use in the provider interface, this is a finding.

For each tenant, from the Cloud Director tenant interface, go to Administration &gt;&gt; Identity Providers.

Review the SAML, LDAP, and OIDC sections.

If none of the available identity providers are configured for use in a tenants organization, this is a finding.</check-content>
      </check>
    </Rule>
  </Group>
  <Group id="V-CDAP-10-000136">
    <title>SRG-APP-000516-AS-000237</title>
    <Rule id="SV-CDAP-10-000136" severity="medium" weight="10.0">
      <version>CDAP-10-000136</version>
      <title>Cloud Director must configure a test connection denylist.</title>
      <description>&lt;VulnDiscussion&gt;Starting with VMware Cloud Director 10.1, service providers and tenants can use the VMware Cloud Director API to test connections to remote servers and to verify the server identity as part of an SSL handshake.

To protect the internal network in which a VMware Cloud Director instance is deployed from malicious attacks, system providers can configure a denylist of internal hosts that are unreachable to tenants.

This way, if a malicious attacker with tenant access attempts to use the connection testing VMware Cloud Director API to map the network in which VMware Cloud Director is installed, they won't be able to connect to the internal hosts on the denylist.

After installation or upgrade and before providing tenants with access to the VMware Cloud Director network, use the manage-test-connection-blacklist command of the cell management tool to block tenant access to internal hosts.&lt;/VulnDiscussion&gt;&lt;FalsePositives&gt;&lt;/FalsePositives&gt;&lt;FalseNegatives&gt;&lt;/FalseNegatives&gt;&lt;Documentable&gt;false&lt;/Documentable&gt;&lt;Mitigations&gt;&lt;/Mitigations&gt;&lt;SecurityOverrideGuidance&gt;&lt;/SecurityOverrideGuidance&gt;&lt;PotentialImpacts&gt;&lt;/PotentialImpacts&gt;&lt;ThirdPartyTools&gt;&lt;/ThirdPartyTools&gt;&lt;MitigationControl&gt;&lt;/MitigationControl&gt;&lt;Responsibility&gt;&lt;/Responsibility&gt;&lt;IAControls&gt;&lt;/IAControls&gt;</description>
      <ident system="http://cyber.mil/cci">CCI-000366</ident>
      <fixtext fixref="F-CDAP-10-000136_fix">To add a specific IP to the deny list at the command prompt, execute the following command:

# /opt/vmware/vcloud-director/bin/cell-management-tool manage-test-connection-denylist --add-ip 192.168.1.2

or

To add an IP range to the deny list at the command prompt, execute the following command:

# /opt/vmware/vcloud-director/bin/cell-management-tool manage-test-connection-denylist --add-range 10.0.0.0/8

or

To add a domain name to the deny list at the command prompt, execute the following command:

# /opt/vmware/vcloud-director/bin/cell-management-tool manage-test-connection-denylist --add-name internal.com</fixtext>
      <check system="N/A">
        <check-content>Verify a test connect deny list exists by running the following command:

#  /opt/vmware/vcloud-director/bin/cell-management-tool manage-test-connection-denylist --list

Example output:

listed connection items:
Connection specification: "internal.com"
Connection specification: "10.0.0.0/8"

If there are no denylist connection items listed, this is a finding.</check-content>
      </check>
    </Rule>
  </Group>
  <Group id="V-CDAP-10-000081">
    <title>SRG-APP-000358-AS-000064</title>
    <Rule id="SV-CDAP-10-000081" severity="medium" weight="10.0">
      <version>CDAP-10-000081</version>
      <title>Cloud Director must off-load log records to a centralized logging server.</title>
      <description>&lt;VulnDiscussion&gt;Information system logging capability is critical for accurate forensic analysis. Log record content that may be necessary to satisfy the requirement of this control includes, but is not limited to, time stamps, source and destination IP addresses, user/process identifiers, event descriptions, application-specific events, success/fail indications, filenames involved, access control or flow control rules invoked.

Off-loading is a common process in information systems with limited log storage capacity.

Centralized management of log records provides for efficiency in maintenance and management of records, as well as the backup and archiving of those records. Application servers and their related components are required to off-load log records onto a different system or media than the system being logged.

Satisfies: SRG-APP-000515-AS-000203&lt;/VulnDiscussion&gt;&lt;FalsePositives&gt;&lt;/FalsePositives&gt;&lt;FalseNegatives&gt;&lt;/FalseNegatives&gt;&lt;Documentable&gt;false&lt;/Documentable&gt;&lt;Mitigations&gt;&lt;/Mitigations&gt;&lt;SecurityOverrideGuidance&gt;&lt;/SecurityOverrideGuidance&gt;&lt;PotentialImpacts&gt;&lt;/PotentialImpacts&gt;&lt;ThirdPartyTools&gt;&lt;/ThirdPartyTools&gt;&lt;MitigationControl&gt;&lt;/MitigationControl&gt;&lt;Responsibility&gt;&lt;/Responsibility&gt;&lt;IAControls&gt;&lt;/IAControls&gt;</description>
      <ident system="http://cyber.mil/cci">CCI-001851</ident>
      <fixtext fixref="F-CDAP-10-000081_fix">To configure audit logs to be sent to a syslog server, execute the following command:

# /opt/vmware/vcloud-director/bin/cell-management-tool configure-audit-syslog -loghost &lt;IP/FQDN&gt; -logport &lt;Port&gt;

To configure diagnostic logs to be sent to a syslog server, perform the following steps:

Navigate to and open:

/opt/vmware/vcloud-director/etc/log4j.properties

Update the log4j.rootLogger line to add a syslog logger, for example:

log4j.rootLogger=ERROR, vcloud.system.debug, vcloud.system.info, vcloud.system.syslog

Add a new section at the end of the file for the new syslog configuration, for example:

log4j.appender.vcloud.system.syslog=org.apache.log4j.net.SyslogAppender
log4j.appender.vcloud.system.syslog.syslogHost=10.10.10.10:514
log4j.appender.vcloud.system.syslog.facility=LOCAL1
log4j.appender.vcloud.system.syslog.layout=com.vmware.vcloud.logging.layout.CustomPatternLayout
log4j.appender.vcloud.system.syslog.layout.ConversionPattern=%d{ISO8601} | %-8.8p | %-25.50t | %-30.50c{1} | %m | %x%n
log4j.appender.vcloud.system.syslog.threshold=INFO

Note: Update the syslogHost line with your syslog server IP/FQDN and Port information.

Note: It is recommended to take a backup of the log4j.properties before editing.

Repeat the steps above for each Cloud Director appliance.</fixtext>
      <check system="N/A">
        <check-content>In Cloud Director, there are two types of logs that a system administrator can configure to ship via syslog.

Audit log messages - These are the Audit Messages which are stored in the Cloud Director database and retained by default for 90 days.

Diagnostic log files - These are the log files present in the /opt/vmware/vcloud-director/logs directory of the Cloud Director Cells.

Audit log and diagnostic log shipping are configured separately and must both be checked.

Verify syslog is configured for audit events by running the following command on each appliance:

# grep audit.syslog /opt/vmware/vcloud-director/etc/global.properties

Example output:

audit.syslog.host = 10.10.10.10
audit.syslog.port = 514

If an authorized audit syslog host is not specified, this is a finding.

Verify syslog is configured for diagnostic logs by running the following command on each appliance:

# grep 'log4j.rootLogger\|log4j.appender.vcloud.system.syslog' /opt/vmware/vcloud-director/etc/log4j.properties

Example output:

log4j.rootLogger=ERROR, vcloud.system.debug, vcloud.system.info, vcloud.system.syslog
log4j.appender.vcloud.system.syslog=org.apache.log4j.net.SyslogAppender
log4j.appender.vcloud.system.syslog.syslogHost=10.10.10.10:514
log4j.appender.vcloud.system.syslog.facility=LOCAL1
log4j.appender.vcloud.system.syslog.layout=com.vmware.vcloud.logging.layout.CustomPatternLayout
log4j.appender.vcloud.system.syslog.layout.ConversionPattern=%d{ISO8601} | %-8.8p | %-25.50t | %-30.50c{1} | %m | %x%n
log4j.appender.vcloud.system.syslog.threshold=INFO
</check-content>
      </check>
    </Rule>
  </Group>
  <Group id="V-CDAP-10-000046">
    <title>SRG-APP-000172-AS-000121</title>
    <Rule id="SV-CDAP-10-000046" severity="medium" weight="10.0">
      <version>CDAP-10-000046</version>
      <title>Cloud Director must utilize encryption when using LDAP for authentication.</title>
      <description>&lt;VulnDiscussion&gt;Passwords need to be protected at all times, and encryption is the standard method for protecting passwords during transmission. 

Application servers have the capability to utilize LDAP directories for authentication. If LDAP connections are not protected during transmission, sensitive authentication credentials can be stolen. When the application server utilizes LDAP, the LDAP traffic must be encrypted.&lt;/VulnDiscussion&gt;&lt;FalsePositives&gt;&lt;/FalsePositives&gt;&lt;FalseNegatives&gt;&lt;/FalseNegatives&gt;&lt;Documentable&gt;false&lt;/Documentable&gt;&lt;Mitigations&gt;&lt;/Mitigations&gt;&lt;SecurityOverrideGuidance&gt;&lt;/SecurityOverrideGuidance&gt;&lt;PotentialImpacts&gt;&lt;/PotentialImpacts&gt;&lt;ThirdPartyTools&gt;&lt;/ThirdPartyTools&gt;&lt;MitigationControl&gt;&lt;/MitigationControl&gt;&lt;Responsibility&gt;&lt;/Responsibility&gt;&lt;IAControls&gt;&lt;/IAControls&gt;</description>
      <ident system="http://cyber.mil/cci">CCI-000197</ident>
      <fixtext fixref="F-CDAP-10-000046_fix">The LDAP Certificates must be trusted to establish and LDAPS connection and can be done by going to Administration &gt;&gt; Certificate Management &gt;&gt; Trusted Certificates.

Click Test Remote Connection.

Enter the URL for the LDAP server and select LDAPS as the verification algorithm and click Connect.

Review the presented certificate information and click Trust if it is correct.

For either the Provider or a Tenant as an administrator go to Administration &gt;&gt; Identity Providers &gt;&gt; LDAP.

Click Edit.

Update the port to 636 or your appropriate LDAPS port and enable the "Use SSL" option then click Save.

Note: These steps are only necessary for Tenants if "Custom LDAP service" is selected.</fixtext>
      <check system="N/A">
        <check-content>If LDAP is not being used as an identity provider, this is Not Applicable.

From the Cloud Director provider interface, go to Administration &gt;&gt; Identity Providers &gt;&gt; LDAP.

Review the LDAP configuration.

If "Use SSL" is not enabled, this is a finding.

For each tenant, from the Cloud Director tenant interface, go to Administration &gt;&gt; Identity Providers &gt;&gt; LDAP.

Review the LDAP configuration.

If "Use SSL" is not enabled, this is a finding.</check-content>
      </check>
    </Rule>
  </Group>
  <Group id="V-CDAP-10-000124">
    <title>SRG-APP-000416-AS-000140</title>
    <Rule id="SV-CDAP-10-000124" severity="medium" weight="10.0">
      <version>CDAP-10-000124</version>
      <title>VMware Cloud Director must enable FIPs mode. </title>
      <description>&lt;VulnDiscussion&gt;Encryption is only as good as the encryption modules utilized.  Unapproved cryptographic module algorithms cannot be verified and cannot be relied upon to provide confidentiality or integrity, and DoD data may be compromised due to weak algorithms

Satisfies: SRG-APP-000439-AS-000274, SRG-APP-000224-AS-000152, SRG-APP-000179-AS-000129&lt;/VulnDiscussion&gt;&lt;FalsePositives&gt;&lt;/FalsePositives&gt;&lt;FalseNegatives&gt;&lt;/FalseNegatives&gt;&lt;Documentable&gt;false&lt;/Documentable&gt;&lt;Mitigations&gt;&lt;/Mitigations&gt;&lt;SecurityOverrideGuidance&gt;&lt;/SecurityOverrideGuidance&gt;&lt;PotentialImpacts&gt;&lt;/PotentialImpacts&gt;&lt;ThirdPartyTools&gt;&lt;/ThirdPartyTools&gt;&lt;MitigationControl&gt;&lt;/MitigationControl&gt;&lt;Responsibility&gt;&lt;/Responsibility&gt;&lt;IAControls&gt;&lt;/IAControls&gt;</description>
      <ident system="http://cyber.mil/cci">CCI-002450</ident>
      <fixtext fixref="F-CDAP-10-000124_fix">To configure the appliance to run in FIPS-compliant mode, you must manage both the appliance FIPS mode and the cell FIPS mode.

To enable the FIPS mode on cells do the following:

Login to the VCD provider admin portal and select Administration &gt;&gt; Settings &gt;&gt; SSL.

Click Enable and check the box to indicate you understand the warnings and have verified them and want to proceed and then click Enable.

Note: When the configuration finishes, VMware Cloud Director displays an Enable in Progress (Awaiting cells restart) message, and you can continue to the next step. When you enable or disable FIPS mode from the appliance management UI, the VMware Cloud Director appliance automatically restarts the cells.

To enable the appliance to run in FIPS mode do the following for each appliance:

Login to the VCD appliance management interface and select System Configuration.

Under actions click Enable for the node you are logged into and click OK.

Note: Appliance FIPS mode is the mode of the underlying appliance OS, embedded database, and various system libraries.
Note: Cell FIPS mode is the mode of the VMware Cloud Director cell running on each appliance.</fixtext>
      <check system="N/A">
        <check-content>FIPs mode enablement can be viewed by logging into the VCD appliance management interface at https://&lt;fqdn or ip of vcd appliance&gt;:5480.

Select System Configuration.

If any node listed has "Appliance FIPS" or "Cell FIPS" not set to On, this is a finding.</check-content>
      </check>
    </Rule>
  </Group>
</Benchmark>
