<?xml version="1.0" encoding="UTF-8"?><?xml-stylesheet type="text/xsl" href="STIG_unclass.xsl"?>
<Benchmark xmlns:dc="http://purl.org/dc/elements/1.1/" xmlns:xsi="http://www.w3.org/2001/XMLSchema-instance" xmlns:cpe="http://cpe.mitre.org/language/2.0" xmlns:xhtml="http://www.w3.org/1999/xhtml" xmlns:dsig="http://www.w3.org/2000/09/xmldsig#" xsi:schemaLocation="http://checklists.nist.gov/xccdf/1.1 http://nvd.nist.gov/schema/xccdf-1.1.4.xsdhttp://cpe.mitre.org/dictionary/2.0 http://cpe.mitre.org/files/cpe-dictionary_2.1.xsd" id="VMware Aria Automation 8.x - Docker" xml:lang="en" xmlns="http://checklists.nist.gov/xccdf/1.1">
  <status date="2024-04-22">draft</status>
  <title>VMware Aria Automation 8.x - Docker CE STIG Readiness Guide</title>
  <description/>
  <notice id="terms-of-use" xml:lang="en"/>
  <front-matter xml:lang="en"/>
  <rear-matter xml:lang="en"/>
  <reference href="">
    <dc:publisher/>
    <dc:source/>
  </reference>
  <plain-text id="release-info">Release: 2 Benchmark Date: 22 Apr 2024</plain-text>
  <plain-text id="generator">3.2.2.36079</plain-text>
  <plain-text id="conventionsVersion">1.10.0</plain-text>
  <version>1</version>
  <Group id="V-DKER-CE-000043">
    <title>SRG-APP-000133-CTR-000295</title>
    <Rule id="SV-DKER-CE-000043" severity="medium" weight="10.0">
      <version>DKER-CE-000043</version>
      <title>Docker CE must verify docker.sock permissions.</title>
      <description>&lt;VulnDiscussion&gt;Docker daemon runs as root. The default UNIX socket hence must be owned by root. If any other user or process owns this socket, then it might be possible for that non-privileged user or process to interact with Docker daemon. Also, such a non-privileged user or process might interact with containers. This is neither secure nor desired behavior.

Additionally, the Docker installer creates a UNIX group called docker. Users can be added to this group, and then those users would be able to read and write to default Docker UNIX socket. The membership to the docker group is tightly controlled by the system administrator. If any other group owns this socket, then it might be possible for members of that group to interact with Docker daemon. Also, such a group might not be as tightly controlled as the docker group. This is neither secure nor desired behavior.

Hence, the default Docker UNIX socket file must be owned by root and group-owned by docker to maintain the integrity of the socket file.

By default, the ownership and group-ownership for Docker socket file is correctly set to root:docker.&lt;/VulnDiscussion&gt;&lt;FalsePositives&gt;&lt;/FalsePositives&gt;&lt;FalseNegatives&gt;&lt;/FalseNegatives&gt;&lt;Documentable&gt;false&lt;/Documentable&gt;&lt;Mitigations&gt;&lt;/Mitigations&gt;&lt;SecurityOverrideGuidance&gt;&lt;/SecurityOverrideGuidance&gt;&lt;PotentialImpacts&gt;&lt;/PotentialImpacts&gt;&lt;ThirdPartyTools&gt;&lt;/ThirdPartyTools&gt;&lt;MitigationControl&gt;&lt;/MitigationControl&gt;&lt;Responsibility&gt;&lt;/Responsibility&gt;&lt;IAControls&gt;&lt;/IAControls&gt;</description>
      <ident system="http://cyber.mil/cci">CCI-001499</ident>
      <fixtext fixref="F-DKER-CE-000043_fix">At the command prompt, execute the following command(s):

# chmod 660 /var/run/docker.sock
# chown root:docker /var/run/docker.sock</fixtext>
      <check system="N/A">
        <check-content>At the command prompt, execute the following command:

# stat -c %a:%U:%G /var/run/docker.sock

Expected result:

660:root:docker

If the output from the command does not match the expected result, this is a finding.</check-content>
      </check>
    </Rule>
  </Group>
  <Group id="V-DKER-CE-000047">
    <title>SRG-APP-000141-CTR-000315</title>
    <Rule id="SV-DKER-CE-000047" severity="medium" weight="10.0">
      <version>DKER-CE-000047</version>
      <title>Docker CE must disable experimental features.</title>
      <description>&lt;VulnDiscussion&gt;Enabling experimental features in the docker daemon may introduce vulnerabilities through unmaintained or non-production ready features that have not gone through the rigor of production features.&lt;/VulnDiscussion&gt;&lt;FalsePositives&gt;&lt;/FalsePositives&gt;&lt;FalseNegatives&gt;&lt;/FalseNegatives&gt;&lt;Documentable&gt;false&lt;/Documentable&gt;&lt;Mitigations&gt;&lt;/Mitigations&gt;&lt;SecurityOverrideGuidance&gt;&lt;/SecurityOverrideGuidance&gt;&lt;PotentialImpacts&gt;&lt;/PotentialImpacts&gt;&lt;ThirdPartyTools&gt;&lt;/ThirdPartyTools&gt;&lt;MitigationControl&gt;&lt;/MitigationControl&gt;&lt;Responsibility&gt;&lt;/Responsibility&gt;&lt;IAControls&gt;&lt;/IAControls&gt;</description>
      <ident system="http://cyber.mil/cci">CCI-000381</ident>
      <fixtext fixref="F-DKER-CE-000047_fix">To disable experimental features, do the following:

Navigate to and open:

/etc/docker/daemon.json

Add or update the option as seen in the example below:

  "experimental": "false"

Restart the docker daemon by running the following command:

# systemctl restart docker.service</fixtext>
      <check system="N/A">
        <check-content>At the command prompt, execute the following command:

# docker version --format '{{ .Server.Experimental }}'

Expected result:

false

If the output from the command does not match the expected result, this is a finding.</check-content>
      </check>
    </Rule>
  </Group>
  <Group id="V-DKER-CE-000132">
    <title>SRG-APP-000431-CTR-001065</title>
    <Rule id="SV-DKER-CE-000132" severity="medium" weight="10.0">
      <version>DKER-CE-000132</version>
      <title>Docker CE must not allow host user namespaces to be shared.</title>
      <description>&lt;VulnDiscussion&gt;User namespaces ensure that a root process inside the container will be mapped to a non-root process outside the container. Sharing the user namespaces of the host with the container does not adequately isolate containers from the host and could allow an attacker to break out of a compromised container.&lt;/VulnDiscussion&gt;&lt;FalsePositives&gt;&lt;/FalsePositives&gt;&lt;FalseNegatives&gt;&lt;/FalseNegatives&gt;&lt;Documentable&gt;false&lt;/Documentable&gt;&lt;Mitigations&gt;&lt;/Mitigations&gt;&lt;SecurityOverrideGuidance&gt;&lt;/SecurityOverrideGuidance&gt;&lt;PotentialImpacts&gt;&lt;/PotentialImpacts&gt;&lt;ThirdPartyTools&gt;&lt;/ThirdPartyTools&gt;&lt;MitigationControl&gt;&lt;/MitigationControl&gt;&lt;Responsibility&gt;&lt;/Responsibility&gt;&lt;IAControls&gt;&lt;/IAControls&gt;</description>
      <ident system="http://cyber.mil/cci">CCI-002530</ident>
      <fixtext fixref="F-DKER-CE-000132_fix">For any containers flagged by the check stop them and run them without the "--userns=host" flag.</fixtext>
      <check system="N/A">
        <check-content>From the command line interface, run the following command:

# docker ps --quiet --all | xargs docker inspect --format '{{ .Id }}: UsernsMode={{ .HostConfig.UsernsMode }}'|grep -v "UsernsMode="

If the command produces any output, this is a finding.</check-content>
      </check>
    </Rule>
  </Group>
  <Group id="V-DKER-CE-000178">
    <title>SRG-APP-000133-CTR-000295</title>
    <Rule id="SV-DKER-CE-000178" severity="medium" weight="10.0">
      <version>DKER-CE-000178</version>
      <title>Docker CE must verify containerd.sock permissions.</title>
      <description>&lt;VulnDiscussion&gt;Containerd is an underlying component used by Docker to create and manage containers. It provides a socket file similar to the Docker socket, which must be protected from unauthorized access. If any other user or process owns this socket, it might be possible for that non-privileged user or process to interact with the Containerd daemon. Additionally, in this case a non-privileged user or process might be able to interact with containers which is neither a secure nor desired behavior.&lt;/VulnDiscussion&gt;&lt;FalsePositives&gt;&lt;/FalsePositives&gt;&lt;FalseNegatives&gt;&lt;/FalseNegatives&gt;&lt;Documentable&gt;false&lt;/Documentable&gt;&lt;Mitigations&gt;&lt;/Mitigations&gt;&lt;SecurityOverrideGuidance&gt;&lt;/SecurityOverrideGuidance&gt;&lt;PotentialImpacts&gt;&lt;/PotentialImpacts&gt;&lt;ThirdPartyTools&gt;&lt;/ThirdPartyTools&gt;&lt;MitigationControl&gt;&lt;/MitigationControl&gt;&lt;Responsibility&gt;&lt;/Responsibility&gt;&lt;IAControls&gt;&lt;/IAControls&gt;</description>
      <ident system="http://cyber.mil/cci">CCI-001499</ident>
      <fixtext fixref="F-DKER-CE-000178_fix">At the command prompt, execute the following command(s):

# chmod 660 /run/containerd/containerd.sock
# chown root:root /run/containerd/containerd.sock</fixtext>
      <check system="N/A">
        <check-content>At the command prompt, execute the following command:

# stat -c %a:%U:%G /run/containerd/containerd.sock

Expected result:

660:root:root

If the output from the command does not match the expected result, this is a finding.</check-content>
      </check>
    </Rule>
  </Group>
  <Group id="V-DKER-CE-000184">
    <title>SRG-APP-000516-CTR-001325</title>
    <Rule id="SV-DKER-CE-000184" severity="medium" weight="10.0">
      <version>DKER-CE-000184</version>
      <title>Docker CE must not use the aufs storage driver.</title>
      <description>&lt;VulnDiscussion&gt;The aufs storage driver is based on an older Linux kernel patch set that is known to cause kernel crashes.

This storage driver also allows containers to share executable and shared library memory.&lt;/VulnDiscussion&gt;&lt;FalsePositives&gt;&lt;/FalsePositives&gt;&lt;FalseNegatives&gt;&lt;/FalseNegatives&gt;&lt;Documentable&gt;false&lt;/Documentable&gt;&lt;Mitigations&gt;&lt;/Mitigations&gt;&lt;SecurityOverrideGuidance&gt;&lt;/SecurityOverrideGuidance&gt;&lt;PotentialImpacts&gt;&lt;/PotentialImpacts&gt;&lt;ThirdPartyTools&gt;&lt;/ThirdPartyTools&gt;&lt;MitigationControl&gt;&lt;/MitigationControl&gt;&lt;Responsibility&gt;&lt;/Responsibility&gt;&lt;IAControls&gt;&lt;/IAControls&gt;</description>
      <ident system="http://cyber.mil/cci">CCI-000366</ident>
      <fixtext fixref="F-DKER-CE-000184_fix">Navigate to and open:

/etc/docker/daemon.json

Find the "storage-driver" line and remove it.

Restart the docker daemon by running the following command:

# systemctl restart docker.service</fixtext>
      <check system="N/A">
        <check-content>At the command prompt, execute the following command:

# docker info --format 'Storage Driver: {{ .Driver }}'

Expected result:

Storage Driver: overlay2

If the output of the command is aufs, this is a finding.</check-content>
      </check>
    </Rule>
  </Group>
  <Group id="V-DKER-CE-000179">
    <title>SRG-APP-000243-CTR-000595</title>
    <Rule id="SV-DKER-CE-000179" severity="medium" weight="10.0">
      <version>DKER-CE-000179</version>
      <title>Docker CE must not mount the daemon socket inside containers.</title>
      <description>&lt;VulnDiscussion&gt;If the docker socket is mounted inside a container it would allow processes running within the container to execute docker commands which effectively allows for full control of the host.&lt;/VulnDiscussion&gt;&lt;FalsePositives&gt;&lt;/FalsePositives&gt;&lt;FalseNegatives&gt;&lt;/FalseNegatives&gt;&lt;Documentable&gt;false&lt;/Documentable&gt;&lt;Mitigations&gt;&lt;/Mitigations&gt;&lt;SecurityOverrideGuidance&gt;&lt;/SecurityOverrideGuidance&gt;&lt;PotentialImpacts&gt;&lt;/PotentialImpacts&gt;&lt;ThirdPartyTools&gt;&lt;/ThirdPartyTools&gt;&lt;MitigationControl&gt;&lt;/MitigationControl&gt;&lt;Responsibility&gt;&lt;/Responsibility&gt;&lt;IAControls&gt;&lt;/IAControls&gt;</description>
      <ident system="http://cyber.mil/cci">CCI-001090</ident>
      <fixtext fixref="F-DKER-CE-000179_fix">For containers returned by the check command do the following:

Stop the container and then start the container without specifying the volume that was mounted for docker.sock.</fixtext>
      <check system="N/A">
        <check-content>At the command prompt, execute the following command:

# docker ps --quiet --all | xargs docker inspect --format '{{ .Id }}: Volumes={{ .Mounts }}' | grep docker.sock

If the command produces any output, this is a finding.</check-content>
      </check>
    </Rule>
  </Group>
  <Group id="V-DKER-CE-000188">
    <title>SRG-APP-000516-CTR-001325</title>
    <Rule id="SV-DKER-CE-000188" severity="medium" weight="10.0">
      <version>DKER-CE-000188</version>
      <title>Docker CE must not disable the default seccomp profile.</title>
      <description>&lt;VulnDiscussion&gt;Seccomp filtering provides a means for a process to specify a filter for incoming system calls. The default Docker seccomp profile works on a whitelist basis and allows 311 system calls, blocking all others. It must not be disabled unless it hinders the container application usage.

A large number of system calls are exposed to every userland process with many of them going unused for the entire lifetime of the process. Most of the applications do not need all the system calls and thus benefit by having a reduced set of available system calls. The reduced set of system calls reduces the total kernel surface exposed to the application and thus improves application security.

The default seccomp profile blocks syscalls, regardless of --cap-add passed to the container. Create a custom seccomp profile in such cases. Disable the default seccomp profile by passing --security-opt=seccomp:unconfined on docker run.

When running a container, it uses the default profile unless it is overridden with the --security-opt option.&lt;/VulnDiscussion&gt;&lt;FalsePositives&gt;&lt;/FalsePositives&gt;&lt;FalseNegatives&gt;&lt;/FalseNegatives&gt;&lt;Documentable&gt;false&lt;/Documentable&gt;&lt;Mitigations&gt;&lt;/Mitigations&gt;&lt;SecurityOverrideGuidance&gt;&lt;/SecurityOverrideGuidance&gt;&lt;PotentialImpacts&gt;&lt;/PotentialImpacts&gt;&lt;ThirdPartyTools&gt;&lt;/ThirdPartyTools&gt;&lt;MitigationControl&gt;&lt;/MitigationControl&gt;&lt;Responsibility&gt;&lt;/Responsibility&gt;&lt;IAControls&gt;&lt;/IAControls&gt;</description>
      <ident system="http://cyber.mil/cci">CCI-000366</ident>
      <fixtext fixref="F-DKER-CE-000188_fix">To configure the default seccomp profile in the daemon.json configuration file, do the following:

Navigate to and open:

/etc/docker/daemon.json

Remove the "seccomp-profile" option.

Note: This may also be specified as an argument to the Docker daemon service and must be removed there if specified in that manner.

Restart the docker daemon by running the following command:

# systemctl restart docker.service

For containers returned by the check command do the following:

Stop the container and then start the container without specifying the --security-opt seccomp=unconfined argument.</fixtext>
      <check system="N/A">
        <check-content>The Docker daemon is configured with a seccomp profile by default but this can be overwritten at the time of container execution so both must be verified.

To verify the Docker daemon is configured with the default seccomp profile, execute the following command:

# docker info --format '{{ .SecurityOptions }}'

Example output:

[name=apparmor name=seccomp,profile=default]

If the command output does not contain "name=seccomp,profile=default", this is a finding.

To verify containers are not configured to overwrite the default seccomp profile, execute the following command:

# docker ps --quiet --all | xargs docker inspect --format '{{ .Id }}: SecurityOpt={{ .HostConfig.SecurityOpt }}' | grep seccomp

If any containers are returned and have specified "seccomp=unconfined", this is a finding.</check-content>
      </check>
    </Rule>
  </Group>
  <Group id="V-DKER-CE-000186">
    <title>SRG-APP-000516-CTR-001325</title>
    <Rule id="SV-DKER-CE-000186" severity="medium" weight="10.0">
      <version>DKER-CE-000186</version>
      <title>Docker CE must enable live restore.</title>
      <description>&lt;VulnDiscussion&gt;Enabling live restore ensures availability of containers in the event the docker daemon is down.  Ensuring live restore is on can prevent denial of service attacks on the docker daemon from impacting the application.&lt;/VulnDiscussion&gt;&lt;FalsePositives&gt;&lt;/FalsePositives&gt;&lt;FalseNegatives&gt;&lt;/FalseNegatives&gt;&lt;Documentable&gt;false&lt;/Documentable&gt;&lt;Mitigations&gt;&lt;/Mitigations&gt;&lt;SecurityOverrideGuidance&gt;&lt;/SecurityOverrideGuidance&gt;&lt;PotentialImpacts&gt;&lt;/PotentialImpacts&gt;&lt;ThirdPartyTools&gt;&lt;/ThirdPartyTools&gt;&lt;MitigationControl&gt;&lt;/MitigationControl&gt;&lt;Responsibility&gt;&lt;/Responsibility&gt;&lt;IAControls&gt;&lt;/IAControls&gt;</description>
      <ident system="http://cyber.mil/cci">CCI-000366</ident>
      <fixtext fixref="F-DKER-CE-000186_fix">To configure live-restore in the daemon.json configuration file, do the following:

Navigate to and open:

/etc/docker/daemon.json

Add or update the following option as seen in the example below.

  "live-restore": true

Restart the docker daemon by running the following command:

# systemctl restart docker.service</fixtext>
      <check system="N/A">
        <check-content>At the command prompt, execute the following command:

# docker info --format '{{ .LiveRestoreEnabled }}'

Expected output:

true

If the output does not return true, this is a finding.</check-content>
      </check>
    </Rule>
  </Group>
  <Group id="V-DKER-CE-000177">
    <title>SRG-APP-000133-CTR-000305</title>
    <Rule id="SV-DKER-CE-000177" severity="medium" weight="10.0">
      <version>DKER-CE-000177</version>
      <title>Docker CE must protect the docker.socket file from unauthorized changes.</title>
      <description>&lt;VulnDiscussion&gt;The docker.socket file contains sensitive parameters that may alter the behavior of Docker remote API. Hence, it must be owned and group-owned by root to maintain the integrity of the file.&lt;/VulnDiscussion&gt;&lt;FalsePositives&gt;&lt;/FalsePositives&gt;&lt;FalseNegatives&gt;&lt;/FalseNegatives&gt;&lt;Documentable&gt;false&lt;/Documentable&gt;&lt;Mitigations&gt;&lt;/Mitigations&gt;&lt;SecurityOverrideGuidance&gt;&lt;/SecurityOverrideGuidance&gt;&lt;PotentialImpacts&gt;&lt;/PotentialImpacts&gt;&lt;ThirdPartyTools&gt;&lt;/ThirdPartyTools&gt;&lt;MitigationControl&gt;&lt;/MitigationControl&gt;&lt;Responsibility&gt;&lt;/Responsibility&gt;&lt;IAControls&gt;&lt;/IAControls&gt;</description>
      <ident system="http://cyber.mil/cci">CCI-001499</ident>
      <fixtext fixref="F-DKER-CE-000177_fix">At the command prompt, execute the following command(s):

# chmod 644 /usr/lib/systemd/system/docker.socket
# chown root:root /usr/lib/systemd/system/docker.socket</fixtext>
      <check system="N/A">
        <check-content>At the command prompt, execute the following command:

# stat -c %a:%U:%G /usr/lib/systemd/system/docker.socket

Expected result:

644:root:root

If the permissions are not set to 644 or more restrictive, this is a finding.

If the file ownership is not set to root:root, this is a finding.</check-content>
      </check>
    </Rule>
  </Group>
  <Group id="V-DKER-CE-000194">
    <title>SRG-APP-000516-CTR-001325</title>
    <Rule id="SV-DKER-CE-000194" severity="medium" weight="10.0">
      <version>DKER-CE-000194</version>
      <title>Docker CE must configure the number of retries if a restart policy is defined.</title>
      <description>&lt;VulnDiscussion&gt;Using the --restart flag in docker run command, a restart policy must be specified that controls how a container is or is not restarted on exit. Choose the on-failure restart policy and limit the restart attempts to 5.

If the container attempts to restart indefinitely, it could possibly lead to a denial of service on the host. It could be an easy way to do a distributed denial of service attack especially if there are many containers on the same host. Additionally, ignoring the exit status of the container and always attempting to restart the container leads to non-investigation of the root cause behind containers getting terminated. If a container gets terminated, investigate the reason behind it instead of just attempting to restart it indefinitely.

Thus, it is recommended to use on-failure restart policy and limit it to maximum of 5 restart attempts. The container would then attempt to restart only 5 times.

By default, containers are not configured with restart policies. Hence, containers do not attempt to restart on their own.&lt;/VulnDiscussion&gt;&lt;FalsePositives&gt;&lt;/FalsePositives&gt;&lt;FalseNegatives&gt;&lt;/FalseNegatives&gt;&lt;Documentable&gt;false&lt;/Documentable&gt;&lt;Mitigations&gt;&lt;/Mitigations&gt;&lt;SecurityOverrideGuidance&gt;&lt;/SecurityOverrideGuidance&gt;&lt;PotentialImpacts&gt;&lt;/PotentialImpacts&gt;&lt;ThirdPartyTools&gt;&lt;/ThirdPartyTools&gt;&lt;MitigationControl&gt;&lt;/MitigationControl&gt;&lt;Responsibility&gt;&lt;/Responsibility&gt;&lt;IAControls&gt;&lt;/IAControls&gt;</description>
      <ident system="http://cyber.mil/cci">CCI-000366</ident>
      <fixtext fixref="F-DKER-CE-000194_fix">For containers with restart policies that result in a finding, do the following:

Stop the container and then start the container without specifying the --restart argument or if specified make sure it conforms to the rules laid out in the check text.</fixtext>
      <check system="N/A">
        <check-content>At the command prompt, execute the following command:

# docker ps --quiet --all | xargs docker inspect --format '{{ .Id }}: RestartPolicyName={{ .HostConfig.RestartPolicy.Name }} MaximumRetryCount={{ .HostConfig.RestartPolicy.MaximumRetryCount }}'

If RestartPolicyName is blank or no and MaximumRetryCount=0, this is not a finding.

If RestartPolicyName is always, this is not a finding.

If RestartPolicyName is on-failure and MaximumRetryCount is &gt; 5, this is a finding.</check-content>
      </check>
    </Rule>
  </Group>
  <Group id="V-DKER-CE-000018">
    <title>SRG-APP-000089-CTR-000150</title>
    <Rule id="SV-DKER-CE-000018" severity="medium" weight="10.0">
      <version>DKER-CE-000018</version>
      <title>Docker CE must have audit rules configured for all components.</title>
      <description>&lt;VulnDiscussion&gt;Within the container platform, audit data can be generated from any of the deployed container platform components. This audit data is important when there are issues, including security incidents that must be investigated. To make the audit data worthwhile for the investigation of events, it is necessary to have the appropriate and required data logged. To handle the need to log DoD-defined auditable events, the container platform must offer a mechanism to change and manage the events that are audited.

Satisfies: SRG-APP-000091-CTR-000160, SRG-APP-000095-CTR-000170, SRG-APP-000096-CTR-000175, SRG-APP-000097-CTR-000180, SRG-APP-000098-CTR-000185, SRG-APP-000099-CTR-000190, SRG-APP-000100-CTR-000195, SRG-APP-000100-CTR-000200, SRG-APP-000101-CTR-000205, SRG-APP-000343-CTR-000780, SRG-APP-000381-CTR-000905, SRG-APP-000492-CTR-001220, SRG-APP-000493-CTR-001225, SRG-APP-000495-CTR-001235, SRG-APP-000496-CTR-001240, SRG-APP-000497-CTR-001245, SRG-APP-000499-CTR-001255, SRG-APP-000500-CTR-001260, SRG-APP-000501-CTR-001265, SRG-APP-000503-CTR-001275, SRG-APP-000504-CTR-001280, SRG-APP-000505-CTR-001285, SRG-APP-000507-CTR-001295, SRG-APP-000508-CTR-001300, SRG-APP-000510-CTR-001310, SRG-APP-000474-CTR-001180&lt;/VulnDiscussion&gt;&lt;FalsePositives&gt;&lt;/FalsePositives&gt;&lt;FalseNegatives&gt;&lt;/FalseNegatives&gt;&lt;Documentable&gt;false&lt;/Documentable&gt;&lt;Mitigations&gt;&lt;/Mitigations&gt;&lt;SecurityOverrideGuidance&gt;&lt;/SecurityOverrideGuidance&gt;&lt;PotentialImpacts&gt;&lt;/PotentialImpacts&gt;&lt;ThirdPartyTools&gt;&lt;/ThirdPartyTools&gt;&lt;MitigationControl&gt;&lt;/MitigationControl&gt;&lt;Responsibility&gt;&lt;/Responsibility&gt;&lt;IAControls&gt;&lt;/IAControls&gt;</description>
      <ident system="http://cyber.mil/cci">CCI-000169</ident>
      <fixtext fixref="F-DKER-CE-000018_fix">Navigate to and open:

/etc/audit/rules.d/docker.STIG.rules

Add or update the following lines in the file:

-w /etc/docker -p wa -k docker
-w /usr/bin/docker -k docker
-w /usr/bin/dockerd -k docker
-w /usr/bin/containerd -k  docker
-w /usr/bin/containerd-shim -k docker
-w /usr/bin/containerd-shim-runc-v1 -k docker
-w /usr/bin/containerd-shim-runc-v2 -k docker
-w /var/run/docker.sock -k docker
-w /run/containerd/containerd.sock -k docker
-w /etc/default/docker -p wa -k docker
-w /usr/lib/systemd/system/docker.service -k docker
-w /usr/lib/systemd/system/docker.socket -k docker
-w /var/lib/docker -p wa -k docker
-w /etc/containerd/config.toml -p wa -k docker

Reload the rules by running the following command:

# augenrules --load

Note: Enable and start the auditd service if needed.</fixtext>
      <check system="N/A">
        <check-content>At the command prompt, execute the following command:

# auditctl -l | grep docker

Expected result:

-w /etc/docker -p wa -k docker
-w /usr/bin/docker -p rwxa -k docker
-w /usr/bin/dockerd -p rwxa -k docker
-w /usr/bin/containerd -p rwxa -k docker
-w /usr/bin/containerd-shim -p rwxa -k docker
-w /usr/bin/containerd-shim-runc-v1 -p rwxa -k docker
-w /usr/bin/containerd-shim-runc-v2 -p rwxa -k docker
-w /var/run/docker.sock -p rwxa -k docker
-w /run/containerd/containerd.sock -p rwxa -k docker
-w /etc/default/docker -p wa -k docker
-w /usr/lib/systemd/system/docker.service -p rwxa -k docker
-w /usr/lib/systemd/system/docker.socket -p rwxa -k docker
-w /var/lib/docker -p wa -k docker
-w /etc/containerd/config.toml -p wa -k docker

If the output does not match the expected result, this is a finding.

Note: The auditd service must be running for this command to provide output.</check-content>
      </check>
    </Rule>
  </Group>
  <Group id="V-DKER-CE-000021">
    <title>SRG-APP-000092-CTR-000165</title>
    <Rule id="SV-DKER-CE-000021" severity="medium" weight="10.0">
      <version>DKER-CE-000021</version>
      <title>Docker CE must produce logs with sufficient information.</title>
      <description>&lt;VulnDiscussion&gt;Application server logging capability is critical for accurate forensic analysis.  Without sufficient and accurate information, a correct replay of the events cannot be determined.

Ascertaining the correct order of the events that occurred is important during forensic analysis.  Events that appear harmless by themselves might be flagged as a potential threat when properly viewed in sequence.  By also establishing the event date and time, an event can be properly viewed with an enterprise tool to fully see a possible threat in its entirety.

Without sufficient information establishing when the log event occurred, investigation into the cause of event is severely hindered.  Log record content that may be necessary to satisfy the requirement of this control includes, but is not limited to, time stamps, source and destination IP addresses, user/process identifiers, event descriptions, application-specific events, success/fail indications, file names involved, access control, or flow control rules invoked.

In addition to logging event information, application servers must also log the corresponding dates and times of these events. Examples of event data include, but are not limited to, Java Virtual Machine (JVM) activity, HTTPD activity, and application server-related system process activity.

Satisfies: SRG-APP-000226-CTR-000575&lt;/VulnDiscussion&gt;&lt;FalsePositives&gt;&lt;/FalsePositives&gt;&lt;FalseNegatives&gt;&lt;/FalseNegatives&gt;&lt;Documentable&gt;false&lt;/Documentable&gt;&lt;Mitigations&gt;&lt;/Mitigations&gt;&lt;SecurityOverrideGuidance&gt;&lt;/SecurityOverrideGuidance&gt;&lt;PotentialImpacts&gt;&lt;/PotentialImpacts&gt;&lt;ThirdPartyTools&gt;&lt;/ThirdPartyTools&gt;&lt;MitigationControl&gt;&lt;/MitigationControl&gt;&lt;Responsibility&gt;&lt;/Responsibility&gt;&lt;IAControls&gt;&lt;/IAControls&gt;</description>
      <ident system="http://cyber.mil/cci">CCI-001464</ident>
      <fixtext fixref="F-DKER-CE-000021_fix">Navigate to and open:

/etc/docker/daemon.json

Remove completely or set to info the "log-level" setting as seen in the example below.

  "log-level": "info"

If "log-level" is specified as an argument on the dockerd service it must be removed if not set to info.

Restart the docker daemon by running the following command:

# systemctl restart docker.service</fixtext>
      <check system="N/A">
        <check-content>The Docker daemon log level option can be specified as an argument on the dockerd service or through the daemon.json file.

To check arguments on the dockerd service, execute the following command:

# ps -ef | grep dockerd | grep log-level

To check options in the daemon.json file, execute the following command:

# grep log-level /etc/docker/daemon.json

If "log-level" is not specified as an argument or in the daemon.json file, this is not a finding.

If "log-level" is not set to "info", this is a finding.

Note: The default log-level if not specified is info.</check-content>
      </check>
    </Rule>
  </Group>
  <Group id="V-DKER-CE-000116">
    <title>SRG-APP-000383-CTR-000910</title>
    <Rule id="SV-DKER-CE-000116" severity="medium" weight="10.0">
      <version>DKER-CE-000116</version>
      <title>Docker CE must disable non-essential, unnecessary, and unsecure DoD ports, protocols, and services.</title>
      <description>&lt;VulnDiscussion&gt;The Docker Engine is configured by default to listen for API requests via a UNIX domain socket (or IPC socket) created at /var/run/docker.sock on supported Linux distributions. The Docker engine can also be configured to listen for API requests via additional socket types, including both TCP and FD (only on supported systemd-based Linux distributions). If configured to listen for API requests via the TCP socket type the instance is vulnerable to network based attacks and must not be used if unnecessary.&lt;/VulnDiscussion&gt;&lt;FalsePositives&gt;&lt;/FalsePositives&gt;&lt;FalseNegatives&gt;&lt;/FalseNegatives&gt;&lt;Documentable&gt;false&lt;/Documentable&gt;&lt;Mitigations&gt;&lt;/Mitigations&gt;&lt;SecurityOverrideGuidance&gt;&lt;/SecurityOverrideGuidance&gt;&lt;PotentialImpacts&gt;&lt;/PotentialImpacts&gt;&lt;ThirdPartyTools&gt;&lt;/ThirdPartyTools&gt;&lt;MitigationControl&gt;&lt;/MitigationControl&gt;&lt;Responsibility&gt;&lt;/Responsibility&gt;&lt;IAControls&gt;&lt;/IAControls&gt;</description>
      <ident system="http://cyber.mil/cci">CCI-001762</ident>
      <fixtext fixref="F-DKER-CE-000116_fix">The Docker daemon can be configured to listen on other ports in several places which all must be checked to find the offending configuration.

Navigate to and open:

/usr/lib/systemd/system/docker.service

In the "ExecStart" entry, remove any statement starting with "-H tcp://".

Navigate to and open:

/etc/docker/daemon.json

Find the "hosts" statement if it exists and remove any statement starting with "tcp://"

Restart the docker daemon by running the following command:

# systemctl restart docker.service</fixtext>
      <check system="N/A">
        <check-content>At the command prompt, execute the following command:

# netstat -anp | grep dockerd | grep "^tcp"

If the command produces any output, this is a finding.</check-content>
      </check>
    </Rule>
  </Group>
  <Group id="V-DKER-CE-000174">
    <title>SRG-APP-000038-CTR-000105</title>
    <Rule id="SV-DKER-CE-000174" severity="medium" weight="10.0">
      <version>DKER-CE-000174</version>
      <title>Docker CE must not share its host IPC namespace with containers.</title>
      <description>&lt;VulnDiscussion&gt;IPC (POSIX/SysV IPC) namespace provides separation of named shared memory segments, semaphores, and message queues. IPC namespace on the host thus must not be shared with the containers and must remain isolated.

IPC namespace provides separation of IPC between the host and containers. If the host's IPC namespace is shared with the container, it would allow processes within the container to see all of the IPC on the host system. This breaks the benefit of IPC level isolation between the host and the containers. Someone having access to the container could eventually manipulate the host IPC. Hence, do not share the host's IPC namespace with the containers.

Shared memory segments are used to accelerate inter-process communication. It is commonly used by high-performance applications. If such applications are containerized into multiple containers, the user might need to share the IPC namespace of the containers to achieve high performance. In such cases, the user must still be sharing container specific IPC namespaces only and not the host IPC namespace. The user may share the container's IPC namespace with another container as below:

Example:
docker run --interactive --tty --ipc=container:e3a7a1a97c58 centos /bin/bash

By default, all containers have the IPC namespace enabled and host IPC namespace is not shared with any container.&lt;/VulnDiscussion&gt;&lt;FalsePositives&gt;&lt;/FalsePositives&gt;&lt;FalseNegatives&gt;&lt;/FalseNegatives&gt;&lt;Documentable&gt;false&lt;/Documentable&gt;&lt;Mitigations&gt;&lt;/Mitigations&gt;&lt;SecurityOverrideGuidance&gt;&lt;/SecurityOverrideGuidance&gt;&lt;PotentialImpacts&gt;&lt;/PotentialImpacts&gt;&lt;ThirdPartyTools&gt;&lt;/ThirdPartyTools&gt;&lt;MitigationControl&gt;&lt;/MitigationControl&gt;&lt;Responsibility&gt;&lt;/Responsibility&gt;&lt;IAControls&gt;&lt;/IAControls&gt;</description>
      <ident system="http://cyber.mil/cci">CCI-001368</ident>
      <fixtext fixref="F-DKER-CE-000174_fix">For containers returned by the check command do the following:

Stop the container and then start the container without specifying the --IpcMode=host argument.</fixtext>
      <check system="N/A">
        <check-content>At the command prompt, execute the following command:

# docker ps --quiet --all | xargs docker inspect --format '{{ .Id }}: IpcMode={{ .HostConfig.IpcMode }}' | grep IpcMode=host

If the command produces any output, this is a finding.</check-content>
      </check>
    </Rule>
  </Group>
  <Group id="V-DKER-CE-000013">
    <title>SRG-APP-000038-CTR-000105</title>
    <Rule id="SV-DKER-CE-000013" severity="medium" weight="10.0">
      <version>DKER-CE-000013</version>
      <title>Docker CE must not share its host process namespace with containers.</title>
      <description>&lt;VulnDiscussion&gt;Process ID (PID) namespaces isolate the PID number space, meaning that processes in different PID namespaces can have the same PID. This is process level isolation between containers and the host.

PID namespace provides separation of processes. The PID Namespace removes the view of the system processes, and allows process IDs to be reused including PID 1. If the host's PID namespace is shared with the container, it would allow processes within the container to see all of the processes on the host system. This breaks the benefit of process level isolation between the host and the containers. Someone having access to the container can eventually know all the processes running on the host system and can even kill the host system processes from within the container. Hence, do not share the host's process namespace with the containers.

Container processes cannot see the processes on the host system. In certain cases, the container could share the host's process namespace. For example, the user could build a container with debugging tools like strace or gdb, but want to use these tools when debugging processes within the container. If this is desired, then share only one (or needed) host process by using the -p switch.

Example:
docker run --pid=host rhel7 strace -p 1234

By default, all containers have the PID namespace enabled and the host's process namespace is not shared with the containers.&lt;/VulnDiscussion&gt;&lt;FalsePositives&gt;&lt;/FalsePositives&gt;&lt;FalseNegatives&gt;&lt;/FalseNegatives&gt;&lt;Documentable&gt;false&lt;/Documentable&gt;&lt;Mitigations&gt;&lt;/Mitigations&gt;&lt;SecurityOverrideGuidance&gt;&lt;/SecurityOverrideGuidance&gt;&lt;PotentialImpacts&gt;&lt;/PotentialImpacts&gt;&lt;ThirdPartyTools&gt;&lt;/ThirdPartyTools&gt;&lt;MitigationControl&gt;&lt;/MitigationControl&gt;&lt;Responsibility&gt;&lt;/Responsibility&gt;&lt;IAControls&gt;&lt;/IAControls&gt;</description>
      <ident system="http://cyber.mil/cci">CCI-001368</ident>
      <fixtext fixref="F-DKER-CE-000013_fix">For containers returned by the check command do the following:

Stop the container and then start the container without specifying the --pid=host argument.</fixtext>
      <check system="N/A">
        <check-content>At the command prompt, execute the following command:

# docker ps --quiet --all | xargs docker inspect --format '{{ .Id }}: PidMode={{ .HostConfig.PidMode }}' | grep PidMode=host

If the command produces any output, this is a finding.</check-content>
      </check>
    </Rule>
  </Group>
  <Group id="V-DKER-CE-000045">
    <title>SRG-APP-000133-CTR-000305</title>
    <Rule id="SV-DKER-CE-000045" severity="medium" weight="10.0">
      <version>DKER-CE-000045</version>
      <title>Docker CE must protect /etc/docker/daemon.json from unauthorized changes.</title>
      <description>&lt;VulnDiscussion&gt;The daemon.json file contains sensitive parameters that may alter the behavior of docker daemon. Hence, it must be writable only by root to maintain the integrity of the file.

Satisfies: SRG-APP-000380-CTR-000900&lt;/VulnDiscussion&gt;&lt;FalsePositives&gt;&lt;/FalsePositives&gt;&lt;FalseNegatives&gt;&lt;/FalseNegatives&gt;&lt;Documentable&gt;false&lt;/Documentable&gt;&lt;Mitigations&gt;&lt;/Mitigations&gt;&lt;SecurityOverrideGuidance&gt;&lt;/SecurityOverrideGuidance&gt;&lt;PotentialImpacts&gt;&lt;/PotentialImpacts&gt;&lt;ThirdPartyTools&gt;&lt;/ThirdPartyTools&gt;&lt;MitigationControl&gt;&lt;/MitigationControl&gt;&lt;Responsibility&gt;&lt;/Responsibility&gt;&lt;IAControls&gt;&lt;/IAControls&gt;</description>
      <ident system="http://cyber.mil/cci">CCI-001499</ident>
      <fixtext fixref="F-DKER-CE-000045_fix">At the command prompt, execute the following command(s):

# chmod 644 /etc/docker/daemon.json
# chown root:root /etc/docker/daemon.json</fixtext>
      <check system="N/A">
        <check-content>At the command prompt, execute the following command:

# stat -c %a:%U:%G /etc/docker/daemon.json

Expected result:

644:root:root

If the permissions are not set to 644 or more restrictive, this is a finding.

If the file ownership is not set to root:root, this is a finding.</check-content>
      </check>
    </Rule>
  </Group>
  <Group id="V-DKER-CE-000050">
    <title>SRG-APP-000142-CTR-000330</title>
    <Rule id="SV-DKER-CE-000050" severity="medium" weight="10.0">
      <version>DKER-CE-000050</version>
      <title>Docker CE host privileged ports must not be mapped within containers.</title>
      <description>&lt;VulnDiscussion&gt;Privileged ports are those ports below 1024 and that require system privileges for their use. If containers are able to use these ports, the container must be run as a privileged user. The container platform must stop containers that try to map to these ports directly. Allowing non-privileged ports to be mapped to the container-privileged port is the allowable method when a certain port is needed. An example is mapping port 8080 externally to port 80 in the container.&lt;/VulnDiscussion&gt;&lt;FalsePositives&gt;&lt;/FalsePositives&gt;&lt;FalseNegatives&gt;&lt;/FalseNegatives&gt;&lt;Documentable&gt;false&lt;/Documentable&gt;&lt;Mitigations&gt;&lt;/Mitigations&gt;&lt;SecurityOverrideGuidance&gt;&lt;/SecurityOverrideGuidance&gt;&lt;PotentialImpacts&gt;&lt;/PotentialImpacts&gt;&lt;ThirdPartyTools&gt;&lt;/ThirdPartyTools&gt;&lt;MitigationControl&gt;&lt;/MitigationControl&gt;&lt;Responsibility&gt;&lt;/Responsibility&gt;&lt;IAControls&gt;&lt;/IAControls&gt;</description>
      <ident system="http://cyber.mil/cci">CCI-000382</ident>
      <fixtext fixref="F-DKER-CE-000050_fix">Reconfigure and restart any containers using privileged ports to utilize non-privileged ports.</fixtext>
      <check system="N/A">
        <check-content>At the command prompt, execute the following command:

$ docker ps --quiet | xargs docker inspect --format 'Container ID: {{ .Config.Hostname }}  IP/Ports: {{ range $v:=.NetworkSettings.Ports }}{{ range $h, $v }}{{ $h }}{{ end }}{{ end }}'

Example result:

Container ID: 65334557b956  IP/Ports: {0.0.0.0 49157}{:: 49157}{0.0.0.0 49156}{:: 49156}
Container ID: 123afcc716df  IP/Ports: {0.0.0.0 8001}{:: 8001}
Container ID: 7044965ac14c  IP/Ports: {0.0.0.0 8000}{:: 8000}

If any of the host ports returned are 1024 or below, this is a finding.</check-content>
      </check>
    </Rule>
  </Group>
  <Group id="V-DKER-CE-000175">
    <title>SRG-APP-000133-CTR-000305</title>
    <Rule id="SV-DKER-CE-000175" severity="medium" weight="10.0">
      <version>DKER-CE-000175</version>
      <title>Docker CE must protect /etc/docker/daemon.json from unauthorized changes.</title>
      <description>&lt;VulnDiscussion&gt;/etc/docker/daemon.json file contains sensitive parameters that may alter the behavior of docker daemon. Hence, it must be owned and group-owned by root to maintain the integrity of the file.&lt;/VulnDiscussion&gt;&lt;FalsePositives&gt;&lt;/FalsePositives&gt;&lt;FalseNegatives&gt;&lt;/FalseNegatives&gt;&lt;Documentable&gt;false&lt;/Documentable&gt;&lt;Mitigations&gt;&lt;/Mitigations&gt;&lt;SecurityOverrideGuidance&gt;&lt;/SecurityOverrideGuidance&gt;&lt;PotentialImpacts&gt;&lt;/PotentialImpacts&gt;&lt;ThirdPartyTools&gt;&lt;/ThirdPartyTools&gt;&lt;MitigationControl&gt;&lt;/MitigationControl&gt;&lt;Responsibility&gt;&lt;/Responsibility&gt;&lt;IAControls&gt;&lt;/IAControls&gt;</description>
      <ident system="http://cyber.mil/cci">CCI-001499</ident>
      <fixtext fixref="F-DKER-CE-000175_fix">At the command prompt, execute the following command(s):

# chmod 644 /etc/docker/daemon.json
# chown root:root /etc/docker/daemon.json</fixtext>
      <check system="N/A">
        <check-content>At the command prompt, execute the following command:

# stat -c %a:%U:%G /etc/docker/daemon.json

Expected result:

644:root:root

If the permissions are not set to 644 or more restrictive, this is a finding.

If the file ownership is not set to root:root, this is a finding.</check-content>
      </check>
    </Rule>
  </Group>
  <Group id="V-DKER-CE-000185">
    <title>SRG-APP-000516-CTR-001325</title>
    <Rule id="SV-DKER-CE-000185" severity="medium" weight="10.0">
      <version>DKER-CE-000185</version>
      <title>Docker CE must not overwrite the default ulimit.</title>
      <description>&lt;VulnDiscussion&gt;The default ulimit is set at the Docker daemon level. However, override the default ulimit setting, if needed, during container runtime.

ulimit provides control over the resources available to the shell and to processes started by it. Setting system resource limits judiciously prevents many disasters such as a fork bomb. Sometimes, even friendly users and legitimate processes can overuse system resources and in-turn can make the system unusable.

The default ulimit set at the Docker daemon level must be honored. If the default ulimit settings are not appropriate for a particular container instance, override them as an exception. But, do not make this a practice. If most of the container instances are overriding default ulimit settings, consider changing the default ulimit settings to something that is appropriate for your needs.

If the ulimits are not set properly, the desired resource control might not be achieved and might even make the system unusable.

Container instances inherit the default ulimit settings set at the Docker daemon level.&lt;/VulnDiscussion&gt;&lt;FalsePositives&gt;&lt;/FalsePositives&gt;&lt;FalseNegatives&gt;&lt;/FalseNegatives&gt;&lt;Documentable&gt;false&lt;/Documentable&gt;&lt;Mitigations&gt;&lt;/Mitigations&gt;&lt;SecurityOverrideGuidance&gt;&lt;/SecurityOverrideGuidance&gt;&lt;PotentialImpacts&gt;&lt;/PotentialImpacts&gt;&lt;ThirdPartyTools&gt;&lt;/ThirdPartyTools&gt;&lt;MitigationControl&gt;&lt;/MitigationControl&gt;&lt;Responsibility&gt;&lt;/Responsibility&gt;&lt;IAControls&gt;&lt;/IAControls&gt;</description>
      <ident system="http://cyber.mil/cci">CCI-000366</ident>
      <fixtext fixref="F-DKER-CE-000185_fix">For containers returned by the check command do the following:

Stop the container and then start the container without specifying the --ulimit argument.</fixtext>
      <check system="N/A">
        <check-content>To verify containers are not configured to overwrite the default ulimit, execute the following command:

# docker ps --quiet --all | xargs docker inspect --format '{{ .Id }}: Ulimits={{ .HostConfig.Ulimits }}'|grep -v "Ulimits=&lt;no value&gt;"

If any containers are returned, this is a finding.

If a container sets a Ulimit and the setting is not approved in the SSP, this is a finding.</check-content>
      </check>
    </Rule>
  </Group>
  <Group id="V-DKER-CE-000182">
    <title>SRG-APP-000516-CTR-001325</title>
    <Rule id="SV-DKER-CE-000182" severity="medium" weight="10.0">
      <version>DKER-CE-000182</version>
      <title>Docker CE must be configured to update iptables rules.</title>
      <description>&lt;VulnDiscussion&gt;Allowing docker to modify iptables rules ensures that incoming packets are inspected and either allowed or denied based on intentional network policy. This is the default behavior in Docker and must not be turned off.&lt;/VulnDiscussion&gt;&lt;FalsePositives&gt;&lt;/FalsePositives&gt;&lt;FalseNegatives&gt;&lt;/FalseNegatives&gt;&lt;Documentable&gt;false&lt;/Documentable&gt;&lt;Mitigations&gt;&lt;/Mitigations&gt;&lt;SecurityOverrideGuidance&gt;&lt;/SecurityOverrideGuidance&gt;&lt;PotentialImpacts&gt;&lt;/PotentialImpacts&gt;&lt;ThirdPartyTools&gt;&lt;/ThirdPartyTools&gt;&lt;MitigationControl&gt;&lt;/MitigationControl&gt;&lt;Responsibility&gt;&lt;/Responsibility&gt;&lt;IAControls&gt;&lt;/IAControls&gt;</description>
      <ident system="http://cyber.mil/cci">CCI-000366</ident>
      <fixtext fixref="F-DKER-CE-000182_fix">Navigate to and open:

/etc/docker/daemon.json

Add or update the following option as seen in the example below.

  "iptables": true

Restart the docker daemon by running the following command:

# systemctl restart docker.service

Note: This option can also be completely removed as an argument and removed from the daemon.json file as it is the default if not specified.</fixtext>
      <check system="N/A">
        <check-content>To verify the Docker daemon is configured to integrate with iptables, execute the following commands:

# ps -ef | grep dockerd
# grep iptables /etc/docker/daemon.json

If no output is returned from either command, this is NOT a finding.

If iptables is set to false as either an argument on the dockerd process or defined in the daemon.json file, this is a finding.</check-content>
      </check>
    </Rule>
  </Group>
  <Group id="V-DKER-CE-000176">
    <title>SRG-APP-000133-CTR-000305</title>
    <Rule id="SV-DKER-CE-000176" severity="medium" weight="10.0">
      <version>DKER-CE-000176</version>
      <title>Docker CE must protect the docker service from unauthorized changes.</title>
      <description>&lt;VulnDiscussion&gt;The docker service file contains sensitive parameters that may alter the behavior of docker daemon. Hence, it must be writable only by root to maintain the integrity of the file.&lt;/VulnDiscussion&gt;&lt;FalsePositives&gt;&lt;/FalsePositives&gt;&lt;FalseNegatives&gt;&lt;/FalseNegatives&gt;&lt;Documentable&gt;false&lt;/Documentable&gt;&lt;Mitigations&gt;&lt;/Mitigations&gt;&lt;SecurityOverrideGuidance&gt;&lt;/SecurityOverrideGuidance&gt;&lt;PotentialImpacts&gt;&lt;/PotentialImpacts&gt;&lt;ThirdPartyTools&gt;&lt;/ThirdPartyTools&gt;&lt;MitigationControl&gt;&lt;/MitigationControl&gt;&lt;Responsibility&gt;&lt;/Responsibility&gt;&lt;IAControls&gt;&lt;/IAControls&gt;</description>
      <ident system="http://cyber.mil/cci">CCI-001499</ident>
      <fixtext fixref="F-DKER-CE-000176_fix">At the command prompt, execute the following command(s):

# chmod 644 /usr/lib/systemd/system/docker.service
# chown root:root /usr/lib/systemd/system/docker.service</fixtext>
      <check system="N/A">
        <check-content>At the command prompt, execute the following command:

# stat -c %a:%U:%G /usr/lib/systemd/system/docker.service

Expected result:

644:root:root

If the permissions are not set to 644 or more restrictive, this is a finding.

If the file ownership is not set to root:root, this is a finding.</check-content>
      </check>
    </Rule>
  </Group>
  <Group id="V-DKER-CE-000193">
    <title>SRG-APP-000516-CTR-001325</title>
    <Rule id="SV-DKER-CE-000193" severity="medium" weight="10.0">
      <version>DKER-CE-000193</version>
      <title>Docker CE must not expose host devices to containers.</title>
      <description>&lt;VulnDiscussion&gt;Host devices must not be exposed directly to a container as this could lead to elevated privileges for a container which could then be used as a pivot point to impact the system or gain access where unintended.&lt;/VulnDiscussion&gt;&lt;FalsePositives&gt;&lt;/FalsePositives&gt;&lt;FalseNegatives&gt;&lt;/FalseNegatives&gt;&lt;Documentable&gt;false&lt;/Documentable&gt;&lt;Mitigations&gt;&lt;/Mitigations&gt;&lt;SecurityOverrideGuidance&gt;&lt;/SecurityOverrideGuidance&gt;&lt;PotentialImpacts&gt;&lt;/PotentialImpacts&gt;&lt;ThirdPartyTools&gt;&lt;/ThirdPartyTools&gt;&lt;MitigationControl&gt;&lt;/MitigationControl&gt;&lt;Responsibility&gt;&lt;/Responsibility&gt;&lt;IAControls&gt;&lt;/IAControls&gt;</description>
      <ident system="http://cyber.mil/cci">CCI-000366</ident>
      <fixtext fixref="F-DKER-CE-000193_fix">For containers returned by the check command do the following:

Stop the container and then start the container without specifying the --device argument.</fixtext>
      <check system="N/A">
        <check-content>At the command prompt, execute the following command:

# docker ps --quiet --all | xargs docker inspect --format '{{ .Id }}: Devices={{ .HostConfig.Devices }}'|grep -v -E "Devices=\[\]|Devices=&lt;no value&gt;"

If any containers are returned, this is a finding.</check-content>
      </check>
    </Rule>
  </Group>
  <Group id="V-DKER-CE-000192">
    <title>SRG-APP-000516-CTR-001325</title>
    <Rule id="SV-DKER-CE-000192" severity="medium" weight="10.0">
      <version>DKER-CE-000192</version>
      <title>Docker CE must not configure a volume with a mount propagation of shared.</title>
      <description>&lt;VulnDiscussion&gt;Mount propagation mode allows mounting volumes in shared, slave or private mode on a container. Do not use shared mount propagation mode until needed.

A shared mount is replicated at all mounts and the changes made at any mount point are propagated to all mounts. Mounting a volume in shared mode does not restrict any other container from mounting and making changes to that volume. These unintended volume changes could potentially impact data hosted on the mounted volume. Do not set mount propagation mode to shared until needed.

By default, the container mounts are private.&lt;/VulnDiscussion&gt;&lt;FalsePositives&gt;&lt;/FalsePositives&gt;&lt;FalseNegatives&gt;&lt;/FalseNegatives&gt;&lt;Documentable&gt;false&lt;/Documentable&gt;&lt;Mitigations&gt;&lt;/Mitigations&gt;&lt;SecurityOverrideGuidance&gt;&lt;/SecurityOverrideGuidance&gt;&lt;PotentialImpacts&gt;&lt;/PotentialImpacts&gt;&lt;ThirdPartyTools&gt;&lt;/ThirdPartyTools&gt;&lt;MitigationControl&gt;&lt;/MitigationControl&gt;&lt;Responsibility&gt;&lt;/Responsibility&gt;&lt;IAControls&gt;&lt;/IAControls&gt;</description>
      <ident system="http://cyber.mil/cci">CCI-000366</ident>
      <fixtext fixref="F-DKER-CE-000192_fix">For containers returned by the check command do the following:

Stop the container and then start the container by updating the mount propagation arguments to be private instead of shared.</fixtext>
      <check system="N/A">
        <check-content>At the command prompt, execute the following command:

# docker ps --quiet --all | xargs docker inspect --format '{{ .Id }}:Propagation={{range $mnt := .Mounts}} {{json $mnt.Propagation}} {{end}}' | grep shared

If any containers are returned, this is a finding.</check-content>
      </check>
    </Rule>
  </Group>
  <Group id="V-DKER-CE-000187">
    <title>SRG-APP-000516-CTR-001325</title>
    <Rule id="SV-DKER-CE-000187" severity="high" weight="10.0">
      <version>DKER-CE-000187</version>
      <title>Docker CE must the default base device size.</title>
      <description>&lt;VulnDiscussion&gt;Altering the default base size could lead to overallocation of storage and cause a denial of service.&lt;/VulnDiscussion&gt;&lt;FalsePositives&gt;&lt;/FalsePositives&gt;&lt;FalseNegatives&gt;&lt;/FalseNegatives&gt;&lt;Documentable&gt;false&lt;/Documentable&gt;&lt;Mitigations&gt;&lt;/Mitigations&gt;&lt;SecurityOverrideGuidance&gt;&lt;/SecurityOverrideGuidance&gt;&lt;PotentialImpacts&gt;&lt;/PotentialImpacts&gt;&lt;ThirdPartyTools&gt;&lt;/ThirdPartyTools&gt;&lt;MitigationControl&gt;&lt;/MitigationControl&gt;&lt;Responsibility&gt;&lt;/Responsibility&gt;&lt;IAControls&gt;&lt;/IAControls&gt;</description>
      <ident system="http://cyber.mil/cci">CCI-000366</ident>
      <fixtext fixref="F-DKER-CE-000187_fix">Navigate to and open:

/etc/docker/daemon.json

Find the "dm-basesize" line and remove it.

Restart the docker daemon by running the following command:

# systemctl restart docker.service

Note: This setting may also be specified as an argument to the Docker daemon service and must be removed there if specified in that manner.</fixtext>
      <check system="N/A">
        <check-content>To verify the Docker daemon is configured with the default base size, execute the following commands:

# ps -ef | grep dockerd
# grep dm.basesize /etc/docker/daemon.json

If dm-basesize is configured either as an argument on the dockerd process or defined in the daemon.json file, this is a finding.</check-content>
      </check>
    </Rule>
  </Group>
  <Group id="V-DKER-CE-000196">
    <title>SRG-APP-000516-CTR-001325</title>
    <Rule id="SV-DKER-CE-000196" severity="medium" weight="10.0">
      <version>DKER-CE-000196</version>
      <title>Docker CE must verify cgroup usage on containers.</title>
      <description>&lt;VulnDiscussion&gt;It is possible to attach to a particular cgroup on container run. Confirming cgroup usage will ensure that containers are running under defined cgroups.

System administrators typically define cgroups under which containers are supposed to run. Even if cgroups are not explicitly defined by the system administrators, containers run under docker cgroup by default. At run-time, it is possible to attach to a different cgroup than the one that was expected to be used. This usage must be monitored and confirmed. By attaching to a different cgroup than the one that is expected, excess permissions and resources might be granted to the container and thus can prove to be unsafe.

By default, containers run under docker cgroup.&lt;/VulnDiscussion&gt;&lt;FalsePositives&gt;&lt;/FalsePositives&gt;&lt;FalseNegatives&gt;&lt;/FalseNegatives&gt;&lt;Documentable&gt;false&lt;/Documentable&gt;&lt;Mitigations&gt;&lt;/Mitigations&gt;&lt;SecurityOverrideGuidance&gt;&lt;/SecurityOverrideGuidance&gt;&lt;PotentialImpacts&gt;&lt;/PotentialImpacts&gt;&lt;ThirdPartyTools&gt;&lt;/ThirdPartyTools&gt;&lt;MitigationControl&gt;&lt;/MitigationControl&gt;&lt;Responsibility&gt;&lt;/Responsibility&gt;&lt;IAControls&gt;&lt;/IAControls&gt;</description>
      <ident system="http://cyber.mil/cci">CCI-000366</ident>
      <fixtext fixref="F-DKER-CE-000196_fix">For containers returned by the check command do the following:

Stop the container and then start the container without specifying the --cgroup-parent argument.</fixtext>
      <check system="N/A">
        <check-content>At the command prompt, execute the following command:

# docker ps --quiet --all | xargs docker inspect --format '{{ .Id }}: CgroupParent={{ .HostConfig.CgroupParent }}'

If the CgroupParent is blank, the container is running under the default docker cgroupparent, this is NOT a finding.

If a container has a cgroupparent defined and it is not the one documented in the SSP, this is a finding.</check-content>
      </check>
    </Rule>
  </Group>
  <Group id="V-DKER-CE-000001">
    <title>SRG-APP-000014-CTR-000035</title>
    <Rule id="SV-DKER-CE-000001" severity="medium" weight="10.0">
      <version>DKER-CE-000001</version>
      <title>Docker CE must not use insecure registries.</title>
      <description>&lt;VulnDiscussion&gt;The authenticity and integrity of the container image during the container image lifecycle is part of the overall security posture of the container platform. This begins with the container image creation and pull of a base image from a trusted source for child container image creation and the instantiation of the new image into a running service. If an insecure protocol is used during transmission of container images at any step of the lifecycle, a bad actor may inject nefarious code into the container image. The container image, when instantiated, then becomes a security risk to the container platform, the host server, and other containers within the container platform.&lt;/VulnDiscussion&gt;&lt;FalsePositives&gt;&lt;/FalsePositives&gt;&lt;FalseNegatives&gt;&lt;/FalseNegatives&gt;&lt;Documentable&gt;false&lt;/Documentable&gt;&lt;Mitigations&gt;&lt;/Mitigations&gt;&lt;SecurityOverrideGuidance&gt;&lt;/SecurityOverrideGuidance&gt;&lt;PotentialImpacts&gt;&lt;/PotentialImpacts&gt;&lt;ThirdPartyTools&gt;&lt;/ThirdPartyTools&gt;&lt;MitigationControl&gt;&lt;/MitigationControl&gt;&lt;Responsibility&gt;&lt;/Responsibility&gt;&lt;IAControls&gt;&lt;/IAControls&gt;</description>
      <ident system="http://cyber.mil/cci">CCI-000068</ident>
      <fixtext fixref="F-DKER-CE-000001_fix">To remove an insecure registry, do the following:

Navigate to and open:

/etc/docker/daemon.json

Find the "insecure-registries" line and remove any non-local insecure registries.

Restart the docker daemon by running the following command:

# systemctl restart docker.service

Note: Insecure registries may also be specified as an arguement to the Docker daemon service and must be removed there if specified in that manner.</fixtext>
      <check system="N/A">
        <check-content>At the command prompt, execute the following command:

# docker info

Examine the Insecure Registries section, for example:

Insecure Registries:
  127.0.0.0/8

If there are any insecure registries configured that are not local to the host, this is a finding.</check-content>
      </check>
    </Rule>
  </Group>
  <Group id="V-DKER-CE-000049">
    <title>SRG-APP-000142-CTR-000325</title>
    <Rule id="SV-DKER-CE-000049" severity="medium" weight="10.0">
      <version>DKER-CE-000049</version>
      <title>Docker CE network ports on all running containers must be limited to what is needed.</title>
      <description>&lt;VulnDiscussion&gt;A container can be run just with the ports defined in the Dockerfile for its image or can be arbitrarily passed run time parameters to open a list of ports. Additionally, over time, Dockerfiles may undergo various changes and the list of exposed ports may or may not be relevant to the application running within the container. Opening unneeded ports increases the attack surface of the container and the containerized application. Per the requirements set forth by the System Security Plan (SSP), ensure only needed ports are open on all running containers.&lt;/VulnDiscussion&gt;&lt;FalsePositives&gt;&lt;/FalsePositives&gt;&lt;FalseNegatives&gt;&lt;/FalseNegatives&gt;&lt;Documentable&gt;false&lt;/Documentable&gt;&lt;Mitigations&gt;&lt;/Mitigations&gt;&lt;SecurityOverrideGuidance&gt;&lt;/SecurityOverrideGuidance&gt;&lt;PotentialImpacts&gt;&lt;/PotentialImpacts&gt;&lt;ThirdPartyTools&gt;&lt;/ThirdPartyTools&gt;&lt;MitigationControl&gt;&lt;/MitigationControl&gt;&lt;Responsibility&gt;&lt;/Responsibility&gt;&lt;IAControls&gt;&lt;/IAControls&gt;</description>
      <ident system="http://cyber.mil/cci">CCI-000382</ident>
      <fixtext fixref="F-DKER-CE-000049_fix">Update Dockerfiles and set or remove any EXPOSE lines accordingly.

To ignore exposed ports as defined by a Dockerfile during container start, do not pass the "-P/--publish-all" flag to the Docker commands.

When publishing needed ports at container start, use the "-p/--publish" flag to explicitly define the ports that are needed.</fixtext>
      <check system="N/A">
        <check-content>At the command prompt, execute the following command:

$ docker ps --quiet | xargs docker inspect --format 'Container ID: {{ .Config.Hostname }}  IP/Ports: {{ range $v:=.NetworkSettings.Ports }}{{ range $h, $v }}{{ $h }}{{ end }}{{ end }}'

Example result:

Container ID: 65334557b956  IP/Ports: {0.0.0.0 49157}{:: 49157}{0.0.0.0 49156}{:: 49156}
Container ID: 123afcc716df  IP/Ports: {0.0.0.0 8001}{:: 8001}
Container ID: 7044965ac14c  IP/Ports: {0.0.0.0 8000}{:: 8000}

Review the list and ensure that the ports mapped are the ones required for the containers.

If ports are not documented and approved, this is a finding.</check-content>
      </check>
    </Rule>
  </Group>
</Benchmark>
