<?xml version="1.0" encoding="UTF-8"?><?xml-stylesheet type="text/xsl" href="STIG_unclass.xsl"?>
<Benchmark xmlns:dc="http://purl.org/dc/elements/1.1/" xmlns:xsi="http://www.w3.org/2001/XMLSchema-instance" xmlns:cpe="http://cpe.mitre.org/language/2.0" xmlns:xhtml="http://www.w3.org/1999/xhtml" xmlns:dsig="http://www.w3.org/2000/09/xmldsig#" xsi:schemaLocation="http://checklists.nist.gov/xccdf/1.1 http://nvd.nist.gov/schema/xccdf-1.1.4.xsdhttp://cpe.mitre.org/dictionary/2.0 http://cpe.mitre.org/files/cpe-dictionary_2.1.xsd" id="VMware Aria Operations 8.x Application" xml:lang="en" xmlns="http://checklists.nist.gov/xccdf/1.1">
  <status date="2024-04-11">draft</status>
  <title>VMware Aria Operations 8.x Application STIG Readiness Guide</title>
  <description/>
  <notice id="terms-of-use" xml:lang="en"/>
  <front-matter xml:lang="en"/>
  <rear-matter xml:lang="en"/>
  <reference href="">
    <dc:publisher/>
    <dc:source/>
  </reference>
  <plain-text id="release-info">Release: 3 Benchmark Date: 10 Apr 2024</plain-text>
  <plain-text id="generator">3.2.2.36079</plain-text>
  <plain-text id="conventionsVersion">1.10.0</plain-text>
  <version>1</version>
  <Group id="V-VRPA-8X-000008">
    <title>SRG-APP-000514-AS-000137</title>
    <Rule id="SV-VRPA-8X-000008" severity="medium" weight="10.0">
      <version>VRPA-8X-000008</version>
      <title>VMware Aria Operations must use DoD- or CNSS-approved PKI Class 3 or Class 4 certificates.</title>
      <description>&lt;VulnDiscussion&gt;Class 3 PKI certificates are used for servers and software signing rather than for identifying individuals. Class 4 certificates are used for business-to-business transactions. Utilizing unapproved certificates not issued or approved by DoD or CNS creates an integrity risk. The application server must utilize approved DoD or CNS Class 3 or Class 4 certificates for software signing and business-to-business transactions.

Satisfies: SRG-APP-000427-AS-000264&lt;/VulnDiscussion&gt;&lt;FalsePositives&gt;&lt;/FalsePositives&gt;&lt;FalseNegatives&gt;&lt;/FalseNegatives&gt;&lt;Documentable&gt;false&lt;/Documentable&gt;&lt;Mitigations&gt;&lt;/Mitigations&gt;&lt;SecurityOverrideGuidance&gt;&lt;/SecurityOverrideGuidance&gt;&lt;PotentialImpacts&gt;&lt;/PotentialImpacts&gt;&lt;ThirdPartyTools&gt;&lt;/ThirdPartyTools&gt;&lt;MitigationControl&gt;&lt;/MitigationControl&gt;&lt;Responsibility&gt;&lt;/Responsibility&gt;&lt;IAControls&gt;&lt;/IAControls&gt;</description>
      <ident system="http://cyber.mil/cci">CCI-002450</ident>
      <fixtext fixref="F-VRPA-8X-000008_fix">Obtain a web server certificate from the proper DoD authority.

Prepare the certificate, private key, intermediate(s) and root as one continuous concatenated PEM file as shown below:

-----BEGIN CERTIFICATE-----
(Your Primary SSL certificate: your_domain_name.crt)
-----END CERTIFICATE-----
-----BEGIN RSA PRIVATE KEY-----
(Your Private Key: your_domain_name.key)
-----END RSA PRIVATE KEY-----
-----BEGIN CERTIFICATE-----
(Your Intermediate certificate: DoD CA 34.crt)
-----END CERTIFICATE-----
-----BEGIN CERTIFICATE-----
(Your Root certificate: DoD Root CA 2.crt)
-----END CERTIFICATE-----

Login to the vRealize Operations Manager admin portal (/admin/) as an administrator.

In the upper right corner, click the certificate icon.

Click the "Install new certificate" button".

Click "Browse..." and select your PEM file from above.

Validate that the certificate information is correct and click "Install".</fixtext>
      <check system="N/A">
        <check-content>Login to the vRealize Operations Manager admin portal (/admin/) as an administrator.

In the upper right corner, click the certificate icon.

If the "Certificate Information" does not show a valid, DoD-issued certificate, this is a finding.</check-content>
      </check>
    </Rule>
  </Group>
  <Group id="V-VRPA-8X-000001">
    <title>SRG-APP-000033-AS-000024</title>
    <Rule id="SV-VRPA-8X-000001" severity="medium" weight="10.0">
      <version>VRPA-8X-000001</version>
      <title>VMware Aria Operations must enforce approved authorizations for logical access to information and system resources in accordance with applicable access control policies.</title>
      <description>&lt;VulnDiscussion&gt;Strong access controls are critical to securing the application server. Access control policies (e.g., identity-based policies, role-based policies, attribute-based policies) and access enforcement mechanisms (e.g., access control lists, access control matrices, cryptography) must be employed by the application server to control access between users (or processes acting on behalf of users) and objects (e.g., applications, files, records, processes, application domains) in the application server.

Without stringent logical access and authorization controls, an adversary may have the ability, with very little effort, to compromise the application server and associated supporting infrastructure.&lt;/VulnDiscussion&gt;&lt;FalsePositives&gt;&lt;/FalsePositives&gt;&lt;FalseNegatives&gt;&lt;/FalseNegatives&gt;&lt;Documentable&gt;false&lt;/Documentable&gt;&lt;Mitigations&gt;&lt;/Mitigations&gt;&lt;SecurityOverrideGuidance&gt;&lt;/SecurityOverrideGuidance&gt;&lt;PotentialImpacts&gt;&lt;/PotentialImpacts&gt;&lt;ThirdPartyTools&gt;&lt;/ThirdPartyTools&gt;&lt;MitigationControl&gt;&lt;/MitigationControl&gt;&lt;Responsibility&gt;&lt;/Responsibility&gt;&lt;IAControls&gt;&lt;/IAControls&gt;</description>
      <ident system="http://cyber.mil/cci">CCI-000213</ident>
      <fixtext fixref="F-VRPA-8X-000001_fix">Login to the vRealize Operations Manager portal as an administrator.

Navigate to Administration &gt;&gt; Access Control.

Select the User Accounts or Roles tab and edit assigned roles or edit roles with assigned permissions.</fixtext>
      <check system="N/A">
        <check-content>Login to the vRealize Operations Manager portal as an administrator.

Navigate to Administration &gt;&gt; Access Control.

Review the User Accounts and User Groups tabs.

If a user account or group is assigned access to resources that are not organization approved, then this is a finding.</check-content>
      </check>
    </Rule>
  </Group>
  <Group id="V-VRPA-8X-000007">
    <title>SRG-APP-000371-AS-000077</title>
    <Rule id="SV-VRPA-8X-000007" severity="medium" weight="10.0">
      <version>VRPA-8X-000007</version>
      <title>VMware Aria Operations must compare internal application server clocks at least every 24 hours with an authoritative time source.</title>
      <description>&lt;VulnDiscussion&gt;Determining the correct time a particular application event occurred on a system is critical when conducting forensic analysis and investigating system events.

Synchronization of system clocks is needed in order to correctly correlate the timing of events that occur across multiple systems. To meet this requirement, the organization will define an authoritative time source and have each system compare its internal clock at least every 24 hours.&lt;/VulnDiscussion&gt;&lt;FalsePositives&gt;&lt;/FalsePositives&gt;&lt;FalseNegatives&gt;&lt;/FalseNegatives&gt;&lt;Documentable&gt;false&lt;/Documentable&gt;&lt;Mitigations&gt;&lt;/Mitigations&gt;&lt;SecurityOverrideGuidance&gt;&lt;/SecurityOverrideGuidance&gt;&lt;PotentialImpacts&gt;&lt;/PotentialImpacts&gt;&lt;ThirdPartyTools&gt;&lt;/ThirdPartyTools&gt;&lt;MitigationControl&gt;&lt;/MitigationControl&gt;&lt;Responsibility&gt;&lt;/Responsibility&gt;&lt;IAControls&gt;&lt;/IAControls&gt;</description>
      <ident system="http://cyber.mil/cci">CCI-001891</ident>
      <fixtext fixref="F-VRPA-8X-000007_fix">Login to the vRealize Operations Manager admin portal (/admin/) as an administrator.

In the upper right corner, click the globe icon.

Remove any unauthorized time sources and configure two authorized time sources and click ok.</fixtext>
      <check system="N/A">
        <check-content>Login to the vRealize Operations Manager admin portal (/admin/) as an administrator.

In the upper right corner, click the globe icon.

If there are not two approved authoritative time sources configured, this is a finding.</check-content>
      </check>
    </Rule>
  </Group>
  <Group id="V-VRPA-8X-000004">
    <title>SRG-APP-000149-AS-000102</title>
    <Rule id="SV-VRPA-8X-000004" severity="high" weight="10.0">
      <version>VRPA-8X-000004</version>
      <title>VMware Aria Operations must use multifactor authentication for network access to privileged accounts.</title>
      <description>&lt;VulnDiscussion&gt;Multifactor authentication creates a layered defense and makes it more difficult for an unauthorized person to access the application server.  If one factor is compromised or broken, the attacker still has at least one more barrier to breach before successfully breaking into the target.  Unlike a simple username/password scenario where the attacker could gain access by knowing both the username and password without the user knowing his account was compromised, multifactor authentication adds the requirement that the attacker must have something from the user, such as a token, or to biometrically be the user.

Multifactor authentication is defined as: using two or more factors to achieve authentication. 

Factors include: 
(i) something a user knows (e.g., password/PIN); 
(ii) something a user has (e.g., cryptographic identification device, token); or 
(iii) something a user is (e.g., biometric). A CAC or PKI Hardware Token meets this definition.

A privileged account is defined as an information system account with authorizations of a privileged user.  These accounts would be capable of accessing the web management interface.

When accessing the application server via a network connection, administrative access to the application server must be PKI Hardware Token enabled.&lt;/VulnDiscussion&gt;&lt;FalsePositives&gt;&lt;/FalsePositives&gt;&lt;FalseNegatives&gt;&lt;/FalseNegatives&gt;&lt;Documentable&gt;false&lt;/Documentable&gt;&lt;Mitigations&gt;&lt;/Mitigations&gt;&lt;SecurityOverrideGuidance&gt;&lt;/SecurityOverrideGuidance&gt;&lt;PotentialImpacts&gt;&lt;/PotentialImpacts&gt;&lt;ThirdPartyTools&gt;&lt;/ThirdPartyTools&gt;&lt;MitigationControl&gt;&lt;/MitigationControl&gt;&lt;Responsibility&gt;&lt;/Responsibility&gt;&lt;IAControls&gt;&lt;/IAControls&gt;</description>
      <ident system="http://cyber.mil/cci">CCI-000765</ident>
      <fixtext fixref="F-VRPA-8X-000004_fix">Multifactor authentication can be enabled in two ways for vRealize Operations Manager by using either vSphere SSO or VMware Identity Manager as an authentication source and then configuring those sources appropriately.

To configure authentication sources in vRealize Operations Manager perform the following:

Login to the vRealize Operations Manager portal as an administrator.

Navigate to Administration &gt;&gt; Authentication Sources.

Click Add and choose either SSO SAML or VMware Identity Manager as the source type.

Fill in the environment specific details and complete the configuration.

The authentication source must then be appropriately configured to support multifactor authentication.

For vCenter refer to the vCenter STIG and for vIDM refer to the accompanying white paper.</fixtext>
      <check system="N/A">
        <check-content>Navigate to the vRealize Operations Manager login page in a new browser session.

If your CAC is inserted but you are not prompted to select a certificate or enter your PIN, this is a finding.</check-content>
      </check>
    </Rule>
  </Group>
  <Group id="V-VRPA-8X-000006">
    <title>SRG-APP-000220-AS-000148</title>
    <Rule id="SV-VRPA-8X-000006" severity="medium" weight="10.0">
      <version>VRPA-8X-000006</version>
      <title>VMware Aria Operations server session timeout must be configured.</title>
      <description>&lt;VulnDiscussion&gt;If communications sessions remain open for extended periods of time even when unused, there is the potential for an adversary to hijack the session and use it to gain access to the device or networks to which it is attached. Terminating sessions after a logout event or after a certain period of inactivity is a method for mitigating the risk of this vulnerability. When a user management session becomes idle, or when a user logs out of the management interface, the application server must terminate the session.&lt;/VulnDiscussion&gt;&lt;FalsePositives&gt;&lt;/FalsePositives&gt;&lt;FalseNegatives&gt;&lt;/FalseNegatives&gt;&lt;Documentable&gt;false&lt;/Documentable&gt;&lt;Mitigations&gt;&lt;/Mitigations&gt;&lt;SecurityOverrideGuidance&gt;&lt;/SecurityOverrideGuidance&gt;&lt;PotentialImpacts&gt;&lt;/PotentialImpacts&gt;&lt;ThirdPartyTools&gt;&lt;/ThirdPartyTools&gt;&lt;MitigationControl&gt;&lt;/MitigationControl&gt;&lt;Responsibility&gt;&lt;/Responsibility&gt;&lt;IAControls&gt;&lt;/IAControls&gt;</description>
      <ident system="http://cyber.mil/cci">CCI-001185</ident>
      <fixtext fixref="F-VRPA-8X-000006_fix">Login to the vRealize Operations Manager portal as an administrator.

Navigate to Administration &gt;&gt; Global Settings.

Select the Session Timeout line and click the edit icon.  Enter 15 minutes and click Save.</fixtext>
      <check system="N/A">
        <check-content>Login to the vRealize Operations Manager portal as an administrator.

Navigate to Administration &gt;&gt; Global Settings.

If the "Session Timeout:" setting is not “15” minutes or less, this is a finding.</check-content>
      </check>
    </Rule>
  </Group>
  <Group id="V-VRPA-8X-000056">
    <title>SRG-APP-000179-AS-000129</title>
    <Rule id="SV-VRPA-8X-000056" severity="high" weight="10.0">
      <version>VRPA-8X-000056</version>
      <title>The VMware Aria Operations server must utilize FIPS 140-2 approved encryption modules when authenticating users and processes.</title>
      <description>&lt;VulnDiscussion&gt;Encryption is only as good as the encryption modules utilized.  Unapproved cryptographic module algorithms cannot be verified and cannot be relied upon to provide confidentiality or integrity, and DoD data may be compromised due to weak algorithms.  The use of TLS provides confidentiality of data in transit between the application server and client.  

TLS must be enabled and non-FIPS-approved SSL versions must be disabled.  NIST SP 800-52 specifies the preferred configurations for government systems.&lt;/VulnDiscussion&gt;&lt;FalsePositives&gt;&lt;/FalsePositives&gt;&lt;FalseNegatives&gt;&lt;/FalseNegatives&gt;&lt;Documentable&gt;false&lt;/Documentable&gt;&lt;Mitigations&gt;&lt;/Mitigations&gt;&lt;SecurityOverrideGuidance&gt;&lt;/SecurityOverrideGuidance&gt;&lt;PotentialImpacts&gt;&lt;/PotentialImpacts&gt;&lt;ThirdPartyTools&gt;&lt;/ThirdPartyTools&gt;&lt;MitigationControl&gt;&lt;/MitigationControl&gt;&lt;Responsibility&gt;&lt;/Responsibility&gt;&lt;IAControls&gt;&lt;/IAControls&gt;</description>
      <ident system="http://cyber.mil/cci">CCI-000803</ident>
      <fixtext fixref="F-VRPA-8X-000056_fix">Login to the vRealize Operations Manager admin portal (/admin/) as an administrator.

Choose "Administrator Settings" in the left menu, then "FIPS 140-2 Settings" in the center pane.

Ensure "FIPS 140-2" is Activated, then click "Save".

Note: The cluster must be offline in order to activate FIPS mode, and once FIPS mode is activated, it can never be de-activated.</fixtext>
      <check system="N/A">
        <check-content>Login to the vRealize Operations Manager admin portal (/admin/) as an administrator.

Choose "Administrator Settings" in the left menu, then "FIPS 140-2 Settings" in the center pane.

If "FIPS 140-2 Status" does not show "Activated", this is a finding.</check-content>
      </check>
    </Rule>
  </Group>
  <Group id="V-VRPA-8X-000002">
    <title>SRG-APP-000068-AS-000035</title>
    <Rule id="SV-VRPA-8X-000002" severity="medium" weight="10.0">
      <version>VRPA-8X-000002</version>
      <title>VMware Aria Operations must display the Standard Mandatory DoD Notice and Consent Banner before granting access to the system.</title>
      <description>&lt;VulnDiscussion&gt;Application servers are required to display the Standard Mandatory DoD Notice and Consent Banner before granting access to the system management interface, providing privacy and security notices consistent with applicable federal laws, Executive Orders, directives, policies, regulations, standards, and guidance that states that: 

(i) users are accessing a U.S. Government information system; 
(ii) system usage may be monitored, recorded, and subject to audit; 
(iii) unauthorized use of the system is prohibited and subject to criminal and civil penalties; and 
(iv) the use of the system indicates consent to monitoring and recording.

System use notification messages can be implemented in the form of warning banners displayed when individuals log on to the information system. 

System use notification is intended only for information system access including an interactive logon interface with a human user, and is not required when an interactive interface does not exist. 

Use this banner for desktops, laptops, and other devices accommodating banners of 1300 characters. The banner shall be implemented as a click-through banner at logon (to the extent permitted by the operating system), meaning it prevents further activity on the information system unless and until the user executes a positive action to manifest agreement by clicking on a box indicating "OK".

"You are accessing a U.S. Government (USG) Information System (IS) that is provided for USG-authorized use only.
By using this IS (which includes any device attached to this IS), you consent to the following conditions:
-The USG routinely intercepts and monitors communications on this IS for purposes including, but not limited to, penetration testing, COMSEC monitoring, network operations and defense, personnel misconduct (PM), law enforcement (LE), and counterintelligence (CI) investigations.
-At any time, the USG may inspect and seize data stored on this IS.
-Communications using, or data stored on, this IS are not private, are subject to routine monitoring, interception, and search, and may be disclosed or used for any USG-authorized purpose.
-This IS includes security measures (e.g., authentication and access controls) to protect USG interests--not for your personal benefit or privacy.
-Notwithstanding the above, using this IS does not constitute consent to PM, LE or CI investigative searching or monitoring of the content of privileged communications, or work product, related to personal representation or services by attorneys, psychotherapists, or clergy, and their assistants. Such communications and work product are private and confidential. See User Agreement for details."&lt;/VulnDiscussion&gt;&lt;FalsePositives&gt;&lt;/FalsePositives&gt;&lt;FalseNegatives&gt;&lt;/FalseNegatives&gt;&lt;Documentable&gt;false&lt;/Documentable&gt;&lt;Mitigations&gt;&lt;/Mitigations&gt;&lt;SecurityOverrideGuidance&gt;&lt;/SecurityOverrideGuidance&gt;&lt;PotentialImpacts&gt;&lt;/PotentialImpacts&gt;&lt;ThirdPartyTools&gt;&lt;/ThirdPartyTools&gt;&lt;MitigationControl&gt;&lt;/MitigationControl&gt;&lt;Responsibility&gt;&lt;/Responsibility&gt;&lt;IAControls&gt;&lt;/IAControls&gt;</description>
      <ident system="http://cyber.mil/cci">CCI-000048</ident>
      <fixtext fixref="F-VRPA-8X-000002_fix">The banner can be displayed in several ways for vRealize Operations Manager by using either vSphere SSO or VMware Identity Manager as an authentication source and then configuring those sources appropriately, or within vRealize Operations Manager directly.

To configure authentication sources in vRealize Operations Manager perform the following:

Login to the vRealize Operations Manager portal as an administrator.

Navigate to Administration &gt;&gt; Authentication Sources.

Click Add and choose either SSO SAML or VMware Identity Manager as the source type.

Fill in the environment specific details and compete the configuration.

The authentication source must be then appropriately configured to support the DoD banner.  For vCenter refer to the vCenter STIG and for vIDM refer to the accompanying white paper.

To configure the login banner within vRealize Operations Manager perform the following:

Login to the vRealize Operations Manager portal as an administrator.

Navigate to Administration &gt;&gt; Global Settings &gt;&gt; User Access.

Ensure the "Login Message" toggle is set to "Activated", then under "Display Content" ensure the login banner information is entered correctly.

Click "Save".</fixtext>
      <check system="N/A">
        <check-content>Login to vRealize Operations Manager to check if the DoD banner is displayed.

If users are not presented with the DoD Notice and Consent Banner before login, this is a finding.</check-content>
      </check>
    </Rule>
  </Group>
  <Group id="V-VRPA-8X-000045">
    <title>SRG-APP-000148-AS-000101</title>
    <Rule id="SV-VRPA-8X-000045" severity="medium" weight="10.0">
      <version>VRPA-8X-000045</version>
      <title>The VMware Aria Operations server must use an enterprise user management system to uniquely identify and authenticate users (or processes acting on behalf of organizational users).</title>
      <description>&lt;VulnDiscussion&gt;To assure accountability and prevent unauthorized access, application server users must be uniquely identified and authenticated.  This is typically accomplished via the use of a user store which is either local (OS-based) or centralized (LDAP) in nature.

To ensure support to the enterprise, the authentication must utilize an enterprise solution.&lt;/VulnDiscussion&gt;&lt;FalsePositives&gt;&lt;/FalsePositives&gt;&lt;FalseNegatives&gt;&lt;/FalseNegatives&gt;&lt;Documentable&gt;false&lt;/Documentable&gt;&lt;Mitigations&gt;&lt;/Mitigations&gt;&lt;SecurityOverrideGuidance&gt;&lt;/SecurityOverrideGuidance&gt;&lt;PotentialImpacts&gt;&lt;/PotentialImpacts&gt;&lt;ThirdPartyTools&gt;&lt;/ThirdPartyTools&gt;&lt;MitigationControl&gt;&lt;/MitigationControl&gt;&lt;Responsibility&gt;&lt;/Responsibility&gt;&lt;IAControls&gt;&lt;/IAControls&gt;</description>
      <ident system="http://cyber.mil/cci">CCI-000764</ident>
      <fixtext fixref="F-VRPA-8X-000045_fix">Configure the application server to use an enterprise user management system to uniquely identify and authenticate users and processes acting on behalf of organizational users.</fixtext>
      <check system="N/A">
        <check-content>Review application server documentation and configuration settings to determine if the application server is using an enterprise solution to authenticate organizational users and processes running on behalf of organizational users.

If an enterprise solution is not being used, this is a finding.</check-content>
      </check>
    </Rule>
  </Group>
  <Group id="V-VRPA-8X-000003">
    <title>SRG-APP-000125-AS-000084</title>
    <Rule id="SV-VRPA-8X-000003" severity="medium" weight="10.0">
      <version>VRPA-8X-000003</version>
      <title>VMware Aria Operations must back up log records at least every seven days onto a different system or system component than the system or component being logged.</title>
      <description>&lt;VulnDiscussion&gt;Protection of log data includes assuring log data is not accidentally lost or deleted. Backing up log records to a different system or onto separate media from the system the application server is actually running on helps to assure that in the event of a catastrophic system failure, the log records will be retained.

Satisfies: SRG-APP-000515-AS-000203, SRG-APP-000181-AS-000255, SRG-APP-000356-AS-000202, SRG-APP-000358-AS-000064&lt;/VulnDiscussion&gt;&lt;FalsePositives&gt;&lt;/FalsePositives&gt;&lt;FalseNegatives&gt;&lt;/FalseNegatives&gt;&lt;Documentable&gt;false&lt;/Documentable&gt;&lt;Mitigations&gt;&lt;/Mitigations&gt;&lt;SecurityOverrideGuidance&gt;&lt;/SecurityOverrideGuidance&gt;&lt;PotentialImpacts&gt;&lt;/PotentialImpacts&gt;&lt;ThirdPartyTools&gt;&lt;/ThirdPartyTools&gt;&lt;MitigationControl&gt;&lt;/MitigationControl&gt;&lt;Responsibility&gt;&lt;/Responsibility&gt;&lt;IAControls&gt;&lt;/IAControls&gt;</description>
      <ident system="http://cyber.mil/cci">CCI-001348</ident>
      <fixtext fixref="F-VRPA-8X-000003_fix">Login to the vRealize Operations Manager portal as an administrator.

Navigate to Administration &gt;&gt; Log Forwarding.

Check the box next to "Output logs to external log server". Select all logs.

Configure a site-specific Log Insight or syslog server. Click "Apply Changes".</fixtext>
      <check system="N/A">
        <check-content>Login to the vRealize Operations Manager portal as an administrator.

Navigate to Administration &gt;&gt; Log Forwarding.

If "Output logs to external log server" is not checked, this is a finding.

If all the available logs are not selected for forwarding, this is a finding.

If log forwarding (Log Insight or syslog) is not configured with an appropriate site-specific server, this is a finding.</check-content>
      </check>
    </Rule>
  </Group>
  <Group id="V-VRPA-8X-000005">
    <title>SRG-APP-000172-AS-000121</title>
    <Rule id="SV-VRPA-8X-000005" severity="medium" weight="10.0">
      <version>VRPA-8X-000005</version>
      <title>VMware Aria Operations must utilize encryption when using LDAP for authentication.</title>
      <description>&lt;VulnDiscussion&gt;Passwords need to be protected at all times, and encryption is the standard method for protecting passwords during transmission. 

Application servers have the capability to utilize LDAP directories for authentication. If LDAP connections are not protected during transmission, sensitive authentication credentials can be stolen. When the application server utilizes LDAP, the LDAP traffic must be encrypted.&lt;/VulnDiscussion&gt;&lt;FalsePositives&gt;&lt;/FalsePositives&gt;&lt;FalseNegatives&gt;&lt;/FalseNegatives&gt;&lt;Documentable&gt;false&lt;/Documentable&gt;&lt;Mitigations&gt;&lt;/Mitigations&gt;&lt;SecurityOverrideGuidance&gt;&lt;/SecurityOverrideGuidance&gt;&lt;PotentialImpacts&gt;&lt;/PotentialImpacts&gt;&lt;ThirdPartyTools&gt;&lt;/ThirdPartyTools&gt;&lt;MitigationControl&gt;&lt;/MitigationControl&gt;&lt;Responsibility&gt;&lt;/Responsibility&gt;&lt;IAControls&gt;&lt;/IAControls&gt;</description>
      <ident system="http://cyber.mil/cci">CCI-000197</ident>
      <fixtext fixref="F-VRPA-8X-000005_fix">Login to the vRealize Operations Manager portal as an administrator.

Navigate to Administration &gt;&gt; Authentication Sources.

For each entry of "Active Directory" or "Open LDAP" that is not using SSL/TLS, click the three vertical dots next to the "Source Display Name" and click "Edit".

Select the "Use SSL/TLS" check box and click "OK".</fixtext>
      <check system="N/A">
        <check-content>Login to the vRealize Operations Manager portal as an administrator.

Navigate to Administration &gt;&gt; Authentication Sources.

If any "Source Type" of "Active Directory" or "Open LDAP" does not have the SSL/TLS box checked, this is a finding.</check-content>
      </check>
    </Rule>
  </Group>
  <Group id="V-VRPA-8X-000009">
    <title>SRG-APP-000516-AS-000237</title>
    <Rule id="SV-VRPA-8X-000009" severity="medium" weight="10.0">
      <version>VRPA-8X-000009</version>
      <title>The VMware Aria Operations console must be secured after deployment.</title>
      <description>&lt;VulnDiscussion&gt;After initial deployment the root password is blank and must be set upon initial login to the console.  Failure to do so could lead to an unauthorized individual setting this password or compromise of the appliance itself.&lt;/VulnDiscussion&gt;&lt;FalsePositives&gt;&lt;/FalsePositives&gt;&lt;FalseNegatives&gt;&lt;/FalseNegatives&gt;&lt;Documentable&gt;false&lt;/Documentable&gt;&lt;Mitigations&gt;&lt;/Mitigations&gt;&lt;SecurityOverrideGuidance&gt;&lt;/SecurityOverrideGuidance&gt;&lt;PotentialImpacts&gt;&lt;/PotentialImpacts&gt;&lt;ThirdPartyTools&gt;&lt;/ThirdPartyTools&gt;&lt;MitigationControl&gt;&lt;/MitigationControl&gt;&lt;Responsibility&gt;&lt;/Responsibility&gt;&lt;IAControls&gt;&lt;/IAControls&gt;</description>
      <ident system="http://cyber.mil/cci">CCI-000366</ident>
      <fixtext fixref="F-VRPA-8X-000009_fix">Access the console of the vRealize Operations Manager appliance and login as root.

When prompted for a password hit enter.

When prompted for the old password hit enter.

When prompted for the new password enter a new root password of appropriate length and complexity to meet organizational requirements.

Re-enter the password to confirm and log out.</fixtext>
      <check system="N/A">
        <check-content>Access the console of the vRealize Operations Manager appliance and attempt to login as root with a blank password.

If the password for the root account has not been set, this is a finding.</check-content>
      </check>
    </Rule>
  </Group>
  <Group id="V-VRPA-8X-000010">
    <title>SRG-APP-000516-AS-000237</title>
    <Rule id="SV-VRPA-8X-000010" severity="medium" weight="10.0">
      <version>VRPA-8X-000010</version>
      <title>VMware Aria Operations must not provide environment information to third parties.</title>
      <description>&lt;VulnDiscussion&gt;Providing technical details about environmental infrastructure to third parties could unknowingly expose sensitive information to bad actors.&lt;/VulnDiscussion&gt;&lt;FalsePositives&gt;&lt;/FalsePositives&gt;&lt;FalseNegatives&gt;&lt;/FalseNegatives&gt;&lt;Documentable&gt;false&lt;/Documentable&gt;&lt;Mitigations&gt;&lt;/Mitigations&gt;&lt;SecurityOverrideGuidance&gt;&lt;/SecurityOverrideGuidance&gt;&lt;PotentialImpacts&gt;&lt;/PotentialImpacts&gt;&lt;ThirdPartyTools&gt;&lt;/ThirdPartyTools&gt;&lt;MitigationControl&gt;&lt;/MitigationControl&gt;&lt;Responsibility&gt;&lt;/Responsibility&gt;&lt;IAControls&gt;&lt;/IAControls&gt;</description>
      <ident system="http://cyber.mil/cci">CCI-000366</ident>
      <fixtext fixref="F-VRPA-8X-000010_fix">Login to the vRealize Operations Manager portal as an administrator.

Navigate to Administration &gt;&gt; Global Settings.

Select the "Customer Experience Improvement Program" line and click the edit icon.  Click the Disable button.</fixtext>
      <check system="N/A">
        <check-content>Login to the vRealize Operations Manager portal as an administrator.

Navigate to Administration &gt;&gt; Global Settings.

If the "Customer Experience Improvement Program" setting is not disabled, this is a finding.</check-content>
      </check>
    </Rule>
  </Group>
</Benchmark>
