<?xml version="1.0" encoding="UTF-8"?><?xml-stylesheet type="text/xsl" href="STIG_unclass.xsl"?>
<Benchmark xmlns:dc="http://purl.org/dc/elements/1.1/" xmlns:xsi="http://www.w3.org/2001/XMLSchema-instance" xmlns:cpe="http://cpe.mitre.org/language/2.0" xmlns:xhtml="http://www.w3.org/1999/xhtml" xmlns:dsig="http://www.w3.org/2000/09/xmldsig#" xsi:schemaLocation="http://checklists.nist.gov/xccdf/1.1 http://nvd.nist.gov/schema/xccdf-1.1.4.xsdhttp://cpe.mitre.org/dictionary/2.0 http://cpe.mitre.org/files/cpe-dictionary_2.1.xsd" id="NGINX Web Server" xml:lang="en" xmlns="http://checklists.nist.gov/xccdf/1.1">
  <status date="2022-07-11">draft</status>
  <title>VMware Cloud Director 10.4 Appliance NGINX STIG Readiness Guide</title>
  <description/>
  <notice id="terms-of-use" xml:lang="en"/>
  <front-matter xml:lang="en"/>
  <rear-matter xml:lang="en"/>
  <reference href="">
    <dc:publisher/>
    <dc:source/>
  </reference>
  <plain-text id="release-info">Release: 1 Benchmark Date: 11 Jul 2022</plain-text>
  <plain-text id="generator">3.2.2.36079</plain-text>
  <plain-text id="conventionsVersion">1.10.0</plain-text>
  <version>1</version>
  <Group id="NGNX-WB-000025">
    <title>SRG-APP-000141-WSR-000015</title>
    <Rule id="SV-NGNX-WB-000025" severity="medium" weight="10.0">
      <version>NGNX-WB-000025</version>
      <title>NGINX must not perform user management for hosted applications.</title>
      <description>&lt;VulnDiscussion&gt;User management and authentication can be an essential part of any application hosted by the web server. Along with authenticating users, the user management function must perform several other tasks like password complexity, locking users after a configurable number of failed logins, and management of temporary and emergency accounts; and all of this must be done enterprise-wide.

The web server contains a minimal user management function, but the web server user management function does not offer enterprise-wide user management, and user management is not the primary function of the web server. User management for the hosted applications should be done through a facility that is built for enterprise-wide user management, like LDAP and Active Directory.&lt;/VulnDiscussion&gt;&lt;FalsePositives&gt;&lt;/FalsePositives&gt;&lt;FalseNegatives&gt;&lt;/FalseNegatives&gt;&lt;Documentable&gt;false&lt;/Documentable&gt;&lt;Mitigations&gt;&lt;/Mitigations&gt;&lt;SecurityOverrideGuidance&gt;&lt;/SecurityOverrideGuidance&gt;&lt;PotentialImpacts&gt;&lt;/PotentialImpacts&gt;&lt;ThirdPartyTools&gt;&lt;/ThirdPartyTools&gt;&lt;MitigationControl&gt;&lt;/MitigationControl&gt;&lt;Responsibility&gt;&lt;/Responsibility&gt;&lt;IAControls&gt;&lt;/IAControls&gt;</description>
      <ident system="http://iase.disa.mil/cci">CCI-000381</ident>
      <fixtext>Determine if the "auth_basic" and "auth_basic_user_file" directives are needed or can be safely removed.

If they can be safely removed navigate to and open:

The nginx.conf (/etc/nginx/nginx.conf by default or the included file where the server is defined) file.

Remove the auth_basic* directives where defined.

Reload the NGINX configuration by running the following command:

# nginx -s reload

If they cannot be safely removed without affecting the web site then a migration plan to a more suitable authentication strategy must be devised and implemented that offloads user management functionality to an enterprise-wide solution.</fixtext>
      <check system="N/A">
        <check-content>Verify basic authentication is not enabled.

View the running configuration by running the following command:

#  nginx -T 2&gt;&amp;1 | grep auth_basic

If any lines are returned indicating basic authentication is enabled, this is a finding.</check-content>
      </check>
    </Rule>
  </Group>
  <Group id="NGNX-WB-000073">
    <title>SRG-APP-000358-WSR-000063</title>
    <Rule id="SV-NGNX-WB-000073" severity="medium" weight="10.0">
      <version>NGNX-WB-000073</version>
      <title>NGINX must send logs to a centralized log server.</title>
      <description>&lt;VulnDiscussion&gt;Writing events to a centralized management audit system offers many benefits to the enterprise over having dispersed logs. Centralized management of audit records and logs provides for efficiency in maintenance and management of records, enterprise analysis of events, and backup and archiving of event records enterprise-wide. The web server and related components are required to be capable of writing logs to centralized audit log servers.

Satisfies: SRG-APP-000358-WSR-000163&lt;/VulnDiscussion&gt;&lt;FalsePositives&gt;&lt;/FalsePositives&gt;&lt;FalseNegatives&gt;&lt;/FalseNegatives&gt;&lt;Documentable&gt;false&lt;/Documentable&gt;&lt;Mitigations&gt;&lt;/Mitigations&gt;&lt;SecurityOverrideGuidance&gt;&lt;/SecurityOverrideGuidance&gt;&lt;PotentialImpacts&gt;&lt;/PotentialImpacts&gt;&lt;ThirdPartyTools&gt;&lt;/ThirdPartyTools&gt;&lt;MitigationControl&gt;&lt;/MitigationControl&gt;&lt;Responsibility&gt;&lt;/Responsibility&gt;&lt;IAControls&gt;&lt;/IAControls&gt;</description>
      <ident system="http://iase.disa.mil/cci">CCI-001851</ident>
      <fixtext>Navigate to and open:

The nginx.conf (/etc/nginx/nginx.conf by default) file.

Add or update the following line in the http block and replace the syslog server destination and port for an approved log server in your environment:

access_log syslog:server=10.10.10.10:514,severity=info  custom;

Add or update the following line in the main context and replace the syslog server destination and port for an approved log server in your environment::

error_log syslog:server=10.10.10.10:514 info;

Reload the NGINX configuration by running the following command:

# nginx -s reload

Note: Do not remove the access_log and error_log entries configured to log directly to a file.</fixtext>
      <check system="N/A">
        <check-content>Verify syslog has been configured for error and access logs.

View the running configuration by running the following command:

# nginx -T

Example configuration:

error_log syslog:server=10.10.10.10:514 info;

http {
  access_log syslog:server=10.10.10.10:514,severity=info  custom;
}

If access and error logs are not configured to send events to a syslog server, this is a finding.

If access and error logs are configured to send events to a syslog server via another method such as configuring rsyslog to monitor the log files, this is NOT a finding.

Note: These log directives are in addition to the configurations that log to files for access and error logs.</check-content>
      </check>
    </Rule>
  </Group>
  <Group id="NGNX-WB-000098">
    <title>SRG-APP-000439-WSR-000188</title>
    <Rule id="SV-NGNX-WB-000098" severity="medium" weight="10.0">
      <version>NGNX-WB-000098</version>
      <title>NGINX must prefer service ciphers over client ciphers when using SSL/TLS.</title>
      <description>&lt;VulnDiscussion&gt;During the initial setup of a Transport Layer Security (TLS) connection to the web server, the client sends a list of supported cipher suites in order of preference.  The web server will reply with the cipher suite it will use for communication from the client list.  If an attacker can intercept the submission of cipher suites to the web server and place, as the preferred cipher suite, a weak export suite, the encryption used for the session becomes easy for the attacker to break, often within minutes to hours.&lt;/VulnDiscussion&gt;&lt;FalsePositives&gt;&lt;/FalsePositives&gt;&lt;FalseNegatives&gt;&lt;/FalseNegatives&gt;&lt;Documentable&gt;false&lt;/Documentable&gt;&lt;Mitigations&gt;&lt;/Mitigations&gt;&lt;SecurityOverrideGuidance&gt;&lt;/SecurityOverrideGuidance&gt;&lt;PotentialImpacts&gt;&lt;/PotentialImpacts&gt;&lt;ThirdPartyTools&gt;&lt;/ThirdPartyTools&gt;&lt;MitigationControl&gt;&lt;/MitigationControl&gt;&lt;Responsibility&gt;&lt;/Responsibility&gt;&lt;IAControls&gt;&lt;/IAControls&gt;</description>
      <ident system="http://iase.disa.mil/cci">CCI-002418</ident>
      <fixtext>Navigate to and open:

The nginx.conf (/etc/nginx/nginx.conf by default) file.

Add the ssl_prefer_server_ciphers option to the http block, for example:

ssl_prefer_server_ciphers on;

Reload the NGINX configuration by running the following command:

# nginx -s reload</fixtext>
      <check system="N/A">
        <check-content>Verify the ssl_prefer_server_ciphers directive in the http block.

View the running configuration by running the following command:

# nginx -T

Example configuration:

http {
   ssl_prefer_server_ciphers on;
}

If the "ssl_prefer_server_ciphers" directive is not configured in the http block or set to off, this is a finding.

If the "ssl_prefer_server_ciphers" directive is configured in a server block and set to off, this is a finding.</check-content>
      </check>
    </Rule>
  </Group>
  <Group id="NGNX-WB-000102">
    <title>SRG-APP-000516-WSR-000174</title>
    <Rule id="SV-NGNX-WB-000102" severity="medium" weight="10.0">
      <version>NGNX-WB-000102</version>
      <title>NGINX must disable SSL session tickets.</title>
      <description>&lt;VulnDiscussion&gt;Perfect forward secrecy is an encryption mechanism that enables past session keys to not be compromised even if the server's private key is compromised. If an attacker recorded all traffic to a server and stored it and then obtained the private key without perfect forward secrecy, all communications would be compromised. With perfect forward secrecy, session keys are generated using Diffie-Hellman for every session a user initiates, which isolates session compromise to only that communication session. Allowing session resumption breaks perfect forward secrecy; this expands the surface area for an attacker to compromise past sessions and communications with a server if they are able to compromise the session.&lt;/VulnDiscussion&gt;&lt;FalsePositives&gt;&lt;/FalsePositives&gt;&lt;FalseNegatives&gt;&lt;/FalseNegatives&gt;&lt;Documentable&gt;false&lt;/Documentable&gt;&lt;Mitigations&gt;&lt;/Mitigations&gt;&lt;SecurityOverrideGuidance&gt;&lt;/SecurityOverrideGuidance&gt;&lt;PotentialImpacts&gt;&lt;/PotentialImpacts&gt;&lt;ThirdPartyTools&gt;&lt;/ThirdPartyTools&gt;&lt;MitigationControl&gt;&lt;/MitigationControl&gt;&lt;Responsibility&gt;&lt;/Responsibility&gt;&lt;IAControls&gt;&lt;/IAControls&gt;</description>
      <ident system="http://iase.disa.mil/cci">CCI-000366</ident>
      <fixtext>Navigate to and open:

The nginx.conf (/etc/nginx/nginx.conf by default) file.

Add the "ssl_session_tickets" directive to the http block, for example:

ssl_session_tickets off;

Remove any "ssl_session_tickets" from server and location blocks.

Reload the NGINX configuration by running the following command:

# nginx -s reload</fixtext>
      <check system="N/A">
        <check-content>If TLS 1.3 only is configured, this is NOT applicable.

Verify that SSL session tickets are disabled.

View the running configuration by running the following command:

# nginx -T 2&gt;&amp;1 | grep "ssl_session_tickets"

Example configuration:

http {
  ssl_session_tickets off;
}

If the the "ssl_session_tickets" directive is not set to off in the http block, this is a finding.

If the "ssl_session_tickets" directive is configured in a server or location block and set to on, this is a finding.</check-content>
      </check>
    </Rule>
  </Group>
  <Group id="NGNX-WB-000104">
    <title>SRG-APP-000516-WSR-000174</title>
    <Rule id="SV-NGNX-WB-000104" severity="medium" weight="10.0">
      <version>NGNX-WB-000104</version>
      <title>NGINX must protect against MIME sniffing.</title>
      <description>&lt;VulnDiscussion&gt;MIME sniffing was, and still is, a technique used by some web browsers to examine the content of a particular asset. This is done for the purpose of determining an asset's file format. This technique is useful in the event that there is not enough metadata information present for a particular asset, thus leaving the possibility that the browser interprets the asset incorrectly.

Although MIME sniffing can be useful to determine an asset's correct file format, it can also cause a security vulnerability. This vulnerability can be quite dangerous both for site owners as well as site visitors. This is because an attacker can leverage MIME sniffing to send an XSS (Cross Site Scripting) attack.&lt;/VulnDiscussion&gt;&lt;FalsePositives&gt;&lt;/FalsePositives&gt;&lt;FalseNegatives&gt;&lt;/FalseNegatives&gt;&lt;Documentable&gt;false&lt;/Documentable&gt;&lt;Mitigations&gt;&lt;/Mitigations&gt;&lt;SecurityOverrideGuidance&gt;&lt;/SecurityOverrideGuidance&gt;&lt;PotentialImpacts&gt;&lt;/PotentialImpacts&gt;&lt;ThirdPartyTools&gt;&lt;/ThirdPartyTools&gt;&lt;MitigationControl&gt;&lt;/MitigationControl&gt;&lt;Responsibility&gt;&lt;/Responsibility&gt;&lt;IAControls&gt;&lt;/IAControls&gt;</description>
      <ident system="http://iase.disa.mil/cci">CCI-000366</ident>
      <fixtext>Navigate to and open:

The nginx.conf (/etc/nginx/nginx.conf by default or the included file where the server is defined) file.

Add a add_header directive, for example:

add_header X-Content-Type-Options nosniff;

Reload the NGINX configuration by running the following command:

# nginx -s reload

Note: There can be several add_header directives. These directives are inherited from the previous configuration level if and only if there are no add_header directives defined on the current level so care must be taken if add_header is defined at multiple levels to include headers configured at a higher level.</fixtext>
      <check system="N/A">
        <check-content>Verify a header is configured to set X-Content-Type-Options.

View the running configuration by running the following command:

# nginx -T

Example configuration:

server {
  add_header X-Content-Type-Options nosniff;
}

If a header is not configured as shown in the example in the http, server, or location block, this is a finding.

Note: There can be several add_header directives. These directives are inherited from the previous configuration level if and only if there are no add_header directives defined on the current level so care must be taken if add_header is defined at multiple levels to include headers configured at a higher level.</check-content>
      </check>
    </Rule>
  </Group>
  <Group id="NGNX-WB-000004">
    <title>SRG-APP-000015-WSR-000014</title>
    <Rule id="SV-NGNX-WB-000004" severity="medium" weight="10.0">
      <version>NGNX-WB-000004</version>
      <title>NGINX must implement HTTP Strict Transport Security (HSTS) to protect the integrity of remote sessions.</title>
      <description>&lt;VulnDiscussion&gt;HTTP Strict Transport Security (HSTS) instructs web browsers to only use secure connections for all future requests when communicating with a web site. Doing so helps prevent SSL protocol attacks, SSL stripping, cookie hijacking, and other attempts to circumvent SSL protection.&lt;/VulnDiscussion&gt;&lt;FalsePositives&gt;&lt;/FalsePositives&gt;&lt;FalseNegatives&gt;&lt;/FalseNegatives&gt;&lt;Documentable&gt;false&lt;/Documentable&gt;&lt;Mitigations&gt;&lt;/Mitigations&gt;&lt;SecurityOverrideGuidance&gt;&lt;/SecurityOverrideGuidance&gt;&lt;PotentialImpacts&gt;&lt;/PotentialImpacts&gt;&lt;ThirdPartyTools&gt;&lt;/ThirdPartyTools&gt;&lt;MitigationControl&gt;&lt;/MitigationControl&gt;&lt;Responsibility&gt;&lt;/Responsibility&gt;&lt;IAControls&gt;&lt;/IAControls&gt;</description>
      <ident system="http://iase.disa.mil/cci">CCI-001453</ident>
      <fixtext>Navigate to and open:

The nginx.conf (/etc/nginx/nginx.conf by default or the included file where the server is defined) file.

Add a add_header directive, for example:

add_header Strict-Transport-Security "max-age=31536000" always;

Reload the NGINX configuration by running the following command:

# nginx -s reload

Note: There can be several add_header directives. These directives are inherited from the previous configuration level if and only if there are no add_header directives defined on the current level so care must be taken if add_header is defined at multiple levels to include headers configured at a higher level.</fixtext>
      <check system="N/A">
        <check-content>Verify a header is configured to configure HSTS.

View the running configuration by running the following command:

# nginx -T

Example configuration:

server {
  add_header Strict-Transport-Security max-age=15768000;
}

or

server {
   add_header Strict-Transport-Security "max-age=31536000" always;
}

If a header is not configured as shown in one of the examples in the http, server, or location block, this is a finding.

Note: There can be several add_header directives. These directives are inherited from the previous configuration level if and only if there are no add_header directives defined on the current level so care must be taken if add_header is defined at multiple levels to include headers configured at a higher level.</check-content>
      </check>
    </Rule>
  </Group>
  <Group id="NGNX-WB-000003">
    <title>SRG-APP-000014-WSR-000006</title>
    <Rule id="SV-NGNX-WB-000003" severity="medium" weight="10.0">
      <version>NGNX-WB-000003</version>
      <title>NGINX must enable SSL.</title>
      <description>&lt;VulnDiscussion&gt;The web server has several remote communications channels. Examples are user requests via http/https, communication to a backend database, or communication to authenticate users. The encryption used to communicate must match the data that is being retrieved or presented.

Methods of communication are http for publicly displayed information, https to encrypt when user data is being transmitted, VPN tunneling, or other encryption methods to a database.

Satisfies: SRG-APP-000172-WSR-000104, SRG-APP-000439-WSR-000152&lt;/VulnDiscussion&gt;&lt;FalsePositives&gt;&lt;/FalsePositives&gt;&lt;FalseNegatives&gt;&lt;/FalseNegatives&gt;&lt;Documentable&gt;false&lt;/Documentable&gt;&lt;Mitigations&gt;&lt;/Mitigations&gt;&lt;SecurityOverrideGuidance&gt;&lt;/SecurityOverrideGuidance&gt;&lt;PotentialImpacts&gt;&lt;/PotentialImpacts&gt;&lt;ThirdPartyTools&gt;&lt;/ThirdPartyTools&gt;&lt;MitigationControl&gt;&lt;/MitigationControl&gt;&lt;Responsibility&gt;&lt;/Responsibility&gt;&lt;IAControls&gt;&lt;/IAControls&gt;</description>
      <ident system="http://iase.disa.mil/cci">CCI-000068</ident>
      <fixtext>Navigate to and open:

The nginx.conf (/etc/nginx/nginx.conf by default or the included file where the server is defined) file.

Add the ssl option to the servers listen directive, for example:

listen 5480 ssl;

Reload the NGINX configuration by running the following command:

# nginx -s reload

Note: The ssl_certificate and ssl_certificate_key also need to be defined in order for SSL to work.</fixtext>
      <check system="N/A">
        <check-content>Verify ssl is enabled for each server block.

View the running configuration by running the following command:

# nginx -T

Example configuration:

server {
  listen 5480 ssl;
}

If the ssl option is not specified on the listen directive for a server block, this is a finding.</check-content>
      </check>
    </Rule>
  </Group>
  <Group id="NGNX-WB-000009">
    <title>SRG-APP-000093-WSR-000053</title>
    <Rule id="SV-NGNX-WB-000009" severity="medium" weight="10.0">
      <version>NGNX-WB-000009</version>
      <title>NGINX must capture, record, and log all content related to a user session.</title>
      <description>&lt;VulnDiscussion&gt;A user session to a web server is in the context of a user accessing a hosted application that extends to any plug-ins/modules and services that may execute on behalf of the user.

The web server must be capable of enabling a setting for troubleshooting, debugging, or forensic gathering purposes which will log all user session information related to the hosted application session. Without the capability to capture, record, and log all content related to a user session, investigations into suspicious user activity would be hampered.&lt;/VulnDiscussion&gt;&lt;FalsePositives&gt;&lt;/FalsePositives&gt;&lt;FalseNegatives&gt;&lt;/FalseNegatives&gt;&lt;Documentable&gt;false&lt;/Documentable&gt;&lt;Mitigations&gt;&lt;/Mitigations&gt;&lt;SecurityOverrideGuidance&gt;&lt;/SecurityOverrideGuidance&gt;&lt;PotentialImpacts&gt;&lt;/PotentialImpacts&gt;&lt;ThirdPartyTools&gt;&lt;/ThirdPartyTools&gt;&lt;MitigationControl&gt;&lt;/MitigationControl&gt;&lt;Responsibility&gt;&lt;/Responsibility&gt;&lt;IAControls&gt;&lt;/IAControls&gt;</description>
      <ident system="http://iase.disa.mil/cci">CCI-001462</ident>
      <fixtext>Navigate to and open:

The nginx.conf (/etc/nginx/nginx.conf by default) file.

Add the following or similar in the http block:

access_log /var/log/nginx/access.log custom;

Reload the NGINX configuration by running the following command:

# nginx -s reload</fixtext>
      <check system="N/A">
        <check-content>Verify access logging has been enabled in the http block.

View the running configuration by running the following command:

# nginx -T

Example configuration:

http {
  access_log /var/log/nginx/access.log custom;
}

If the access_log directive is not configured in the http block, this is a finding.</check-content>
      </check>
    </Rule>
  </Group>
  <Group id="NGNX-WB-000019">
    <title>SRG-APP-000118-WSR-000068</title>
    <Rule id="SV-NGNX-WB-000019" severity="medium" weight="10.0">
      <version>NGNX-WB-000019</version>
      <title>NGINX log files must only be accessible by privileged users.</title>
      <description>&lt;VulnDiscussion&gt;Log data is essential in the investigation of events. If log data were to become compromised, then competent forensic analysis and discovery of the true source of potentially malicious system activity would be difficult, if not impossible, to achieve. In addition, access to log records provides information an attacker could potentially use to their advantage since each event record might contain communication ports, protocols, services, trust relationships, user names, etc.

The web server must protect the log data from unauthorized read, write, copy, etc. This can be done by the web server if the web server is also doing the logging function. The web server may also use an external log system. In either case, the logs must be protected from access by non-privileged users.

Satisfies: SRG-APP-000119-WSR-000069, SRG-APP-000120-WSR-000070&lt;/VulnDiscussion&gt;&lt;FalsePositives&gt;&lt;/FalsePositives&gt;&lt;FalseNegatives&gt;&lt;/FalseNegatives&gt;&lt;Documentable&gt;false&lt;/Documentable&gt;&lt;Mitigations&gt;&lt;/Mitigations&gt;&lt;SecurityOverrideGuidance&gt;&lt;/SecurityOverrideGuidance&gt;&lt;PotentialImpacts&gt;&lt;/PotentialImpacts&gt;&lt;ThirdPartyTools&gt;&lt;/ThirdPartyTools&gt;&lt;MitigationControl&gt;&lt;/MitigationControl&gt;&lt;Responsibility&gt;&lt;/Responsibility&gt;&lt;IAControls&gt;&lt;/IAControls&gt;</description>
      <ident system="http://iase.disa.mil/cci">CCI-000162</ident>
      <fixtext>At the command line, run the following command(s):

# chown root:root &lt;log file&gt;
# chmod 640 &lt;log file&gt;

Replace &lt;log file&gt; with the log files found with incorrect permissions or ownership.</fixtext>
      <check system="N/A">
        <check-content>At the command line, run the following command:

# find /var/log/nginx/* -type f -exec stat -c "%n is owned by %U and group %G permissions are %a" {} $1\;

If any file is not owned by root or group is not root or permissions are more permissive than 0640, this is a finding.

Note: Replace the log directory path to reflect the current location for log files.</check-content>
      </check>
    </Rule>
  </Group>
  <Group id="NGNX-WB-000035">
    <title>SRG-APP-000141-WSR-000086</title>
    <Rule id="SV-NGNX-WB-000035" severity="medium" weight="10.0">
      <version>NGNX-WB-000035</version>
      <title>NGINX must protect system resources and privileged operations from hosted applications.</title>
      <description>&lt;VulnDiscussion&gt;Running a web server under a non-privileged, dedicated service account helps mitigate the risk of lateral movement to other services or processes in the event the user account running the web services is compromised. The default user nobody is typically used for several processes, and if this is compromised, it could allow an attacker to have access to all processes running as that user&lt;/VulnDiscussion&gt;&lt;FalsePositives&gt;&lt;/FalsePositives&gt;&lt;FalseNegatives&gt;&lt;/FalseNegatives&gt;&lt;Documentable&gt;false&lt;/Documentable&gt;&lt;Mitigations&gt;&lt;/Mitigations&gt;&lt;SecurityOverrideGuidance&gt;&lt;/SecurityOverrideGuidance&gt;&lt;PotentialImpacts&gt;&lt;/PotentialImpacts&gt;&lt;ThirdPartyTools&gt;&lt;/ThirdPartyTools&gt;&lt;MitigationControl&gt;&lt;/MitigationControl&gt;&lt;Responsibility&gt;&lt;/Responsibility&gt;&lt;IAControls&gt;&lt;/IAControls&gt;</description>
      <ident system="http://iase.disa.mil/cci">CCI-000381</ident>
      <fixtext>Establish a non-privileged account to run NGINX worker processes.

This account should no be a part of any unneeded groups, have sudo access, or the ability to login interactively.

Navigate to and open:

The nginx.conf (/etc/nginx/nginx.conf by default) file.

Add the following line in the main context at the top of the file:

user &lt;username&gt; &lt;groupname&gt;;

Reload the NGINX configuration by running the following command:

# nginx -s reload

Note: If the group is not the same as the user name it can be specified in this format, user &lt;username&gt; &lt;group&gt;;.</fixtext>
      <check system="N/A">
        <check-content>At the command line, run the following command:

# nginx -T 2&gt;&amp;1 | grep "^user"

Example result:

user www-data www-data;

If the user directive is not set, this is a finding.</check-content>
      </check>
    </Rule>
  </Group>
  <Group id="NGNX-WB-000036">
    <title>SRG-APP-000141-WSR-000087</title>
    <Rule id="SV-NGNX-WB-000036" severity="high" weight="10.0">
      <version>NGNX-WB-000036</version>
      <title>NGINX must not have any symbolic links that traverse outside the web content directory tree.</title>
      <description>&lt;VulnDiscussion&gt;A web server is designed to deliver content and execute scripts or applications on the request of a client or user.  Containing user requests to files in the directory tree of the hosted web application and limiting the execution of scripts and applications guarantees that the user is not accessing information protected outside the application's realm.  

The web server must also prohibit users from jumping outside the hosted application directory tree through access to the user's home directory, symbolic links or shortcuts, or through search paths for missing files.

Satisfies: SRG-APP-000233-WSR-000146&lt;/VulnDiscussion&gt;&lt;FalsePositives&gt;&lt;/FalsePositives&gt;&lt;FalseNegatives&gt;&lt;/FalseNegatives&gt;&lt;Documentable&gt;false&lt;/Documentable&gt;&lt;Mitigations&gt;&lt;/Mitigations&gt;&lt;SecurityOverrideGuidance&gt;&lt;/SecurityOverrideGuidance&gt;&lt;PotentialImpacts&gt;&lt;/PotentialImpacts&gt;&lt;ThirdPartyTools&gt;&lt;/ThirdPartyTools&gt;&lt;MitigationControl&gt;&lt;/MitigationControl&gt;&lt;Responsibility&gt;&lt;/Responsibility&gt;&lt;IAControls&gt;&lt;/IAControls&gt;</description>
      <ident system="http://iase.disa.mil/cci">CCI-000381</ident>
      <fixtext>Any content referenced through a symbolic link outside of the root web directory should be moved into the root web directory.

To remove a symbolic link, run the following command:

# unlink &lt;file_name&gt;

Repeat the command for each file that was returned.</fixtext>
      <check system="N/A">
        <check-content>Verify web content directories do not contain symbolic links that traverse outside the web content directory tree.

View the defined root directories by running the following command:

# nginx -T 2&gt;&amp;1 | grep root

Example output:

root /opt/mywebsite/www;

For each root directive, run the following command:

# find /opt/mywebsite/www/ -type l -ls

If the any symbolic links are defined that traverse outside the root web directory, this is a finding.</check-content>
      </check>
    </Rule>
  </Group>
  <Group id="NGNX-WB-000027">
    <title>SRG-APP-000141-WSR-000076</title>
    <Rule id="SV-NGNX-WB-000027" severity="high" weight="10.0">
      <version>NGNX-WB-000027</version>
      <title>The NGINX web server must not be a proxy server.</title>
      <description>&lt;VulnDiscussion&gt;A web server should be primarily a web server or a proxy server but not both, for the same reasons that other multi-use servers are not recommended.  Scanning for web servers that will also proxy requests into an otherwise protected network is a very common attack making the attack anonymous.&lt;/VulnDiscussion&gt;&lt;FalsePositives&gt;&lt;/FalsePositives&gt;&lt;FalseNegatives&gt;&lt;/FalseNegatives&gt;&lt;Documentable&gt;false&lt;/Documentable&gt;&lt;Mitigations&gt;&lt;/Mitigations&gt;&lt;SecurityOverrideGuidance&gt;&lt;/SecurityOverrideGuidance&gt;&lt;PotentialImpacts&gt;&lt;/PotentialImpacts&gt;&lt;ThirdPartyTools&gt;&lt;/ThirdPartyTools&gt;&lt;MitigationControl&gt;&lt;/MitigationControl&gt;&lt;Responsibility&gt;&lt;/Responsibility&gt;&lt;IAControls&gt;&lt;/IAControls&gt;</description>
      <ident system="http://iase.disa.mil/cci">CCI-000381</ident>
      <fixtext>Remove and migrate any load balancer and/or reverse proxy configuration to a separate NGINX instance.</fixtext>
      <check system="N/A">
        <check-content>Verify NGINX when used as a web server is also not a proxy server.

View the running configuration by running the following command:

# nginx -T 2&gt;&amp;1 | grep -i proxy_

If any proxy statements are in the output of the command, this is a finding.</check-content>
      </check>
    </Rule>
  </Group>
  <Group id="NGNX-WB-000041">
    <title>SRG-APP-000179-WSR-000110</title>
    <Rule id="SV-NGNX-WB-000041" severity="low" weight="10.0">
      <version>NGNX-WB-000041</version>
      <title>NGINX must use FIPS 140-2 validated cryptographic modules.</title>
      <description>&lt;VulnDiscussion&gt;Encryption is only as good as the encryption modules utilized.  Unapproved cryptographic module algorithms cannot be verified, and cannot be relied upon to provide confidentiality or integrity, and DoD data may be compromised due to weak algorithms. 

FIPS 140-2 is the current standard for validating cryptographic modules and NSA Type-X (where X=1, 2, 3, 4) products are NSA-certified, hardware-based encryption modules.

Satisfies: SRG-APP-000179-WSR-000111, SRG-APP-000224-WSR-000135, SRG-APP-000224-WSR-000136, SRG-APP-000224-WSR-000137, SRG-APP-000224-WSR-000139, SRG-APP-000416-WSR-000118&lt;/VulnDiscussion&gt;&lt;FalsePositives&gt;&lt;/FalsePositives&gt;&lt;FalseNegatives&gt;&lt;/FalseNegatives&gt;&lt;Documentable&gt;false&lt;/Documentable&gt;&lt;Mitigations&gt;&lt;/Mitigations&gt;&lt;SecurityOverrideGuidance&gt;&lt;/SecurityOverrideGuidance&gt;&lt;PotentialImpacts&gt;&lt;/PotentialImpacts&gt;&lt;ThirdPartyTools&gt;&lt;/ThirdPartyTools&gt;&lt;MitigationControl&gt;&lt;/MitigationControl&gt;&lt;Responsibility&gt;&lt;/Responsibility&gt;&lt;IAControls&gt;&lt;/IAControls&gt;</description>
      <ident system="http://iase.disa.mil/cci">CCI-000803</ident>
      <fixtext>NGINX does not support altering this configuration after installation and must be re-built with a valid OpenSSL module in order to be fixed.</fixtext>
      <check system="N/A">
        <check-content>Verify NGINX is built with an OpenSSL module that is FIPS-140-2 validated.

View the complied configuration by running the following command:

# nginx -V

Example output:

built with OpenSSL 1.0.2za-fips  24 Aug 2021

If the output does not display an OpenSSL module that is FIPS 140-2 validated, this is a finding.</check-content>
      </check>
    </Rule>
  </Group>
  <Group id="NGNX-WB-000047">
    <title>SRG-APP-000220-WSR-000201</title>
    <Rule id="SV-NGNX-WB-000047" severity="medium" weight="10.0">
      <version>NGNX-WB-000047</version>
      <title>NGINX must invalidate session identifiers upon hosted application user logout or other session termination.</title>
      <description>&lt;VulnDiscussion&gt;Captured sessions can be reused in "replay" attacks. This requirement limits the ability of adversaries from capturing and continuing to employ previously valid session IDs.

Session IDs are tokens generated by web applications to uniquely identify an application user's session. Unique session IDs help to reduce predictability of said identifiers. When a user logs out, or when any other session termination event occurs, the web server must terminate the user session to minimize the potential for an attacker to hijack that particular user session.

Satisfies: SRG-APP-000295-WSR-000012, SRG-APP-000295-WSR-000134&lt;/VulnDiscussion&gt;&lt;FalsePositives&gt;&lt;/FalsePositives&gt;&lt;FalseNegatives&gt;&lt;/FalseNegatives&gt;&lt;Documentable&gt;false&lt;/Documentable&gt;&lt;Mitigations&gt;&lt;/Mitigations&gt;&lt;SecurityOverrideGuidance&gt;&lt;/SecurityOverrideGuidance&gt;&lt;PotentialImpacts&gt;&lt;/PotentialImpacts&gt;&lt;ThirdPartyTools&gt;&lt;/ThirdPartyTools&gt;&lt;MitigationControl&gt;&lt;/MitigationControl&gt;&lt;Responsibility&gt;&lt;/Responsibility&gt;&lt;IAControls&gt;&lt;/IAControls&gt;</description>
      <ident system="http://iase.disa.mil/cci">CCI-001185</ident>
      <fixtext>Navigate to and open:

The nginx.conf (/etc/nginx/nginx.conf by default) file.

Update the following line in the http/server block where defined or remove it completely from any http/server blocks:

ssl_session_timeout 5m;

Reload the NGINX configuration by running the following command:

# nginx -s reload</fixtext>
      <check system="N/A">
        <check-content>Verify a session timeout is configured in the http block.

View the running configuration by running the following command:

# nginx -T

Example configuration:

http {
  ssl_session_timeout 5m;
}

If the ssl_session_timeout directive is configured in the http block or a server block and not 10 minutes or less, this is a finding.

If the ssl_session_timeout directive is NOT configured in the http block and any server blocks, this is NOT a finding.

Note: The default ssl_session_timeout if not specified is 5 minutes.</check-content>
      </check>
    </Rule>
  </Group>
  <Group id="NGNX-WB-000048">
    <title>SRG-APP-000223-WSR-000011</title>
    <Rule id="SV-NGNX-WB-000048" severity="medium" weight="10.0">
      <version>NGNX-WB-000048</version>
      <title>Cookies exchanged between NGINX and a client, such as session cookies, must have security settings that disallow cookie access outside the originating web server and hosted application.</title>
      <description>&lt;VulnDiscussion&gt;Cookies are used to exchange data between the web server and the client. Cookies, such as a session cookie, may contain session information and user credentials used to maintain a persistent connection between the user and the hosted application since HTTP/HTTPS is a stateless protocol. 

When the cookie parameters are not set properly (i.e., domain and path parameters), cookies can be shared within hosted applications residing on the same web server or to applications hosted on different web servers residing on the same domain.

Satisfies: SRG-APP-000439-WSR-000154, SRG-APP-000439-WSR-000155&lt;/VulnDiscussion&gt;&lt;FalsePositives&gt;&lt;/FalsePositives&gt;&lt;FalseNegatives&gt;&lt;/FalseNegatives&gt;&lt;Documentable&gt;false&lt;/Documentable&gt;&lt;Mitigations&gt;&lt;/Mitigations&gt;&lt;SecurityOverrideGuidance&gt;&lt;/SecurityOverrideGuidance&gt;&lt;PotentialImpacts&gt;&lt;/PotentialImpacts&gt;&lt;ThirdPartyTools&gt;&lt;/ThirdPartyTools&gt;&lt;MitigationControl&gt;&lt;/MitigationControl&gt;&lt;Responsibility&gt;&lt;/Responsibility&gt;&lt;IAControls&gt;&lt;/IAControls&gt;</description>
      <ident system="http://iase.disa.mil/cci">CCI-001664</ident>
      <fixtext>Navigate to and open:

The nginx.conf (/etc/nginx/nginx.conf by default or the included file where the server is defined) file.

Add or update the "add_header Set-Cookie" directive, for example:

add_header Set-Cookie "Path=/; HttpOnly; Secure";

Reload the NGINX configuration by running the following command:

# nginx -s reload

Note: There can be several add_header directives. These directives are inherited from the previous configuration level if and only if there are no add_header directives defined on the current level so care must be taken if add_header is defined at multiple levels to include headers configured at a higher level.</fixtext>
      <check system="N/A">
        <check-content>Verify a header is configured to configure cookie security.

View the running configuration by running the following command:

# nginx -T

Example configuration:

server {
  add_header Set-Cookie "Path=/; HttpOnly; Secure";
}

If a header is not configured as shown in the example in the http, server, or location block, this is a finding.

Note: There can be several add_header directives. These directives are inherited from the previous configuration level if and only if there are no add_header directives defined on the current level so care must be taken if add_header is defined at multiple levels to include headers configured at a higher level.</check-content>
      </check>
    </Rule>
  </Group>
  <Group id="NGNX-WB-000060">
    <title>SRG-APP-000246-WSR-000149</title>
    <Rule id="SV-NGNX-WB-000060" severity="medium" weight="10.0">
      <version>NGNX-WB-000060</version>
      <title>NGINX must restrict the ability of users to launch Denial of Service (DoS) attacks against other information systems or networks.</title>
      <description>&lt;VulnDiscussion&gt;A web server can limit the ability of the web server being used in a DoS attack through several methods. The methods employed will depend upon the hosted applications and their resource needs for proper operation. 

Satisfies: SRG-APP-000435-WSR-000148&lt;/VulnDiscussion&gt;&lt;FalsePositives&gt;&lt;/FalsePositives&gt;&lt;FalseNegatives&gt;&lt;/FalseNegatives&gt;&lt;Documentable&gt;false&lt;/Documentable&gt;&lt;Mitigations&gt;&lt;/Mitigations&gt;&lt;SecurityOverrideGuidance&gt;&lt;/SecurityOverrideGuidance&gt;&lt;PotentialImpacts&gt;&lt;/PotentialImpacts&gt;&lt;ThirdPartyTools&gt;&lt;/ThirdPartyTools&gt;&lt;MitigationControl&gt;&lt;/MitigationControl&gt;&lt;Responsibility&gt;&lt;/Responsibility&gt;&lt;IAControls&gt;&lt;/IAControls&gt;</description>
      <ident system="http://iase.disa.mil/cci">CCI-001094</ident>
      <fixtext>Navigate to and open:

The nginx.conf (/etc/nginx/nginx.conf by default) file.

Add the following or similar line(s) in the http block:

limit_req_zone $binary_remote_addr zone=req_per_ip:10m rate=100r/s;
limit_req zone=req_per_ip burst=100 nodelay;

Note: Substitute values appropriate for the web server.

Reload the NGINX configuration by running the following command:

# nginx -s reload</fixtext>
      <check system="N/A">
        <check-content>Verify a request shared memory zone has been established in the http block to track connections per IP.

View the running configuration by running the following command:

# nginx -T

Example configuration:

http {
  limit_req_zone $binary_remote_addr zone=req_per_ip:10m rate=100r/s;
  limit_req zone=req_per_ip burst=100 nodelay;
}

If the limit_req_zone option is not configured in the http block to limit connections per IP, this is a finding.

If the limit_req option is not configured in the http block to limit connections per IP, this is a finding.

Note: limit_req directives under server or location blocks are acceptable to modify limits based on application needs as long as they are not disabled.</check-content>
      </check>
    </Rule>
  </Group>
  <Group id="NGNX-WB-000063">
    <title>SRG-APP-000266-WSR-000159</title>
    <Rule id="SV-NGNX-WB-000063" severity="medium" weight="10.0">
      <version>NGNX-WB-000063</version>
      <title>NGINX must minimize the identity of the web server in information displayed to clients.</title>
      <description>&lt;VulnDiscussion&gt;Information needed by an attacker to begin looking for possible vulnerabilities in a web server includes any information about the web server, backend systems being accessed, and plug-ins or modules being used. 

Web servers will often display error messages to client users displaying enough information to aid in the debugging of the error. The information given back in error messages may display the web server type, version, patches installed, plug-ins and modules installed, type of code being used by the hosted application, and any backends being used for data storage. 

This information could be used by an attacker to blueprint what type of attacks might be successful. The information given to users must be minimized to not aid in the blueprinting of the web server.

Satisfies: SRG-APP-000266-WSR-000160&lt;/VulnDiscussion&gt;&lt;FalsePositives&gt;&lt;/FalsePositives&gt;&lt;FalseNegatives&gt;&lt;/FalseNegatives&gt;&lt;Documentable&gt;false&lt;/Documentable&gt;&lt;Mitigations&gt;&lt;/Mitigations&gt;&lt;SecurityOverrideGuidance&gt;&lt;/SecurityOverrideGuidance&gt;&lt;PotentialImpacts&gt;&lt;/PotentialImpacts&gt;&lt;ThirdPartyTools&gt;&lt;/ThirdPartyTools&gt;&lt;MitigationControl&gt;&lt;/MitigationControl&gt;&lt;Responsibility&gt;&lt;/Responsibility&gt;&lt;IAControls&gt;&lt;/IAControls&gt;</description>
      <ident system="http://iase.disa.mil/cci">CCI-001312</ident>
      <fixtext>Navigate to and open:

The nginx.conf (/etc/nginx/nginx.conf by default) file.

Add or update the following line in the http block:

server_tokens off;

Remove any "server_token" lines that are present in server or location blocks.

Reload the NGINX configuration by running the following command:

# nginx -s reload</fixtext>
      <check system="N/A">
        <check-content>Verify that "server_tokens" is set to off http block to track connections per server.

View the running configuration by running the following command:

# nginx -T

Example configuration:

http {
  server_tokens off;
}

If "server_tokens" is not configured to "off" in the http block, this is a finding.

If any server or location blocks configure "server_tokens" to "on", this is a finding.</check-content>
      </check>
    </Rule>
  </Group>
  <Group id="NGNX-WB-000103">
    <title>SRG-APP-000516-WSR-000174</title>
    <Rule id="SV-NGNX-WB-000103" severity="medium" weight="10.0">
      <version>NGNX-WB-000103</version>
      <title>NGINX must prevent rendering inside a frame or iframe on another site.</title>
      <description>&lt;VulnDiscussion&gt;Clickjacking, also known as a “UI redress attack”, is when an attacker uses multiple transparent or opaque layers to trick a user into clicking on a button or link on another page when they were intending to click on the top level page. Thus, the attacker is “hijacking” clicks meant for their page and routing them to another page, most likely owned by another application, domain, or both.

Using a similar technique, keystrokes can also be hijacked. With a carefully crafted combination of stylesheets, iframes, and text boxes, a user can be led to believe they are typing in the password to their email or bank account, but are instead typing into an invisible frame controlled by the attacker.&lt;/VulnDiscussion&gt;&lt;FalsePositives&gt;&lt;/FalsePositives&gt;&lt;FalseNegatives&gt;&lt;/FalseNegatives&gt;&lt;Documentable&gt;false&lt;/Documentable&gt;&lt;Mitigations&gt;&lt;/Mitigations&gt;&lt;SecurityOverrideGuidance&gt;&lt;/SecurityOverrideGuidance&gt;&lt;PotentialImpacts&gt;&lt;/PotentialImpacts&gt;&lt;ThirdPartyTools&gt;&lt;/ThirdPartyTools&gt;&lt;MitigationControl&gt;&lt;/MitigationControl&gt;&lt;Responsibility&gt;&lt;/Responsibility&gt;&lt;IAControls&gt;&lt;/IAControls&gt;</description>
      <ident system="http://iase.disa.mil/cci">CCI-000366</ident>
      <fixtext>Navigate to and open:

The nginx.conf (/etc/nginx/nginx.conf by default or the included file where the server is defined) file.

Add a add_header directive, for example:

add_header X-Frame-Options "SAMEORIGIN";

Reload the NGINX configuration by running the following command:

# nginx -s reload

Note: There can be several add_header directives. These directives are inherited from the previous configuration level if and only if there are no add_header directives defined on the current level so care must be taken if add_header is defined at multiple levels to include headers configured at a higher level.</fixtext>
      <check system="N/A">
        <check-content>Verify a header is configured to set X-Frame-Options.

View the running configuration by running the following command:

# nginx -T

Example configuration:

server {
  add_header X-Frame-Options "SAMEORIGIN";
}

If a header is not configured as shown in the example in the http, server, or location block, this is a finding.

Note: There can be several add_header directives. These directives are inherited from the previous configuration level if and only if there are no add_header directives defined on the current level so care must be taken if add_header is defined at multiple levels to include headers configured at a higher level.</check-content>
      </check>
    </Rule>
  </Group>
  <Group id="NGNX-WB-000106">
    <title>SRG-APP-000516-WSR-000174</title>
    <Rule id="SV-NGNX-WB-000106" severity="medium" weight="10.0">
      <version>NGNX-WB-000106</version>
      <title>NGINX must configure the Referrer-Policy header.</title>
      <description>&lt;VulnDiscussion&gt;A Referrer header may expose sensitive data in another web server's log if you use sensitive data in your URL parameters, such as personal information, username, and password or persistent sessions. Ultimately, depending on your application design, not using a properly configured Referrer Policy may allow session hijacking, credential gathering, or sensitive data exposure in a third party's logs.&lt;/VulnDiscussion&gt;&lt;FalsePositives&gt;&lt;/FalsePositives&gt;&lt;FalseNegatives&gt;&lt;/FalseNegatives&gt;&lt;Documentable&gt;false&lt;/Documentable&gt;&lt;Mitigations&gt;&lt;/Mitigations&gt;&lt;SecurityOverrideGuidance&gt;&lt;/SecurityOverrideGuidance&gt;&lt;PotentialImpacts&gt;&lt;/PotentialImpacts&gt;&lt;ThirdPartyTools&gt;&lt;/ThirdPartyTools&gt;&lt;MitigationControl&gt;&lt;/MitigationControl&gt;&lt;Responsibility&gt;&lt;/Responsibility&gt;&lt;IAControls&gt;&lt;/IAControls&gt;</description>
      <ident system="http://iase.disa.mil/cci">CCI-000366</ident>
      <fixtext>Navigate to and open:

The nginx.conf (/etc/nginx/nginx.conf by default or the included file where the server is defined) file.

Add a add_header directive, for example:

add_header Referrer-Policy "no-referrer";

Reload the NGINX configuration by running the following command:

# nginx -s reload

Note: There can be several add_header directives. These directives are inherited from the previous configuration level if and only if there are no add_header directives defined on the current level so care must be taken if add_header is defined at multiple levels to include headers configured at a higher level.</fixtext>
      <check system="N/A">
        <check-content>Verify a header is configured to set a Referrer-Policy.

View the running configuration by running the following command:

# nginx -T

Example configuration:

server {
  add_header Referrer-Policy "no-referrer";
}

If a header is not configured as shown in the example in the http, server, or location block, this is a finding.

Note: There can be several add_header directives. These directives are inherited from the previous configuration level if and only if there are no add_header directives defined on the current level so care must be taken if add_header is defined at multiple levels to include headers configured at a higher level.</check-content>
      </check>
    </Rule>
  </Group>
  <Group id="NGNX-WB-000001">
    <title>SRG-APP-000001-WSR-000001</title>
    <Rule id="SV-NGNX-WB-000001" severity="medium" weight="10.0">
      <version>NGNX-WB-000001</version>
      <title>NGINX must limit the number of allowed simultaneous session requests.</title>
      <description>&lt;VulnDiscussion&gt;Web server management includes the ability to control the number of users and user sessions that utilize a web server. Limiting the number of allowed users and sessions per user is helpful in limiting risks related to several types of Denial of Service attacks. 

Although there is some latitude concerning the settings themselves, the settings should follow DoD-recommended values, but the settings should be configurable to allow for future DoD direction. While the DoD will specify recommended values, the values can be adjusted to accommodate the operational requirement of a given system.&lt;/VulnDiscussion&gt;&lt;FalsePositives&gt;&lt;/FalsePositives&gt;&lt;FalseNegatives&gt;&lt;/FalseNegatives&gt;&lt;Documentable&gt;false&lt;/Documentable&gt;&lt;Mitigations&gt;&lt;/Mitigations&gt;&lt;SecurityOverrideGuidance&gt;&lt;/SecurityOverrideGuidance&gt;&lt;PotentialImpacts&gt;&lt;/PotentialImpacts&gt;&lt;ThirdPartyTools&gt;&lt;/ThirdPartyTools&gt;&lt;MitigationControl&gt;&lt;/MitigationControl&gt;&lt;Responsibility&gt;&lt;/Responsibility&gt;&lt;IAControls&gt;&lt;/IAControls&gt;</description>
      <ident system="http://iase.disa.mil/cci">CCI-000054</ident>
      <fixtext>Navigate to and open:

The nginx.conf (/etc/nginx/nginx.conf by default) file.

Add the following or similar line(s) in the http block:

limit_conn_zone $server_name zone=per_server:10m;
limit_conn per_server 1000;

Reload the NGINX configuration by running the following command:

# nginx -s reload</fixtext>
      <check system="N/A">
        <check-content>Verify a shared memory zone has been established in the http block to track connections per server.

View the running configuration by running the following command:

# nginx -T

Example configuration:

http {
  limit_conn_zone $server_name zone=per_server:10m;
  limit_conn per_server 1000;
}

If the limit_conn_zone option is not configured in the http block to limit connections per server, this is a finding.

If the limit_conn option is not configured in the http block to limit connections per server, this is a finding.

Note: limit_conn directives under server or location blocks are acceptable to modify limits based on application needs as long as they are not disabled.</check-content>
      </check>
    </Rule>
  </Group>
  <Group id="NGNX-WB-000062">
    <title>SRG-APP-000266-WSR-000142</title>
    <Rule id="SV-NGNX-WB-000062" severity="medium" weight="10.0">
      <version>NGNX-WB-000062</version>
      <title>NGINX must disable directory listings.</title>
      <description>&lt;VulnDiscussion&gt;The goal is to completely control the web user's experience in navigating any portion of the web document root directories. Ensuring all web content directories have at least the equivalent of an index.html file is a significant factor to accomplish this end.

Enumeration techniques, such as URL parameter manipulation, rely upon being able to obtain information about the web server's directory structure by locating directories without default pages. In the scenario, the web server will display to the user a listing of the files in the directory being accessed. By having a default hosted application web page, the anonymous web user will not obtain directory browsing information or an error message that reveals the server type and version.

Satisfies: SRG-APP-000251-WSR-000157&lt;/VulnDiscussion&gt;&lt;FalsePositives&gt;&lt;/FalsePositives&gt;&lt;FalseNegatives&gt;&lt;/FalseNegatives&gt;&lt;Documentable&gt;false&lt;/Documentable&gt;&lt;Mitigations&gt;&lt;/Mitigations&gt;&lt;SecurityOverrideGuidance&gt;&lt;/SecurityOverrideGuidance&gt;&lt;PotentialImpacts&gt;&lt;/PotentialImpacts&gt;&lt;ThirdPartyTools&gt;&lt;/ThirdPartyTools&gt;&lt;MitigationControl&gt;&lt;/MitigationControl&gt;&lt;Responsibility&gt;&lt;/Responsibility&gt;&lt;IAControls&gt;&lt;/IAControls&gt;</description>
      <ident system="http://iase.disa.mil/cci">CCI-001312</ident>
      <fixtext>Navigate to and open:

The nginx.conf (/etc/nginx/nginx.conf by default) file.

Remove any "autoindex" directives.

Reload the NGINX configuration by running the following command:

# nginx -s reload</fixtext>
      <check system="N/A">
        <check-content>Verify that no "autoindex" directives have been defined.

At the command line, run the following command:

# nginx -T 2&gt;&amp;1 | grep "autoindex"

If the output includes any statements setting "autoindex" to "on", this is a finding.</check-content>
      </check>
    </Rule>
  </Group>
  <Group id="NGNX-WB-000097">
    <title>SRG-APP-000266-WSR-000142</title>
    <Rule id="SV-NGNX-WB-000097" severity="medium" weight="10.0">
      <version>NGNX-WB-000097</version>
      <title>NGINX must remove references of server information from default web pages.</title>
      <description>&lt;VulnDiscussion&gt;The goal is to completely control the web user's experience in navigating any portion of the web document root directories. Ensuring all web content directories have at least the equivalent of an index.html file is a significant factor to accomplish this end.

Enumeration techniques, such as URL parameter manipulation, rely upon being able to obtain information about the web server's directory structure by locating directories without default pages. In the scenario, the web server will display to the user a listing of the files in the directory being accessed. By having a default hosted application web page, the anonymous web user will not obtain directory browsing information or an error message that reveals the server type and version.&lt;/VulnDiscussion&gt;&lt;FalsePositives&gt;&lt;/FalsePositives&gt;&lt;FalseNegatives&gt;&lt;/FalseNegatives&gt;&lt;Documentable&gt;false&lt;/Documentable&gt;&lt;Mitigations&gt;&lt;/Mitigations&gt;&lt;SecurityOverrideGuidance&gt;&lt;/SecurityOverrideGuidance&gt;&lt;PotentialImpacts&gt;&lt;/PotentialImpacts&gt;&lt;ThirdPartyTools&gt;&lt;/ThirdPartyTools&gt;&lt;MitigationControl&gt;&lt;/MitigationControl&gt;&lt;Responsibility&gt;&lt;/Responsibility&gt;&lt;IAControls&gt;&lt;/IAControls&gt;</description>
      <ident system="http://iase.disa.mil/cci">CCI-001312</ident>
      <fixtext>For each page that failed the check edit the file and remove any references to server type or version.</fixtext>
      <check system="N/A">
        <check-content>Verify any default web and error pages do not contain any server information.

View the running configuration by running the following command:

# nginx -T

Example configuration:

location / {
        root /opt/mysite/www;
        try_files $uri $uri/ /index.html;
        index index.html index.htm;
    }

    error_page   500 502 503 504  /50x.html;
    location = /50x.html {
        root   /etc/nginx/html;
    }

Determine if a default index page or error page has been defined by reviewing the try_files, index, and error_page directives.

Review the default pages and ensure there is no server information such as version or server type to indicate it is an NGINX web server.

If any default index page or error pages contains server information that reveals the server type or version, this is a finding.</check-content>
      </check>
    </Rule>
  </Group>
  <Group id="NGNX-WB-000091">
    <title>SRG-APP-000439-WSR-000188</title>
    <Rule id="SV-NGNX-WB-000091" severity="medium" weight="10.0">
      <version>NGNX-WB-000091</version>
      <title>NGINX must configure ciphers to protect the confidentiality and integrity of transmitted information.</title>
      <description>&lt;VulnDiscussion&gt;During the initial setup of a Transport Layer Security (TLS) connection to the web server, the client sends a list of supported cipher suites in order of preference.  The web server will reply with the cipher suite it will use for communication from the client list.  If an attacker can intercept the submission of cipher suites to the web server and place, as the preferred cipher suite, a weak export suite, the encryption used for the session becomes easy for the attacker to break, often within minutes to hours.&lt;/VulnDiscussion&gt;&lt;FalsePositives&gt;&lt;/FalsePositives&gt;&lt;FalseNegatives&gt;&lt;/FalseNegatives&gt;&lt;Documentable&gt;false&lt;/Documentable&gt;&lt;Mitigations&gt;&lt;/Mitigations&gt;&lt;SecurityOverrideGuidance&gt;&lt;/SecurityOverrideGuidance&gt;&lt;PotentialImpacts&gt;&lt;/PotentialImpacts&gt;&lt;ThirdPartyTools&gt;&lt;/ThirdPartyTools&gt;&lt;MitigationControl&gt;&lt;/MitigationControl&gt;&lt;Responsibility&gt;&lt;/Responsibility&gt;&lt;IAControls&gt;&lt;/IAControls&gt;</description>
      <ident system="http://iase.disa.mil/cci">CCI-002418</ident>
      <fixtext>Navigate to and open:

The nginx.conf (/etc/nginx/nginx.conf by default) file.

Add the ssl_ciphers option to the http block, for example:

ssl_ciphers 'ECDHE-ECDSA-AES256-GCM-SHA384:ECDHE-RSA-AES256-GCM-SHA384:ECDHE-ECDSA-AES128-GCM-SHA256:ECDHE-RSA-AES128-GCM-SHA256';

or 

ssl_ciphers 'FIPS';

Reload the NGINX configuration by running the following command:

# nginx -s reload

Note: The first option is a subset of the FIPS list and compatible with TLS 1.2.</fixtext>
      <check system="N/A">
        <check-content>Verify the ssl_ciphers list in the http block.

View the running configuration by running the following command:

# nginx -T

Example configuration:

http {
  ssl_ciphers 'ECDHE-ECDSA-AES256-GCM-SHA384:ECDHE-RSA-AES256-GCM-SHA384:ECDHE-ECDSA-AES128-GCM-SHA256:ECDHE-RSA-AES128-GCM-SHA256';
}

If the "ssl_ciphers" directive is not configured as shown or not set to "FIPS", this is a finding.

If the "ssl_ciphers" directive is configured in a server or location block and not configured as shown or not set to "FIPS", this is a finding.</check-content>
      </check>
    </Rule>
  </Group>
  <Group id="NGNX-WB-000096">
    <title>SRG-APP-000516-WSR-000174</title>
    <Rule id="SV-NGNX-WB-000096" severity="medium" weight="10.0">
      <version>NGNX-WB-000096</version>
      <title>NGINX must remove the default web site configuration.</title>
      <description>&lt;VulnDiscussion&gt;After installation, an NGINX default website is configured to listen on port 80 and servers a generic page indicating that the NGINX server is working. This page contains information that reveals details about the server and is over an insecure connection and should be removed.&lt;/VulnDiscussion&gt;&lt;FalsePositives&gt;&lt;/FalsePositives&gt;&lt;FalseNegatives&gt;&lt;/FalseNegatives&gt;&lt;Documentable&gt;false&lt;/Documentable&gt;&lt;Mitigations&gt;&lt;/Mitigations&gt;&lt;SecurityOverrideGuidance&gt;&lt;/SecurityOverrideGuidance&gt;&lt;PotentialImpacts&gt;&lt;/PotentialImpacts&gt;&lt;ThirdPartyTools&gt;&lt;/ThirdPartyTools&gt;&lt;MitigationControl&gt;&lt;/MitigationControl&gt;&lt;Responsibility&gt;&lt;/Responsibility&gt;&lt;IAControls&gt;&lt;/IAControls&gt;</description>
      <ident system="http://iase.disa.mil/cci">CCI-000366</ident>
      <fixtext>At the command prompt, run the following command:

# rm /etc/nginx/sites-enabled/default

Reload the NGINX configuration by running the following command:

# nginx -s reload</fixtext>
      <check system="N/A">
        <check-content>Verify the default NGINX web site configuration is not enabled.

At the command prompt, run the following command:

# ls -la /etc/nginx/sites-enabled/

Example output:

lrwxrwxrwx 1 root root   34 Mar  1 15:18 default -&gt; /etc/nginx/sites-enabled/default

If the output shows that the default web site is enabled, this is a finding.</check-content>
      </check>
    </Rule>
  </Group>
  <Group id="NGNX-WB-000100">
    <title>SRG-APP-000516-WSR-000174</title>
    <Rule id="SV-NGNX-WB-000100" severity="medium" weight="10.0">
      <version>NGNX-WB-000100</version>
      <title>NGINX must not disable keep alive timeouts.</title>
      <description>&lt;VulnDiscussion&gt;The keep alive timeout sets a timeout during which a keep-alive client connection will stay open on the server side.

Setting a keep alive timeout on the server side helps mitigate denial of service attacks that establish too many persistent connections, exhausting server resources.&lt;/VulnDiscussion&gt;&lt;FalsePositives&gt;&lt;/FalsePositives&gt;&lt;FalseNegatives&gt;&lt;/FalseNegatives&gt;&lt;Documentable&gt;false&lt;/Documentable&gt;&lt;Mitigations&gt;&lt;/Mitigations&gt;&lt;SecurityOverrideGuidance&gt;&lt;/SecurityOverrideGuidance&gt;&lt;PotentialImpacts&gt;&lt;/PotentialImpacts&gt;&lt;ThirdPartyTools&gt;&lt;/ThirdPartyTools&gt;&lt;MitigationControl&gt;&lt;/MitigationControl&gt;&lt;Responsibility&gt;&lt;/Responsibility&gt;&lt;IAControls&gt;&lt;/IAControls&gt;</description>
      <ident system="http://iase.disa.mil/cci">CCI-000366</ident>
      <fixtext>Navigate to and open:

The nginx.conf (/etc/nginx/nginx.conf by default or the included file where the directive was configured) file.

Remove or update the "keepalive_timeout" directive to a value &gt; 0 and &lt;= 75, for example:

keepalive_timeout 60s;

Reload the NGINX configuration by running the following command:

# nginx -s reload</fixtext>
      <check system="N/A">
        <check-content>Verify the keep alive timeout is not disabled.

View the running configuration by running the following command:

# nginx -T 2&gt;&amp;1 | grep "keepalive_timeout"

Example configuration:

http {
  keepalive_timeout 60s;
}

If the the directive "keepalive_timeout" is configured and set to 0 or more than the default of 75, this is a finding.

If the directive "keepalive_timeout" is not configured, this is NOT a finding.</check-content>
      </check>
    </Rule>
  </Group>
  <Group id="NGNX-WB-000105">
    <title>SRG-APP-000516-WSR-000174</title>
    <Rule id="SV-NGNX-WB-000105" severity="medium" weight="10.0">
      <version>NGNX-WB-000105</version>
      <title>NGINX must enable Content Security Policy.</title>
      <description>&lt;VulnDiscussion&gt;A Content Security Policy (CSP) requires careful tuning and precise definition of the policy. If enabled, CSP has significant impact on the way browsers render pages (e.g., inline JavaScript is disabled by default and must be explicitly allowed in the policy). CSP prevents a wide range of attacks, including cross-site scripting and other cross-site injections.&lt;/VulnDiscussion&gt;&lt;FalsePositives&gt;&lt;/FalsePositives&gt;&lt;FalseNegatives&gt;&lt;/FalseNegatives&gt;&lt;Documentable&gt;false&lt;/Documentable&gt;&lt;Mitigations&gt;&lt;/Mitigations&gt;&lt;SecurityOverrideGuidance&gt;&lt;/SecurityOverrideGuidance&gt;&lt;PotentialImpacts&gt;&lt;/PotentialImpacts&gt;&lt;ThirdPartyTools&gt;&lt;/ThirdPartyTools&gt;&lt;MitigationControl&gt;&lt;/MitigationControl&gt;&lt;Responsibility&gt;&lt;/Responsibility&gt;&lt;IAControls&gt;&lt;/IAControls&gt;</description>
      <ident system="http://iase.disa.mil/cci">CCI-000366</ident>
      <fixtext>Navigate to and open:

The nginx.conf (/etc/nginx/nginx.conf by default or the included file where the server is defined) file.

Add a add_header directive, for example:

add_header Content-Security-Policy "default-src 'self'; font-src 'self' data:; img-src 'self' data:; style-src 'self' 'unsafe-inline';";

Note: This can be customized to fit the web server or application requirements.

Reload the NGINX configuration by running the following command:

# nginx -s reload

Note: There can be several add_header directives. These directives are inherited from the previous configuration level if and only if there are no add_header directives defined on the current level so care must be taken if add_header is defined at multiple levels to include headers configured at a higher level.</fixtext>
      <check system="N/A">
        <check-content>Verify a header is configured for Content Security Policy.

View the running configuration by running the following command:

# nginx -T

Example configuration:

server {
  add_header Content-Security-Policy "default-src 'self'; font-src 'self' data:; img-src 'self' data:; style-src 'self' 'unsafe-inline';";
}

If a header is not configured to define a Content Security Policy header in the http, server, or location block, this is a finding.

Note: There can be several add_header directives. These directives are inherited from the previous configuration level if and only if there are no add_header directives defined on the current level so care must be taken if add_header is defined at multiple levels to include headers configured at a higher level.</check-content>
      </check>
    </Rule>
  </Group>
  <Group id="NGNX-WB-000010">
    <title>SRG-APP-000095-WSR-000056</title>
    <Rule id="SV-NGNX-WB-000010" severity="medium" weight="10.0">
      <version>NGNX-WB-000010</version>
      <title>NGINX must produce log records containing sufficient information to establish what type of events occurred.</title>
      <description>&lt;VulnDiscussion&gt;Web server logging capability is critical for accurate forensic analysis. Without sufficient and accurate information, a correct replay of the events cannot be determined. 

Ascertaining the correct type of event that occurred is important during forensic analysis. The correct determination of the event and when it occurred is important in relation to other events that happened at that same time. 

Without sufficient information establishing what type of log event occurred, investigation into the cause of event is severely hindered. Log record content that may be necessary to satisfy the requirement of this control includes, but is not limited to, time stamps, source and destination IP addresses, user/process identifiers, event descriptions, application-specific events, success/fail indications, file names involved, access control, or flow control rules invoked.

Satisfies: SRG-APP-000096-WSR-000057, SRG-APP-000097-WSR-000058, SRG-APP-000098-WSR-000059, SRG-APP-000098-WSR-000060, SRG-APP-000100-WSR-000064, SRG-APP-000099-WSR-000061, SRG-APP-000375-WSR-000171&lt;/VulnDiscussion&gt;&lt;FalsePositives&gt;&lt;/FalsePositives&gt;&lt;FalseNegatives&gt;&lt;/FalseNegatives&gt;&lt;Documentable&gt;false&lt;/Documentable&gt;&lt;Mitigations&gt;&lt;/Mitigations&gt;&lt;SecurityOverrideGuidance&gt;&lt;/SecurityOverrideGuidance&gt;&lt;PotentialImpacts&gt;&lt;/PotentialImpacts&gt;&lt;ThirdPartyTools&gt;&lt;/ThirdPartyTools&gt;&lt;MitigationControl&gt;&lt;/MitigationControl&gt;&lt;Responsibility&gt;&lt;/Responsibility&gt;&lt;IAControls&gt;&lt;/IAControls&gt;</description>
      <ident system="http://iase.disa.mil/cci">CCI-000130</ident>
      <fixtext>Navigate to and open:

The nginx.conf (/etc/nginx/nginx.conf by default) file.

Add the following or similar in the http block:

log_format custom '$remote_addr - $remote_user [$time_local] "$request" $status $body_bytes_sent "$http_referer" "$http_user_agent" "$http_x_forwarded_for"';

Reload the NGINX configuration by running the following command:

# nginx -s reload</fixtext>
      <check system="N/A">
        <check-content>Verify the log format has been enabled in the http block.

View the running configuration by running the following command:

# nginx -T

Example configuration:

http {
  log_format custom '$remote_addr - $remote_user [$time_local] "$request" $status $body_bytes_sent "$http_referer" "$http_user_agent" "$http_x_forwarded_for"';
}

If the log_format directive is not configured in the http block and contain at least the variables shown in the example, this is a finding.</check-content>
      </check>
    </Rule>
  </Group>
  <Group id="NGNX-WB-000090">
    <title>SRG-APP-000439-WSR-000156</title>
    <Rule id="SV-NGNX-WB-000090" severity="medium" weight="10.0">
      <version>NGNX-WB-000090</version>
      <title>NGINX must maintain the confidentiality of controlled information during transmission through the use of an approved TLS version.</title>
      <description>&lt;VulnDiscussion&gt;Transport Layer Security (TLS) is a required transmission protocol for a web server hosting controlled information. The use of TLS provides confidentiality of data in transit between the web server and client. FIPS 140-2 approved TLS versions must be enabled and non-FIPS-approved SSL versions must be disabled.

NIST SP 800-52 defines the approved TLS versions for government applications.

Satisfies: SRG-APP-000439-WSR-000151, SRG-APP-000441-WSR-000181, SRG-APP-000442-WSR-000182&lt;/VulnDiscussion&gt;&lt;FalsePositives&gt;&lt;/FalsePositives&gt;&lt;FalseNegatives&gt;&lt;/FalseNegatives&gt;&lt;Documentable&gt;false&lt;/Documentable&gt;&lt;Mitigations&gt;&lt;/Mitigations&gt;&lt;SecurityOverrideGuidance&gt;&lt;/SecurityOverrideGuidance&gt;&lt;PotentialImpacts&gt;&lt;/PotentialImpacts&gt;&lt;ThirdPartyTools&gt;&lt;/ThirdPartyTools&gt;&lt;MitigationControl&gt;&lt;/MitigationControl&gt;&lt;Responsibility&gt;&lt;/Responsibility&gt;&lt;IAControls&gt;&lt;/IAControls&gt;</description>
      <ident system="http://iase.disa.mil/cci">CCI-002418</ident>
      <fixtext>Navigate to and open:

The nginx.conf (/etc/nginx/nginx.conf by default or the included file where the server is defined) file.

Add the ssl_protocols directive to the servers block, for example:

ssl_protocols TLSv1.2;

Reload the NGINX configuration by running the following command:

# nginx -s reload</fixtext>
      <check system="N/A">
        <check-content>Verify TLS 1.2+ is enabled for each server block.

View the running configuration by running the following command:

# nginx -T

Example configuration:

server {
  ssl_protocols TLSv1.2;
}

If the ssl_protocol option is not configure to only support TLS 1.2 or 1.3, this is a finding.</check-content>
      </check>
    </Rule>
  </Group>
  <Group id="NGNX-WB-000034">
    <title>SRG-APP-000141-WSR-000085</title>
    <Rule id="SV-NGNX-WB-000034" severity="medium" weight="10.0">
      <version>NGNX-WB-000034</version>
      <title>NGINX must have Web Distributed Authoring (WebDAV) disabled.</title>
      <description>&lt;VulnDiscussion&gt;A web server can be installed with functionality that, just by its nature, is not secure. Web Distributed Authoring (WebDAV) is an extension to the HTTP protocol that, when developed, was meant to allow users to create, change, and move documents on a server, typically a web server or web share. Allowing this functionality, development, and deployment is much easier for web authors.

WebDAV is not widely used and has serious security concerns because it may allow clients to modify unauthorized files on the web server.&lt;/VulnDiscussion&gt;&lt;FalsePositives&gt;&lt;/FalsePositives&gt;&lt;FalseNegatives&gt;&lt;/FalseNegatives&gt;&lt;Documentable&gt;false&lt;/Documentable&gt;&lt;Mitigations&gt;&lt;/Mitigations&gt;&lt;SecurityOverrideGuidance&gt;&lt;/SecurityOverrideGuidance&gt;&lt;PotentialImpacts&gt;&lt;/PotentialImpacts&gt;&lt;ThirdPartyTools&gt;&lt;/ThirdPartyTools&gt;&lt;MitigationControl&gt;&lt;/MitigationControl&gt;&lt;Responsibility&gt;&lt;/Responsibility&gt;&lt;IAControls&gt;&lt;/IAControls&gt;</description>
      <ident system="http://iase.disa.mil/cci">CCI-000381</ident>
      <fixtext>NGINX does not support removing modules if it is not built and installed from source.

The NGINX configure command is used to create a Makefile to that specifies which modules should be included in the installation.

Consult the NGINX documentation and recompile the NGINX installation from source without the unneeded modules.</fixtext>
      <check system="N/A">
        <check-content>Verify NGINX is not complied with the WebDAV module.

View the compiled modules by running the following command:

# nginx -V 2&gt;&amp;1 | grep http_dav_module

If the command returns any output indicating the WebDAV module is present, this is a finding.</check-content>
      </check>
    </Rule>
  </Group>
  <Group id="NGNX-WB-000099">
    <title>SRG-APP-000516-WSR-000174</title>
    <Rule id="SV-NGNX-WB-000099" severity="high" weight="10.0">
      <version>NGNX-WB-000099</version>
      <title>NGINX must disable server side includes.</title>
      <description>&lt;VulnDiscussion&gt;Disabling server side includes prevents the exploitation of the web server by preventing the potential injection of scripts and remote code execution through the SSI functionality.&lt;/VulnDiscussion&gt;&lt;FalsePositives&gt;&lt;/FalsePositives&gt;&lt;FalseNegatives&gt;&lt;/FalseNegatives&gt;&lt;Documentable&gt;false&lt;/Documentable&gt;&lt;Mitigations&gt;&lt;/Mitigations&gt;&lt;SecurityOverrideGuidance&gt;&lt;/SecurityOverrideGuidance&gt;&lt;PotentialImpacts&gt;&lt;/PotentialImpacts&gt;&lt;ThirdPartyTools&gt;&lt;/ThirdPartyTools&gt;&lt;MitigationControl&gt;&lt;/MitigationControl&gt;&lt;Responsibility&gt;&lt;/Responsibility&gt;&lt;IAControls&gt;&lt;/IAControls&gt;</description>
      <ident system="http://iase.disa.mil/cci">CCI-000366</ident>
      <fixtext>Navigate to and open:

The nginx.conf (/etc/nginx/nginx.conf by default or the included file where the directive was configured) file.

Remove the "ssi on;" statement.

Reload the NGINX configuration by running the following command:

# nginx -s reload</fixtext>
      <check system="N/A">
        <check-content>Verify server side includes are off.

View the running configuration by running the following command:

# nginx -T 2&gt;&amp;1 | grep "ssi"

Example configuration:

http {
  ssi off;
}

If the the directive "ssi" is configured and set to on, this is a finding.

If the directive "ssi" is not configured, this is NOT a finding.

Note: The "ssi" directive is off by default if not explicitly defined.</check-content>
      </check>
    </Rule>
  </Group>
  <Group id="NGNX-WB-000007">
    <title>SRG-APP-000089-WSR-000047</title>
    <Rule id="SV-NGNX-WB-000007" severity="medium" weight="10.0">
      <version>NGNX-WB-000007</version>
      <title>NGINX must generate log records for system events.</title>
      <description>&lt;VulnDiscussion&gt;Log records can be generated from various components within the web server (e.g., httpd, plug-ins to external backends, etc.). From a web server perspective, certain specific web server functionalities may be logged as well. The web server must allow the definition of what events are to be logged. As conditions change, the number and types of events to be logged may change, and the web server must be able to facilitate these changes.

The minimum list of logged events should be those pertaining to system startup and shutdown, system access, and system authentication events. If these events are not logged at a minimum, any type of forensic investigation would be missing pertinent information needed to replay what occurred.

Satisfies: SRG-APP-000092-WSR-000055&lt;/VulnDiscussion&gt;&lt;FalsePositives&gt;&lt;/FalsePositives&gt;&lt;FalseNegatives&gt;&lt;/FalseNegatives&gt;&lt;Documentable&gt;false&lt;/Documentable&gt;&lt;Mitigations&gt;&lt;/Mitigations&gt;&lt;SecurityOverrideGuidance&gt;&lt;/SecurityOverrideGuidance&gt;&lt;PotentialImpacts&gt;&lt;/PotentialImpacts&gt;&lt;ThirdPartyTools&gt;&lt;/ThirdPartyTools&gt;&lt;MitigationControl&gt;&lt;/MitigationControl&gt;&lt;Responsibility&gt;&lt;/Responsibility&gt;&lt;IAControls&gt;&lt;/IAControls&gt;</description>
      <ident system="http://iase.disa.mil/cci">CCI-000169</ident>
      <fixtext>Navigate to and open:

The nginx.conf (/etc/nginx/nginx.conf by default) file.

Add the following line in the main context at the top of the file:

error_log /var/log/nginx/error.log info;

Reload the NGINX configuration by running the following command:

# nginx -s reload</fixtext>
      <check system="N/A">
        <check-content>At the command line, run the following command:

# nginx -T 2&gt;&amp;1 | grep "^error_log"

Example result:

error_log /var/log/nginx/error.log info;

If the output does not include the error_log directive and set to at least info, this is a finding.</check-content>
      </check>
    </Rule>
  </Group>
  <Group id="NGNX-WB-000037">
    <title>SRG-APP-000142-WSR-000089</title>
    <Rule id="SV-NGNX-WB-000037" severity="medium" weight="10.0">
      <version>NGNX-WB-000037</version>
      <title>NGINX must be configured to use a specified IP address and port.</title>
      <description>&lt;VulnDiscussion&gt;The web server must be configured to listen on a specified IP address and port.  Without specifying an IP address and port for the web server to utilize, the web server will listen on all IP addresses available to the hosting server.  If the web server has multiple IP addresses, i.e., a management IP address, the web server will also accept connections on the management IP address.  

Accessing the hosted application through an IP address normally used for non-application functions opens the possibility of user access to resources, utilities, files, ports, and protocols that are protected on the desired application IP address.

Satisfies: SRG-APP-000383-WSR-000175&lt;/VulnDiscussion&gt;&lt;FalsePositives&gt;&lt;/FalsePositives&gt;&lt;FalseNegatives&gt;&lt;/FalseNegatives&gt;&lt;Documentable&gt;false&lt;/Documentable&gt;&lt;Mitigations&gt;&lt;/Mitigations&gt;&lt;SecurityOverrideGuidance&gt;&lt;/SecurityOverrideGuidance&gt;&lt;PotentialImpacts&gt;&lt;/PotentialImpacts&gt;&lt;ThirdPartyTools&gt;&lt;/ThirdPartyTools&gt;&lt;MitigationControl&gt;&lt;/MitigationControl&gt;&lt;Responsibility&gt;&lt;/Responsibility&gt;&lt;IAControls&gt;&lt;/IAControls&gt;</description>
      <ident system="http://iase.disa.mil/cci">CCI-000382</ident>
      <fixtext>Navigate to and open:

The nginx.conf (/etc/nginx/nginx.conf by default or the included file where the server is defined) file.

Update the servers listen directive, for example:

listen 10.10.10.10:443 ssl;

Reload the NGINX configuration by running the following command:

# nginx -s reload</fixtext>
      <check system="N/A">
        <check-content>Verify listen directive for each server block.

View the running configuration by running the following command:

# nginx -T

Example configuration:

server {
  listen 10.10.10.10:443 ssl;
}

If the the configured listen directives in service blocks do not define a specified IP/hostname and port, this is a finding.</check-content>
      </check>
    </Rule>
  </Group>
</Benchmark>
