<?xml version="1.0" encoding="utf-8"?>
<?xml-stylesheet type='text/xsl' href='STIG_unclass.xsl'?>
<Benchmark
	xmlns:dc="http://purl.org/dc/elements/1.1/"
	xmlns:xsi="http://www.w3.org/2001/XMLSchema-instance"
	xmlns:cpe="http://cpe.mitre.org/language/2.0"
	xmlns:xhtml="http://www.w3.org/1999/xhtml"
	xmlns:dsig="http://www.w3.org/2000/09/xmldsig#" xsi:schemaLocation="http://checklists.nist.gov/xccdf/1.1 http://nvd.nist.gov/schema/xccdf-1.1.4.xsd http://cpe.mitre.org/dictionary/2.0 http://cpe.mitre.org/files/cpe-dictionary_2.1.xsd" id="VMW_vRSLCM_8.2_PostgreSQL_STIG_Readiness_Guide" xml:lang="en"
	xmlns="http://checklists.nist.gov/xccdf/1.1">
	<status date="2021-08-04">draft</status>
	<title>VMware vRealize Suite Lifecycle Manager 8.2 PostreSQL STIG Readiness Guide</title>
	<description>This project represents VMware's effort to document our compliance against the SRG requirements and nothing more. A published STIG is our eventual goal, in most cases, but this content should not be viewed to be "as good as a STIG". A DISA published STIG includes technical validation, review of requirement fulfillment, accuracy and style, risk acceptance and is digitally signed by the RME and posted on a .mil. This SRG content is intended to provided value to our partners while the STIGs are in process. Except for products that have published STIGs already, there is no explicit or implied DISA approval of the provided content.</description>
	<notice id="terms-of-use" xml:lang="en"></notice>
	<front-matter xml:lang="en"></front-matter>
	<rear-matter xml:lang="en"></rear-matter>
	<reference href="https://github.com/vmware/dod-compliance-and-automation">
		<dc:publisher>VMware</dc:publisher>
		<dc:source>https://github.com/vmware/dod-compliance-and-automation</dc:source>
	</reference>
	<plain-text id="release-info">Release: 1 Benchmark Date: 04 Aug 2021</plain-text>
	<plain-text id="generator">3.2.2.36079</plain-text>
	<plain-text id="conventionsVersion">1.10.0</plain-text>
	<version>1</version>
  <Group id="VLMP-8X-000001">
    <title>SRG-APP-000001-DB-000031</title>
    <Rule id="r_VLMP-8X-000001" severity="medium">
      <version>VLMP-8X-000001</version>
      <title>PostgreSQL must limit the number of concurrent sessions.</title>
      <description>&lt;VulnDiscussion&gt;Database management includes the ability to control the number of
users and user sessions utilizing a DBMS. Unlimited concurrent connections to
the DBMS could allow a successful Denial of Service (DoS) attack by exhausting
connection resources; and a system can also fail or be degraded by an overload
of legitimate users. Limiting the number of concurrent sessions per user is
helpful in reducing these risks.&lt;/VulnDiscussion&gt;&lt;FalsePositives&gt;&lt;/FalsePositives&gt;&lt;FalseNegatives&gt;&lt;/FalseNegatives&gt;&lt;Documentable&gt;false&lt;/Documentable&gt;&lt;Mitigations&gt;&lt;/Mitigations&gt;&lt;SeverityOverrideGuidance&gt;&lt;/SeverityOverrideGuidance&gt;&lt;PotentialImpacts&gt;&lt;/PotentialImpacts&gt;&lt;ThirdPartyTools&gt;&lt;/ThirdPartyTools&gt;&lt;MitigationControl&gt;&lt;/MitigationControl&gt;&lt;Responsibility&gt;&lt;/Responsibility&gt;&lt;IAControls&gt;&lt;/IAControls&gt;</description>
      <reference>
        <dc:publisher>VMware</dc:publisher>
        <dc:subject>This Security Technical Implementation Guide is published as a tool to improve the security of Department of Defense (DoD) information systems. The requirements are derived from the National Institute of Standards and Technology (NIST) 800-53 and related documents.</dc:subject>
      </reference>
      <ident system="http://cyber.mil/cci">CCI-000054</ident>
      <fixtext>At the command prompt, execute the following command(s):

    # /opt/vmware/vpostgres/current/bin/psql -U postgres -c "ALTER SYSTEM SET
max_connections TO '100';"

    # systemctl restart vpostgres.service</fixtext>
      <check system="N/A">
        <check-content>At the command prompt, execute the following command:

    #  /opt/vmware/vpostgres/11/bin/psql -U postgres -A -t -c "SHOW
max_connections"

    Expected result:

    100

    If the output does not match the expected result, this is a finding.</check-content>
      </check>
    </Rule>
  </Group>
  <Group id="VLMP-8X-000002">
    <title>SRG-APP-000090-DB-000065</title>
    <Rule id="r_VLMP-8X-000002" severity="medium">
      <version>VLMP-8X-000002</version>
      <title>PostgreSQL configuration files must not be accessible by unauthorized users.</title>
      <description>&lt;VulnDiscussion&gt;Without the capability to restrict which roles and individuals can
select which events are audited, unauthorized personnel may be able to prevent
or interfere with the auditing of critical events.

    Suppression of auditing could permit an adversary to evade detection.

    Misconfigured audits can degrade the system's performance by overwhelming
the audit log. Misconfigured audits may also make it more difficult to
establish, correlate, and investigate the events relating to an incident or
identify those responsible for one.&lt;/VulnDiscussion&gt;&lt;FalsePositives&gt;&lt;/FalsePositives&gt;&lt;FalseNegatives&gt;&lt;/FalseNegatives&gt;&lt;Documentable&gt;false&lt;/Documentable&gt;&lt;Mitigations&gt;&lt;/Mitigations&gt;&lt;SeverityOverrideGuidance&gt;&lt;/SeverityOverrideGuidance&gt;&lt;PotentialImpacts&gt;&lt;/PotentialImpacts&gt;&lt;ThirdPartyTools&gt;&lt;/ThirdPartyTools&gt;&lt;MitigationControl&gt;&lt;/MitigationControl&gt;&lt;Responsibility&gt;&lt;/Responsibility&gt;&lt;IAControls&gt;&lt;/IAControls&gt;</description>
      <reference>
        <dc:publisher>VMware</dc:publisher>
        <dc:subject>This Security Technical Implementation Guide is published as a tool to improve the security of Department of Defense (DoD) information systems. The requirements are derived from the National Institute of Standards and Technology (NIST) 800-53 and related documents.</dc:subject>
      </reference>
      <ident system="http://cyber.mil/cci">CCI-000171</ident>
      <fixtext>At the command prompt, enter the following command(s):

# chmod 600 &lt;file&gt;
# chown postgres:users &lt;file&gt;

Note: Replace &lt;file&gt; with the file with incorrect permissions.</fixtext>
      <check system="N/A">
        <check-content>At the command prompt, enter the following command:

    # find /var/vmware/vpostgres/current/pgdata/*conf* -xdev -type f -a '('
-not -perm 600 -o -not -user postgres -o -not -group users ')' -exec ls -ld {}
\;

    If any files are returned, this is a finding.</check-content>
      </check>
    </Rule>
  </Group>
  <Group id="VLMP-8X-000003">
    <title>SRG-APP-000092-DB-000208</title>
    <Rule id="r_VLMP-8X-000003" severity="medium">
      <version>VLMP-8X-000003</version>
      <title>PostgreSQL must be configured to enable a log statement of sufficient level.</title>
      <description>&lt;VulnDiscussion&gt;Session auditing is for use when a user's activities are under
investigation. To be sure of capturing all activity during those periods when
session auditing is in use, it needs to be in operation for the whole time the
DBMS is running.&lt;/VulnDiscussion&gt;&lt;FalsePositives&gt;&lt;/FalsePositives&gt;&lt;FalseNegatives&gt;&lt;/FalseNegatives&gt;&lt;Documentable&gt;false&lt;/Documentable&gt;&lt;Mitigations&gt;&lt;/Mitigations&gt;&lt;SeverityOverrideGuidance&gt;&lt;/SeverityOverrideGuidance&gt;&lt;PotentialImpacts&gt;&lt;/PotentialImpacts&gt;&lt;ThirdPartyTools&gt;&lt;/ThirdPartyTools&gt;&lt;MitigationControl&gt;&lt;/MitigationControl&gt;&lt;Responsibility&gt;&lt;/Responsibility&gt;&lt;IAControls&gt;&lt;/IAControls&gt;</description>
      <reference>
        <dc:publisher>VMware</dc:publisher>
        <dc:subject>This Security Technical Implementation Guide is published as a tool to improve the security of Department of Defense (DoD) information systems. The requirements are derived from the National Institute of Standards and Technology (NIST) 800-53 and related documents.</dc:subject>
      </reference>
      <ident system="http://cyber.mil/cci">CCI-001464</ident>
      <fixtext>At the command prompt, execute the following command(s):

    # /opt/vmware/vpostgres/11/bin/psql -U postgres -c "ALTER SYSTEM SET
log_statement = 'ddl';"

    # /opt/vmware/vpostgres/11/bin/psql -U postgres -c "SELECT
pg_reload_conf();"</fixtext>
      <check system="N/A">
        <check-content>At the command prompt, execute the following command:

    # /opt/vmware/vpostgres/11/bin/psql -U postgres -A -t -c "SHOW
log_statement"

    Expected result:

    ddl

    If the output does not include the expected result or mod or all, this is a
finding.</check-content>
      </check>
    </Rule>
  </Group>
  <Group id="VLMP-8X-000004">
    <title>SRG-APP-000092-DB-000208</title>
    <Rule id="r_VLMP-8X-000004" severity="medium">
      <version>VLMP-8X-000004</version>
      <title>PostgreSQL must be configured to generate logs to a standard destination.</title>
      <description>&lt;VulnDiscussion&gt;Session auditing is for use when a user's activities are under
investigation. To be sure of capturing all activity during those periods when
session auditing is in use, it needs to be in operation for the whole time the
DBMS is running.&lt;/VulnDiscussion&gt;&lt;FalsePositives&gt;&lt;/FalsePositives&gt;&lt;FalseNegatives&gt;&lt;/FalseNegatives&gt;&lt;Documentable&gt;false&lt;/Documentable&gt;&lt;Mitigations&gt;&lt;/Mitigations&gt;&lt;SeverityOverrideGuidance&gt;&lt;/SeverityOverrideGuidance&gt;&lt;PotentialImpacts&gt;&lt;/PotentialImpacts&gt;&lt;ThirdPartyTools&gt;&lt;/ThirdPartyTools&gt;&lt;MitigationControl&gt;&lt;/MitigationControl&gt;&lt;Responsibility&gt;&lt;/Responsibility&gt;&lt;IAControls&gt;&lt;/IAControls&gt;</description>
      <reference>
        <dc:publisher>VMware</dc:publisher>
        <dc:subject>This Security Technical Implementation Guide is published as a tool to improve the security of Department of Defense (DoD) information systems. The requirements are derived from the National Institute of Standards and Technology (NIST) 800-53 and related documents.</dc:subject>
      </reference>
      <ident system="http://cyber.mil/cci">CCI-001464</ident>
      <fixtext>At the command prompt, execute the following command(s):

    # /opt/vmware/vpostgres/11/bin/psql -h localhost -U postgres -c "ALTER
SYSTEM SET log_destination = 'stderr';"

    # /opt/vmware/vpostgres/11/bin/psql -h localhost -U postgres -c "SELECT
pg_reload_conf();"

    Note: There can be more than one option set for log_destination and values
should be comma separated.</fixtext>
      <check system="N/A">
        <check-content>At the command prompt, execute the following command:

    # /opt/vmware/vpostgres/11/bin/psql -U postgres -A -t -c "SHOW
log_destination"

    Expected result:

    stderr

    If the output does not include the expected result, this is a finding.</check-content>
      </check>
    </Rule>
  </Group>
  <Group id="VLMP-8X-000005">
    <title>SRG-APP-000095-DB-000039</title>
    <Rule id="r_VLMP-8X-000005" severity="medium">
      <version>VLMP-8X-000005</version>
      <title>PostgreSQL must produce logs containing sufficient information to establish what type of events occurred.</title>
      <description>&lt;VulnDiscussion&gt;Information system auditing capability is critical for accurate
forensic analysis. Without establishing what type of event occurred, it would
be difficult to establish, correlate, and investigate the events relating to an
incident or identify those responsible for one.

    Audit record content that may be necessary to satisfy the requirement of
this policy includes, for example, time stamps, user/process identifiers, event
descriptions, success/fail indications, filenames involved, and access control
or flow control rules invoked.

    Associating event types with detected events in the application and audit
logs provides a means of investigating an attack; recognizing resource
utilization or capacity thresholds; or identifying an improperly configured
application.

    Database software is capable of a range of actions on data stored within
the database. It is important, for accurate forensic analysis, to know exactly
what actions were performed. This requires specific information regarding the
event type an audit record is referring to. If event type information is not
recorded and stored with the audit record, the record itself is of very limited
use.&lt;/VulnDiscussion&gt;&lt;FalsePositives&gt;&lt;/FalsePositives&gt;&lt;FalseNegatives&gt;&lt;/FalseNegatives&gt;&lt;Documentable&gt;false&lt;/Documentable&gt;&lt;Mitigations&gt;&lt;/Mitigations&gt;&lt;SeverityOverrideGuidance&gt;&lt;/SeverityOverrideGuidance&gt;&lt;PotentialImpacts&gt;&lt;/PotentialImpacts&gt;&lt;ThirdPartyTools&gt;&lt;/ThirdPartyTools&gt;&lt;MitigationControl&gt;&lt;/MitigationControl&gt;&lt;Responsibility&gt;&lt;/Responsibility&gt;&lt;IAControls&gt;&lt;/IAControls&gt;</description>
      <reference>
        <dc:publisher>VMware</dc:publisher>
        <dc:subject>This Security Technical Implementation Guide is published as a tool to improve the security of Department of Defense (DoD) information systems. The requirements are derived from the National Institute of Standards and Technology (NIST) 800-53 and related documents.</dc:subject>
      </reference>
      <ident system="http://cyber.mil/cci">CCI-000130</ident>
      <fixtext>At the command prompt, execute the following command(s):

    # /opt/vmware/vpostgres/11/bin/psql -h localhost -U postgres -c "ALTER
SYSTEM SET log_line_prefix = '%m %c %x %d %u %r %p %l';"

    # /opt/vmware/vpostgres/11/bin/psql -h localhost -U postgres -c "SELECT
pg_reload_conf();"</fixtext>
      <check system="N/A">
        <check-content>At the command prompt, execute the following command:

    # /opt/vmware/vpostgres/11/bin/psql -U postgres -A -t -c "SHOW
log_line_prefix"

    Expected result:

    %m %c %x %d %u %r %p %l

    If the output does not include the expected result, this is a finding.</check-content>
      </check>
    </Rule>
  </Group>
  <Group id="VLMP-8X-000006">
    <title>SRG-APP-000095-DB-000039</title>
    <Rule id="r_VLMP-8X-000006" severity="medium">
      <version>VLMP-8X-000006</version>
      <title>PostgreSQL must produce error logs containing sufficient information to establish what type of events occurred.</title>
      <description>&lt;VulnDiscussion&gt;Information system auditing capability is critical for accurate
forensic analysis. Without establishing what type of event occurred, it would
be difficult to establish, correlate, and investigate the events relating to an
incident or identify those responsible for one.

    Audit record content that may be necessary to satisfy the requirement of
this policy includes, for example, time stamps, user/process identifiers, event
descriptions, success/fail indications, filenames involved, and access control
or flow control rules invoked.

    Associating event types with detected events in the application and audit
logs provides a means of investigating an attack; recognizing resource
utilization or capacity thresholds; or identifying an improperly configured
application.

    Database software is capable of a range of actions on data stored within
the database. It is important, for accurate forensic analysis, to know exactly
what actions were performed. This requires specific information regarding the
event type an audit record is referring to. If event type information is not
recorded and stored with the audit record, the record itself is of very limited
use.&lt;/VulnDiscussion&gt;&lt;FalsePositives&gt;&lt;/FalsePositives&gt;&lt;FalseNegatives&gt;&lt;/FalseNegatives&gt;&lt;Documentable&gt;false&lt;/Documentable&gt;&lt;Mitigations&gt;&lt;/Mitigations&gt;&lt;SeverityOverrideGuidance&gt;&lt;/SeverityOverrideGuidance&gt;&lt;PotentialImpacts&gt;&lt;/PotentialImpacts&gt;&lt;ThirdPartyTools&gt;&lt;/ThirdPartyTools&gt;&lt;MitigationControl&gt;&lt;/MitigationControl&gt;&lt;Responsibility&gt;&lt;/Responsibility&gt;&lt;IAControls&gt;&lt;/IAControls&gt;</description>
      <reference>
        <dc:publisher>VMware</dc:publisher>
        <dc:subject>This Security Technical Implementation Guide is published as a tool to improve the security of Department of Defense (DoD) information systems. The requirements are derived from the National Institute of Standards and Technology (NIST) 800-53 and related documents.</dc:subject>
      </reference>
      <ident system="http://cyber.mil/cci">CCI-000130</ident>
      <fixtext>At the command prompt, execute the following command(s):

    # /opt/vmware/vpostgres/11/bin/psql -h localhost -U postgres -c "ALTER
SYSTEM SET log_error_verbosity = 'default';"

    # /opt/vmware/vpostgres/11/bin/psql -h localhost -U postgres -c "SELECT
pg_reload_conf();"</fixtext>
      <check system="N/A">
        <check-content>At the command prompt, execute the following command:

    # /opt/vmware/vpostgres/11/bin/psql -U postgres -A -t -c "SHOW
log_error_verbosity"

    Expected result:

    default

    If the output does not include the expected result, this is a finding.</check-content>
      </check>
    </Rule>
  </Group>
  <Group id="VLMP-8X-000007">
    <title>SRG-APP-000095-DB-000039</title>
    <Rule id="r_VLMP-8X-000007" severity="medium">
      <version>VLMP-8X-000007</version>
      <title>PostgreSQL must produce logs at the warning level at a minimum.</title>
      <description>&lt;VulnDiscussion&gt;Information system auditing capability is critical for accurate
forensic analysis. Without establishing what type of event occurred, it would
be difficult to establish, correlate, and investigate the events relating to an
incident or identify those responsible for one.

    Audit record content that may be necessary to satisfy the requirement of
this policy includes, for example, time stamps, user/process identifiers, event
descriptions, success/fail indications, filenames involved, and access control
or flow control rules invoked.

    Associating event types with detected events in the application and audit
logs provides a means of investigating an attack; recognizing resource
utilization or capacity thresholds; or identifying an improperly configured
application.

    Database software is capable of a range of actions on data stored within
the database. It is important, for accurate forensic analysis, to know exactly
what actions were performed. This requires specific information regarding the
event type an audit record is referring to. If event type information is not
recorded and stored with the audit record, the record itself is of very limited
use.&lt;/VulnDiscussion&gt;&lt;FalsePositives&gt;&lt;/FalsePositives&gt;&lt;FalseNegatives&gt;&lt;/FalseNegatives&gt;&lt;Documentable&gt;false&lt;/Documentable&gt;&lt;Mitigations&gt;&lt;/Mitigations&gt;&lt;SeverityOverrideGuidance&gt;&lt;/SeverityOverrideGuidance&gt;&lt;PotentialImpacts&gt;&lt;/PotentialImpacts&gt;&lt;ThirdPartyTools&gt;&lt;/ThirdPartyTools&gt;&lt;MitigationControl&gt;&lt;/MitigationControl&gt;&lt;Responsibility&gt;&lt;/Responsibility&gt;&lt;IAControls&gt;&lt;/IAControls&gt;</description>
      <reference>
        <dc:publisher>VMware</dc:publisher>
        <dc:subject>This Security Technical Implementation Guide is published as a tool to improve the security of Department of Defense (DoD) information systems. The requirements are derived from the National Institute of Standards and Technology (NIST) 800-53 and related documents.</dc:subject>
      </reference>
      <ident system="http://cyber.mil/cci">CCI-000130</ident>
      <fixtext>At the command prompt, execute the following command(s):

    # /opt/vmware/vpostgres/11/bin/psql -h localhost -U postgres -c "ALTER
SYSTEM SET log_min_messages = 'warning';"

    # /opt/vmware/vpostgres/11/bin/psql -h localhost -U postgres -c "SELECT
pg_reload_conf();"</fixtext>
      <check system="N/A">
        <check-content>At the command prompt, execute the following command:

    # /opt/vmware/vpostgres/11/bin/psql -U postgres -A -t -c "SHOW
log_min_messages"

    Expected result:

    warning

    If the output does not include the expected result or a more verbose
setting, this is a finding.</check-content>
      </check>
    </Rule>
  </Group>
  <Group id="VLMP-8X-000008">
    <title>SRG-APP-000095-DB-000039</title>
    <Rule id="r_VLMP-8X-000008" severity="medium">
      <version>VLMP-8X-000008</version>
      <title>PostgreSQL must produce error logs for SQL statements causing an error condition.</title>
      <description>&lt;VulnDiscussion&gt;Information system auditing capability is critical for accurate
forensic analysis. Without establishing what type of event occurred, it would
be difficult to establish, correlate, and investigate the events relating to an
incident or identify those responsible for one.

    Audit record content that may be necessary to satisfy the requirement of
this policy includes, for example, time stamps, user/process identifiers, event
descriptions, success/fail indications, filenames involved, and access control
or flow control rules invoked.

    Associating event types with detected events in the application and audit
logs provides a means of investigating an attack; recognizing resource
utilization or capacity thresholds; or identifying an improperly configured
application.

    Database software is capable of a range of actions on data stored within
the database. It is important, for accurate forensic analysis, to know exactly
what actions were performed. This requires specific information regarding the
event type an audit record is referring to. If event type information is not
recorded and stored with the audit record, the record itself is of very limited
use.&lt;/VulnDiscussion&gt;&lt;FalsePositives&gt;&lt;/FalsePositives&gt;&lt;FalseNegatives&gt;&lt;/FalseNegatives&gt;&lt;Documentable&gt;false&lt;/Documentable&gt;&lt;Mitigations&gt;&lt;/Mitigations&gt;&lt;SeverityOverrideGuidance&gt;&lt;/SeverityOverrideGuidance&gt;&lt;PotentialImpacts&gt;&lt;/PotentialImpacts&gt;&lt;ThirdPartyTools&gt;&lt;/ThirdPartyTools&gt;&lt;MitigationControl&gt;&lt;/MitigationControl&gt;&lt;Responsibility&gt;&lt;/Responsibility&gt;&lt;IAControls&gt;&lt;/IAControls&gt;</description>
      <reference>
        <dc:publisher>VMware</dc:publisher>
        <dc:subject>This Security Technical Implementation Guide is published as a tool to improve the security of Department of Defense (DoD) information systems. The requirements are derived from the National Institute of Standards and Technology (NIST) 800-53 and related documents.</dc:subject>
      </reference>
      <ident system="http://cyber.mil/cci">CCI-000130</ident>
      <fixtext>At the command prompt, execute the following command(s):

    # /opt/vmware/vpostgres/11/bin/psql -h localhost -U postgres -c "ALTER
SYSTEM SET log_min_error_statement = error';"

    # /opt/vmware/vpostgres/11/bin/psql -h localhost -U postgres -c "SELECT
pg_reload_conf();"</fixtext>
      <check system="N/A">
        <check-content>At the command prompt, execute the following command:

    # /opt/vmware/vpostgres/11/bin/psql -U postgres -A -t -c "SHOW
log_min_error_statement"

    Expected result:

    error

    If the output does not include the expected result, this is a finding.</check-content>
      </check>
    </Rule>
  </Group>
  <Group id="VLMP-8X-000009">
    <title>SRG-APP-000109-DB-000321</title>
    <Rule id="r_VLMP-8X-000009" severity="medium">
      <version>VLMP-8X-000009</version>
      <title>PostgreSQL must be configured to overwrite older logs.</title>
      <description>&lt;VulnDiscussion&gt;Without proper configuration, log files for PostgreSQL can grow
without bound, filling the partition and potentially affecting availability.
One part of this configuration is to ensure that the logging subsystem
overwrites, rather than appending to, any previous logs that would share the
same name. This is avoided in other configuration steps but this best practice
should be followed for good measure.&lt;/VulnDiscussion&gt;&lt;FalsePositives&gt;&lt;/FalsePositives&gt;&lt;FalseNegatives&gt;&lt;/FalseNegatives&gt;&lt;Documentable&gt;false&lt;/Documentable&gt;&lt;Mitigations&gt;&lt;/Mitigations&gt;&lt;SeverityOverrideGuidance&gt;&lt;/SeverityOverrideGuidance&gt;&lt;PotentialImpacts&gt;&lt;/PotentialImpacts&gt;&lt;ThirdPartyTools&gt;&lt;/ThirdPartyTools&gt;&lt;MitigationControl&gt;&lt;/MitigationControl&gt;&lt;Responsibility&gt;&lt;/Responsibility&gt;&lt;IAControls&gt;&lt;/IAControls&gt;</description>
      <reference>
        <dc:publisher>VMware</dc:publisher>
        <dc:subject>This Security Technical Implementation Guide is published as a tool to improve the security of Department of Defense (DoD) information systems. The requirements are derived from the National Institute of Standards and Technology (NIST) 800-53 and related documents.</dc:subject>
      </reference>
      <ident system="http://cyber.mil/cci">CCI-000140</ident>
      <fixtext>At the command prompt, execute the following command(s):

    # /opt/vmware/vpostgres/11/bin/psql -U postgres -c "ALTER SYSTEM SET
log_truncate_on_rotation = 'on';"

    # /opt/vmware/vpostgres/11/bin/psql -U postgres -c psql -h localhost -U
postgres -c "SELECT pg_reload_conf();"</fixtext>
      <check system="N/A">
        <check-content>At the command prompt, execute the following command:

    # /opt/vmware/vpostgres/11/bin/psql -U postgres -A -t -c "SHOW
log_truncate_on_rotation"

    Expected result:

    on

    If the output does not match the expected result, this is a finding.</check-content>
      </check>
    </Rule>
  </Group>
  <Group id="VLMP-8X-000010">
    <title>SRG-APP-000118-DB-000059</title>
    <Rule id="r_VLMP-8X-000010" severity="medium">
      <version>VLMP-8X-000010</version>
      <title>PostgreSQL must be configured to protect log files from unauthorized read access.</title>
      <description>&lt;VulnDiscussion&gt;If audit data were to become compromised, then competent forensic
analysis and discovery of the true source of potentially malicious system
activity is difficult, if not impossible, to achieve. In addition, access to
audit records provides information an attacker could potentially use to his or
her advantage.

    To ensure the veracity of audit data, the information system and/or the
application must protect audit information from any and all unauthorized
access. This includes read, write, copy, etc.&lt;/VulnDiscussion&gt;&lt;FalsePositives&gt;&lt;/FalsePositives&gt;&lt;FalseNegatives&gt;&lt;/FalseNegatives&gt;&lt;Documentable&gt;false&lt;/Documentable&gt;&lt;Mitigations&gt;&lt;/Mitigations&gt;&lt;SeverityOverrideGuidance&gt;&lt;/SeverityOverrideGuidance&gt;&lt;PotentialImpacts&gt;&lt;/PotentialImpacts&gt;&lt;ThirdPartyTools&gt;&lt;/ThirdPartyTools&gt;&lt;MitigationControl&gt;&lt;/MitigationControl&gt;&lt;Responsibility&gt;&lt;/Responsibility&gt;&lt;IAControls&gt;&lt;/IAControls&gt;</description>
      <reference>
        <dc:publisher>VMware</dc:publisher>
        <dc:subject>This Security Technical Implementation Guide is published as a tool to improve the security of Department of Defense (DoD) information systems. The requirements are derived from the National Institute of Standards and Technology (NIST) 800-53 and related documents.</dc:subject>
      </reference>
      <ident system="http://cyber.mil/cci">CCI-000162</ident>
      <fixtext>At the command prompt, execute the following command(s):

    # /opt/vmware/vpostgres/11/bin/psql -U postgres -c "ALTER SYSTEM SET
log_file_mode = '0600';"

    # /opt/vmware/vpostgres/11/bin/psql -U postgres -c "SELECT
pg_reload_conf();"

    At the command prompt, enter the following command(s):

    # chmod 600 &lt;file&gt;
    # chown postgres:users &lt;file&gt;

    Note: Replace &lt;file&gt; with the file with incorrect permissions.</fixtext>
      <check system="N/A">
        <check-content>At the command prompt, execute the following command:

    # /opt/vmware/vpostgres/11/bin/psql -U postgres -A -t -c "SHOW
log_file_mode"

    Expected result:

    0600

    If the output does not match the expected result, this is a finding.

    At the command prompt, execute the following command to find the configured
log destination:

    # /opt/vmware/vpostgres/11/bin/psql -U postgres -A -t -c "SHOW
log_directory"

    After finding the log destination, execute the following command:

    find &lt;log dir&gt;/* -xdev -type f -a '(' -not -perm 600 -o -not -user postgres
-o -not -group users ')' -exec ls -ld {} \;

    If any files are returned, this is a finding.</check-content>
      </check>
    </Rule>
  </Group>
  <Group id="VLMP-8X-000012">
    <title>SRG-APP-000133-DB-000200</title>
    <Rule id="r_VLMP-8X-000012" severity="medium">
      <version>VLMP-8X-000012</version>
      <title>PostgreSQL tables must be owned by an authorized principal.</title>
      <description>&lt;VulnDiscussion&gt;Within the database, object ownership implies full privileges to the
owned object, including the privilege to assign access to the owned objects to
other subjects. Database functions and procedures can be coded using definer's
rights. This allows anyone who utilizes the object to perform the actions if
they were the owner. If not properly managed, this can lead to privileged
actions being taken by unauthorized individuals.&lt;/VulnDiscussion&gt;&lt;FalsePositives&gt;&lt;/FalsePositives&gt;&lt;FalseNegatives&gt;&lt;/FalseNegatives&gt;&lt;Documentable&gt;false&lt;/Documentable&gt;&lt;Mitigations&gt;&lt;/Mitigations&gt;&lt;SeverityOverrideGuidance&gt;&lt;/SeverityOverrideGuidance&gt;&lt;PotentialImpacts&gt;&lt;/PotentialImpacts&gt;&lt;ThirdPartyTools&gt;&lt;/ThirdPartyTools&gt;&lt;MitigationControl&gt;&lt;/MitigationControl&gt;&lt;Responsibility&gt;&lt;/Responsibility&gt;&lt;IAControls&gt;&lt;/IAControls&gt;</description>
      <reference>
        <dc:publisher>VMware</dc:publisher>
        <dc:subject>This Security Technical Implementation Guide is published as a tool to improve the security of Department of Defense (DoD) information systems. The requirements are derived from the National Institute of Standards and Technology (NIST) 800-53 and related documents.</dc:subject>
      </reference>
      <ident system="http://cyber.mil/cci">CCI-001499</ident>
      <fixtext>At the command prompt, execute the following command:

    # /opt/vmware/vpostgres/current/bin/psql -U postgres -c "ALTER TABLE
&lt;tablename&gt; OWNER TO &lt;ownername&gt;;"

    Replace &lt;tablename&gt; with the name of the table discovered during the check
and &lt;ownername&gt; with the appropriate owner name from the check.</fixtext>
      <check system="N/A">
        <check-content>At the command prompt, execute the following command:

    # /opt/vmware/vpostgres/current/bin/psql -U postgres -d vrlcm -x -c
"\dt" | grep Owner | grep -v vrlcm

    If any results are returned from any of the commands, this is a finding.</check-content>
      </check>
    </Rule>
  </Group>
  <Group id="VLMP-8X-000013">
    <title>SRG-APP-000133-DB-000362</title>
    <Rule id="r_VLMP-8X-000013" severity="medium">
      <version>VLMP-8X-000013</version>
      <title>PostgreSQL privileges to create must be restricted to authorized principals.</title>
      <description>&lt;VulnDiscussion&gt;If the DBMS were to allow any user to make changes to database
structure or logic, then those changes might be implemented without undergoing
the appropriate testing and approvals that are part of a robust change
management process.

    Accordingly, only qualified and authorized individuals shall be allowed to
obtain access to information system components for purposes of initiating
changes, including upgrades and modifications.

    Unmanaged changes that occur to the database software libraries or
configuration can lead to unauthorized or compromised installations.&lt;/VulnDiscussion&gt;&lt;FalsePositives&gt;&lt;/FalsePositives&gt;&lt;FalseNegatives&gt;&lt;/FalseNegatives&gt;&lt;Documentable&gt;false&lt;/Documentable&gt;&lt;Mitigations&gt;&lt;/Mitigations&gt;&lt;SeverityOverrideGuidance&gt;&lt;/SeverityOverrideGuidance&gt;&lt;PotentialImpacts&gt;&lt;/PotentialImpacts&gt;&lt;ThirdPartyTools&gt;&lt;/ThirdPartyTools&gt;&lt;MitigationControl&gt;&lt;/MitigationControl&gt;&lt;Responsibility&gt;&lt;/Responsibility&gt;&lt;IAControls&gt;&lt;/IAControls&gt;</description>
      <reference>
        <dc:publisher>VMware</dc:publisher>
        <dc:subject>This Security Technical Implementation Guide is published as a tool to improve the security of Department of Defense (DoD) information systems. The requirements are derived from the National Institute of Standards and Technology (NIST) 800-53 and related documents.</dc:subject>
      </reference>
      <ident system="http://cyber.mil/cci">CCI-001499</ident>
      <fixtext>At the command prompt, execute the following command:

    # /opt/vmware/vpostgres/current/bin/psql -U postgres -c "REVOKE ALL
PRIVILEGES FROM &lt;user&gt;;"

    Replace &lt;user&gt; with the account discovered during the check.</fixtext>
      <check system="N/A">
        <check-content>At the command prompt, execute the following command:

    # /opt/vmware/vpostgres/current/bin/psql -U postgres -c "\du;"|grep
"Create"


    Expected result:

    postgres  | Superuser, Create role, Create DB, Replication, Bypass RLS | {}

    If the accounts other than "postgres" have any "Create" privileges,
this is a finding.</check-content>
      </check>
    </Rule>
  </Group>
  <Group id="VLMP-8X-000014">
    <title>SRG-APP-000142-DB-000094</title>
    <Rule id="r_VLMP-8X-000014" severity="medium">
      <version>VLMP-8X-000014</version>
      <title>PostgreSQL must be configured to use the correct port.</title>
      <description>&lt;VulnDiscussion&gt;In order to prevent unauthorized connection of devices, unauthorized
transfer of information, or unauthorized tunneling (i.e., embedding of data
types within data types), organizations must disable or restrict unused or
unnecessary physical and logical ports/protocols/services on information
systems.

    Applications are capable of providing a wide variety of functions and
services. Some of the functions and services provided by default may not be
necessary to support essential organizational operations. Additionally, it is
sometimes convenient to provide multiple services from a single component
(e.g., email and web services); however, doing so increases risk over limiting
the services provided by any one component.

    To support the requirements and principles of least functionality, the
application must support the organizational requirements providing only
essential capabilities and limiting the use of ports, protocols, and/or
services to only those required, authorized, and approved to conduct official
business or to address authorized quality of life issues.

    Database Management Systems using ports, protocols, and services deemed
unsafe are open to attack through those ports, protocols, and services. This
can allow unauthorized access to the database and through the database to other
components of the information system.&lt;/VulnDiscussion&gt;&lt;FalsePositives&gt;&lt;/FalsePositives&gt;&lt;FalseNegatives&gt;&lt;/FalseNegatives&gt;&lt;Documentable&gt;false&lt;/Documentable&gt;&lt;Mitigations&gt;&lt;/Mitigations&gt;&lt;SeverityOverrideGuidance&gt;&lt;/SeverityOverrideGuidance&gt;&lt;PotentialImpacts&gt;&lt;/PotentialImpacts&gt;&lt;ThirdPartyTools&gt;&lt;/ThirdPartyTools&gt;&lt;MitigationControl&gt;&lt;/MitigationControl&gt;&lt;Responsibility&gt;&lt;/Responsibility&gt;&lt;IAControls&gt;&lt;/IAControls&gt;</description>
      <reference>
        <dc:publisher>VMware</dc:publisher>
        <dc:subject>This Security Technical Implementation Guide is published as a tool to improve the security of Department of Defense (DoD) information systems. The requirements are derived from the National Institute of Standards and Technology (NIST) 800-53 and related documents.</dc:subject>
      </reference>
      <ident system="http://cyber.mil/cci">CCI-000382</ident>
      <fixtext>At the command prompt, execute the following command(s):

    # /opt/vmware/vpostgres/current/bin/psql -U postgres -c "ALTER SYSTEM SET
port TO '5432';"

    # systemctl restart vpostgres.service</fixtext>
      <check system="N/A">
        <check-content>At the command prompt, execute the following command:

# /opt/vmware/vpostgres/current/bin/psql -U postgres -A -t -c "SHOW port"

Expected result:

5432

If the output does not match the expected result, this is a finding.</check-content>
      </check>
    </Rule>
  </Group>
  <Group id="VLMP-8X-000015">
    <title>SRG-APP-000171-DB-000074</title>
    <Rule id="r_VLMP-8X-000015" severity="medium">
      <version>VLMP-8X-000015</version>
      <title>The PostgreSQL database must encrypt passwords for user authentication.</title>
      <description>&lt;VulnDiscussion&gt;The DoD standard for authentication is DoD-approved PKI certificates.

    Authentication based on User ID and Password may be used only when it is
not possible to employ a PKI certificate, and requires AO approval.

    In such cases, database passwords stored in clear text, using reversible
encryption, or using unsalted hashes would be vulnerable to unauthorized
disclosure. Database passwords must always be in the form of one-way, salted
hashes when stored internally or externally to the DBMS.&lt;/VulnDiscussion&gt;&lt;FalsePositives&gt;&lt;/FalsePositives&gt;&lt;FalseNegatives&gt;&lt;/FalseNegatives&gt;&lt;Documentable&gt;false&lt;/Documentable&gt;&lt;Mitigations&gt;&lt;/Mitigations&gt;&lt;SeverityOverrideGuidance&gt;&lt;/SeverityOverrideGuidance&gt;&lt;PotentialImpacts&gt;&lt;/PotentialImpacts&gt;&lt;ThirdPartyTools&gt;&lt;/ThirdPartyTools&gt;&lt;MitigationControl&gt;&lt;/MitigationControl&gt;&lt;Responsibility&gt;&lt;/Responsibility&gt;&lt;IAControls&gt;&lt;/IAControls&gt;</description>
      <reference>
        <dc:publisher>VMware</dc:publisher>
        <dc:subject>This Security Technical Implementation Guide is published as a tool to improve the security of Department of Defense (DoD) information systems. The requirements are derived from the National Institute of Standards and Technology (NIST) 800-53 and related documents.</dc:subject>
      </reference>
      <ident system="http://cyber.mil/cci">CCI-000196</ident>
      <fixtext>At the command prompt, execute the following command(s):

    # /opt/vmware/vpostgres/current/bin/psql -U postgres -c "ALTER SYSTEM SET
password_encryption TO 'md5';"

    # /opt/vmware/vpostgres/current/bin/psql -U postgres -c "SELECT
pg_reload_conf();"</fixtext>
      <check system="N/A">
        <check-content>At the command prompt, execute the following command:

    # /opt/vmware/vpostgres/current/bin/psql -U postgres -A -t -c "SHOW
password_encryption"

    Expected result:

    md5

    If the output does not match the expected result or "on" or
"scram-sha-256" , this is a finding.</check-content>
      </check>
    </Rule>
  </Group>
  <Group id="VLMP-8X-000016">
    <title>SRG-APP-000226-DB-000147</title>
    <Rule id="r_VLMP-8X-000016" severity="medium">
      <version>VLMP-8X-000016</version>
      <title>PostgreSQL must write log entries to disk prior to returning operation success or failure.</title>
      <description>&lt;VulnDiscussion&gt;Failure to a known secure state helps prevent a loss of
confidentiality, integrity, or availability in the event of a failure of the
information system or a component of the system. Preserving  system state
information helps to facilitate system restart and return to the operational
mode of the organization with less disruption of mission/business processes.

    Aggregating log writes saves on performance but leaves a window for log
data loss. The logging system inside PostgreSQL is capable of writing logs to
disk, fully and completely before the associated operation is returned to the
client. This ensures that database activity is always captured, even in the
event of a system crash during or immediately after a given operation.&lt;/VulnDiscussion&gt;&lt;FalsePositives&gt;&lt;/FalsePositives&gt;&lt;FalseNegatives&gt;&lt;/FalseNegatives&gt;&lt;Documentable&gt;false&lt;/Documentable&gt;&lt;Mitigations&gt;&lt;/Mitigations&gt;&lt;SeverityOverrideGuidance&gt;&lt;/SeverityOverrideGuidance&gt;&lt;PotentialImpacts&gt;&lt;/PotentialImpacts&gt;&lt;ThirdPartyTools&gt;&lt;/ThirdPartyTools&gt;&lt;MitigationControl&gt;&lt;/MitigationControl&gt;&lt;Responsibility&gt;&lt;/Responsibility&gt;&lt;IAControls&gt;&lt;/IAControls&gt;</description>
      <reference>
        <dc:publisher>VMware</dc:publisher>
        <dc:subject>This Security Technical Implementation Guide is published as a tool to improve the security of Department of Defense (DoD) information systems. The requirements are derived from the National Institute of Standards and Technology (NIST) 800-53 and related documents.</dc:subject>
      </reference>
      <ident system="http://cyber.mil/cci">CCI-001665</ident>
      <fixtext>At the command prompt, execute the following commands for each setting
returned as 'off' in the check:

    # /opt/vmware/vpostgres/current/bin/psql -U postgres -c "ALTER SYSTEM SET
&lt;name&gt; TO 'on';"

    # /opt/vmware/vpostgres/current/bin/psql -U postgres -c "SELECT
pg_reload_conf();"

    Note: Substitute &lt;name&gt; with the incorrectly set parameter (fsync,
full_page_writes, synchronous_commit).</fixtext>
      <check system="N/A">
        <check-content>At the command prompt, execute the following command:

    #/opt/vmware/vpostgres/current/bin/psql -U postgres -A -t -c "SELECT
name,setting FROM pg_settings WHERE name IN
('fsync','full_page_writes','synchronous_commit');"

    Expected result:

    fsync              | on
    full_page_writes   | on
    synchronous_commit | on

    If the output does not match the expected result, this is a finding.</check-content>
      </check>
    </Rule>
  </Group>
  <Group id="VLMP-8X-000017">
    <title>SRG-APP-000233-DB-000124</title>
    <Rule id="r_VLMP-8X-000017" severity="medium">
      <version>VLMP-8X-000017</version>
      <title>PostgreSQL must not allow schema access to unauthorized accounts.</title>
      <description>&lt;VulnDiscussion&gt;An isolation boundary provides access control and protects the
integrity of the hardware, software, and firmware that perform security
functions.

    Security functions are the hardware, software, and/or firmware of the
information system responsible for enforcing the system security policy and
supporting the isolation of code and data on which the protection is based.

    Developers and implementers can increase the assurance in security
functions by employing well-defined security policy models; structured,
disciplined, and rigorous hardware and software development techniques; and
sound system/security engineering principles.

    Database Management Systems typically separate security functionality from
non-security functionality via separate databases or schemas. Database objects
or code implementing security functionality should not be commingled with
objects or code implementing application logic. When security and non-security
functionality are commingled, users who have access to non-security
functionality may be able to access security functionality.&lt;/VulnDiscussion&gt;&lt;FalsePositives&gt;&lt;/FalsePositives&gt;&lt;FalseNegatives&gt;&lt;/FalseNegatives&gt;&lt;Documentable&gt;false&lt;/Documentable&gt;&lt;Mitigations&gt;&lt;/Mitigations&gt;&lt;SeverityOverrideGuidance&gt;&lt;/SeverityOverrideGuidance&gt;&lt;PotentialImpacts&gt;&lt;/PotentialImpacts&gt;&lt;ThirdPartyTools&gt;&lt;/ThirdPartyTools&gt;&lt;MitigationControl&gt;&lt;/MitigationControl&gt;&lt;Responsibility&gt;&lt;/Responsibility&gt;&lt;IAControls&gt;&lt;/IAControls&gt;</description>
      <reference>
        <dc:publisher>VMware</dc:publisher>
        <dc:subject>This Security Technical Implementation Guide is published as a tool to improve the security of Department of Defense (DoD) information systems. The requirements are derived from the National Institute of Standards and Technology (NIST) 800-53 and related documents.</dc:subject>
      </reference>
      <ident system="http://cyber.mil/cci">CCI-001084</ident>
      <fixtext>At the command prompt, execute the following command:

    # /opt/vmware/vpostgres/current/bin/psql -U postgres -c "REVOKE ALL
PRIVILEGES ON &lt;name&gt; FROM &lt;user&gt;;"

    Replace &lt;name&gt; and &lt;user&gt; with the Access Privilege name and account,
respectively, discovered during the check.</fixtext>
      <check system="N/A">
        <check-content>At the command prompt, execute the following command:

    # /opt/vmware/vpostgres/current/bin/psql -U postgres -c "\dp *.*" | grep
-E "information_schema|pg_catalog" | awk -F '|' '{print $4}'|awk -F '/'
'{print $1}' | grep -v "=r" | grep -v "postgres" | grep -v
"^[[:space:]]*$"

    If any lines are returned, this is a finding.</check-content>
      </check>
    </Rule>
  </Group>
  <Group id="VLMP-8X-000018">
    <title>SRG-APP-000266-DB-000162</title>
    <Rule id="r_VLMP-8X-000018" severity="medium">
      <version>VLMP-8X-000018</version>
      <title>PostgreSQL must provide non-privileged users with minimal error information.</title>
      <description>&lt;VulnDiscussion&gt;Any DBMS or associated application providing too much information in
error messages on the screen or printout risks compromising the data and
security of the system. The structure and content of error messages need to
contain the minimal amount of information.

    Databases can inadvertently provide a wealth of information to an attacker
through improperly handled error messages. In addition to sensitive business or
personal information, database errors can provide host names, IP addresses,
user names, and other system information not required for troubleshooting but
very useful to someone targeting the system.&lt;/VulnDiscussion&gt;&lt;FalsePositives&gt;&lt;/FalsePositives&gt;&lt;FalseNegatives&gt;&lt;/FalseNegatives&gt;&lt;Documentable&gt;false&lt;/Documentable&gt;&lt;Mitigations&gt;&lt;/Mitigations&gt;&lt;SeverityOverrideGuidance&gt;&lt;/SeverityOverrideGuidance&gt;&lt;PotentialImpacts&gt;&lt;/PotentialImpacts&gt;&lt;ThirdPartyTools&gt;&lt;/ThirdPartyTools&gt;&lt;MitigationControl&gt;&lt;/MitigationControl&gt;&lt;Responsibility&gt;&lt;/Responsibility&gt;&lt;IAControls&gt;&lt;/IAControls&gt;</description>
      <reference>
        <dc:publisher>VMware</dc:publisher>
        <dc:subject>This Security Technical Implementation Guide is published as a tool to improve the security of Department of Defense (DoD) information systems. The requirements are derived from the National Institute of Standards and Technology (NIST) 800-53 and related documents.</dc:subject>
      </reference>
      <ident system="http://cyber.mil/cci">CCI-001312</ident>
      <fixtext>At the command prompt, execute the following command(s):

    # /opt/vmware/vpostgres/current/bin/psql -U postgres -c "ALTER SYSTEM SET
client_min_messages TO 'notice';"

    # /opt/vmware/vpostgres/current/bin/psql -U postgres -c "SELECT
pg_reload_conf();"</fixtext>
      <check system="N/A">
        <check-content>At the command prompt, execute the following command:

    # /opt/vmware/vpostgres/current/bin/psql -U postgres -A -t -c "SHOW
client_min_messages;"

    Expected result:

    notice

    If the output does not match the expected result, this is a finding.</check-content>
      </check>
    </Rule>
  </Group>
  <Group id="VLMP-8X-000019">
    <title>SRG-APP-000356-DB-000314</title>
    <Rule id="r_VLMP-8X-000019" severity="medium">
      <version>VLMP-8X-000019</version>
      <title>PostgreSQL must have log collection enabled.</title>
      <description>&lt;VulnDiscussion&gt;Without the ability to centrally manage the content captured in the
audit records, identification, troubleshooting, and correlation of suspicious
behavior would be difficult and could lead to a delayed or incomplete analysis
of an ongoing attack.

    The content captured in audit records must be managed from a central
location (necessitating automation). Centralized management of audit records
and logs provides for efficiency in maintenance and management of records, as
well as the backup and archiving of those records.&lt;/VulnDiscussion&gt;&lt;FalsePositives&gt;&lt;/FalsePositives&gt;&lt;FalseNegatives&gt;&lt;/FalseNegatives&gt;&lt;Documentable&gt;false&lt;/Documentable&gt;&lt;Mitigations&gt;&lt;/Mitigations&gt;&lt;SeverityOverrideGuidance&gt;&lt;/SeverityOverrideGuidance&gt;&lt;PotentialImpacts&gt;&lt;/PotentialImpacts&gt;&lt;ThirdPartyTools&gt;&lt;/ThirdPartyTools&gt;&lt;MitigationControl&gt;&lt;/MitigationControl&gt;&lt;Responsibility&gt;&lt;/Responsibility&gt;&lt;IAControls&gt;&lt;/IAControls&gt;</description>
      <reference>
        <dc:publisher>VMware</dc:publisher>
        <dc:subject>This Security Technical Implementation Guide is published as a tool to improve the security of Department of Defense (DoD) information systems. The requirements are derived from the National Institute of Standards and Technology (NIST) 800-53 and related documents.</dc:subject>
      </reference>
      <ident system="http://cyber.mil/cci">CCI-001844</ident>
      <fixtext>At the command prompt, execute the following command(s):

    # /opt/vmware/vpostgres/current/bin/psql -U postgres -c "ALTER SYSTEM SET
logging_collector TO 'on';"

    # systemctl restart vpostgres.service</fixtext>
      <check system="N/A">
        <check-content>At the command prompt, execute the following command:

    # /opt/vmware/vpostgres/current/bin/psql -U postgres -A -t -c "SHOW
logging_collector"

    Expected result:

    on

    If the output does not match the expected result, this is a finding.</check-content>
      </check>
    </Rule>
  </Group>
  <Group id="VLMP-8X-000021">
    <title>SRG-APP-000374-DB-000322</title>
    <Rule id="r_VLMP-8X-000021" severity="medium">
      <version>VLMP-8X-000021</version>
      <title>PostgreSQL must use UTC for log timestamps.</title>
      <description>&lt;VulnDiscussion&gt;If time stamps are not consistently applied and there is no common
time reference, it is difficult to perform forensic analysis.

    Time stamps generated by PostgreSQL must include date and time. Time is
commonly expressed in Coordinated Universal Time (UTC), a modern continuation
of Greenwich Mean Time (GMT), or local time with an offset from UTC.&lt;/VulnDiscussion&gt;&lt;FalsePositives&gt;&lt;/FalsePositives&gt;&lt;FalseNegatives&gt;&lt;/FalseNegatives&gt;&lt;Documentable&gt;false&lt;/Documentable&gt;&lt;Mitigations&gt;&lt;/Mitigations&gt;&lt;SeverityOverrideGuidance&gt;&lt;/SeverityOverrideGuidance&gt;&lt;PotentialImpacts&gt;&lt;/PotentialImpacts&gt;&lt;ThirdPartyTools&gt;&lt;/ThirdPartyTools&gt;&lt;MitigationControl&gt;&lt;/MitigationControl&gt;&lt;Responsibility&gt;&lt;/Responsibility&gt;&lt;IAControls&gt;&lt;/IAControls&gt;</description>
      <reference>
        <dc:publisher>VMware</dc:publisher>
        <dc:subject>This Security Technical Implementation Guide is published as a tool to improve the security of Department of Defense (DoD) information systems. The requirements are derived from the National Institute of Standards and Technology (NIST) 800-53 and related documents.</dc:subject>
      </reference>
      <ident system="http://cyber.mil/cci">CCI-001890</ident>
      <fixtext>At the command prompt, execute the following command(s):

    # /opt/vmware/vpostgres/current/bin/psql -U postgres -c "ALTER SYSTEM SET
log_timezone TO 'Etc/UTC';"

    # /opt/vmware/vpostgres/current/bin/psql -U postgres -c "SELECT
pg_reload_conf();"</fixtext>
      <check system="N/A">
        <check-content>At the command prompt, execute the following command:

    # /opt/vmware/vpostgres/current/bin/psql -U postgres -A -t -c "SHOW
log_timezone;"

    Expected result:

    Etc/UTC

    If the output does not match the expected result, this is a finding.</check-content>
      </check>
    </Rule>
  </Group>
  <Group id="VLMP-8X-000022">
    <title>SRG-APP-000503-DB-000350</title>
    <Rule id="r_VLMP-8X-000022" severity="medium">
      <version>VLMP-8X-000022</version>
      <title>PostgreSQL must log all connection attempts.</title>
      <description>&lt;VulnDiscussion&gt;For completeness of forensic analysis, it is necessary to track
successful and failed attempts to log on to PostgreSQL. Setting
'log_connections' to 'on' will cause each attempted connection to the server to
be logged, as well as successful completion of client authentication.&lt;/VulnDiscussion&gt;&lt;FalsePositives&gt;&lt;/FalsePositives&gt;&lt;FalseNegatives&gt;&lt;/FalseNegatives&gt;&lt;Documentable&gt;false&lt;/Documentable&gt;&lt;Mitigations&gt;&lt;/Mitigations&gt;&lt;SeverityOverrideGuidance&gt;&lt;/SeverityOverrideGuidance&gt;&lt;PotentialImpacts&gt;&lt;/PotentialImpacts&gt;&lt;ThirdPartyTools&gt;&lt;/ThirdPartyTools&gt;&lt;MitigationControl&gt;&lt;/MitigationControl&gt;&lt;Responsibility&gt;&lt;/Responsibility&gt;&lt;IAControls&gt;&lt;/IAControls&gt;</description>
      <reference>
        <dc:publisher>VMware</dc:publisher>
        <dc:subject>This Security Technical Implementation Guide is published as a tool to improve the security of Department of Defense (DoD) information systems. The requirements are derived from the National Institute of Standards and Technology (NIST) 800-53 and related documents.</dc:subject>
      </reference>
      <ident system="http://cyber.mil/cci">CCI-000172</ident>
      <fixtext>At the command prompt, execute the following command(s):

    # /opt/vmware/vpostgres/current/bin/psql -U postgres -c "ALTER SYSTEM SET
log_connections TO 'on';"

    # /opt/vmware/vpostgres/current/bin/psql -U postgres -c "SELECT
pg_reload_conf();"</fixtext>
      <check system="N/A">
        <check-content>At the command prompt, execute the following command:

    # /opt/vmware/vpostgres/current/bin/psql -U postgres -A -t -c "SHOW
log_connections;"

    Expected result:

    on

    If the output does not match the expected result, this is a finding.</check-content>
      </check>
    </Rule>
  </Group>
  <Group id="VLMP-8X-000023">
    <title>SRG-APP-000505-DB-000352</title>
    <Rule id="r_VLMP-8X-000023" severity="medium">
      <version>VLMP-8X-000023</version>
      <title>PostgreSQL must log all client disconnections.</title>
      <description>&lt;VulnDiscussion&gt;Disconnection may be initiated by the user or forced by the system (as
in a timeout) or result from a system or network failure. To the greatest
extent possible, all disconnections must be logged.

    For completeness of forensic analysis, it is necessary to know how long a
user's (or other principal's) connection to PostgreSQL lasts. This can be
achieved by recording disconnections, in addition to logons/connections, in the
audit logs.&lt;/VulnDiscussion&gt;&lt;FalsePositives&gt;&lt;/FalsePositives&gt;&lt;FalseNegatives&gt;&lt;/FalseNegatives&gt;&lt;Documentable&gt;false&lt;/Documentable&gt;&lt;Mitigations&gt;&lt;/Mitigations&gt;&lt;SeverityOverrideGuidance&gt;&lt;/SeverityOverrideGuidance&gt;&lt;PotentialImpacts&gt;&lt;/PotentialImpacts&gt;&lt;ThirdPartyTools&gt;&lt;/ThirdPartyTools&gt;&lt;MitigationControl&gt;&lt;/MitigationControl&gt;&lt;Responsibility&gt;&lt;/Responsibility&gt;&lt;IAControls&gt;&lt;/IAControls&gt;</description>
      <reference>
        <dc:publisher>VMware</dc:publisher>
        <dc:subject>This Security Technical Implementation Guide is published as a tool to improve the security of Department of Defense (DoD) information systems. The requirements are derived from the National Institute of Standards and Technology (NIST) 800-53 and related documents.</dc:subject>
      </reference>
      <ident system="http://cyber.mil/cci">CCI-000172</ident>
      <fixtext>At the command prompt, execute the following command(s):

    # /opt/vmware/vpostgres/current/bin/psql -U postgres -c "ALTER SYSTEM SET
log_disconnections TO 'on';"

    # /opt/vmware/vpostgres/current/bin/psql -U postgres -c "SELECT
pg_reload_conf();"</fixtext>
      <check system="N/A">
        <check-content>At the command prompt, execute the following command:

    # /opt/vmware/vpostgres/current/bin/psql -U postgres -A -t -c "SHOW
log_disconnections;"

    Expected result:

    on

    If the output does not match the expected result, this is a finding.</check-content>
      </check>
    </Rule>
  </Group>
</Benchmark>
