<?xml version="1.0" encoding="utf-8"?>
<?xml-stylesheet type='text/xsl' href='STIG_unclass.xsl'?>
<Benchmark
	xmlns:dc="http://purl.org/dc/elements/1.1/"
	xmlns:xsi="http://www.w3.org/2001/XMLSchema-instance"
	xmlns:cpe="http://cpe.mitre.org/language/2.0"
	xmlns:xhtml="http://www.w3.org/1999/xhtml"
	xmlns:dsig="http://www.w3.org/2000/09/xmldsig#" xsi:schemaLocation="http://checklists.nist.gov/xccdf/1.1 http://nvd.nist.gov/schema/xccdf-1.1.4.xsd http://cpe.mitre.org/dictionary/2.0 http://cpe.mitre.org/files/cpe-dictionary_2.1.xsd" id="VMW_vRSLCM_8.2_Application_STIG_Readiness_Guide" xml:lang="en"
	xmlns="http://checklists.nist.gov/xccdf/1.1">
	<status date="2021-08-04">draft</status>
	<title>VMware vRealize Suite Lifecycle Manager 8.2 Application STIG Readiness Guide</title>
	<description>This project represents VMware's effort to document our compliance against the SRG requirements and nothing more. A published STIG is our eventual goal, in most cases, but this content should not be viewed to be "as good as a STIG". A DISA published STIG includes technical validation, review of requirement fulfillment, accuracy and style, risk acceptance and is digitally signed by the RME and posted on a .mil. This SRG content is intended to provided value to our partners while the STIGs are in process. Except for products that have published STIGs already, there is no explicit or implied DISA approval of the provided content.</description>
	<notice id="terms-of-use" xml:lang="en"></notice>
	<front-matter xml:lang="en"></front-matter>
	<rear-matter xml:lang="en"></rear-matter>
	<reference href="https://github.com/vmware/dod-compliance-and-automation">
		<dc:publisher>VMware</dc:publisher>
		<dc:source>https://github.com/vmware/dod-compliance-and-automation</dc:source>
	</reference>
	<plain-text id="release-info">Release: 1 Benchmark Date: 04 Aug 2021</plain-text>
	<plain-text id="generator">3.2.2.36079</plain-text>
	<plain-text id="conventionsVersion">1.10.0</plain-text>
	<version>1</version>
  <Group id="VLMA-8X-000001">
    <title>SRG-APP-000014-AS-000009</title>
    <Rule id="r_VLMA-8X-000001" severity="medium">
      <version>VLMA-8X-000001</version>
      <title>vRealize Suite Lifecycle Manager must enable FIPS mode.</title>
      <description>&lt;VulnDiscussion&gt;Remote management access is accomplished by leveraging common
communication protocols and establishing a remote connection to the application
server via a network for the purposes of managing the application server.
Enabling strong cryptography, FIPS means there are very less chances that
remote connection could be intercepted and compromised.&lt;/VulnDiscussion&gt;&lt;FalsePositives&gt;&lt;/FalsePositives&gt;&lt;FalseNegatives&gt;&lt;/FalseNegatives&gt;&lt;Documentable&gt;false&lt;/Documentable&gt;&lt;Mitigations&gt;&lt;/Mitigations&gt;&lt;SeverityOverrideGuidance&gt;&lt;/SeverityOverrideGuidance&gt;&lt;PotentialImpacts&gt;&lt;/PotentialImpacts&gt;&lt;ThirdPartyTools&gt;&lt;/ThirdPartyTools&gt;&lt;MitigationControl&gt;&lt;/MitigationControl&gt;&lt;Responsibility&gt;&lt;/Responsibility&gt;&lt;IAControls&gt;&lt;/IAControls&gt;</description>
      <reference>
        <dc:publisher>VMware</dc:publisher>
        <dc:subject>This Security Technical Implementation Guide is published as a tool to improve the security of Department of Defense (DoD) information systems. The requirements are derived from the National Institute of Standards and Technology (NIST) 800-53 and related documents.</dc:subject>
      </reference>
      <ident system="http://cyber.mil/cci">CCI-000068</ident>
      <fixtext>Log in to the  vRealize Suite Lifecycle Manager management interface.

    Click on Lifecycle Operations &gt;&gt; Settings &gt;&gt; System Details and check the
box under FIPs Mode Compliance to enable it.

    Click "Update" to reboot the appliance.</fixtext>
      <check system="N/A">
        <check-content>Log in to the vRealize Suite Lifecycle Manager management interface to view
the FIPS Mode status.

    Click on Lifecycle Operations &gt;&gt; Settings &gt;&gt; System Details

    If FIPS mode is not enabled, this is a finding.</check-content>
      </check>
    </Rule>
  </Group>
  <Group id="VLMA-8X-000002">
    <title>SRG-APP-000068-AS-000035</title>
    <Rule id="r_VLMA-8X-000002" severity="medium">
      <version>VLMA-8X-000002</version>
      <title>vRealize Suite Lifecycle Manager must display the Standard Mandatory DoD Notice and Consent Banner before granting access to the system.</title>
      <description>&lt;VulnDiscussion&gt;Application servers are required to display the Standard Mandatory DoD
Notice and Consent Banner before granting access to the system management
interface.&lt;/VulnDiscussion&gt;&lt;FalsePositives&gt;&lt;/FalsePositives&gt;&lt;FalseNegatives&gt;&lt;/FalseNegatives&gt;&lt;Documentable&gt;false&lt;/Documentable&gt;&lt;Mitigations&gt;&lt;/Mitigations&gt;&lt;SeverityOverrideGuidance&gt;&lt;/SeverityOverrideGuidance&gt;&lt;PotentialImpacts&gt;&lt;/PotentialImpacts&gt;&lt;ThirdPartyTools&gt;&lt;/ThirdPartyTools&gt;&lt;MitigationControl&gt;&lt;/MitigationControl&gt;&lt;Responsibility&gt;&lt;/Responsibility&gt;&lt;IAControls&gt;&lt;/IAControls&gt;</description>
      <reference>
        <dc:publisher>VMware</dc:publisher>
        <dc:subject>This Security Technical Implementation Guide is published as a tool to improve the security of Department of Defense (DoD) information systems. The requirements are derived from the National Institute of Standards and Technology (NIST) 800-53 and related documents.</dc:subject>
      </reference>
      <ident system="http://cyber.mil/cci">CCI-000048</ident>
      <fixtext>If vIDM is not yet deployed and/or integrated with vRSLCM it must first be
deployed or an existing compatible installation imported before the banner can
be configured.

    Once vIDM is deployed or imported you must enable and configure the
certificate authentication adapter to enable the consent form.

    To configure follow the link below enable the consent form and populate the
form with the DoD login and Consent Banner.


https://docs.vmware.com/en/VMware-Workspace-ONE-Access/3.3/idm-administrator/GUID-5E0247E4-BA40-4266-8888-F748D8E2B728.html

    The banner must read:

    "You are accessing a U.S. Government (USG) Information System (IS) that is
provided for USG-authorized use only.
    By using this IS (which includes any device attached to this IS), you
consent to the following conditions:
    -The USG routinely intercepts and monitors communications on this IS for
purposes including, but not limited to, penetration testing, COMSEC monitoring,
network operations and defense, personnel misconduct (PM), law enforcement
(LE), and counterintelligence (CI) investigations.
    -At any time, the USG may inspect and seize data stored on this IS.
    -Communications using, or data stored on, this IS are not private, are
subject to routine monitoring, interception, and search, and may be disclosed
or used for any USG-authorized purpose.
    -This IS includes security measures (e.g., authentication and access
controls) to protect USG interests--not for your personal benefit or privacy.
    -Notwithstanding the above, using this IS does not constitute consent to
PM, LE or CI investigative searching or monitoring of the content of privileged
communications, or work product, related to personal representation or services
by attorneys, psychotherapists, or clergy, and their assistants. Such
communications and work product are private and confidential. See User
Agreement for details."</fixtext>
      <check system="N/A">
        <check-content>vRealize Suite Lifecycle Manager can be integrated with VMware Identity
Manager to display the DoD Notice and Consent Banner.

    To check if vRealize Suite Lifecycle Manager is integrated with VMware
Identity Manager perform the following.

    Login to vRSLCM as the admin@local account.

    Select "Identity and Tenant Management"

    If you recieve a message that "VMware Identity Manager is not
installed.", this is a finding.

    If vIDM is installed and users are not presented with the DoD Notice and
Consent Banner before login, this is a finding.</check-content>
      </check>
    </Rule>
  </Group>
  <Group id="VLMA-8X-000003">
    <title>SRG-APP-000080-AS-000045</title>
    <Rule id="r_VLMA-8X-000003" severity="medium">
      <version>VLMA-8X-000003</version>
      <title>vRealize Suite Lifecycle Manager must enable multifactor authentication.</title>
      <description>&lt;VulnDiscussion&gt;Non-repudiation of actions taken is required in order to maintain
application integrity. Examples of particular actions taken by individuals
include creating information, sending a message, approving information (e.g.,
indicating concurrence or signing a contract), and receiving a message.

    Non-repudiation protects individuals against later claims by an author of
not having authored a particular document, a sender of not having transmitted a
message, a receiver of not having received a message, or a signatory of not
having signed a document.

    Typical application server actions requiring non-repudiation will be
related to application deployment among developers/users and administrative
actions taken by admin personnel.&lt;/VulnDiscussion&gt;&lt;FalsePositives&gt;&lt;/FalsePositives&gt;&lt;FalseNegatives&gt;&lt;/FalseNegatives&gt;&lt;Documentable&gt;false&lt;/Documentable&gt;&lt;Mitigations&gt;&lt;/Mitigations&gt;&lt;SeverityOverrideGuidance&gt;&lt;/SeverityOverrideGuidance&gt;&lt;PotentialImpacts&gt;&lt;/PotentialImpacts&gt;&lt;ThirdPartyTools&gt;&lt;/ThirdPartyTools&gt;&lt;MitigationControl&gt;&lt;/MitigationControl&gt;&lt;Responsibility&gt;&lt;/Responsibility&gt;&lt;IAControls&gt;&lt;/IAControls&gt;</description>
      <reference>
        <dc:publisher>VMware</dc:publisher>
        <dc:subject>This Security Technical Implementation Guide is published as a tool to improve the security of Department of Defense (DoD) information systems. The requirements are derived from the National Institute of Standards and Technology (NIST) 800-53 and related documents.</dc:subject>
      </reference>
      <ident system="http://cyber.mil/cci">CCI-000166</ident>
      <fixtext>If vIDM is not yet deployed and/or integrated with vRSLCM it must first be
deployed or an existing compatible installation imported before certificate
based authentication can be configured.

    Once vIDM is deployed or imported you must enable and configure the
certificate authentication adapter.

    To configure follow the link below enable certificate based authentication.


https://docs.vmware.com/en/VMware-Workspace-ONE-Access/3.3/idm-administrator/GUID-5E0247E4-BA40-4266-8888-F748D8E2B728.html</fixtext>
      <check system="N/A">
        <check-content>vRealize Suite Lifecycle Manager can be integrated with VMware Identity
Manager to support multifactor authentication.

    To check if vRealize Suite Lifecycle Manager is integrated with VMware
Identity Manager perform the following.

    Login to vRSLCM as the admin@local account.

    Select "Identity and Tenant Management"

    If you recieve a message that "VMware Identity Manager is not
installed.", this is a finding.

    If vIDM is not configured to support certificate based authentication, this
is a finding.</check-content>
      </check>
    </Rule>
  </Group>
  <Group id="VLMA-8X-000004">
    <title>SRG-APP-000219-AS-000147</title>
    <Rule id="r_VLMA-8X-000004" severity="medium">
      <version>VLMA-8X-000004</version>
      <title>vRealize Suite Lifecycle Manager must configure authentication when a proxy server is specified.</title>
      <description>&lt;VulnDiscussion&gt;Application architecture may sometimes require a configuration where
an application server is placed behind a web proxy, an application gateway or
communicates directly with another application server. In those instances, the
application server hosting the service/application is considered the server.
The application server, proxy or application gateway consuming the hosted
service is considered a client. Authentication is accomplished via the use of
certificates and protocols such as TLS mutual authentication. Authentication
must be performed when the proxy is exposed to an untrusted network or when
data protection requirements specified in the system security plan mandate the
need to establish the identity of the connecting application server, proxy or
application gateway.&lt;/VulnDiscussion&gt;&lt;FalsePositives&gt;&lt;/FalsePositives&gt;&lt;FalseNegatives&gt;&lt;/FalseNegatives&gt;&lt;Documentable&gt;false&lt;/Documentable&gt;&lt;Mitigations&gt;&lt;/Mitigations&gt;&lt;SeverityOverrideGuidance&gt;&lt;/SeverityOverrideGuidance&gt;&lt;PotentialImpacts&gt;&lt;/PotentialImpacts&gt;&lt;ThirdPartyTools&gt;&lt;/ThirdPartyTools&gt;&lt;MitigationControl&gt;&lt;/MitigationControl&gt;&lt;Responsibility&gt;&lt;/Responsibility&gt;&lt;IAControls&gt;&lt;/IAControls&gt;</description>
      <reference>
        <dc:publisher>VMware</dc:publisher>
        <dc:subject>This Security Technical Implementation Guide is published as a tool to improve the security of Department of Defense (DoD) information systems. The requirements are derived from the National Institute of Standards and Technology (NIST) 800-53 and related documents.</dc:subject>
      </reference>
      <ident system="http://cyber.mil/cci">CCI-001184</ident>
      <fixtext>Login to vRSLCM as the admin@local account.

    Select "Lifecycle Operations" &gt;&gt; Settings &gt;&gt; Proxy to view the Proxy
configuration.

    If the proxy is not used or unneeded remove the check box next to
"Configure Proxy".

    If you are enabling proxy, enter the Server, Port, User name, and and
select an existing credential.

    Click Save.

    Note: If a credential for the Proxy does not already exist one will need to
be created first by going to Locker &gt;&gt; Passwords and adding one here.</fixtext>
      <check system="N/A">
        <check-content>If vRealize Suite Lifecycle Manager is not configured to use a proxy, this
is Not Applicable.

    Login to vRSLCM as the admin@local account.

    Select "Lifecycle Operations" &gt;&gt; Settings &gt;&gt; Proxy to view the Proxy
configuration.

    If the Proxy is configured and no credential is selected, this is a finding.</check-content>
      </check>
    </Rule>
  </Group>
  <Group id="VLMA-8X-000005">
    <title>SRG-APP-000358-AS-000064</title>
    <Rule id="r_VLMA-8X-000005" severity="medium">
      <version>VLMA-8X-000005</version>
      <title>vRealize Suite Lifecycle Manager must off-load log records to a different system.</title>
      <description>&lt;VulnDiscussion&gt;Information system logging capability is critical for accurate
forensic analysis. Off-loading is a common process in information systems with
limited log storage capacity.
    Application Servers should Off-load logs to a different system or media
like Syslog.&lt;/VulnDiscussion&gt;&lt;FalsePositives&gt;&lt;/FalsePositives&gt;&lt;FalseNegatives&gt;&lt;/FalseNegatives&gt;&lt;Documentable&gt;false&lt;/Documentable&gt;&lt;Mitigations&gt;&lt;/Mitigations&gt;&lt;SeverityOverrideGuidance&gt;&lt;/SeverityOverrideGuidance&gt;&lt;PotentialImpacts&gt;&lt;/PotentialImpacts&gt;&lt;ThirdPartyTools&gt;&lt;/ThirdPartyTools&gt;&lt;MitigationControl&gt;&lt;/MitigationControl&gt;&lt;Responsibility&gt;&lt;/Responsibility&gt;&lt;IAControls&gt;&lt;/IAControls&gt;</description>
      <reference>
        <dc:publisher>VMware</dc:publisher>
        <dc:subject>This Security Technical Implementation Guide is published as a tool to improve the security of Department of Defense (DoD) information systems. The requirements are derived from the National Institute of Standards and Technology (NIST) 800-53 and related documents.</dc:subject>
      </reference>
      <ident system="http://cyber.mil/cci">CCI-001851</ident>
      <fixtext>Login to vRSLCM as the admin@local account.

    Select "Lifecycle Operations" &gt;&gt; Settings &gt;&gt; Logs.

    If Log Insight is deployed configure the agent to off-load logs to the Log
Insight server using the CFAPI protocol by entering the hostname and port
information.

    If Log Insight is not deployed configure the agent to off-load logs to a
syslog server by entering the hostname and port information with SYSLOG
selected for the protocol.

    Click Save when complete.</fixtext>
      <check system="N/A">
        <check-content>vRealize Suite Lifecycle Manager utilizes the Log Insight Agent to off-load
logs to a syslog server or Log Insight server.

    Login to vRSLCM as the admin@local account.

    Select "Lifecycle Operations" &gt;&gt; Settings &gt;&gt; Logs to view the
configuration.

    If the Log Insight Agent configuration is not configured to off-load logs
to a different system, this is a finding.</check-content>
      </check>
    </Rule>
  </Group>
  <Group id="VLMA-8X-000006">
    <title>SRG-APP-000371-AS-000077</title>
    <Rule id="r_VLMA-8X-000006" severity="medium">
      <version>VLMA-8X-000006</version>
      <title>vRealize Suite Lifecycle Manager must synchronize server clocks with an authoritative time source.</title>
      <description>&lt;VulnDiscussion&gt;Determining the correct time a particular application event occurred
on a system is critical when conducting forensic analysis and investigating
system events.

    Synchronization of internal application server clocks is needed in order to
correctly correlate the timing of events that occur across multiple systems.&lt;/VulnDiscussion&gt;&lt;FalsePositives&gt;&lt;/FalsePositives&gt;&lt;FalseNegatives&gt;&lt;/FalseNegatives&gt;&lt;Documentable&gt;false&lt;/Documentable&gt;&lt;Mitigations&gt;&lt;/Mitigations&gt;&lt;SeverityOverrideGuidance&gt;&lt;/SeverityOverrideGuidance&gt;&lt;PotentialImpacts&gt;&lt;/PotentialImpacts&gt;&lt;ThirdPartyTools&gt;&lt;/ThirdPartyTools&gt;&lt;MitigationControl&gt;&lt;/MitigationControl&gt;&lt;Responsibility&gt;&lt;/Responsibility&gt;&lt;IAControls&gt;&lt;/IAControls&gt;</description>
      <reference>
        <dc:publisher>VMware</dc:publisher>
        <dc:subject>This Security Technical Implementation Guide is published as a tool to improve the security of Department of Defense (DoD) information systems. The requirements are derived from the National Institute of Standards and Technology (NIST) 800-53 and related documents.</dc:subject>
      </reference>
      <ident system="http://cyber.mil/cci">CCI-001891</ident>
      <fixtext>Configure an authoritative NTP Server with on VMware vRealize Suite
Lifecycle Manager.

    Login to vRSLCM as the admin@local account.

    Select "Lifecycle Operations" &gt;&gt; Settings &gt;&gt; Time Settings.

    If NTP is not configured select the "Use Time Server (NTP)" option and
configure one or more authoritative time sources.

    If the NTP servers specified are not authoritative update them to an
authorized time server.

    Click Save.</fixtext>
      <check system="N/A">
        <check-content>Login to vRSLCM as the admin@local account.

    Select "Lifecycle Operations" &gt;&gt; Settings &gt;&gt; Time Settings to view the
configuration.

    If NTP is not used to synchronize time, this is a finding.

    If the NTP servers specified are not authoritative for the organization,
this is a finding.</check-content>
      </check>
    </Rule>
  </Group>
  <Group id="VLMA-8X-000007">
    <title>SRG-APP-000456-AS-000266</title>
    <Rule id="r_VLMA-8X-000007" severity="high">
      <version>VLMA-8X-000007</version>
      <title>vRealize Suite Lifecycle Manager must have all security patches and updates installed.</title>
      <description>&lt;VulnDiscussion&gt;Installing software updates is a fundamental mitigation against the
exploitation of publicaly-known vulnerabilities.&lt;/VulnDiscussion&gt;&lt;FalsePositives&gt;&lt;/FalsePositives&gt;&lt;FalseNegatives&gt;&lt;/FalseNegatives&gt;&lt;Documentable&gt;false&lt;/Documentable&gt;&lt;Mitigations&gt;&lt;/Mitigations&gt;&lt;SeverityOverrideGuidance&gt;&lt;/SeverityOverrideGuidance&gt;&lt;PotentialImpacts&gt;&lt;/PotentialImpacts&gt;&lt;ThirdPartyTools&gt;&lt;/ThirdPartyTools&gt;&lt;MitigationControl&gt;&lt;/MitigationControl&gt;&lt;Responsibility&gt;&lt;/Responsibility&gt;&lt;IAControls&gt;&lt;/IAControls&gt;</description>
      <reference>
        <dc:publisher>VMware</dc:publisher>
        <dc:subject>This Security Technical Implementation Guide is published as a tool to improve the security of Department of Defense (DoD) information systems. The requirements are derived from the National Institute of Standards and Technology (NIST) 800-53 and related documents.</dc:subject>
      </reference>
      <ident system="http://cyber.mil/cci">CCI-002605</ident>
      <fixtext>To install available patches perform the following:

Login to vRSLCM as the admin@local account.

Select "Lifecycle Operations" &gt;&gt; Settings &gt;&gt; Sytem Patches &gt;&gt; New Patch

Select an available patch from the list and click next.

Review the patch installation and click Install.</fixtext>
      <check system="N/A">
        <check-content>Check for and download available updates by using either the online or
offline process.

    Online

    Login to vRSLCM as the admin@local account.

    Select "Lifecycle Operations" &gt;&gt; Settings &gt;&gt; Binary Mapping &gt;&gt; Patch
Binaries.

    Click "Check Patches Online" to initiate download of any available
patches.

    Offline

    Login to vRSLCM as the admin@local account.

    Select "Lifecycle Operations" &gt;&gt; Settings &gt;&gt; Binary Mapping &gt;&gt; Patch
Binaries.

    Click "Add Patch Binary" to manual upload a previously downloaded patch.

    To check if patches are available for install select "Lifecycle
Operations" &gt;&gt; Settings &gt;&gt; Sytem Patches &gt;&gt; New Patch

    If vRSLCM does not have the latest patches/updates, this is a finding.

    If vRSLCM is not on a supported release, this is a finding.</check-content>
      </check>
    </Rule>
  </Group>
  <Group id="VLMA-8X-000008">
    <title>SRG-APP-000514-AS-000137</title>
    <Rule id="r_VLMA-8X-000008" severity="medium">
      <version>VLMA-8X-000008</version>
      <title>vRealize Suite Lifecycle Manager must use an SSL ceritifcate issued by a DoD certificate authority.</title>
      <description>&lt;VulnDiscussion&gt;The use of a DoD certificate on the vRealize Suite Lifecycle Manager
appliance assures clients that the service they are connecting to is legitimate
and trusted.&lt;/VulnDiscussion&gt;&lt;FalsePositives&gt;&lt;/FalsePositives&gt;&lt;FalseNegatives&gt;&lt;/FalseNegatives&gt;&lt;Documentable&gt;false&lt;/Documentable&gt;&lt;Mitigations&gt;&lt;/Mitigations&gt;&lt;SeverityOverrideGuidance&gt;&lt;/SeverityOverrideGuidance&gt;&lt;PotentialImpacts&gt;&lt;/PotentialImpacts&gt;&lt;ThirdPartyTools&gt;&lt;/ThirdPartyTools&gt;&lt;MitigationControl&gt;&lt;/MitigationControl&gt;&lt;Responsibility&gt;&lt;/Responsibility&gt;&lt;IAControls&gt;&lt;/IAControls&gt;</description>
      <reference>
        <dc:publisher>VMware</dc:publisher>
        <dc:subject>This Security Technical Implementation Guide is published as a tool to improve the security of Department of Defense (DoD) information systems. The requirements are derived from the National Institute of Standards and Technology (NIST) 800-53 and related documents.</dc:subject>
      </reference>
      <ident system="http://cyber.mil/cci">CCI-002450</ident>
      <fixtext>Login to vRSLCM as the admin@local account.

    A replacement certificate must first be imported into the locker.

    The requirements for PEM file are:
    Both certificate chain and key must be in the same file.
    The PEM file that are imported can have 2048 bits key or 4096 bits key.
    If the PEM file certificate is encrypted then the passphrase must be
provided while importing the certificate into vRealize Suite Lifecycle Manager.

    Select Locker &gt;&gt; Certificates &gt;&gt; Import.

    Import the new certificate by providing a name, pass phrase if required,
and certificate file then click Import.

    Note - When you upload a PEM file, the private key and certificate chain
details are populated automatically.

    To replace the vRSLCM certificate:

    Select "Lifecycle Operations" &gt;&gt; Settings &gt;&gt; Change Certificate &gt;&gt;
Replace Certificate.

    Select the certificate imported into the locker in the previous step and
click next to run the Precheck and then Finish to replace the certificate.</fixtext>
      <check system="N/A">
        <check-content>Login to vRSLCM as the admin@local account.

    Select "Lifecycle Operations" &gt;&gt; Settings &gt;&gt; Change Certificate to view
the configuration.

    If the certificate specified for vRSLCM is not issued from a trusted
internal or DoD certificate authority, this is a finding.</check-content>
      </check>
    </Rule>
  </Group>
  <Group id="VLMA-8X-000009">
    <title>SRG-APP-000516-AS-000237</title>
    <Rule id="r_VLMA-8X-000009" severity="low">
      <version>VLMA-8X-000009</version>
      <title>vRealize Suite Lifecycle Manager must not provide environment information to third parties.</title>
      <description>&lt;VulnDiscussion&gt;Providing technical details about an environments infrastructure to
third parties could unknowningly expose sensitive information to bad actors if
intercepted.&lt;/VulnDiscussion&gt;&lt;FalsePositives&gt;&lt;/FalsePositives&gt;&lt;FalseNegatives&gt;&lt;/FalseNegatives&gt;&lt;Documentable&gt;false&lt;/Documentable&gt;&lt;Mitigations&gt;&lt;/Mitigations&gt;&lt;SeverityOverrideGuidance&gt;&lt;/SeverityOverrideGuidance&gt;&lt;PotentialImpacts&gt;&lt;/PotentialImpacts&gt;&lt;ThirdPartyTools&gt;&lt;/ThirdPartyTools&gt;&lt;MitigationControl&gt;&lt;/MitigationControl&gt;&lt;Responsibility&gt;&lt;/Responsibility&gt;&lt;IAControls&gt;&lt;/IAControls&gt;</description>
      <reference>
        <dc:publisher>VMware</dc:publisher>
        <dc:subject>This Security Technical Implementation Guide is published as a tool to improve the security of Department of Defense (DoD) information systems. The requirements are derived from the National Institute of Standards and Technology (NIST) 800-53 and related documents.</dc:subject>
      </reference>
      <ident system="http://cyber.mil/cci">CCI-000366</ident>
      <fixtext>Login to vRSLCM as the admin@local account.

Click on Lifecycle Operations &gt;&gt; Settings &gt;&gt; System Details

Click Quit next to Customer Experience Improvement Program.</fixtext>
      <check system="N/A">
        <check-content>Login to vRSLCM as the admin@local account..

    Click on Lifecycle Operations &gt;&gt; Settings &gt;&gt; System Details

    If the customer experience improvement program is not disabled, this is a
finding.</check-content>
      </check>
    </Rule>
  </Group>
</Benchmark>
