<?xml version="1.0" encoding="utf-8"?>
<?xml-stylesheet type='text/xsl' href='STIG_unclass.xsl'?>
<Benchmark
	xmlns:dc="http://purl.org/dc/elements/1.1/"
	xmlns:xsi="http://www.w3.org/2001/XMLSchema-instance"
	xmlns:cpe="http://cpe.mitre.org/language/2.0"
	xmlns:xhtml="http://www.w3.org/1999/xhtml"
	xmlns:dsig="http://www.w3.org/2000/09/xmldsig#" xsi:schemaLocation="http://checklists.nist.gov/xccdf/1.1 http://nvd.nist.gov/schema/xccdf-1.1.4.xsd http://cpe.mitre.org/dictionary/2.0 http://cpe.mitre.org/files/cpe-dictionary_2.1.xsd" id="VMW_vRSLCM_8.2_Tomcat_STIG_Readiness_Guide" xml:lang="en"
	xmlns="http://checklists.nist.gov/xccdf/1.1">
	<status date="2021-08-04">draft</status>
	<title>VMware vRealize Suite Lifecycle Manager 8.2 Tomcat STIG Readiness Guide</title>
	<description>This project represents VMware's effort to document our compliance against the SRG requirements and nothing more. A published STIG is our eventual goal, in most cases, but this content should not be viewed to be "as good as a STIG". A DISA published STIG includes technical validation, review of requirement fulfillment, accuracy and style, risk acceptance and is digitally signed by the RME and posted on a .mil. This SRG content is intended to provided value to our partners while the STIGs are in process. Except for products that have published STIGs already, there is no explicit or implied DISA approval of the provided content.</description>
	<notice id="terms-of-use" xml:lang="en"></notice>
	<front-matter xml:lang="en"></front-matter>
	<rear-matter xml:lang="en"></rear-matter>
	<reference href="https://github.com/vmware/dod-compliance-and-automation">
		<dc:publisher>VMware</dc:publisher>
		<dc:source>https://github.com/vmware/dod-compliance-and-automation</dc:source>
	</reference>
	<plain-text id="release-info">Release: 1 Benchmark Date: 04 Aug 2021</plain-text>
	<plain-text id="generator">3.2.2.36079</plain-text>
	<plain-text id="conventionsVersion">1.10.0</plain-text>
	<version>1</version>
  <Group id="VLMT-8X-000005">
    <title>SRG-APP-000118-WSR-000068</title>
    <Rule id="r_VLMT-8X-000005" severity="medium">
      <version>VLMT-8X-000005</version>
      <title>The vRSLCM web service log files must only be accessible by privileged users.</title>
      <description>&lt;VulnDiscussion&gt;Log data is essential in the investigation of events. If log data were
to become compromised, then competent forensic analysis and discovery of the
true source of potentially malicious system activity would be difficult, if not
impossible, to achieve. In addition, access to log records provides information
an attacker could potentially use to their advantage since each event record
might contain communication ports, protocols, services, trust relationships,
user names, etc.

    The web server must protect the log data from unauthorized read, write,
copy, etc. This can be done by the web server if the web server is also doing
the logging function. The web server may also use an external log system. In
either case, the logs must be protected from access by non-privileged users.&lt;/VulnDiscussion&gt;&lt;FalsePositives&gt;&lt;/FalsePositives&gt;&lt;FalseNegatives&gt;&lt;/FalseNegatives&gt;&lt;Documentable&gt;false&lt;/Documentable&gt;&lt;Mitigations&gt;&lt;/Mitigations&gt;&lt;SeverityOverrideGuidance&gt;&lt;/SeverityOverrideGuidance&gt;&lt;PotentialImpacts&gt;&lt;/PotentialImpacts&gt;&lt;ThirdPartyTools&gt;&lt;/ThirdPartyTools&gt;&lt;MitigationControl&gt;&lt;/MitigationControl&gt;&lt;Responsibility&gt;&lt;/Responsibility&gt;&lt;IAControls&gt;&lt;/IAControls&gt;</description>
      <reference>
        <dc:publisher>VMware</dc:publisher>
        <dc:subject>This Security Technical Implementation Guide is published as a tool to improve the security of Department of Defense (DoD) information systems. The requirements are derived from the National Institute of Standards and Technology (NIST) 800-53 and related documents.</dc:subject>
      </reference>
      <ident system="http://cyber.mil/cci">CCI-000162</ident>
      <fixtext>At the command line, execute the following command(s):

    #  chown root:root &lt;log file&gt;
    # chmod 640 &lt;log file&gt;

    Replace &lt;log file&gt; with the log files found with incorrect permissions or
ownership.</fixtext>
      <check system="N/A">
        <check-content>At the command line, execute the following command:

    # find /var/log/vrlcm/ -xdev -type f -a '(' -not -perm 640 -o -not -user
root -o -not -group root ')' -exec ls -ld {} \;

    If any files are returned, this is a finding.</check-content>
      </check>
    </Rule>
  </Group>
  <Group id="VLMT-8X-000006">
    <title>SRG-APP-000131-WSR-000051</title>
    <Rule id="r_VLMT-8X-000006" severity="medium">
      <version>VLMT-8X-000006</version>
      <title>The vRSLCM web server files must be verified for their integrity.</title>
      <description>&lt;VulnDiscussion&gt;Verifying that the application code is unchanged from it's shipping
state is essential for file validation and non-repudiation. There is no reason
that the MD5 hash of the rpm original files should be changed after
installation, excluding configuration files.&lt;/VulnDiscussion&gt;&lt;FalsePositives&gt;&lt;/FalsePositives&gt;&lt;FalseNegatives&gt;&lt;/FalseNegatives&gt;&lt;Documentable&gt;false&lt;/Documentable&gt;&lt;Mitigations&gt;&lt;/Mitigations&gt;&lt;SeverityOverrideGuidance&gt;&lt;/SeverityOverrideGuidance&gt;&lt;PotentialImpacts&gt;&lt;/PotentialImpacts&gt;&lt;ThirdPartyTools&gt;&lt;/ThirdPartyTools&gt;&lt;MitigationControl&gt;&lt;/MitigationControl&gt;&lt;Responsibility&gt;&lt;/Responsibility&gt;&lt;IAControls&gt;&lt;/IAControls&gt;</description>
      <reference>
        <dc:publisher>VMware</dc:publisher>
        <dc:subject>This Security Technical Implementation Guide is published as a tool to improve the security of Department of Defense (DoD) information systems. The requirements are derived from the National Institute of Standards and Technology (NIST) 800-53 and related documents.</dc:subject>
      </reference>
      <ident system="http://cyber.mil/cci">CCI-001749</ident>
      <fixtext>Re-install the vRSLCM or roll back to a snapshot or backup.

Modifying the installation files manually is not supported.</fixtext>
      <check system="N/A">
        <check-content>At the command prompt, execute the following command:

# rpm -V vlcm | grep "^..5......"

If there is any output, this is a finding.</check-content>
      </check>
    </Rule>
  </Group>
  <Group id="VLMT-8X-000007">
    <title>SRG-APP-000211-WSR-000030</title>
    <Rule id="r_VLMT-8X-000007" severity="medium">
      <version>VLMT-8X-000007</version>
      <title>The vRSLCM web server directory tree must have permissions in an "out of the box" state.</title>
      <description>&lt;VulnDiscussion&gt;As a rule, accounts on a web server are to be kept to a minimum. Only
administrators, web managers, developers, auditors, and web authors require
accounts on the machine hosting the web server. The resources to which these
accounts have access must also be closely monitored and controlled. The
application files must be adequately protected with correct permissions as
applied "out of the box".&lt;/VulnDiscussion&gt;&lt;FalsePositives&gt;&lt;/FalsePositives&gt;&lt;FalseNegatives&gt;&lt;/FalseNegatives&gt;&lt;Documentable&gt;false&lt;/Documentable&gt;&lt;Mitigations&gt;&lt;/Mitigations&gt;&lt;SeverityOverrideGuidance&gt;&lt;/SeverityOverrideGuidance&gt;&lt;PotentialImpacts&gt;&lt;/PotentialImpacts&gt;&lt;ThirdPartyTools&gt;&lt;/ThirdPartyTools&gt;&lt;MitigationControl&gt;&lt;/MitigationControl&gt;&lt;Responsibility&gt;&lt;/Responsibility&gt;&lt;IAControls&gt;&lt;/IAControls&gt;</description>
      <reference>
        <dc:publisher>VMware</dc:publisher>
        <dc:subject>This Security Technical Implementation Guide is published as a tool to improve the security of Department of Defense (DoD) information systems. The requirements are derived from the National Institute of Standards and Technology (NIST) 800-53 and related documents.</dc:subject>
      </reference>
      <ident system="http://cyber.mil/cci">CCI-001082</ident>
      <fixtext>At the command prompt, execute the following command(s):

# chmod o-w &lt;file&gt;
# chmod root:root &lt;file&gt;

Repeat the command for each file that was returned.</fixtext>
      <check system="N/A">
        <check-content>At the command prompt, execute the following command:

    # find /var/lib/vrlcm -xdev -type f -a '(' -perm -o+w -o -not -user root -o
-not -group root ')' -exec ls -ld {} \;

    If the command produces any output, this is a finding.</check-content>
      </check>
    </Rule>
  </Group>
</Benchmark>
