<?xml version="1.0" encoding="utf-8"?>
<?xml-stylesheet type='text/xsl' href='STIG_unclass.xsl'?>
<Benchmark
	xmlns:dc="http://purl.org/dc/elements/1.1/"
	xmlns:xsi="http://www.w3.org/2001/XMLSchema-instance"
	xmlns:cpe="http://cpe.mitre.org/language/2.0"
	xmlns:xhtml="http://www.w3.org/1999/xhtml"
	xmlns:dsig="http://www.w3.org/2000/09/xmldsig#" xsi:schemaLocation="http://checklists.nist.gov/xccdf/1.1 http://nvd.nist.gov/schema/xccdf-1.1.4.xsd http://cpe.mitre.org/dictionary/2.0 http://cpe.mitre.org/files/cpe-dictionary_2.1.xsd" id="VMW_vRSLCM_8.2_Nginx_STIG_Readiness_Guide" xml:lang="en"
	xmlns="http://checklists.nist.gov/xccdf/1.1">
	<status date="2021-08-04">draft</status>
	<title>VMware vRealize Suite Lifecycle Manager 8.2 Nginx STIG Readiness Guide</title>
	<description>This project represents VMware's effort to document our compliance against the SRG requirements and nothing more. A published STIG is our eventual goal, in most cases, but this content should not be viewed to be "as good as a STIG". A DISA published STIG includes technical validation, review of requirement fulfillment, accuracy and style, risk acceptance and is digitally signed by the RME and posted on a .mil. This SRG content is intended to provided value to our partners while the STIGs are in process. Except for products that have published STIGs already, there is no explicit or implied DISA approval of the provided content.</description>
	<notice id="terms-of-use" xml:lang="en"></notice>
	<front-matter xml:lang="en"></front-matter>
	<rear-matter xml:lang="en"></rear-matter>
	<reference href="https://github.com/vmware/dod-compliance-and-automation">
		<dc:publisher>VMware</dc:publisher>
		<dc:source>https://github.com/vmware/dod-compliance-and-automation</dc:source>
	</reference>
	<plain-text id="release-info">Release: 1 Benchmark Date: 04 Aug 2021</plain-text>
	<plain-text id="generator">3.2.2.36079</plain-text>
	<plain-text id="conventionsVersion">1.10.0</plain-text>
	<version>1</version>
  <Group id="VLMN-8X-000001">
    <title>SRG-APP-000001-WSR-000001</title>
    <Rule id="r_VLMN-8X-000001" severity="medium">
      <version>VLMN-8X-000001</version>
      <title>The Nginx web server must limit the number of concurrent connections per IP.</title>
      <description>&lt;VulnDiscussion&gt;Web server management includes the ability to control the number of
users and user sessions that utilize a web server. Limiting the number of
allowed users and sessions per user is helpful in limiting risks related to
several types of Denial of Service attacks.&lt;/VulnDiscussion&gt;&lt;FalsePositives&gt;&lt;/FalsePositives&gt;&lt;FalseNegatives&gt;&lt;/FalseNegatives&gt;&lt;Documentable&gt;false&lt;/Documentable&gt;&lt;Mitigations&gt;&lt;/Mitigations&gt;&lt;SeverityOverrideGuidance&gt;&lt;/SeverityOverrideGuidance&gt;&lt;PotentialImpacts&gt;&lt;/PotentialImpacts&gt;&lt;ThirdPartyTools&gt;&lt;/ThirdPartyTools&gt;&lt;MitigationControl&gt;&lt;/MitigationControl&gt;&lt;Responsibility&gt;&lt;/Responsibility&gt;&lt;IAControls&gt;&lt;/IAControls&gt;</description>
      <reference>
        <dc:publisher>VMware</dc:publisher>
        <dc:subject>This Security Technical Implementation Guide is published as a tool to improve the security of Department of Defense (DoD) information systems. The requirements are derived from the National Institute of Standards and Technology (NIST) 800-53 and related documents.</dc:subject>
      </reference>
      <ident system="http://cyber.mil/cci">CCI-000054</ident>
      <fixtext>Navigate to and open:

The nginx.conf (/etc/nginx/nginx.conf by default) file.

Add the following or similar line(s) in the http context:

limit_conn_zone $binary_remote_addr zone=per_ip:10m;

limit_conn per_ip 10;

At the command line, execute the following command:

# nginx -s reload</fixtext>
      <check system="N/A">
        <check-content>Verify a shared memory zone has been established in the http context to
track connections per IP.

    At the command line, execute the following command:

    # nginx -T 2&gt;&amp;1 | sed -n "/^http/,/\sserver\s{/p" | grep
limit_conn_zone --color=always | grep "\$binary_remote_addr"

    Expected result:

    limit_conn_zone $binary_remote_addr zone=per_ip:10m;

    If the limit_conn_zone option is not configured in the http context to
limit connections per IP, this is a finding.

    Verify the http context also has a limit_conn statement.

    At the command line, execute the following command:

    # nginx -T 2&gt;&amp;1 | sed -n "/^http/,/\sserver\s{/p" | grep "limit_conn
per_ip"

    Expected result:

    limit_conn per_ip 10;

    If the limit_conn option is not configured in the http context to limit
connections per IP, this is a finding.

    Note: Per server or location limit_conn directives are acceptable to modify
limits based on application needs as long as they are not disabled.</check-content>
      </check>
    </Rule>
  </Group>
  <Group id="VLMN-8X-000002">
    <title>SRG-APP-000001-WSR-000001</title>
    <Rule id="r_VLMN-8X-000002" severity="medium">
      <version>VLMN-8X-000002</version>
      <title>The Nginx web server must limit the number of concurrent connections per server.</title>
      <description>&lt;VulnDiscussion&gt;Web server management includes the ability to control the number of
users and user sessions that utilize a web server. Limiting the number of
allowed users and sessions per user is helpful in limiting risks related to
several types of Denial of Service attacks.&lt;/VulnDiscussion&gt;&lt;FalsePositives&gt;&lt;/FalsePositives&gt;&lt;FalseNegatives&gt;&lt;/FalseNegatives&gt;&lt;Documentable&gt;false&lt;/Documentable&gt;&lt;Mitigations&gt;&lt;/Mitigations&gt;&lt;SeverityOverrideGuidance&gt;&lt;/SeverityOverrideGuidance&gt;&lt;PotentialImpacts&gt;&lt;/PotentialImpacts&gt;&lt;ThirdPartyTools&gt;&lt;/ThirdPartyTools&gt;&lt;MitigationControl&gt;&lt;/MitigationControl&gt;&lt;Responsibility&gt;&lt;/Responsibility&gt;&lt;IAControls&gt;&lt;/IAControls&gt;</description>
      <reference>
        <dc:publisher>VMware</dc:publisher>
        <dc:subject>This Security Technical Implementation Guide is published as a tool to improve the security of Department of Defense (DoD) information systems. The requirements are derived from the National Institute of Standards and Technology (NIST) 800-53 and related documents.</dc:subject>
      </reference>
      <ident system="http://cyber.mil/cci">CCI-000054</ident>
      <fixtext>Navigate to and open:

The nginx.conf (/etc/nginx/nginx.conf by default) file.

Add the following or similar line(s) in the http context:

limit_conn_zone $server_name zone=per_server:10m;

limit_conn per_server 1000;

At the command line, execute the following command:

# nginx -s reload</fixtext>
      <check system="N/A">
        <check-content>Verify a shared memory zone has been established in the http context to
track connections per server.

    At the command line, execute the following command:

    # nginx -T 2&gt;&amp;1 | sed -n "/^http/,/\sserver\s{/p" | grep
limit_conn_zone --color=always | grep -i "\$server_name"

    Expected result:

    limit_conn_zone $server_name zone=per_server:10m;

    If the limit_conn_zone option is not configured in the http context to
limit connections per server, this is a finding.

    Verify the http context also has a limit_conn statement.

    At the command line, execute the following command:

    # nginx -T 2&gt;&amp;1 | sed -n "/^http/,/\sserver\s{/p" | grep "limit_conn
per_server"

    Expected result:

    limit_conn per_server 1000;

    If the limit_conn option is not configured in the http context to limit
connections per server, this is a finding.

    Note: Per server or location limit_conn directives are acceptable to modify
limits based on application needs as long as they are not disabled.</check-content>
      </check>
    </Rule>
  </Group>
  <Group id="VLMN-8X-000003">
    <title>SRG-APP-000014-WSR-000006</title>
    <Rule id="r_VLMN-8X-000003" severity="medium">
      <version>VLMN-8X-000003</version>
      <title>The Nginx web server must be configured with FIPS 140-2 compliant ciphers for HTTPS connections.</title>
      <description>&lt;VulnDiscussion&gt;Encryption of data-in-flight is an essential element of protecting
information confidentiality.  If a web server uses weak or outdated encryption
algorithms, then the server's communications can potentially be compromised.

    The US Federal Information Processing Standards (FIPS) publication 140-2,
Security Requirements for Cryptographic Modules (FIPS 140-2) identifies eleven
areas for a cryptographic module used inside a security system that protects
information.  FIPS 140-2 approved ciphers provide the maximum level of
encryption possible for a private web server.&lt;/VulnDiscussion&gt;&lt;FalsePositives&gt;&lt;/FalsePositives&gt;&lt;FalseNegatives&gt;&lt;/FalseNegatives&gt;&lt;Documentable&gt;false&lt;/Documentable&gt;&lt;Mitigations&gt;&lt;/Mitigations&gt;&lt;SeverityOverrideGuidance&gt;&lt;/SeverityOverrideGuidance&gt;&lt;PotentialImpacts&gt;&lt;/PotentialImpacts&gt;&lt;ThirdPartyTools&gt;&lt;/ThirdPartyTools&gt;&lt;MitigationControl&gt;&lt;/MitigationControl&gt;&lt;Responsibility&gt;&lt;/Responsibility&gt;&lt;IAControls&gt;&lt;/IAControls&gt;</description>
      <reference>
        <dc:publisher>VMware</dc:publisher>
        <dc:subject>This Security Technical Implementation Guide is published as a tool to improve the security of Department of Defense (DoD) information systems. The requirements are derived from the National Institute of Standards and Technology (NIST) 800-53 and related documents.</dc:subject>
      </reference>
      <ident system="http://cyber.mil/cci">CCI-000068</ident>
      <fixtext>Navigate to and open:

    /etc/nginx/ssl.conf

    Add or change the following line in the http context for each server that
is terminating SSL.

    ssl_ciphers !aNULL:ECDHE+AES;

    At the command line, execute the following command:

    # nginx -s reload</fixtext>
      <check system="N/A">
        <check-content>At the command line, execute the following command:

# nginx -T 2&gt;&amp;1 | grep ssl_ciphers

Expected result:

ssl_ciphers !aNULL:ECDHE+AES;

If the output does not match the expected result, this is a finding.</check-content>
      </check>
    </Rule>
  </Group>
  <Group id="VLMN-8X-000004">
    <title>SRG-APP-000014-WSR-000006</title>
    <Rule id="r_VLMN-8X-000004" severity="medium">
      <version>VLMN-8X-000004</version>
      <title>The Nginx web server must be configured with FIPS 140-2 compliant ciphers for HTTPS connections and prefer server ciphers.</title>
      <description>&lt;VulnDiscussion&gt;Encryption of data-in-flight is an essential element of protecting
information confidentiality.  If a web server uses weak or outdated encryption
algorithms, then the server's communications can potentially be compromised.

    The US Federal Information Processing Standards (FIPS) publication 140-2,
Security Requirements for Cryptographic Modules (FIPS 140-2) identifies eleven
areas for a cryptographic module used inside a security system that protects
information.  FIPS 140-2 approved ciphers provide the maximum level of
encryption possible for a private web server.&lt;/VulnDiscussion&gt;&lt;FalsePositives&gt;&lt;/FalsePositives&gt;&lt;FalseNegatives&gt;&lt;/FalseNegatives&gt;&lt;Documentable&gt;false&lt;/Documentable&gt;&lt;Mitigations&gt;&lt;/Mitigations&gt;&lt;SeverityOverrideGuidance&gt;&lt;/SeverityOverrideGuidance&gt;&lt;PotentialImpacts&gt;&lt;/PotentialImpacts&gt;&lt;ThirdPartyTools&gt;&lt;/ThirdPartyTools&gt;&lt;MitigationControl&gt;&lt;/MitigationControl&gt;&lt;Responsibility&gt;&lt;/Responsibility&gt;&lt;IAControls&gt;&lt;/IAControls&gt;</description>
      <reference>
        <dc:publisher>VMware</dc:publisher>
        <dc:subject>This Security Technical Implementation Guide is published as a tool to improve the security of Department of Defense (DoD) information systems. The requirements are derived from the National Institute of Standards and Technology (NIST) 800-53 and related documents.</dc:subject>
      </reference>
      <ident system="http://cyber.mil/cci">CCI-000068</ident>
      <fixtext>Navigate to and open:

    /etc/nginx/ssl.conf

    Add or change the following line in the http context for each server that
is terminating SSL.

    ssl_prefer_server_ciphers on;

    At the command line, execute the following command:

    # nginx -s reload</fixtext>
      <check system="N/A">
        <check-content>At the command line, execute the following command:

# nginx -T 2&gt;&amp;1 | grep ssl_prefer_server_ciphers

Expected result:

ssl_prefer_server_ciphers on;

If the output does not match the expected result, this is a finding.</check-content>
      </check>
    </Rule>
  </Group>
  <Group id="VLMN-8X-000005">
    <title>SRG-APP-000015-WSR-000014</title>
    <Rule id="r_VLMN-8X-000005" severity="medium">
      <version>VLMN-8X-000005</version>
      <title>The Nginx web server must use cryptography to protect the integrity of remote sessions.</title>
      <description>&lt;VulnDiscussion&gt;Data exchanged between the user and the web server can range from
static display data to credentials used to log into the hosted application.
Even when data appears to be static, the non-displayed logic in a web page may
expose business logic or trusted system relationships. The integrity of all the
data being exchanged between the user and web server must always be trusted. To
protect the integrity and trust, encryption methods should be used to protect
the complete communication session.&lt;/VulnDiscussion&gt;&lt;FalsePositives&gt;&lt;/FalsePositives&gt;&lt;FalseNegatives&gt;&lt;/FalseNegatives&gt;&lt;Documentable&gt;false&lt;/Documentable&gt;&lt;Mitigations&gt;&lt;/Mitigations&gt;&lt;SeverityOverrideGuidance&gt;&lt;/SeverityOverrideGuidance&gt;&lt;PotentialImpacts&gt;&lt;/PotentialImpacts&gt;&lt;ThirdPartyTools&gt;&lt;/ThirdPartyTools&gt;&lt;MitigationControl&gt;&lt;/MitigationControl&gt;&lt;Responsibility&gt;&lt;/Responsibility&gt;&lt;IAControls&gt;&lt;/IAControls&gt;</description>
      <reference>
        <dc:publisher>VMware</dc:publisher>
        <dc:subject>This Security Technical Implementation Guide is published as a tool to improve the security of Department of Defense (DoD) information systems. The requirements are derived from the National Institute of Standards and Technology (NIST) 800-53 and related documents.</dc:subject>
      </reference>
      <ident system="http://cyber.mil/cci">CCI-001453</ident>
      <fixtext>Navigate to and open:

/etc/nginx/ssl.conf

Add or change the following line,

ssl_protocols  TLSv1.2 TLSv1.3;

At the command line, execute the following command:

# nginx -s reload</fixtext>
      <check system="N/A">
        <check-content>At the command line, execute the following command:

# nginx -T 2&gt;&amp;1 | grep ssl_protocols

Expected result:

ssl_protocols  TLSv1.2 TLSv1.3;

If the output does not match the expected result, this is a finding.</check-content>
      </check>
    </Rule>
  </Group>
  <Group id="VLMN-8X-000006">
    <title>SRG-APP-000015-WSR-000014</title>
    <Rule id="r_VLMN-8X-000006" severity="medium">
      <version>VLMN-8X-000006</version>
      <title>The Nginx web server must implement HTTP Strict Transport Security (HSTS) to protect the integrity of remote sessions.</title>
      <description>&lt;VulnDiscussion&gt;HTTP Strict Transport Security (HSTS) instructs web browsers to only
use secure connections for all future requests when communicating with a web
site. Doing so helps prevent SSL protocol attacks, SSL stripping, cookie
hijacking, and other attempts to circumvent SSL protection.&lt;/VulnDiscussion&gt;&lt;FalsePositives&gt;&lt;/FalsePositives&gt;&lt;FalseNegatives&gt;&lt;/FalseNegatives&gt;&lt;Documentable&gt;false&lt;/Documentable&gt;&lt;Mitigations&gt;&lt;/Mitigations&gt;&lt;SeverityOverrideGuidance&gt;&lt;/SeverityOverrideGuidance&gt;&lt;PotentialImpacts&gt;&lt;/PotentialImpacts&gt;&lt;ThirdPartyTools&gt;&lt;/ThirdPartyTools&gt;&lt;MitigationControl&gt;&lt;/MitigationControl&gt;&lt;Responsibility&gt;&lt;/Responsibility&gt;&lt;IAControls&gt;&lt;/IAControls&gt;</description>
      <reference>
        <dc:publisher>VMware</dc:publisher>
        <dc:subject>This Security Technical Implementation Guide is published as a tool to improve the security of Department of Defense (DoD) information systems. The requirements are derived from the National Institute of Standards and Technology (NIST) 800-53 and related documents.</dc:subject>
      </reference>
      <ident system="http://cyber.mil/cci">CCI-001453</ident>
      <fixtext>Navigate to and open:

    The nginx.conf (/etc/nginx/nginx.conf by default) file.

    Add the following line in the server context for each server that is
terminating ssl.

    add_header Strict-Transport-Security max-age=15768000;

    At the command line, execute the following command:

    # nginx -s reload</fixtext>
      <check system="N/A">
        <check-content>At the command line, execute the following command:

    # nginx -T 2&gt;&amp;1 | sed -n
'/\sserver\s{/{:a;N;/.*location/!ba;/.*listen.*ssl/p}' | grep "add_header
Strict-Transport-Security"

    add_header Strict-Transport-Security max-age=15768000;

    If the output does not match the expected result, this is a finding.</check-content>
      </check>
    </Rule>
  </Group>
  <Group id="VLMN-8X-000007">
    <title>SRG-APP-000016-WSR-000005</title>
    <Rule id="r_VLMN-8X-000007" severity="medium">
      <version>VLMN-8X-000007</version>
      <title>The Nginx web server must generate information to be used by external applications or entities to monitor and control remote access.</title>
      <description>&lt;VulnDiscussion&gt;By providing remote access information to an external monitoring
system, the organization can monitor for cyber attacks and monitor compliance
with remote access policies. The organization can also look at data
organization wide and determine an attack or anomaly is occurring on the
organization which might not be noticed if the data were kept local to the web
server.&lt;/VulnDiscussion&gt;&lt;FalsePositives&gt;&lt;/FalsePositives&gt;&lt;FalseNegatives&gt;&lt;/FalseNegatives&gt;&lt;Documentable&gt;false&lt;/Documentable&gt;&lt;Mitigations&gt;&lt;/Mitigations&gt;&lt;SeverityOverrideGuidance&gt;&lt;/SeverityOverrideGuidance&gt;&lt;PotentialImpacts&gt;&lt;/PotentialImpacts&gt;&lt;ThirdPartyTools&gt;&lt;/ThirdPartyTools&gt;&lt;MitigationControl&gt;&lt;/MitigationControl&gt;&lt;Responsibility&gt;&lt;/Responsibility&gt;&lt;IAControls&gt;&lt;/IAControls&gt;</description>
      <reference>
        <dc:publisher>VMware</dc:publisher>
        <dc:subject>This Security Technical Implementation Guide is published as a tool to improve the security of Department of Defense (DoD) information systems. The requirements are derived from the National Institute of Standards and Technology (NIST) 800-53 and related documents.</dc:subject>
      </reference>
      <ident system="http://cyber.mil/cci">CCI-000067</ident>
      <fixtext>Navigate to and open:

    The nginx.conf (/etc/nginx/nginx.conf by default) file.

    Add the following line in the http context:

     log_format  custom  '$remote_addr - $remote_user [$time_local]
"$request" '
                        '$status $body_bytes_sent "$http_referer" '
                        '"$http_user_agent" "$http_x_forwarded_for"';

    Add/ Modify (If already present) the following line in the http context:

    access_log  /var/log/nginx/access.log  custom;

    At the command line, execute the following command:

    # nginx -s reload</fixtext>
      <check system="N/A">
        <check-content>At the command line, execute the following command(s):

    # nginx -T 2&gt;&amp;1 | grep log_format

    Expected result:

    log_format  custom  '$remote_addr - $remote_user [$time_local]
"$request" '
                        '$status $body_bytes_sent "$http_referer" '
                        '"$http_user_agent" "$http_x_forwarded_for"';


    #nginx -T 2&gt;&amp;1 | grep access_log

    Expected Result,

    access_log  /var/log/nginx/access.log  custom;

    If the output does not match the expected result, this is a finding.</check-content>
      </check>
    </Rule>
  </Group>
  <Group id="VLMN-8X-000008">
    <title>SRG-APP-000092-WSR-000055</title>
    <Rule id="r_VLMN-8X-000008" severity="medium">
      <version>VLMN-8X-000008</version>
      <title>The Nginx web server must log server events upon start up.</title>
      <description>&lt;VulnDiscussion&gt;An attacker can compromise a web server during the startup process. If
logging is not initiated until all the web server processes are started, key
information may be missed and not available during a forensic investigation. To
assure all logable events are captured, the web server must begin logging once
the first web server process is initiated.&lt;/VulnDiscussion&gt;&lt;FalsePositives&gt;&lt;/FalsePositives&gt;&lt;FalseNegatives&gt;&lt;/FalseNegatives&gt;&lt;Documentable&gt;false&lt;/Documentable&gt;&lt;Mitigations&gt;&lt;/Mitigations&gt;&lt;SeverityOverrideGuidance&gt;&lt;/SeverityOverrideGuidance&gt;&lt;PotentialImpacts&gt;&lt;/PotentialImpacts&gt;&lt;ThirdPartyTools&gt;&lt;/ThirdPartyTools&gt;&lt;MitigationControl&gt;&lt;/MitigationControl&gt;&lt;Responsibility&gt;&lt;/Responsibility&gt;&lt;IAControls&gt;&lt;/IAControls&gt;</description>
      <reference>
        <dc:publisher>VMware</dc:publisher>
        <dc:subject>This Security Technical Implementation Guide is published as a tool to improve the security of Department of Defense (DoD) information systems. The requirements are derived from the National Institute of Standards and Technology (NIST) 800-53 and related documents.</dc:subject>
      </reference>
      <ident system="http://cyber.mil/cci">CCI-001464</ident>
      <fixtext>Navigate to and open:

The nginx.conf (/etc/nginx/nginx.conf by default) file.

Add the following line in the main context at the top of the file:

error_log /var/log/nginx/error.log info;

At the command line, execute the following command:

# nginx -s reload</fixtext>
      <check system="N/A">
        <check-content>At the command line, execute the following command:

# nginx -T 2&gt;&amp;1 | grep "^error_log"

Expected result:

error_log /var/log/nginx/error.log info;

If the output does not match the expected result, this is a finding.</check-content>
      </check>
    </Rule>
  </Group>
  <Group id="VLMN-8X-000009">
    <title>SRG-APP-000093-WSR-000053</title>
    <Rule id="r_VLMN-8X-000009" severity="medium">
      <version>VLMN-8X-000009</version>
      <title>The Nginx web server must capture, record, and log all content related to a user session.</title>
      <description>&lt;VulnDiscussion&gt;The web server must be capable of enabling a setting for
troubleshooting, debugging, or forensic gathering purposes which will log all
user session information related to the hosted application session. Without the
capability to capture, record, and log all content related to a user session,
investigations into suspicious user activity would be hampered.&lt;/VulnDiscussion&gt;&lt;FalsePositives&gt;&lt;/FalsePositives&gt;&lt;FalseNegatives&gt;&lt;/FalseNegatives&gt;&lt;Documentable&gt;false&lt;/Documentable&gt;&lt;Mitigations&gt;&lt;/Mitigations&gt;&lt;SeverityOverrideGuidance&gt;&lt;/SeverityOverrideGuidance&gt;&lt;PotentialImpacts&gt;&lt;/PotentialImpacts&gt;&lt;ThirdPartyTools&gt;&lt;/ThirdPartyTools&gt;&lt;MitigationControl&gt;&lt;/MitigationControl&gt;&lt;Responsibility&gt;&lt;/Responsibility&gt;&lt;IAControls&gt;&lt;/IAControls&gt;</description>
      <reference>
        <dc:publisher>VMware</dc:publisher>
        <dc:subject>This Security Technical Implementation Guide is published as a tool to improve the security of Department of Defense (DoD) information systems. The requirements are derived from the National Institute of Standards and Technology (NIST) 800-53 and related documents.</dc:subject>
      </reference>
      <ident system="http://cyber.mil/cci">CCI-001462</ident>
      <fixtext>Navigate to and open:

The nginx.conf (/etc/nginx/nginx.conf by default) file.

Add the following line in the http context:

access_log /var/log/nginx/access.log custom;

At the command line, execute the following command:

# nginx -s reload</fixtext>
      <check system="N/A">
        <check-content>At the command line, execute the following command:

# nginx -T 2&gt;&amp;1 | sed -n "/^http/,/\sserver\s{/p" | grep access_log

Expected result:

access_log /var/log/nginx/access.log custom;

If the output does not match the expected result, this is a finding.</check-content>
      </check>
    </Rule>
  </Group>
  <Group id="VLMN-8X-000010">
    <title>SRG-APP-000118-WSR-000068</title>
    <Rule id="r_VLMN-8X-000010" severity="medium">
      <version>VLMN-8X-000010</version>
      <title>The Nginx web server log files must only be accessible by privileged users.</title>
      <description>&lt;VulnDiscussion&gt;The web server must protect the log data from unauthorized read,
write, copy, etc. This can be done by the web server if the web server is also
doing the logging function. The web server may also use an external log system.
In either case, the logs must be protected from access by non-privileged users.&lt;/VulnDiscussion&gt;&lt;FalsePositives&gt;&lt;/FalsePositives&gt;&lt;FalseNegatives&gt;&lt;/FalseNegatives&gt;&lt;Documentable&gt;false&lt;/Documentable&gt;&lt;Mitigations&gt;&lt;/Mitigations&gt;&lt;SeverityOverrideGuidance&gt;&lt;/SeverityOverrideGuidance&gt;&lt;PotentialImpacts&gt;&lt;/PotentialImpacts&gt;&lt;ThirdPartyTools&gt;&lt;/ThirdPartyTools&gt;&lt;MitigationControl&gt;&lt;/MitigationControl&gt;&lt;Responsibility&gt;&lt;/Responsibility&gt;&lt;IAControls&gt;&lt;/IAControls&gt;</description>
      <reference>
        <dc:publisher>VMware</dc:publisher>
        <dc:subject>This Security Technical Implementation Guide is published as a tool to improve the security of Department of Defense (DoD) information systems. The requirements are derived from the National Institute of Standards and Technology (NIST) 800-53 and related documents.</dc:subject>
      </reference>
      <ident system="http://cyber.mil/cci">CCI-000162</ident>
      <fixtext>At the command line, execute the following command(s):

    #  chown root:root &lt;log file&gt;
    # chmod 640 &lt;log file&gt;

    Replace &lt;log file&gt; with the log files found with incorrect permissions or
ownership.</fixtext>
      <check system="N/A">
        <check-content>At the command line, execute the following command:

    # find /var/log/nginx/* -type f -exec stat -c "%n is owned by %U and group
%G permissions are %a" {} $1\;

    If any file is not owned by root or group is not root or permissions are
more permissive than 0640, this is a finding.</check-content>
      </check>
    </Rule>
  </Group>
  <Group id="VLMN-8X-000011">
    <title>SRG-APP-000131-WSR-000051</title>
    <Rule id="r_VLMN-8X-000011" severity="medium">
      <version>VLMN-8X-000011</version>
      <title>The Nginx web server files must be verified for their integrity.</title>
      <description>&lt;VulnDiscussion&gt;Being able to verify that a patch, upgrade, certificate, etc., being
added to the web server is unchanged from the producer of the file is essential
for file validation and non-repudiation of the information.&lt;/VulnDiscussion&gt;&lt;FalsePositives&gt;&lt;/FalsePositives&gt;&lt;FalseNegatives&gt;&lt;/FalseNegatives&gt;&lt;Documentable&gt;false&lt;/Documentable&gt;&lt;Mitigations&gt;&lt;/Mitigations&gt;&lt;SeverityOverrideGuidance&gt;&lt;/SeverityOverrideGuidance&gt;&lt;PotentialImpacts&gt;&lt;/PotentialImpacts&gt;&lt;ThirdPartyTools&gt;&lt;/ThirdPartyTools&gt;&lt;MitigationControl&gt;&lt;/MitigationControl&gt;&lt;Responsibility&gt;&lt;/Responsibility&gt;&lt;IAControls&gt;&lt;/IAControls&gt;</description>
      <reference>
        <dc:publisher>VMware</dc:publisher>
        <dc:subject>This Security Technical Implementation Guide is published as a tool to improve the security of Department of Defense (DoD) information systems. The requirements are derived from the National Institute of Standards and Technology (NIST) 800-53 and related documents.</dc:subject>
      </reference>
      <ident system="http://cyber.mil/cci">CCI-001749</ident>
      <fixtext>Investigate any returned files and re-install Nginx if
necessary.</fixtext>
      <check system="N/A">
        <check-content>At the command line, execute the following command:

# rpm -V nginx|grep "^..5......"|grep -v "\.conf"

If there is any output this is a finding.</check-content>
      </check>
    </Rule>
  </Group>
  <Group id="VLMN-8X-000012">
    <title>SRG-APP-000141-WSR-000075</title>
    <Rule id="r_VLMN-8X-000012" severity="medium">
      <version>VLMN-8X-000012</version>
      <title>The Nginx web server must not load unnecessary modules.</title>
      <description>&lt;VulnDiscussion&gt;A web server can provide many features, services, and processes. Some
of these may be deemed unnecessary or too unsecure to run on a production DoD
system.

    The web server must provide the capability to disable, uninstall, or
deactivate functionality and services that are deemed to be non-essential to
the web server mission or can adversely impact server performance.&lt;/VulnDiscussion&gt;&lt;FalsePositives&gt;&lt;/FalsePositives&gt;&lt;FalseNegatives&gt;&lt;/FalseNegatives&gt;&lt;Documentable&gt;false&lt;/Documentable&gt;&lt;Mitigations&gt;&lt;/Mitigations&gt;&lt;SeverityOverrideGuidance&gt;&lt;/SeverityOverrideGuidance&gt;&lt;PotentialImpacts&gt;&lt;/PotentialImpacts&gt;&lt;ThirdPartyTools&gt;&lt;/ThirdPartyTools&gt;&lt;MitigationControl&gt;&lt;/MitigationControl&gt;&lt;Responsibility&gt;&lt;/Responsibility&gt;&lt;IAControls&gt;&lt;/IAControls&gt;</description>
      <reference>
        <dc:publisher>VMware</dc:publisher>
        <dc:subject>This Security Technical Implementation Guide is published as a tool to improve the security of Department of Defense (DoD) information systems. The requirements are derived from the National Institute of Standards and Technology (NIST) 800-53 and related documents.</dc:subject>
      </reference>
      <ident system="http://cyber.mil/cci">CCI-000381</ident>
      <fixtext>Navigate to and open:

    The nginx.conf (/etc/nginx/nginx.conf by default) file.

    Find the line(s) returned in the check and comment them by adding a "#"
at the beginning of the line. Example:

    # load_module /tmp/malicious_module.so

    Save and close the file.

    At the command line, execute the following command:

    # nginx -s reload</fixtext>
      <check system="N/A">
        <check-content>At the command prompt, execute the following command:

# nginx -T 2&gt;&amp;1 | grep load_module

If the command produces any output, this is a finding.</check-content>
      </check>
    </Rule>
  </Group>
  <Group id="VLMN-8X-000013">
    <title>SRG-APP-000141-WSR-000081</title>
    <Rule id="r_VLMN-8X-000013" severity="medium">
      <version>VLMN-8X-000013</version>
      <title>The Nginx web server must disable MIME types that invoke OS shell programs.</title>
      <description>&lt;VulnDiscussion&gt;Controlling what a user of a hosted application can access is part of
the security posture of the web server. Any time a user can access more
functionality than is needed for the operation of the hosted application poses
a security issue. A user with too much access can view information that is not
needed for the user's job role, or the user could use the function in an
unintentional manner.

    A MIME tells the web server what type of program various file types and
extensions are and what external utilities or programs are needed to execute
the file type.

    A shell is a program that serves as the basic interface between the user
and the operating system, so hosted application users must not have access to
these programs. Shell programs may execute shell escapes and can then perform
unauthorized activities that could damage the security posture of the web
server.&lt;/VulnDiscussion&gt;&lt;FalsePositives&gt;&lt;/FalsePositives&gt;&lt;FalseNegatives&gt;&lt;/FalseNegatives&gt;&lt;Documentable&gt;false&lt;/Documentable&gt;&lt;Mitigations&gt;&lt;/Mitigations&gt;&lt;SeverityOverrideGuidance&gt;&lt;/SeverityOverrideGuidance&gt;&lt;PotentialImpacts&gt;&lt;/PotentialImpacts&gt;&lt;ThirdPartyTools&gt;&lt;/ThirdPartyTools&gt;&lt;MitigationControl&gt;&lt;/MitigationControl&gt;&lt;Responsibility&gt;&lt;/Responsibility&gt;&lt;IAControls&gt;&lt;/IAControls&gt;</description>
      <reference>
        <dc:publisher>VMware</dc:publisher>
        <dc:subject>This Security Technical Implementation Guide is published as a tool to improve the security of Department of Defense (DoD) information systems. The requirements are derived from the National Institute of Standards and Technology (NIST) 800-53 and related documents.</dc:subject>
      </reference>
      <ident system="http://cyber.mil/cci">CCI-000381</ident>
      <fixtext>Navigate to and open:

The nginx.conf (/etc/nginx/nginx.conf by default) file.

Note: Look for includes too such as "include /etc/nginx/mime.types"

Remove the offending mime types for example:

application/x-sh        sh;

At the command line, execute the following command:

# nginx -s reload</fixtext>
      <check system="N/A">
        <check-content>At the command line, execute the following command:

# nginx -T 2&gt;&amp;1 | grep -En '(x-csh )|(x-sh )|(x-shar )|(x-ksh )'

If the command produces any output, this is a finding.</check-content>
      </check>
    </Rule>
  </Group>
  <Group id="VLMN-8X-000015">
    <title>SRG-APP-000176-WSR-000096</title>
    <Rule id="r_VLMN-8X-000015" severity="medium">
      <version>VLMN-8X-000015</version>
      <title>The Nginx web server must only allow authenticated system administrators access to certificate key files.</title>
      <description>&lt;VulnDiscussion&gt;The web server's private key is used to prove the identity of the
server to clients and securely exchange the shared secret key used to encrypt
communications between the web server and clients.

    By gaining access to the private key, an attacker can pretend to be an
authorized server and decrypt the SSL traffic between a client and the web
server.&lt;/VulnDiscussion&gt;&lt;FalsePositives&gt;&lt;/FalsePositives&gt;&lt;FalseNegatives&gt;&lt;/FalseNegatives&gt;&lt;Documentable&gt;false&lt;/Documentable&gt;&lt;Mitigations&gt;&lt;/Mitigations&gt;&lt;SeverityOverrideGuidance&gt;&lt;/SeverityOverrideGuidance&gt;&lt;PotentialImpacts&gt;&lt;/PotentialImpacts&gt;&lt;ThirdPartyTools&gt;&lt;/ThirdPartyTools&gt;&lt;MitigationControl&gt;&lt;/MitigationControl&gt;&lt;Responsibility&gt;&lt;/Responsibility&gt;&lt;IAControls&gt;&lt;/IAControls&gt;</description>
      <reference>
        <dc:publisher>VMware</dc:publisher>
        <dc:subject>This Security Technical Implementation Guide is published as a tool to improve the security of Department of Defense (DoD) information systems. The requirements are derived from the National Institute of Standards and Technology (NIST) 800-53 and related documents.</dc:subject>
      </reference>
      <ident system="http://cyber.mil/cci">CCI-000186</ident>
      <fixtext>At the command line, execute the following command(s):

    #  chown root:root &lt;key file&gt;
    # chmod 640 &lt;key file&gt;

    Replace &lt;key file&gt; with the key files found with incorrect permissions or
ownership.</fixtext>
      <check system="N/A">
        <check-content>At the command line, execute the following command:

    # nginx -T 2&gt;&amp;1 | grep 'ssl_certificate_key'

    For each key returned, execute the following command:

    # stat -c "%n is owned by %U and group %G permissions are %a" &lt;path to
key file&gt;;

    If any key file is not owned by root or group root or permissions are more
permissive than 640, this is a finding.</check-content>
      </check>
    </Rule>
  </Group>
  <Group id="VLMN-8X-000016">
    <title>SRG-APP-000246-WSR-000149</title>
    <Rule id="r_VLMN-8X-000016" severity="medium">
      <version>VLMN-8X-000016</version>
      <title>The Nginx web server must restrict the ability of users to launch Denial of Service (DoS) attacks.</title>
      <description>&lt;VulnDiscussion&gt;A web server can limit the ability of the web server being used in a
DoS attack through several methods. The methods employed will depend upon the
hosted applications and their resource needs for proper operation.&lt;/VulnDiscussion&gt;&lt;FalsePositives&gt;&lt;/FalsePositives&gt;&lt;FalseNegatives&gt;&lt;/FalseNegatives&gt;&lt;Documentable&gt;false&lt;/Documentable&gt;&lt;Mitigations&gt;&lt;/Mitigations&gt;&lt;SeverityOverrideGuidance&gt;&lt;/SeverityOverrideGuidance&gt;&lt;PotentialImpacts&gt;&lt;/PotentialImpacts&gt;&lt;ThirdPartyTools&gt;&lt;/ThirdPartyTools&gt;&lt;MitigationControl&gt;&lt;/MitigationControl&gt;&lt;Responsibility&gt;&lt;/Responsibility&gt;&lt;IAControls&gt;&lt;/IAControls&gt;</description>
      <reference>
        <dc:publisher>VMware</dc:publisher>
        <dc:subject>This Security Technical Implementation Guide is published as a tool to improve the security of Department of Defense (DoD) information systems. The requirements are derived from the National Institute of Standards and Technology (NIST) 800-53 and related documents.</dc:subject>
      </reference>
      <ident system="http://cyber.mil/cci">CCI-001094</ident>
      <fixtext>Navigate to and open:

The nginx.conf (/etc/nginx/nginx.conf by default) file.

Add the following or similar line in the http context:

limit_req_zone $binary_remote_addr zone=req_per_ip:10m rate=10r/s;
limit_req zone=req_per_ip burst=100;

At the command line, execute the following command:

# nginx -s reload</fixtext>
      <check system="N/A">
        <check-content>Verify a shared memory zone has been established in the http context to
track requests per IP.

    At the command line, execute the following command:

    # nginx -T 2&gt;&amp;1 | cat nginx.conf | grep limit_req_zone --color=always |
grep "\$binary_remote_addr"

    Expected result:

    limit_req_zone $binary_remote_addr zone=req_per_ip:10m rate=10r/s;

    If the limit_req_zone option is not configured in the http context to limit
requests per IP, this is a finding.

    Verify the http context also has a limit_req statement.

    At the command line, execute the following command:

    # nginx -T 2&gt;&amp;1 | sed -n "/^http/,/\sserver\s{/p" | grep "limit_req
req_per_ip"

    Expected result:

    limit_req zone=req_per_ip burst=100;

    If the limit_req option is not configured in the http context to limit
requests per IP, this is a finding.

    Note: Per server or location limit_req directives are acceptable to modify
limits based on application needs as long as they are not disabled.</check-content>
      </check>
    </Rule>
  </Group>
  <Group id="VLMN-8X-000017">
    <title>SRG-APP-000266-WSR-000159</title>
    <Rule id="r_VLMN-8X-000017" severity="medium">
      <version>VLMN-8X-000017</version>
      <title>The Nginx web server must not display server information in error messages.</title>
      <description>&lt;VulnDiscussion&gt;Web servers will often display error messages to client users
displaying enough information to aid in the debugging of the error. The
information given back in error messages may display the web server type,
version, patches installed, plug-ins and modules installed, type of code being
used by the hosted application, and any backends being used for data storage.

    This information could be used by an attacker to blueprint what type of
attacks might be successful. The information given to users must be minimized
to not aid in the blueprinting of the web server.&lt;/VulnDiscussion&gt;&lt;FalsePositives&gt;&lt;/FalsePositives&gt;&lt;FalseNegatives&gt;&lt;/FalseNegatives&gt;&lt;Documentable&gt;false&lt;/Documentable&gt;&lt;Mitigations&gt;&lt;/Mitigations&gt;&lt;SeverityOverrideGuidance&gt;&lt;/SeverityOverrideGuidance&gt;&lt;PotentialImpacts&gt;&lt;/PotentialImpacts&gt;&lt;ThirdPartyTools&gt;&lt;/ThirdPartyTools&gt;&lt;MitigationControl&gt;&lt;/MitigationControl&gt;&lt;Responsibility&gt;&lt;/Responsibility&gt;&lt;IAControls&gt;&lt;/IAControls&gt;</description>
      <reference>
        <dc:publisher>VMware</dc:publisher>
        <dc:subject>This Security Technical Implementation Guide is published as a tool to improve the security of Department of Defense (DoD) information systems. The requirements are derived from the National Institute of Standards and Technology (NIST) 800-53 and related documents.</dc:subject>
      </reference>
      <ident system="http://cyber.mil/cci">CCI-001312</ident>
      <fixtext>Navigate to and open:

    The nginx.conf (/etc/nginx/nginx.conf by default) file.

    Add the following line in the http context:

    server_tokens off;

    And/or remove any server/location context "server_tokens on;" options
specified.

    At the command line, execute the following command:

    # nginx -s reload</fixtext>
      <check system="N/A">
        <check-content>At the command line, execute the following command to check the http
context:

    # nginx -T 2&gt;&amp;1 | sed -n "/^http/,/\sserver\s{/p" | grep server_tokens

    Expected result:

    server_tokens off;

    At the command line, execute the following command to check the server and
location contexts:

    # nginx -T 2&gt;&amp;1 | sed -n -e '/\sserver\s{/,$p' | grep server_tokens

    Expected result:

    No output or "server_tokens off;"

    If the server tokens option is not configured in the http context to off,
this is a finding.

    If the server tokens option specified in the server or location contexts
and set to on, this is a finding.</check-content>
      </check>
    </Rule>
  </Group>
  <Group id="VLMN-8X-000018">
    <title>SRG-APP-000295-WSR-000134</title>
    <Rule id="r_VLMN-8X-000018" severity="medium">
      <version>VLMN-8X-000018</version>
      <title>The Nginx web server must set an inactive timeout for proxied sessions.</title>
      <description>&lt;VulnDiscussion&gt;Leaving sessions open indefinitely is a major security risk. An
attacker can easily use an already authenticated session to access the hosted
application as the previously authenticated user. By closing sessions after a
set period of inactivity, the web server can make certain that those sessions
that are not closed through the user logging out of an application are
eventually closed.&lt;/VulnDiscussion&gt;&lt;FalsePositives&gt;&lt;/FalsePositives&gt;&lt;FalseNegatives&gt;&lt;/FalseNegatives&gt;&lt;Documentable&gt;false&lt;/Documentable&gt;&lt;Mitigations&gt;&lt;/Mitigations&gt;&lt;SeverityOverrideGuidance&gt;&lt;/SeverityOverrideGuidance&gt;&lt;PotentialImpacts&gt;&lt;/PotentialImpacts&gt;&lt;ThirdPartyTools&gt;&lt;/ThirdPartyTools&gt;&lt;MitigationControl&gt;&lt;/MitigationControl&gt;&lt;Responsibility&gt;&lt;/Responsibility&gt;&lt;IAControls&gt;&lt;/IAControls&gt;</description>
      <reference>
        <dc:publisher>VMware</dc:publisher>
        <dc:subject>This Security Technical Implementation Guide is published as a tool to improve the security of Department of Defense (DoD) information systems. The requirements are derived from the National Institute of Standards and Technology (NIST) 800-53 and related documents.</dc:subject>
      </reference>
      <ident system="http://cyber.mil/cci">CCI-002361</ident>
      <fixtext>Navigate to and open:

The nginx.conf (/etc/nginx/nginx.conf by default) file.

Add the following line(s) in the http context:

proxy_send_timeout 600;
proxy_read_timeout 600;

At the command line, execute the following command:

# nginx -s reload</fixtext>
      <check system="N/A">
        <check-content>At the command line, execute the following command:

    # nginx -T 2&gt;&amp;1 | sed -n "/^http/,/\sserver\s{/p" | grep -E
'(proxy_send_timeout)|(proxy_read_timeout)'

    Expected result:

    proxy_send_timeout 600;
    proxy_read_timeout 600;

    If the read and send timeout options are not configured in the http
context, this is a finding.</check-content>
      </check>
    </Rule>
  </Group>
  <Group id="VLMN-8X-000019">
    <title>SRG-APP-000380-WSR-000072</title>
    <Rule id="r_VLMN-8X-000019" severity="medium">
      <version>VLMN-8X-000019</version>
      <title>The Nginx web server configuration files must only be accessible to privileged users.</title>
      <description>&lt;VulnDiscussion&gt;A web server can be modified through parameter modification, patch
installation, upgrades to the web server or modules, and security parameter
changes. With each of these changes, there is the potential for an adverse
effect such as a DoS, web server instability, or hosted application instability.

    To limit changes to the web server and limit exposure to any adverse
effects from the changes, files such as the web server application files,
libraries, and configuration files must have permissions and ownership set
properly to only allow privileged users access.&lt;/VulnDiscussion&gt;&lt;FalsePositives&gt;&lt;/FalsePositives&gt;&lt;FalseNegatives&gt;&lt;/FalseNegatives&gt;&lt;Documentable&gt;false&lt;/Documentable&gt;&lt;Mitigations&gt;&lt;/Mitigations&gt;&lt;SeverityOverrideGuidance&gt;&lt;/SeverityOverrideGuidance&gt;&lt;PotentialImpacts&gt;&lt;/PotentialImpacts&gt;&lt;ThirdPartyTools&gt;&lt;/ThirdPartyTools&gt;&lt;MitigationControl&gt;&lt;/MitigationControl&gt;&lt;Responsibility&gt;&lt;/Responsibility&gt;&lt;IAControls&gt;&lt;/IAControls&gt;</description>
      <reference>
        <dc:publisher>VMware</dc:publisher>
        <dc:subject>This Security Technical Implementation Guide is published as a tool to improve the security of Department of Defense (DoD) information systems. The requirements are derived from the National Institute of Standards and Technology (NIST) 800-53 and related documents.</dc:subject>
      </reference>
      <ident system="http://cyber.mil/cci">CCI-001813</ident>
      <fixtext>At the command prompt, execute the following command(s):

# chmod o-w &lt;file&gt;
# chown root:root &lt;file&gt;

Repeat the command for each file that was returned.</fixtext>
      <check system="N/A">
        <check-content>At the command prompt, execute the following command:

    # find /etc/nginx -xdev -type f -a '(' -perm -o+w -o -not -user root -o
-not -group root ')' -exec ls -ld {} \;

    If the command produces any output, this is a finding.</check-content>
      </check>
    </Rule>
  </Group>
  <Group id="VLMN-8X-000020">
    <title>SRG-APP-000435-WSR-000147</title>
    <Rule id="r_VLMN-8X-000020" severity="medium">
      <version>VLMN-8X-000020</version>
      <title>The Nginx web server must be protected from being stopped by a non-privileged user.</title>
      <description>&lt;VulnDiscussion&gt;An attacker has at least two reasons to stop a web server. The first
is to cause a DoS, and the second is to put in place changes the attacker made
to the web server configuration.

    To prohibit an attacker from stopping the web server, the process ID (pid)
of the web server and the utilities used to start/stop the web server must be
protected from access by non-privileged users. By knowing the pid and having
access to the web server utilities, a non-privileged user has a greater
capability of stopping the server, whether intentionally or unintentionally.&lt;/VulnDiscussion&gt;&lt;FalsePositives&gt;&lt;/FalsePositives&gt;&lt;FalseNegatives&gt;&lt;/FalseNegatives&gt;&lt;Documentable&gt;false&lt;/Documentable&gt;&lt;Mitigations&gt;&lt;/Mitigations&gt;&lt;SeverityOverrideGuidance&gt;&lt;/SeverityOverrideGuidance&gt;&lt;PotentialImpacts&gt;&lt;/PotentialImpacts&gt;&lt;ThirdPartyTools&gt;&lt;/ThirdPartyTools&gt;&lt;MitigationControl&gt;&lt;/MitigationControl&gt;&lt;Responsibility&gt;&lt;/Responsibility&gt;&lt;IAControls&gt;&lt;/IAControls&gt;</description>
      <reference>
        <dc:publisher>VMware</dc:publisher>
        <dc:subject>This Security Technical Implementation Guide is published as a tool to improve the security of Department of Defense (DoD) information systems. The requirements are derived from the National Institute of Standards and Technology (NIST) 800-53 and related documents.</dc:subject>
      </reference>
      <ident system="http://cyber.mil/cci">CCI-002385</ident>
      <fixtext>At the command line, execute the following command(s):

#  chown root:root /var/run/nginx.pid
# chmod 644 /var/run/nginx.pid</fixtext>
      <check system="N/A">
        <check-content>At the command line, execute the following command:

    # stat -c "%n is owned by %U and group %G permissions are %a"
/var/run/nginx.pid

    If the Nginx pid file is not owned by root or group root or permissions are
more permissive than 644, this is a finding.</check-content>
      </check>
    </Rule>
  </Group>
  <Group id="VLMN-8X-000021">
    <title>SRG-APP-000516-WSR-000174</title>
    <Rule id="r_VLMN-8X-000021" severity="medium">
      <version>VLMN-8X-000021</version>
      <title>The Nginx web server must prevent rendering inside a frame or iframe on another site.</title>
      <description>&lt;VulnDiscussion&gt;Clickjacking, also known as a UI redress attack, is when an
attacker uses multiple transparent or opaque layers to trick a user into
clicking on a button or link on another page when they were intending to click
on the top level page. Thus, the attacker is hijacking clicks meant for
their page and routing them to another page, most likely owned by another
application, domain, or both.

    Using a similar technique, keystrokes can also be hijacked. With a
carefully crafted combination of stylesheets, iframes, and text boxes, a user
can be led to believe they are typing in the password to their email or bank
account, but are instead typing into an invisible frame controlled by the
attacker.&lt;/VulnDiscussion&gt;&lt;FalsePositives&gt;&lt;/FalsePositives&gt;&lt;FalseNegatives&gt;&lt;/FalseNegatives&gt;&lt;Documentable&gt;false&lt;/Documentable&gt;&lt;Mitigations&gt;&lt;/Mitigations&gt;&lt;SeverityOverrideGuidance&gt;&lt;/SeverityOverrideGuidance&gt;&lt;PotentialImpacts&gt;&lt;/PotentialImpacts&gt;&lt;ThirdPartyTools&gt;&lt;/ThirdPartyTools&gt;&lt;MitigationControl&gt;&lt;/MitigationControl&gt;&lt;Responsibility&gt;&lt;/Responsibility&gt;&lt;IAControls&gt;&lt;/IAControls&gt;</description>
      <reference>
        <dc:publisher>VMware</dc:publisher>
        <dc:subject>This Security Technical Implementation Guide is published as a tool to improve the security of Department of Defense (DoD) information systems. The requirements are derived from the National Institute of Standards and Technology (NIST) 800-53 and related documents.</dc:subject>
      </reference>
      <ident system="http://cyber.mil/cci">CCI-000366</ident>
      <fixtext>Navigate to and open:

    The nginx.conf (/etc/nginx/nginx.conf by default) file.

    Add the following line in the server context for each server defined in
Nginx.

    add_header X-Frame-Options "SAMEORIGIN";

    At the command line, execute the following command:

    # nginx -s reload</fixtext>
      <check system="N/A">
        <check-content>At the command line, execute the following command:

    # nginx -T 2&gt;&amp;1 | sed -n "/\sserver/,/.*location\s{/p" | grep
"add_header X-Frame-Options"

    add_header X-Frame-Options "SAMEORIGIN";

    There should be one result for each server defined in Nginx.

    If the output does not match the expected result, this is a finding.</check-content>
      </check>
    </Rule>
  </Group>
  <Group id="VLMN-8X-000022">
    <title>SRG-APP-000516-WSR-000174</title>
    <Rule id="r_VLMN-8X-000022" severity="medium">
      <version>VLMN-8X-000022</version>
      <title>The Nginx web server must protect against MIME sniffing.</title>
      <description>&lt;VulnDiscussion&gt;MIME sniffing was, and still is, a technique used by some web browsers
to examine the content of a particular asset. This is done for the purpose of
determining an asset's file format. This technique is useful in the event that
there is not enough metadata information present for a particular asset, thus
leaving the possibility that the browser interprets the asset incorrectly.

    Although MIME sniffing can be useful to determine an asset's correct file
format, it can also cause a security vulnerability. This vulnerability can be
quite dangerous both for site owners as well as site visitors. This is because
an attacker can leverage MIME sniffing to send an XSS (Cross Site Scripting)
attack.&lt;/VulnDiscussion&gt;&lt;FalsePositives&gt;&lt;/FalsePositives&gt;&lt;FalseNegatives&gt;&lt;/FalseNegatives&gt;&lt;Documentable&gt;false&lt;/Documentable&gt;&lt;Mitigations&gt;&lt;/Mitigations&gt;&lt;SeverityOverrideGuidance&gt;&lt;/SeverityOverrideGuidance&gt;&lt;PotentialImpacts&gt;&lt;/PotentialImpacts&gt;&lt;ThirdPartyTools&gt;&lt;/ThirdPartyTools&gt;&lt;MitigationControl&gt;&lt;/MitigationControl&gt;&lt;Responsibility&gt;&lt;/Responsibility&gt;&lt;IAControls&gt;&lt;/IAControls&gt;</description>
      <reference>
        <dc:publisher>VMware</dc:publisher>
        <dc:subject>This Security Technical Implementation Guide is published as a tool to improve the security of Department of Defense (DoD) information systems. The requirements are derived from the National Institute of Standards and Technology (NIST) 800-53 and related documents.</dc:subject>
      </reference>
      <ident system="http://cyber.mil/cci">CCI-000366</ident>
      <fixtext>Navigate to and open:

    The nginx.conf (/etc/nginx/nginx.conf by default) file.

    Add the following line in the server context for each server defined in
Nginx:

    add_header X-Content-Type-Options nosniff;

    At the command line, execute the following command:

    # nginx -s reload</fixtext>
      <check system="N/A">
        <check-content>At the command line, execute the following command:

    # nginx -T 2&gt;&amp;1 | sed -n "/\sserver/,/.*location\s{/p" | grep
"add_header X-Content-Type-Options"

    add_header X-Content-Type-Options nosniff;

    There should be one result for each server defined in Nginx.

    If the output does not match the expected result or include nosniff, this
is a finding.</check-content>
      </check>
    </Rule>
  </Group>
  <Group id="VLMN-8X-000023">
    <title>SRG-APP-000516-WSR-000174</title>
    <Rule id="r_VLMN-8X-000023" severity="medium">
      <version>VLMN-8X-000023</version>
      <title>The Nginx web server must disable server side includes.</title>
      <description>&lt;VulnDiscussion&gt;Disabling server side includes prevents the exploitation of the web
server by preventing the potentional injection of scripts and remote code
execution through the SSI functionality.&lt;/VulnDiscussion&gt;&lt;FalsePositives&gt;&lt;/FalsePositives&gt;&lt;FalseNegatives&gt;&lt;/FalseNegatives&gt;&lt;Documentable&gt;false&lt;/Documentable&gt;&lt;Mitigations&gt;&lt;/Mitigations&gt;&lt;SeverityOverrideGuidance&gt;&lt;/SeverityOverrideGuidance&gt;&lt;PotentialImpacts&gt;&lt;/PotentialImpacts&gt;&lt;ThirdPartyTools&gt;&lt;/ThirdPartyTools&gt;&lt;MitigationControl&gt;&lt;/MitigationControl&gt;&lt;Responsibility&gt;&lt;/Responsibility&gt;&lt;IAControls&gt;&lt;/IAControls&gt;</description>
      <reference>
        <dc:publisher>VMware</dc:publisher>
        <dc:subject>This Security Technical Implementation Guide is published as a tool to improve the security of Department of Defense (DoD) information systems. The requirements are derived from the National Institute of Standards and Technology (NIST) 800-53 and related documents.</dc:subject>
      </reference>
      <ident system="http://cyber.mil/cci">CCI-000366</ident>
      <fixtext>Navigate to and open:

The nginx.conf (/etc/nginx/nginx.conf by default) file.

Add the following line in the http context:

ssi off;

At the command line, execute the following command:

# nginx -s reload</fixtext>
      <check system="N/A">
        <check-content>At the command line, execute the following command:

# nginx -T 2&gt;&amp;1 | sed -n "/^http/,/\sserver\s{/p" | grep "ssi "

Expected result:

ssi off;

If the output does not match the expected result, this is a finding.</check-content>
      </check>
    </Rule>
  </Group>
</Benchmark>
