<?xml version="1.0" encoding="UTF-8"?><?xml-stylesheet type="text/xsl" href="STIG_unclass.xsl"?>
<Benchmark xmlns:dc="http://purl.org/dc/elements/1.1/" xmlns:xsi="http://www.w3.org/2001/XMLSchema-instance" xmlns:cpe="http://cpe.mitre.org/language/2.0" xmlns:xhtml="http://www.w3.org/1999/xhtml" xmlns:dsig="http://www.w3.org/2000/09/xmldsig#" xsi:schemaLocation="http://checklists.nist.gov/xccdf/1.1 http://nvd.nist.gov/schema/xccdf-1.1.4.xsdhttp://cpe.mitre.org/dictionary/2.0 http://cpe.mitre.org/files/cpe-dictionary_2.1.xsd" id="VMware Aria Operations 8.x vPostgres" xml:lang="en" xmlns="http://checklists.nist.gov/xccdf/1.1">
  <status date="2024-08-02">draft</status>
  <title>VMware Aria Operations 8.x vPostgres STIG Readiness Guide</title>
  <description/>
  <notice id="terms-of-use" xml:lang="en"/>
  <front-matter xml:lang="en"/>
  <rear-matter xml:lang="en"/>
  <reference href="">
    <dc:publisher/>
    <dc:source/>
  </reference>
  <plain-text id="release-info">Release: 4 Benchmark Date: 24 July 2024</plain-text>
  <plain-text id="generator">3.2.2.36079</plain-text>
  <plain-text id="conventionsVersion">1.10.0</plain-text>
  <version>1</version>
  <Group id="V-VRPP-8X-000010">
    <title>SRG-APP-000095-DB-000039</title>
    <Rule id="SV-VRPP-8X-000010" severity="medium" weight="10.0">
      <version>VRPP-8X-000010</version>
      <title>VMware Aria Operations vPostgres must produce logs containing sufficient information to establish what type of events occurred.</title>
      <description>&lt;VulnDiscussion&gt;Information system auditing capability is critical for accurate forensic analysis. Without establishing what type of event occurred, it would be difficult to establish, correlate, and investigate the events relating to an incident or identify those responsible for one. 

Audit record content that may be necessary to satisfy the requirement of this policy includes, for example, time stamps, user/process identifiers, event descriptions, success/fail indications, filenames involved, and access control or flow control rules invoked.

Associating event types with detected events in the application and audit logs provides a means of investigating an attack; recognizing resource utilization or capacity thresholds; or identifying an improperly configured application. 

Database software is capable of a range of actions on data stored within the database. It is important, for accurate forensic analysis, to know exactly what actions were performed. This requires specific information regarding the event type an audit record is referring to. If event type information is not recorded and stored with the audit record, the record itself is of very limited use.

Satisfies: SRG-APP-000099-DB-000043, SRG-APP-000101-DB-000044, SRG-APP-000096-DB-000040, SRG-APP-000097-DB-000041, SRG-APP-000098-DB-000042, SRG-APP-000100-DB-000201, SRG-APP-000375-DB-000323&lt;/VulnDiscussion&gt;&lt;FalsePositives&gt;&lt;/FalsePositives&gt;&lt;FalseNegatives&gt;&lt;/FalseNegatives&gt;&lt;Documentable&gt;false&lt;/Documentable&gt;&lt;Mitigations&gt;&lt;/Mitigations&gt;&lt;SecurityOverrideGuidance&gt;&lt;/SecurityOverrideGuidance&gt;&lt;PotentialImpacts&gt;&lt;/PotentialImpacts&gt;&lt;ThirdPartyTools&gt;&lt;/ThirdPartyTools&gt;&lt;MitigationControl&gt;&lt;/MitigationControl&gt;&lt;Responsibility&gt;&lt;/Responsibility&gt;&lt;IAControls&gt;&lt;/IAControls&gt;</description>
      <ident system="http://cyber.mil/cci">CCI-000130</ident>
      <fixtext fixref="F-VRPP-8X-000010_fix">As a database administrator, run the following at the command prompt:

# su - postgres -c "/opt/vmware/vpostgres/current/bin/psql -p 5433 -c \"ALTER SYSTEM SET log_line_prefix = '%m %c %x %d %u %r %p %l';\""

Reload the vPostgres service by running the following command:

# systemctl restart vpostgres-repl.service</fixtext>
      <check system="N/A">
        <check-content>As a database administrator, run the following at the command prompt:

# su - postgres -c "/opt/vmware/vpostgres/current/bin/psql -p 5433 -A -t -c \"SHOW log_line_prefix;\""

Expected result:

%m %c %x %d %u %r %p %l

If the output does not include each option in the expected result, this is a finding.</check-content>
      </check>
    </Rule>
  </Group>
  <Group id="V-VRPP-8X-000001">
    <title>SRG-APP-000001-DB-000031</title>
    <Rule id="SV-VRPP-8X-000001" severity="medium" weight="10.0">
      <version>VRPP-8X-000001</version>
      <title>VMware Aria Operations vPostgres must limit the number of concurrent sessions.</title>
      <description>&lt;VulnDiscussion&gt;Database management includes the ability to control the number of users and user sessions utilizing it. Unlimited concurrent connections to vPostgres could allow a successful Denial of Service (DoS) attack by exhausting connection resources; and a system can also fail or be degraded by an overload of legitimate users. Limiting the number of concurrent sessions per user is helpful in reducing these risks.

This requirement addresses concurrent session control for a single account. It does not address concurrent sessions by a single user via multiple system accounts; and it does not deal with the total number of sessions across all accounts.

(Sessions may also be referred to as connections or logons, which for the purposes of this requirement are synonyms.)&lt;/VulnDiscussion&gt;&lt;FalsePositives&gt;&lt;/FalsePositives&gt;&lt;FalseNegatives&gt;&lt;/FalseNegatives&gt;&lt;Documentable&gt;false&lt;/Documentable&gt;&lt;Mitigations&gt;&lt;/Mitigations&gt;&lt;SecurityOverrideGuidance&gt;&lt;/SecurityOverrideGuidance&gt;&lt;PotentialImpacts&gt;&lt;/PotentialImpacts&gt;&lt;ThirdPartyTools&gt;&lt;/ThirdPartyTools&gt;&lt;MitigationControl&gt;&lt;/MitigationControl&gt;&lt;Responsibility&gt;&lt;/Responsibility&gt;&lt;IAControls&gt;&lt;/IAControls&gt;</description>
      <ident system="http://cyber.mil/cci">CCI-000054</ident>
      <fixtext fixref="F-VRPP-8X-000001_fix">As a database administrator, perform the following at the command prompt:

# su - postgres -c "/opt/vmware/vpostgres/current/bin/psql -p 5433 -c \"ALTER SYSTEM SET max_connections TO 200;\""

Reload the vPostgres service by running the following command:

# systemctl restart vpostgres-repl.service</fixtext>
      <check system="N/A">
        <check-content>As a database administrator, run the following at the command prompt:

# su - postgres -c "/opt/vmware/vpostgres/current/bin/psql -p 5433 -A -t -c \"SHOW max_connections;\""

Example result:

200

If "max_connections" is set to -1 or more connections are configured than documented, this is a finding.</check-content>
      </check>
    </Rule>
  </Group>
  <Group id="V-VRPP-8X-000041">
    <title>SRG-APP-000176-DB-000068</title>
    <Rule id="SV-VRPP-8X-000041" severity="high" weight="10.0">
      <version>VRPP-8X-000041</version>
      <title>VMware Aria Operations vPostgres must enforce authorized access to all PKI private keys stored/utilized by vPostgres.</title>
      <description>&lt;VulnDiscussion&gt;The DoD standard for authentication is DoD-approved PKI certificates. PKI certificate-based authentication is performed by requiring the certificate holder to cryptographically prove possession of the corresponding private key.

If the private key is stolen, an attacker can use the private key(s) to impersonate the certificate holder.  In cases where the database-stored private keys are used to authenticate vPostgres to clients, loss of the corresponding private keys would allow an attacker to successfully perform undetected man in the middle attacks against the system and its clients.

Both the holder of a digital certificate and the issuing authority must take careful measures to protect the corresponding private key. Private keys should always be generated and protected in FIPS 140-2 validated cryptographic modules.

All access to the private key(s) of the database must be restricted to authorized and authenticated users. If unauthorized users have access to one or more of the private keys, an attacker could gain access to the key(s) and use them to impersonate the database on the network or otherwise perform unauthorized actions.&lt;/VulnDiscussion&gt;&lt;FalsePositives&gt;&lt;/FalsePositives&gt;&lt;FalseNegatives&gt;&lt;/FalseNegatives&gt;&lt;Documentable&gt;false&lt;/Documentable&gt;&lt;Mitigations&gt;&lt;/Mitigations&gt;&lt;SecurityOverrideGuidance&gt;&lt;/SecurityOverrideGuidance&gt;&lt;PotentialImpacts&gt;&lt;/PotentialImpacts&gt;&lt;ThirdPartyTools&gt;&lt;/ThirdPartyTools&gt;&lt;MitigationControl&gt;&lt;/MitigationControl&gt;&lt;Responsibility&gt;&lt;/Responsibility&gt;&lt;IAControls&gt;&lt;/IAControls&gt;</description>
      <ident system="http://cyber.mil/cci">CCI-000186</ident>
      <fixtext fixref="F-VRPP-8X-000041_fix">At the command prompt, enter the following command(s):

# chmod 400 &lt;file&gt;
# chown postgres:users &lt;file&gt;

Note: Replace &lt;file&gt; with the file with incorrect permissions.</fixtext>
      <check system="N/A">
        <check-content>For vPostgres installations that are not accessible over the network and do not have SSL turned on, this control is Not Applicable.

As a database administrator, perform the following at the command prompt to find the current location of the private key users for SSL connections:

# su - postgres -c "/opt/vmware/vpostgres/current/bin/psql -p 5433 -A -t -c \"SHOW ssl_key_file;\""
$ stat -c "%n is owned by %U:%G with permissions of %a" &lt;ssl_key_file path&gt;

Example output:

/var/vmware/vpostgres/current/vpostgres_key.pem is owned by postgres:users with permissions of 400

If the SSL key file is not owned by the user postgres and group users, this is a finding.

If the SSL key file has permissions more permissive than 0400, this is a finding.</check-content>
      </check>
    </Rule>
  </Group>
  <Group id="V-VRPP-8X-000006">
    <title>SRG-APP-000090-DB-000065</title>
    <Rule id="SV-VRPP-8X-000006" severity="medium" weight="10.0">
      <version>VRPP-8X-000006</version>
      <title>VMware Aria Operations vPostgres configuration files must not be accessible by unauthorized users.</title>
      <description>&lt;VulnDiscussion&gt;Without the capability to restrict which roles and individuals can select which events are audited, unauthorized personnel may be able to prevent or interfere with the auditing of critical events.

Suppression of auditing could permit an adversary to evade detection.

Misconfigured audits can degrade the system's performance by overwhelming the audit log. Misconfigured audits may also make it more difficult to establish, correlate, and investigate the events relating to an incident or identify those responsible for one.

Satisfies: SRG-APP-000123-DB-000204, SRG-APP-000122-DB-000203, SRG-APP-000380-DB-000360, SRG-APP-000121-DB-000202&lt;/VulnDiscussion&gt;&lt;FalsePositives&gt;&lt;/FalsePositives&gt;&lt;FalseNegatives&gt;&lt;/FalseNegatives&gt;&lt;Documentable&gt;false&lt;/Documentable&gt;&lt;Mitigations&gt;&lt;/Mitigations&gt;&lt;SecurityOverrideGuidance&gt;&lt;/SecurityOverrideGuidance&gt;&lt;PotentialImpacts&gt;&lt;/PotentialImpacts&gt;&lt;ThirdPartyTools&gt;&lt;/ThirdPartyTools&gt;&lt;MitigationControl&gt;&lt;/MitigationControl&gt;&lt;Responsibility&gt;&lt;/Responsibility&gt;&lt;IAControls&gt;&lt;/IAControls&gt;</description>
      <ident system="http://cyber.mil/cci">CCI-000171</ident>
      <fixtext fixref="F-VRPP-8X-000006_fix">At the command prompt, run the following command(s) for each file returned by the query above:

# chmod 600 &lt;file&gt;
# chown postgres:users &lt;file&gt;

Note: Replace &lt;file&gt; with the file path of the file with incorrect permissions.</fixtext>
      <check system="N/A">
        <check-content>At the command prompt, run the following commands:

# find /storage/db/vcops/vpostgres/data/*conf* -xdev -type f -a '(' -not -perm 600 -o -not -user postgres -o -not -group users ')' -exec ls -ld {} \;

# find /storage/db/vcops/vpostgres/repl/*conf* -xdev -type f -a '(' -not -perm 600 -o -not -user postgres -o -not -group users ')' -exec ls -ld {} \;

If any files are returned, this is a finding.</check-content>
      </check>
    </Rule>
  </Group>
  <Group id="V-VRPP-8X-000122">
    <title>SRG-APP-000515-DB-000318</title>
    <Rule id="SV-VRPP-8X-000122" severity="medium" weight="10.0">
      <version>VRPP-8X-000122</version>
      <title>VMware Aria Operations vPostgres must off-load audit data to a separate log management facility.</title>
      <description>&lt;VulnDiscussion&gt;Information stored in one location is vulnerable to accidental or incidental deletion or alteration.

Off-loading is a common process in information systems with limited audit storage capacity. 

vPostgres may write audit records to database tables, to files in the file system, to other kinds of local repository, or directly to a centralized log management system. Whatever the method used, it must be compatible with off-loading the records to the centralized system.&lt;/VulnDiscussion&gt;&lt;FalsePositives&gt;&lt;/FalsePositives&gt;&lt;FalseNegatives&gt;&lt;/FalseNegatives&gt;&lt;Documentable&gt;false&lt;/Documentable&gt;&lt;Mitigations&gt;&lt;/Mitigations&gt;&lt;SecurityOverrideGuidance&gt;&lt;/SecurityOverrideGuidance&gt;&lt;PotentialImpacts&gt;&lt;/PotentialImpacts&gt;&lt;ThirdPartyTools&gt;&lt;/ThirdPartyTools&gt;&lt;MitigationControl&gt;&lt;/MitigationControl&gt;&lt;Responsibility&gt;&lt;/Responsibility&gt;&lt;IAControls&gt;&lt;/IAControls&gt;</description>
      <ident system="http://cyber.mil/cci">CCI-001851</ident>
      <fixtext fixref="F-VRPP-8X-000122_fix">As a database administrator, run the following at the command prompt:

# su - postgres -c "/opt/vmware/vpostgres/current/bin/psql -p 5433 -A -t -c \"ALTER SYSTEM SET log_destination = 'syslog';\""
# su - postgres -c "/opt/vmware/vpostgres/current/bin/psql -p 5433 -A -t -c \"ALTER SYSTEM SET syslog_facility = 'local6';\""
# su - postgres -c "/opt/vmware/vpostgres/current/bin/psql -p 5433 -A -t -c \"ALTER SYSTEM SET syslog_ident = 'vpostgres-repl';\""

Note: There can be more than one option set for log_destination and values should be comma separated.
Note: Configure the syslog_facility as appropriate for your environment.

Reload the vPostgres service by running the following command:

# systemctl restart vpostgres-repl.service</fixtext>
      <check system="N/A">
        <check-content>If logs are shipped to a syslog server via another method such as rsyslog, this is Not Applicable.

As a database administrator, run the following at the command prompt:

# su - postgres -c "/opt/vmware/vpostgres/current/bin/psql -p 5433 -A -t -c \"SHOW log_destination;\""

Example result:

stderr,syslog

If 'log_destination' does not include syslog, this is a finding.</check-content>
      </check>
    </Rule>
  </Group>
  <Group id="V-VRPP-8X-000032">
    <title>SRG-APP-000141-DB-000091</title>
    <Rule id="SV-VRPP-8X-000032" severity="medium" weight="10.0">
      <version>VRPP-8X-000032</version>
      <title>VMware Aria Operations vPostgres must not load unused database components, software, and database objects.</title>
      <description>&lt;VulnDiscussion&gt;Information systems are capable of providing a wide variety of functions and services. Some of the functions and services, provided by default, may not be necessary to support essential organizational operations (e.g., key missions, functions).

It is detrimental for software products to provide, or install by default, functionality exceeding requirements or mission objectives. 

vPostgres must adhere to the principles of least functionality by providing only essential capabilities.

Satisfies: SRG-APP-000141-DB-000093&lt;/VulnDiscussion&gt;&lt;FalsePositives&gt;&lt;/FalsePositives&gt;&lt;FalseNegatives&gt;&lt;/FalseNegatives&gt;&lt;Documentable&gt;false&lt;/Documentable&gt;&lt;Mitigations&gt;&lt;/Mitigations&gt;&lt;SecurityOverrideGuidance&gt;&lt;/SecurityOverrideGuidance&gt;&lt;PotentialImpacts&gt;&lt;/PotentialImpacts&gt;&lt;ThirdPartyTools&gt;&lt;/ThirdPartyTools&gt;&lt;MitigationControl&gt;&lt;/MitigationControl&gt;&lt;Responsibility&gt;&lt;/Responsibility&gt;&lt;IAControls&gt;&lt;/IAControls&gt;</description>
      <ident system="http://cyber.mil/cci">CCI-000381</ident>
      <fixtext fixref="F-VRPP-8X-000032_fix">As a database administrator, run the following at the command prompt for each item found:

# su - postgres -c "/opt/vmware/vpostgres/current/bin/psql -p 5433 -c \"DROP EXTENSION &lt;extension name&gt;\""

Note: It is recommended that plpgsql not be removed.</fixtext>
      <check system="N/A">
        <check-content>As a database administrator, run the following at the command prompt:

# su - postgres -c "/opt/vmware/vpostgres/current/bin/psql -p 5433 -c \"select * from pg_extension where extname != 'plpgsql';\""

If any extensions exist that are not approved, this is a finding.</check-content>
      </check>
    </Rule>
  </Group>
  <Group id="V-VRPP-8X-000051">
    <title>SRG-APP-000226-DB-000147</title>
    <Rule id="SV-VRPP-8X-000051" severity="medium" weight="10.0">
      <version>VRPP-8X-000051</version>
      <title>VMware Aria Operations vPostgres must write log entries to disk prior to returning operation success or failure.</title>
      <description>&lt;VulnDiscussion&gt;Failure to a known secure state helps prevent a loss of confidentiality, integrity, or availability in the event of a failure of the information system or a component of the system. Preserving  system state information helps to facilitate system restart and return to the operational mode of the organization with less disruption of mission/business processes. 

Aggregating log writes saves on performance but leaves a window for log data loss. The logging system inside vPostgres is capable of writing logs to disk, fully and completely before the associated operation is returned to the client. This ensures that database activity is always captured, even in the event of a system crash during or immediately after a given operation.&lt;/VulnDiscussion&gt;&lt;FalsePositives&gt;&lt;/FalsePositives&gt;&lt;FalseNegatives&gt;&lt;/FalseNegatives&gt;&lt;Documentable&gt;false&lt;/Documentable&gt;&lt;Mitigations&gt;&lt;/Mitigations&gt;&lt;SecurityOverrideGuidance&gt;&lt;/SecurityOverrideGuidance&gt;&lt;PotentialImpacts&gt;&lt;/PotentialImpacts&gt;&lt;ThirdPartyTools&gt;&lt;/ThirdPartyTools&gt;&lt;MitigationControl&gt;&lt;/MitigationControl&gt;&lt;Responsibility&gt;&lt;/Responsibility&gt;&lt;IAControls&gt;&lt;/IAControls&gt;</description>
      <ident system="http://cyber.mil/cci">CCI-001665</ident>
      <fixtext fixref="F-VRPP-8X-000051_fix">As a database administrator, run the following at the command prompt:

# su - postgres -c "/opt/vmware/vpostgres/current/bin/psql -p 5433 -A -t -c \"ALTER SYSTEM SET &lt;name&gt; TO 'on';\""

Reload the vPostgres service by running the following command:

# systemctl restart vpostgres-repl.service

Note: Substitute &lt;name&gt; with the incorrectly set parameter (fsync, full_page_writes, synchronous_commit).</fixtext>
      <check system="N/A">
        <check-content>As a database administrator, run the following at the command prompt:

# su - postgres -c "/opt/vmware/vpostgres/current/bin/psql -p 5433 -A -t -c \"SELECT name, setting FROM pg_settings WHERE name IN ('fsync','full_page_writes','synchronous_commit');\""

Expected result:

fsync|on
full_page_writes|on
synchronous_commit|on

If the output does not match the expected result, this is a finding.</check-content>
      </check>
    </Rule>
  </Group>
  <Group id="V-VRPP-8X-000060">
    <title>SRG-APP-000266-DB-000162</title>
    <Rule id="SV-VRPP-8X-000060" severity="medium" weight="10.0">
      <version>VRPP-8X-000060</version>
      <title>VMware Aria Operations vPostgres must provide non-privileged users with minimal error information.</title>
      <description>&lt;VulnDiscussion&gt;Any database or associated application providing too much information in error messages on the screen or printout risks compromising the data and security of the system. The structure and content of error messages need to contain the minimal amount of information.

Databases can inadvertently provide a wealth of information to an attacker through improperly handled error messages. In addition to sensitive business or personal information, database errors can provide host names, IP addresses, user names, and other system information not required for troubleshooting but very useful to someone targeting the system.

Satisfies: SRG-APP-000267-DB-000163&lt;/VulnDiscussion&gt;&lt;FalsePositives&gt;&lt;/FalsePositives&gt;&lt;FalseNegatives&gt;&lt;/FalseNegatives&gt;&lt;Documentable&gt;false&lt;/Documentable&gt;&lt;Mitigations&gt;&lt;/Mitigations&gt;&lt;SecurityOverrideGuidance&gt;&lt;/SecurityOverrideGuidance&gt;&lt;PotentialImpacts&gt;&lt;/PotentialImpacts&gt;&lt;ThirdPartyTools&gt;&lt;/ThirdPartyTools&gt;&lt;MitigationControl&gt;&lt;/MitigationControl&gt;&lt;Responsibility&gt;&lt;/Responsibility&gt;&lt;IAControls&gt;&lt;/IAControls&gt;</description>
      <ident system="http://cyber.mil/cci">CCI-001312</ident>
      <fixtext fixref="F-VRPP-8X-000060_fix">As a database administrator, run the following at the command prompt:

# su - postgres -c "/opt/vmware/vpostgres/current/bin/psql -p 5433 -A -t -c \"ALTER SYSTEM SET client_min_messages TO 'error';\""

Reload the vPostgres service by running the following command:

# systemctl restart vpostgres-repl.service</fixtext>
      <check system="N/A">
        <check-content>As a database administrator, run the following at the command prompt:

# su - postgres -c "/opt/vmware/vpostgres/current/bin/psql -p 5433 -A -t -c \"SHOW client_min_messages;\""

Expected result:

error

If the output does not match the expected result, this is a finding.</check-content>
      </check>
    </Rule>
  </Group>
  <Group id="V-VRPP-8X-000114">
    <title>SRG-APP-000505-DB-000352</title>
    <Rule id="SV-VRPP-8X-000114" severity="medium" weight="10.0">
      <version>VRPP-8X-000114</version>
      <title>VMware Aria Operations vPostgres must log all client disconnections.</title>
      <description>&lt;VulnDiscussion&gt;Disconnection may be initiated by the user or forced by the system (as in a timeout) or result from a system or network failure. To the greatest extent possible, all disconnections must be logged.

For completeness of forensic analysis, it is necessary to know how long a user's (or other principal's) connection to vPostgres lasts. This can be achieved by recording disconnections, in addition to logons/connections, in the audit logs. &lt;/VulnDiscussion&gt;&lt;FalsePositives&gt;&lt;/FalsePositives&gt;&lt;FalseNegatives&gt;&lt;/FalseNegatives&gt;&lt;Documentable&gt;false&lt;/Documentable&gt;&lt;Mitigations&gt;&lt;/Mitigations&gt;&lt;SecurityOverrideGuidance&gt;&lt;/SecurityOverrideGuidance&gt;&lt;PotentialImpacts&gt;&lt;/PotentialImpacts&gt;&lt;ThirdPartyTools&gt;&lt;/ThirdPartyTools&gt;&lt;MitigationControl&gt;&lt;/MitigationControl&gt;&lt;Responsibility&gt;&lt;/Responsibility&gt;&lt;IAControls&gt;&lt;/IAControls&gt;</description>
      <ident system="http://cyber.mil/cci">CCI-000172</ident>
      <fixtext fixref="F-VRPP-8X-000114_fix">As a database administrator, run the following at the command prompt:

# su - postgres -c "/opt/vmware/vpostgres/current/bin/psql -p 5433 -A -t -c \"ALTER SYSTEM SET log_disconnections TO 'on';\""

Reload the vPostgres service by running the following command:

# systemctl restart vpostgres-repl.service</fixtext>
      <check system="N/A">
        <check-content>As a database administrator, run the following at the command prompt:

# su - postgres -c "/opt/vmware/vpostgres/current/bin/psql -p 5433 -A -t -c \"SHOW log_disconnections;\""

Expected result:

on

If the output does not match the expected result, this is a finding.</check-content>
      </check>
    </Rule>
  </Group>
  <Group id="V-VRPP-8X-000005">
    <title>SRG-APP-000089-DB-000064</title>
    <Rule id="SV-VRPP-8X-000005" severity="medium" weight="10.0">
      <version>VRPP-8X-000005</version>
      <title>VMware Aria Operations vPostgres must enable pgaudit to provide audit record generation capabilities.</title>
      <description>&lt;VulnDiscussion&gt;Without the capability to generate audit records, it would be difficult to establish, correlate, and investigate the events relating to an incident or identify those responsible for one. 

Audit records can be generated from various components within vPostgres (e.g., process, module). Certain specific application functionalities may be audited as well. The list of audited events is the set of events for which audits are to be generated. This set of events is typically a subset of the list of all events for which the system is capable of generating audit records.

DoD has defined the list of events for which the database will provide an audit record generation capability as the following: 

(i) Successful and unsuccessful attempts to access, modify, or delete privileges, security objects, security levels, or categories of information (e.g., classification levels);

(ii) Access actions, such as successful and unsuccessful logon attempts, privileged activities, or other system-level access, starting and ending time for user access to the system, concurrent logons from different workstations, successful and unsuccessful accesses to objects, all program initiations, and all direct access to the information system; and

(iii) All account creation, modification, disabling, and termination actions.

Organizations may define additional events requiring continuous or ad hoc auditing.&lt;/VulnDiscussion&gt;&lt;FalsePositives&gt;&lt;/FalsePositives&gt;&lt;FalseNegatives&gt;&lt;/FalseNegatives&gt;&lt;Documentable&gt;false&lt;/Documentable&gt;&lt;Mitigations&gt;&lt;/Mitigations&gt;&lt;SecurityOverrideGuidance&gt;&lt;/SecurityOverrideGuidance&gt;&lt;PotentialImpacts&gt;&lt;/PotentialImpacts&gt;&lt;ThirdPartyTools&gt;&lt;/ThirdPartyTools&gt;&lt;MitigationControl&gt;&lt;/MitigationControl&gt;&lt;Responsibility&gt;&lt;/Responsibility&gt;&lt;IAControls&gt;&lt;/IAControls&gt;</description>
      <ident system="http://cyber.mil/cci">CCI-000169</ident>
      <fixtext fixref="F-VRPP-8X-000005_fix">Find the postgresql.conf file path by running the following command:

# su - postgres -c "/opt/vmware/vpostgres/current/bin/psql -p 5433 -c \"SHOW config_file;\""

Edit the postgresql.conf file for your installation and add or update the following line to include 'pgaudit':

shared_preload_libraries = 'pgaudit'

Note: This can be a comma-separated list if more than one library needs to be loaded.

Reload the vPostgres service by running the following command:

# systemctl restart vpostgres-repl.service</fixtext>
      <check system="N/A">
        <check-content>As a database administrator, run the following at the command prompt:

# su - postgres -c "/opt/vmware/vpostgres/current/bin/psql -p 5433 -A -t -c \"SHOW shared_preload_libraries;\""

Example result:

pgaudit

If the output from the command does not include 'pgaudit', this is a finding.</check-content>
      </check>
    </Rule>
  </Group>
  <Group id="V-VRPP-8X-000020">
    <title>SRG-APP-000118-DB-000059</title>
    <Rule id="SV-VRPP-8X-000020" severity="medium" weight="10.0">
      <version>VRPP-8X-000020</version>
      <title>VMware Aria Operations vPostgres must be configured to protect log files from unauthorized access.</title>
      <description>&lt;VulnDiscussion&gt;If audit data were to become compromised, then competent forensic analysis and discovery of the true source of potentially malicious system activity is difficult, if not impossible, to achieve. In addition, access to audit records provides information an attacker could potentially use to his or her advantage.

To ensure the veracity of audit data, the information system and/or the application must protect audit information from any and all unauthorized access. This includes read, write, copy, etc.

Satisfies: SRG-APP-000120-DB-000061, SRG-APP-000119-DB-000060&lt;/VulnDiscussion&gt;&lt;FalsePositives&gt;&lt;/FalsePositives&gt;&lt;FalseNegatives&gt;&lt;/FalseNegatives&gt;&lt;Documentable&gt;false&lt;/Documentable&gt;&lt;Mitigations&gt;&lt;/Mitigations&gt;&lt;SecurityOverrideGuidance&gt;&lt;/SecurityOverrideGuidance&gt;&lt;PotentialImpacts&gt;&lt;/PotentialImpacts&gt;&lt;ThirdPartyTools&gt;&lt;/ThirdPartyTools&gt;&lt;MitigationControl&gt;&lt;/MitigationControl&gt;&lt;Responsibility&gt;&lt;/Responsibility&gt;&lt;IAControls&gt;&lt;/IAControls&gt;</description>
      <ident system="http://cyber.mil/cci">CCI-000162</ident>
      <fixtext fixref="F-VRPP-8X-000020_fix">As a database administrator, perform the following at the command prompt:

# su - postgres -c "/opt/vmware/vpostgres/current/bin/psql -p 5433 -c \"ALTER SYSTEM SET log_file_mode = '0600';\""

Reload the vPostgres service by running the following command:

# systemctl restart vpostgres-repl.service

At the command prompt, enter the following command(s):

# chmod 600 &lt;file&gt;
# chown postgres:users &lt;file&gt;

Note: Replace &lt;file&gt; with the file path of the file with incorrect permissions.</fixtext>
      <check system="N/A">
        <check-content>If vPostgres is logging directly to syslog and not storing audit data locally, this control is Not Applicable.

As a database administrator, perform the following at the command prompt:

# su - postgres -c "/opt/vmware/vpostgres/current/bin/psql -p 5433 -A -t -c \"SHOW log_file_mode;\""

Expected result:

0600

If the output does not match the expected result, this is a finding.

As a database administrator, perform the following at the command prompt:

# su - postgres -c "/opt/vmware/vpostgres/current/bin/psql -p 5433 -A -t -c \"SHOW log_directory;\""

The log directory may be a relative path to the 'data_directory' setting, which can be found by running the following command:

# su - postgres -c "/opt/vmware/vpostgres/current/bin/psql -p 5433 -A -t -c \"SHOW data_directory;\""

After finding the log destination, execute the following command:

$ find &lt;log dir&gt;/* -xdev -type f -a '(' -not -perm 600 -o -not -user postgres -o -not -group users ')' -exec ls -ld {} \;

If any files are returned, this is a finding.</check-content>
      </check>
    </Rule>
  </Group>
  <Group id="V-VRPP-8X-000007">
    <title>SRG-APP-000091-DB-000066</title>
    <Rule id="SV-VRPP-8X-000007" severity="medium" weight="10.0">
      <version>VRPP-8X-000007</version>
      <title>VMware Aria Operations vPostgres must generate audit records.</title>
      <description>&lt;VulnDiscussion&gt;Under some circumstances, it may be useful to monitor who/what is reading privilege/permission/role information. Therefore, it must be possible to configure auditing to do this.

This requirement addresses explicit requests for privilege/permission/role membership information. It does not refer to the implicit retrieval of privileges/permissions/role memberships that vPostgres continually performs to determine if any and every action on the database is permitted.

Satisfies: SRG-APP-000495-DB-000326, SRG-APP-000499-DB-000330, SRG-APP-000504-DB-000354, SRG-APP-000501-DB-000337, SRG-APP-000492-DB-000332, SRG-APP-000496-DB-000334, SRG-APP-000501-DB-000336, SRG-APP-000507-DB-000356, SRG-APP-000495-DB-000328, SRG-APP-000495-DB-000329, SRG-APP-000496-DB-000335, SRG-APP-000499-DB-000331, SRG-APP-000504-DB-000355, SRG-APP-000507-DB-000357, SRG-APP-000091-DB-000325, SRG-APP-000492-DB-000333, SRG-APP-000495-DB-000327, SRG-APP-000092-DB-000208&lt;/VulnDiscussion&gt;&lt;FalsePositives&gt;&lt;/FalsePositives&gt;&lt;FalseNegatives&gt;&lt;/FalseNegatives&gt;&lt;Documentable&gt;false&lt;/Documentable&gt;&lt;Mitigations&gt;&lt;/Mitigations&gt;&lt;SecurityOverrideGuidance&gt;&lt;/SecurityOverrideGuidance&gt;&lt;PotentialImpacts&gt;&lt;/PotentialImpacts&gt;&lt;ThirdPartyTools&gt;&lt;/ThirdPartyTools&gt;&lt;MitigationControl&gt;&lt;/MitigationControl&gt;&lt;Responsibility&gt;&lt;/Responsibility&gt;&lt;IAControls&gt;&lt;/IAControls&gt;</description>
      <ident system="http://cyber.mil/cci">CCI-000172</ident>
      <fixtext fixref="F-VRPP-8X-000007_fix">As a database administrator, perform the following at the command prompt for each finding:

# su - postgres -c "/opt/vmware/vpostgres/current/bin/psql -p 5433 -c \"ALTER SYSTEM SET pgaudit.log_catalog = 'on';\""
# su - postgres -c "/opt/vmware/vpostgres/current/bin/psql -p 5433 -c \"ALTER SYSTEM SET pgaudit.log = 'ddl, role';\""
# su - postgres -c "/opt/vmware/vpostgres/current/bin/psql -p 5433 -c \"ALTER SYSTEM SET pgaudit.log_parameter = 'on';\""
# su - postgres -c "/opt/vmware/vpostgres/current/bin/psql -p 5433 -c \"ALTER SYSTEM SET pgaudit.log_statement_once = 'off';\""
# su - postgres -c "/opt/vmware/vpostgres/current/bin/psql -p 5433 -c \"ALTER SYSTEM SET pgaudit.log_level = 'log';\""

Reload the vPostgres service by running the following command:

# systemctl restart vpostgres-repl.service</fixtext>
      <check system="N/A">
        <check-content>As a database administrator, perform the following at the command prompt:

# su - postgres -c "/opt/vmware/vpostgres/current/bin/psql -p 5433 -A -t -c \"SHOW pgaudit.log_catalog;\""
# su - postgres -c "/opt/vmware/vpostgres/current/bin/psql -p 5433 -A -t -c \"SHOW pgaudit.log;\""
# su - postgres -c "/opt/vmware/vpostgres/current/bin/psql -p 5433 -A -t -c \"SHOW pgaudit.log_parameter;\""
# su - postgres -c "/opt/vmware/vpostgres/current/bin/psql -p 5433 -A -t -c \"SHOW pgaudit.log_statement_once;\""
# su - postgres -c "/opt/vmware/vpostgres/current/bin/psql -p 5433 -A -t -c \"SHOW pgaudit.log_level;\""

If "pgaudit.log_catalog" is not set to "on", this is a finding.

If "pgaudit.log" is not set to "ddl, role", this is a finding.

If "pgaudit.log_parameter" is not set to "on", this is a finding.

If "pgaudit.log_statement_once" is not set to "off", this is a finding.

If "pgaudit.log_level" is not set to "log", this is a finding.</check-content>
      </check>
    </Rule>
  </Group>
  <Group id="V-VRPP-8X-000062">
    <title>SRG-APP-000295-DB-000305</title>
    <Rule id="SV-VRPP-8X-000062" severity="medium" weight="10.0">
      <version>VRPP-8X-000062</version>
      <title>VMware Aria Operations vPostgres must set the default query statement timeout value to an organization-defined setting.</title>
      <description>&lt;VulnDiscussion&gt;By default, vPostgres query statements have no timeout value set. This may lead to conditions where runaway queries can cause a denial of service.&lt;/VulnDiscussion&gt;&lt;FalsePositives&gt;&lt;/FalsePositives&gt;&lt;FalseNegatives&gt;&lt;/FalseNegatives&gt;&lt;Documentable&gt;false&lt;/Documentable&gt;&lt;Mitigations&gt;&lt;/Mitigations&gt;&lt;SecurityOverrideGuidance&gt;&lt;/SecurityOverrideGuidance&gt;&lt;PotentialImpacts&gt;&lt;/PotentialImpacts&gt;&lt;ThirdPartyTools&gt;&lt;/ThirdPartyTools&gt;&lt;MitigationControl&gt;&lt;/MitigationControl&gt;&lt;Responsibility&gt;&lt;/Responsibility&gt;&lt;IAControls&gt;&lt;/IAControls&gt;</description>
      <ident system="http://cyber.mil/cci">CCI-002361</ident>
      <fixtext fixref="F-VRPP-8X-000062_fix">As a database administrator, perform the following at the command prompt:

# su - postgres -c "/opt/vmware/vpostgres/current/bin/psql -p 5433 -c 'ALTER SYSTEM SET statement_timeout = ''60000'';' "

Note: Set the parameter to the organizational requirement or use the value in the examples above, expressed in milliseconds.

Reload the vPostgres service by running the following command:

# systemctl restart vpostgres-repl.service</fixtext>
      <check system="N/A">
        <check-content>As a database administrator, perform the following at the command prompt:

# su - postgres -c "/opt/vmware/vpostgres/current/bin/psql -p 5433 -A -t -c 'SHOW statement_timeout;' "

Example output:

1min

If the "statement_timeout" parameter is not set to a value greater than 0, this is a finding.</check-content>
      </check>
    </Rule>
  </Group>
  <Group id="V-VRPP-8X-000070">
    <title>SRG-APP-000356-DB-000314</title>
    <Rule id="SV-VRPP-8X-000070" severity="medium" weight="10.0">
      <version>VRPP-8X-000070</version>
      <title>VMware Aria Operations vPostgres must have log collection enabled.</title>
      <description>&lt;VulnDiscussion&gt;Without the ability to centrally manage the content captured in the audit records, identification, troubleshooting, and correlation of suspicious behavior would be difficult and could lead to a delayed or incomplete analysis of an ongoing attack.

The content captured in audit records must be managed from a central location (necessitating automation). Centralized management of audit records and logs provides for efficiency in maintenance and management of records, as well as the backup and archiving of those records. 

Satisfies: SRG-APP-000381-DB-000361&lt;/VulnDiscussion&gt;&lt;FalsePositives&gt;&lt;/FalsePositives&gt;&lt;FalseNegatives&gt;&lt;/FalseNegatives&gt;&lt;Documentable&gt;false&lt;/Documentable&gt;&lt;Mitigations&gt;&lt;/Mitigations&gt;&lt;SecurityOverrideGuidance&gt;&lt;/SecurityOverrideGuidance&gt;&lt;PotentialImpacts&gt;&lt;/PotentialImpacts&gt;&lt;ThirdPartyTools&gt;&lt;/ThirdPartyTools&gt;&lt;MitigationControl&gt;&lt;/MitigationControl&gt;&lt;Responsibility&gt;&lt;/Responsibility&gt;&lt;IAControls&gt;&lt;/IAControls&gt;</description>
      <ident system="http://cyber.mil/cci">CCI-001844</ident>
      <fixtext fixref="F-VRPP-8X-000070_fix">As a database administrator, perform the following at the command prompt:

# su - postgres -c "/opt/vmware/vpostgres/current/bin/psql -p 5433 -A -t -c \"ALTER SYSTEM SET logging_collector TO 'on';\""

Reload the vPostgres service by running the following command:

# systemctl restart vpostgres-repl.service</fixtext>
      <check system="N/A">
        <check-content>As a database administrator, perform the following at the command prompt:

# su - postgres -c "/opt/vmware/vpostgres/current/bin/psql -p 5433 -A -t -c \"SHOW logging_collector;\""

Expected result:

on

If the output does not match the expected result, this is a finding.</check-content>
      </check>
    </Rule>
  </Group>
  <Group id="V-VRPP-8X-000110">
    <title>SRG-APP-000503-DB-000350</title>
    <Rule id="SV-VRPP-8X-000110" severity="medium" weight="10.0">
      <version>VRPP-8X-000110</version>
      <title>VMware Aria Operations vPostgres must log all connection attempts.</title>
      <description>&lt;VulnDiscussion&gt;For completeness of forensic analysis, it is necessary to track successful and failed attempts to log on to vPostgres. Setting 'log_connections' to 'on' will cause each attempted connection to the server to be logged, as well as successful completion of client authentication.

Satisfies: SRG-APP-000508-DB-000358, SRG-APP-000503-DB-000351, SRG-APP-000506-DB-000353&lt;/VulnDiscussion&gt;&lt;FalsePositives&gt;&lt;/FalsePositives&gt;&lt;FalseNegatives&gt;&lt;/FalseNegatives&gt;&lt;Documentable&gt;false&lt;/Documentable&gt;&lt;Mitigations&gt;&lt;/Mitigations&gt;&lt;SecurityOverrideGuidance&gt;&lt;/SecurityOverrideGuidance&gt;&lt;PotentialImpacts&gt;&lt;/PotentialImpacts&gt;&lt;ThirdPartyTools&gt;&lt;/ThirdPartyTools&gt;&lt;MitigationControl&gt;&lt;/MitigationControl&gt;&lt;Responsibility&gt;&lt;/Responsibility&gt;&lt;IAControls&gt;&lt;/IAControls&gt;</description>
      <ident system="http://cyber.mil/cci">CCI-000172</ident>
      <fixtext fixref="F-VRPP-8X-000110_fix">As a database administrator, run the following at the command prompt:

# su - postgres -c "/opt/vmware/vpostgres/current/bin/psql -p 5433 -A -t -c \"ALTER SYSTEM SET log_connections TO 'on';\""

Reload the vPostgres service by running the following command:

# systemctl restart vpostgres-repl.service</fixtext>
      <check system="N/A">
        <check-content>As a database administrator, run the following at the command prompt:

# su - postgres -c "/opt/vmware/vpostgres/current/bin/psql -p 5433 -A -t -c \"SHOW log_connections;\""

Expected result:

on

If the output does not match the expected result, this is a finding.</check-content>
      </check>
    </Rule>
  </Group>
  <Group id="V-VRPP-8X-000047">
    <title>SRG-APP-000220-DB-000149</title>
    <Rule id="SV-VRPP-8X-000047" severity="medium" weight="10.0">
      <version>VRPP-8X-000047</version>
      <title>VMware Aria Operations vPostgres must invalidate session identifiers upon user logout or other session termination.</title>
      <description>&lt;VulnDiscussion&gt;Captured sessions can be reused in "replay" attacks. This requirement limits the ability of adversaries to capture and continue to employ previously valid session IDs.

This requirement focuses on communications protection for vPostgres session rather than for the network packet. The intent of this control is to establish grounds for confidence at each end of a communications session in the ongoing identity of the other party and in the validity of the information being transmitted. 

Session IDs are tokens generated by vPostgres to uniquely identify a user's (or process's) session. vPostgres will make access decisions and execute logic based on the session ID.

Unique session IDs help to reduce predictability of said identifiers. Unique session IDs address man-in-the-middle attacks, including session hijacking or insertion of false information into a session. If the attacker is unable to identify or guess the session information related to pending application traffic, they will have more difficulty in hijacking the session or otherwise manipulating valid sessions. 

When a user logs out, or when any other session termination event occurs, vPostgres must terminate the user session(s) to minimize the potential for sessions to be hijacked.&lt;/VulnDiscussion&gt;&lt;FalsePositives&gt;&lt;/FalsePositives&gt;&lt;FalseNegatives&gt;&lt;/FalseNegatives&gt;&lt;Documentable&gt;false&lt;/Documentable&gt;&lt;Mitigations&gt;&lt;/Mitigations&gt;&lt;SecurityOverrideGuidance&gt;&lt;/SecurityOverrideGuidance&gt;&lt;PotentialImpacts&gt;&lt;/PotentialImpacts&gt;&lt;ThirdPartyTools&gt;&lt;/ThirdPartyTools&gt;&lt;MitigationControl&gt;&lt;/MitigationControl&gt;&lt;Responsibility&gt;&lt;/Responsibility&gt;&lt;IAControls&gt;&lt;/IAControls&gt;</description>
      <ident system="http://cyber.mil/cci">CCI-001185</ident>
      <fixtext fixref="F-VRPP-8X-000047_fix">At the command prompt, open the '/etc/sysctl.conf' file and add or update the following lines:

net.ipv4.tcp_keepalive_time = 7200
net.ipv4.tcp_keepalive_intvl = 75
net.ipv4.tcp_keepalive_probes = 9

Note: Set the parameters to organizational requirements or use the values in the examples above.

Reload the system settings by running the following command:

# sysctl --system</fixtext>
      <check system="N/A">
        <check-content>As a database administrator, run the following at the command prompt:

# sysctl \
     net.ipv4.tcp_keepalive_time \
     net.ipv4.tcp_keepalive_intvl \
     net.ipv4.tcp_keepalive_probes

Example output:

net.ipv4.tcp_keepalive_time = 7200
net.ipv4.tcp_keepalive_intvl = 75
net.ipv4.tcp_keepalive_probes = 9

If any of "net.ipv4.tcp_keepalive_time", "net.ipv4.tcp_keepalive_intvl", or "net.ipv4.tcp_keepalive_probes" are not set to organizational defined requirements, this is a finding.</check-content>
      </check>
    </Rule>
  </Group>
  <Group id="V-VRPP-8X-000075">
    <title>SRG-APP-000374-DB-000322</title>
    <Rule id="SV-VRPP-8X-000075" severity="medium" weight="10.0">
      <version>VRPP-8X-000075</version>
      <title>VMware Aria Operations vPostgres must use UTC for log timestamps.</title>
      <description>&lt;VulnDiscussion&gt;If time stamps are not consistently applied and there is no common time reference, it is difficult to perform forensic analysis.

Time stamps generated by vPostgres must include date and time. Time is commonly expressed in Coordinated Universal Time (UTC), a modern continuation of Greenwich Mean Time (GMT), or local time with an offset from UTC.&lt;/VulnDiscussion&gt;&lt;FalsePositives&gt;&lt;/FalsePositives&gt;&lt;FalseNegatives&gt;&lt;/FalseNegatives&gt;&lt;Documentable&gt;false&lt;/Documentable&gt;&lt;Mitigations&gt;&lt;/Mitigations&gt;&lt;SecurityOverrideGuidance&gt;&lt;/SecurityOverrideGuidance&gt;&lt;PotentialImpacts&gt;&lt;/PotentialImpacts&gt;&lt;ThirdPartyTools&gt;&lt;/ThirdPartyTools&gt;&lt;MitigationControl&gt;&lt;/MitigationControl&gt;&lt;Responsibility&gt;&lt;/Responsibility&gt;&lt;IAControls&gt;&lt;/IAControls&gt;</description>
      <ident system="http://cyber.mil/cci">CCI-001890</ident>
      <fixtext fixref="F-VRPP-8X-000075_fix">As a database administrator, run the following at the command prompt:

# su - postgres -c "/opt/vmware/vpostgres/current/bin/psql -p 5433 -c \"ALTER SYSTEM SET log_timezone TO 'UTC';\""

Reload the vPostgres service by running the following command:

# systemctl restart vpostgres-repl.service</fixtext>
      <check system="N/A">
        <check-content>As a database administrator, run the following at the command prompt:

# su - postgres -c "/opt/vmware/vpostgres/current/bin/psql -p 5433 -A -t -c \"SHOW log_timezone;\""

Expected result:

UTC

If the output does not match the expected result, this is a finding.</check-content>
      </check>
    </Rule>
  </Group>
</Benchmark>
