<?xml version="1.0" encoding="UTF-8"?><?xml-stylesheet type="text/xsl" href="STIG_unclass.xsl"?>
<Benchmark xmlns:dc="http://purl.org/dc/elements/1.1/" xmlns:xsi="http://www.w3.org/2001/XMLSchema-instance" xmlns:cpe="http://cpe.mitre.org/language/2.0" xmlns:xhtml="http://www.w3.org/1999/xhtml" xmlns:dsig="http://www.w3.org/2000/09/xmldsig#" xsi:schemaLocation="http://checklists.nist.gov/xccdf/1.1 http://nvd.nist.gov/schema/xccdf-1.1.4.xsdhttp://cpe.mitre.org/dictionary/2.0 http://cpe.mitre.org/files/cpe-dictionary_2.1.xsd" id="VMware Aria Operations 8.x API" xml:lang="en" xmlns="http://checklists.nist.gov/xccdf/1.1">
  <status date="2024-08-02">draft</status>
  <title>VMware Aria Operations 8.x API STIG Readiness Guide</title>
  <description/>
  <notice id="terms-of-use" xml:lang="en"/>
  <front-matter xml:lang="en"/>
  <rear-matter xml:lang="en"/>
  <reference href="">
    <dc:publisher/>
    <dc:source/>
  </reference>
  <plain-text id="release-info">Release: 4 Benchmark Date: 24 July 2024</plain-text>
  <plain-text id="generator">3.2.2.36079</plain-text>
  <plain-text id="conventionsVersion">1.10.0</plain-text>
  <version>1</version>
  <Group id="V-VRPI-8X-000070">
    <title>SRG-APP-000295-AS-000263</title>
    <Rule id="SV-VRPI-8X-000070" severity="medium" weight="10.0">
      <version>VRPI-8X-000070</version>
      <title>The VMware Aria Operations API service must set an inactive timeout for sessions.</title>
      <description>&lt;VulnDiscussion&gt;Leaving sessions open indefinitely is a major security risk. An attacker can easily use an already authenticated session to access the hosted application as the previously authenticated user. By closing sessions after a set period of inactivity, the web server can make certain that those sessions that are not closed through the user logging out of an application are eventually closed.

Satisfies: SRG-APP-000389-AS-000253&lt;/VulnDiscussion&gt;&lt;FalsePositives&gt;&lt;/FalsePositives&gt;&lt;FalseNegatives&gt;&lt;/FalseNegatives&gt;&lt;Documentable&gt;false&lt;/Documentable&gt;&lt;Mitigations&gt;&lt;/Mitigations&gt;&lt;SecurityOverrideGuidance&gt;&lt;/SecurityOverrideGuidance&gt;&lt;PotentialImpacts&gt;&lt;/PotentialImpacts&gt;&lt;ThirdPartyTools&gt;&lt;/ThirdPartyTools&gt;&lt;MitigationControl&gt;&lt;/MitigationControl&gt;&lt;Responsibility&gt;&lt;/Responsibility&gt;&lt;IAControls&gt;&lt;/IAControls&gt;</description>
      <ident system="http://cyber.mil/cci">CCI-002361</ident>
      <fixtext fixref="F-VRPI-8X-000070_fix">Edit the /usr/lib/vmware-vcops/tomcat-enterprise/conf/web.xml file.

Navigate to the &lt;session-config&gt; node.

Add or edit the &lt;session-timeout&gt;30&lt;/session-timeout&gt; node setting in the &lt;session-config&gt; node.

EXAMPLE:
&lt;session-config&gt;
  &lt;session-timeout&gt;30&lt;/session-timeout&gt;
  &lt;cookie-config&gt;
    &lt;http-only&gt;true&lt;/http-only&gt;
    &lt;secure&gt;true&lt;/secure&gt;
  &lt;/cookie-config&gt;
&lt;/session-config&gt;

Restart the service:
# systemctl restart api.service</fixtext>
      <check system="N/A">
        <check-content>At the command prompt, run the following command:

# xmllint --xpath "//*[local-name()='session-timeout']/parent::*" /usr/lib/vmware-vcops/tomcat-enterprise/conf/web.xml

If the value of &lt;session-timeout&gt; is not "30" or less, or is missing, this is a finding.

EXAMPLE:
&lt;session-config&gt;
  &lt;session-timeout&gt;15&lt;/session-timeout&gt;
  &lt;cookie-config&gt;
    &lt;http-only&gt;true&lt;/http-only&gt;
    &lt;secure&gt;true&lt;/secure&gt;
  &lt;/cookie-config&gt;
&lt;/session-config&gt;</check-content>
      </check>
    </Rule>
  </Group>
  <Group id="V-VRPI-8X-000137">
    <title>SRG-APP-000141-AS-000095</title>
    <Rule id="SV-VRPI-8X-000137" severity="medium" weight="10.0">
      <version>VRPI-8X-000137</version>
      <title>The VMware Aria Operations API service directory listings parameter must be disabled.</title>
      <description>&lt;VulnDiscussion&gt;Enumeration techniques, such as URL parameter manipulation, rely on being able to obtain information about the web server's directory structure by locating directories without default pages. In this scenario, the web server will display to the user a listing of the files in the directory being accessed. Ensuring that directory listing is disabled is one approach to mitigating the vulnerability.

In Tomcat, directory listing is disabled by default but can be enabled via the "listings" parameter. Ensure this node is not present to have the default effect.&lt;/VulnDiscussion&gt;&lt;FalsePositives&gt;&lt;/FalsePositives&gt;&lt;FalseNegatives&gt;&lt;/FalseNegatives&gt;&lt;Documentable&gt;false&lt;/Documentable&gt;&lt;Mitigations&gt;&lt;/Mitigations&gt;&lt;SecurityOverrideGuidance&gt;&lt;/SecurityOverrideGuidance&gt;&lt;PotentialImpacts&gt;&lt;/PotentialImpacts&gt;&lt;ThirdPartyTools&gt;&lt;/ThirdPartyTools&gt;&lt;MitigationControl&gt;&lt;/MitigationControl&gt;&lt;Responsibility&gt;&lt;/Responsibility&gt;&lt;IAControls&gt;&lt;/IAControls&gt;</description>
      <ident system="http://cyber.mil/cci">CCI-000381</ident>
      <fixtext fixref="F-VRPI-8X-000137_fix">Navigate to and open the /usr/lib/vmware-vcops/tomcat-enterprise/conf/web.xml file.

Navigate to the /&lt;web-apps&gt;/&lt;servlet&gt;/&lt;servlet-class&gt;org.apache.catalina.servlets.DefaultServlet&lt;/servlet-class&gt;/ node and remove the following nodes:

&lt;init-param&gt;
      &lt;param-name&gt;listings&lt;/param-name&gt;
      &lt;param-value&gt;true&lt;/param-value&gt;
&lt;/init-param&gt;

Restart the service with the following command:

# systemctl restart api.service</fixtext>
      <check system="N/A">
        <check-content>At the command prompt, run the following command:

# xmllint --xpath "//*[contains(text(), 'DefaultServlet')]/parent::*" /usr/lib/vmware-vcops/tomcat-enterprise/conf/web.xml

Example result:

&lt;servlet&gt;
  &lt;servlet-name&gt;default&lt;/servlet-name&gt;
  &lt;servlet-class&gt;org.apache.catalina.servlets.DefaultServlet&lt;/servlet-class&gt;
    ...
    &lt;init-param&gt;
      &lt;param-name&gt;listings&lt;/param-name&gt;
      &lt;param-value&gt;false&lt;/param-value&gt;
    &lt;/init-param&gt;
    ...
&lt;/servlet&gt;

If the "listings" parameter is specified and is not "false", this is a finding.

If the "listings" parameter does not exist, this is not a finding.</check-content>
      </check>
    </Rule>
  </Group>
  <Group id="V-VRPI-8X-000125">
    <title>SRG-APP-000001-AS-000001</title>
    <Rule id="SV-VRPI-8X-000125" severity="medium" weight="10.0">
      <version>VRPI-8X-000125</version>
      <title>The VMware Aria Operations API service must limit the amount of time that each Transmission Control Protocol (TCP) connection is kept alive.</title>
      <description>&lt;VulnDiscussion&gt;Denial of Service is one of many threats against web servers. Many DoS attacks attempt to consume web server resources in such a way that no more resources are available to satisfy legitimate requests.

In Tomcat, the "connectionTimeout" attribute sets the number of milliseconds the server will wait after accepting a connection for the request Uniform Resource Identifier (URI) line to be presented. This timeout will also be used when reading the request body (if any). This prevents idle sockets that are not sending HTTP requests from consuming system resources and potentially denying new connections.&lt;/VulnDiscussion&gt;&lt;FalsePositives&gt;&lt;/FalsePositives&gt;&lt;FalseNegatives&gt;&lt;/FalseNegatives&gt;&lt;Documentable&gt;false&lt;/Documentable&gt;&lt;Mitigations&gt;&lt;/Mitigations&gt;&lt;SecurityOverrideGuidance&gt;&lt;/SecurityOverrideGuidance&gt;&lt;PotentialImpacts&gt;&lt;/PotentialImpacts&gt;&lt;ThirdPartyTools&gt;&lt;/ThirdPartyTools&gt;&lt;MitigationControl&gt;&lt;/MitigationControl&gt;&lt;Responsibility&gt;&lt;/Responsibility&gt;&lt;IAControls&gt;&lt;/IAControls&gt;</description>
      <ident system="http://cyber.mil/cci">CCI-000054</ident>
      <fixtext fixref="F-VRPI-8X-000125_fix">Navigate to and open the /usr/lib/vmware-vcops/tomcat-enterprise/conf/server.xml file.

Configure each&lt;Connector&gt; node with the value:

connectionTimeout="60000"

Restart the service with the following command:

# systemctl restart api.service</fixtext>
      <check system="N/A">
        <check-content>The connection timeout should not be disabled by setting it to "-1".

At the command prompt, run the following command:

# xmllint --xpath "//Connector[@connectionTimeout = '-1']" /usr/lib/vmware-vcops/tomcat-enterprise/conf/server.xml

Expected result:

XPath set is empty

If any connectors are returned, this is a finding.</check-content>
      </check>
    </Rule>
  </Group>
  <Group id="V-VRPI-8X-000136">
    <title>SRG-APP-000141-AS-000095</title>
    <Rule id="SV-VRPI-8X-000136" severity="medium" weight="10.0">
      <version>VRPI-8X-000136</version>
      <title>The VMware Aria Operations API service debug parameter must be disabled.</title>
      <description>&lt;VulnDiscussion&gt;Information needed by an attacker to begin looking for possible vulnerabilities in a web server includes any information about the web server and plug-ins or modules being used. When debugging or trace information is enabled in a production web server, information about the web server, such as web server type, version, patches installed, plug-ins and modules installed, type of code being used by the hosted application, and any backends being used for data storage may be displayed.

Because this information may be placed in logs and general messages during normal operation of the web server, an attacker does not need to cause an error condition to gain this information.&lt;/VulnDiscussion&gt;&lt;FalsePositives&gt;&lt;/FalsePositives&gt;&lt;FalseNegatives&gt;&lt;/FalseNegatives&gt;&lt;Documentable&gt;false&lt;/Documentable&gt;&lt;Mitigations&gt;&lt;/Mitigations&gt;&lt;SecurityOverrideGuidance&gt;&lt;/SecurityOverrideGuidance&gt;&lt;PotentialImpacts&gt;&lt;/PotentialImpacts&gt;&lt;ThirdPartyTools&gt;&lt;/ThirdPartyTools&gt;&lt;MitigationControl&gt;&lt;/MitigationControl&gt;&lt;Responsibility&gt;&lt;/Responsibility&gt;&lt;IAControls&gt;&lt;/IAControls&gt;</description>
      <ident system="http://cyber.mil/cci">CCI-000381</ident>
      <fixtext fixref="F-VRPI-8X-000136_fix">Navigate to and open the /usr/lib/vmware-vcops/tomcat-enterprise/conf/web.xml file.

Navigate to all &lt;debug&gt; nodes that are not set to "0".

Set the &lt;param-value&gt; to "0" in all &lt;param-name&gt;debug&lt;/param-name&gt; nodes.

Note: The debug setting should look like the following:

&lt;init-param&gt;
      &lt;param-name&gt;debug&lt;/param-name&gt;
      &lt;param-value&gt;0&lt;/param-value&gt;
&lt;/init-param&gt;

Restart the service with the following command:

# systemctl restart api.service</fixtext>
      <check system="N/A">
        <check-content>At the command prompt, run the following command:

# xmllint --xpath "//*[contains(text(), 'DefaultServlet')]/parent::*" /usr/lib/vmware-vcops/tomcat-enterprise/conf/web.xml

Example output:

&lt;servlet&gt;
  &lt;servlet-name&gt;default&lt;/servlet-name&gt;
  &lt;servlet-class&gt;org.apache.catalina.servlets.DefaultServlet&lt;/servlet-class&gt;
  &lt;init-param&gt;
    &lt;param-name&gt;debug&lt;/param-name&gt;
    &lt;param-value&gt;0&lt;/param-value&gt;
  &lt;/init-param&gt;
  ...
&lt;/servlet&gt;

If the "debug" parameter is specified and is not "0", this is a finding.

If the "debug" parameter does not exist, this is not a finding.</check-content>
      </check>
    </Rule>
  </Group>
  <Group id="V-VRPI-8X-000134">
    <title>SRG-APP-000141-AS-000095</title>
    <Rule id="SV-VRPI-8X-000134" severity="medium" weight="10.0">
      <version>VRPI-8X-000134</version>
      <title>The VMware Aria Operations API service shutdown port must be disabled.</title>
      <description>&lt;VulnDiscussion&gt;Tomcat by default listens on TCP port 8005 to accept shutdown requests. By connecting to this port and sending the SHUTDOWN command, all applications within Tomcat are halted. The shutdown port is not exposed to the network as it is bound to the loopback interface. Setting the port to "-1" in /usr/lib/vmware-vcops/tomcat-enterprise/conf/server.xml instructs Tomcat to not listen for the shutdown command.&lt;/VulnDiscussion&gt;&lt;FalsePositives&gt;&lt;/FalsePositives&gt;&lt;FalseNegatives&gt;&lt;/FalseNegatives&gt;&lt;Documentable&gt;false&lt;/Documentable&gt;&lt;Mitigations&gt;&lt;/Mitigations&gt;&lt;SecurityOverrideGuidance&gt;&lt;/SecurityOverrideGuidance&gt;&lt;PotentialImpacts&gt;&lt;/PotentialImpacts&gt;&lt;ThirdPartyTools&gt;&lt;/ThirdPartyTools&gt;&lt;MitigationControl&gt;&lt;/MitigationControl&gt;&lt;Responsibility&gt;&lt;/Responsibility&gt;&lt;IAControls&gt;&lt;/IAControls&gt;</description>
      <ident system="http://cyber.mil/cci">CCI-000381</ident>
      <fixtext fixref="F-VRPI-8X-000134_fix">Navigate to and open:

/usr/lib/vmware-vcops/tomcat-enterprise/conf/catalina.properties

Add or modify the setting "base.shutdown.port=-1" in the "catalina.properties" file.

Navigate to and open:

/usr/lib/vmware-vcops/tomcat-enterprise/conf/server.xml

Configure the &lt;Server&gt; node with the value:

port="${base.shutdown.port}"

Restart the service with the following command:

# systemctl restart api.service</fixtext>
      <check system="N/A">
        <check-content>At the command prompt, run the following commands:

# xmllint --xpath "//Server/@port" /usr/lib/vmware-vcops/tomcat-enterprise/conf/server.xml
# grep 'base.shutdown.port' /usr/lib/vmware-vcops/tomcat-enterprise/conf/catalina.properties

Expected results:

port="${base.shutdown.port}"
base.shutdown.port=-1

If "port" does not equal "${base.shutdown.port}", this is a finding.

If "base.shutdown.port" does not equal "-1", this is a finding.</check-content>
      </check>
    </Rule>
  </Group>
  <Group id="V-VRPI-8X-000126">
    <title>SRG-APP-000001-AS-000001</title>
    <Rule id="SV-VRPI-8X-000126" severity="medium" weight="10.0">
      <version>VRPI-8X-000126</version>
      <title>The VMware Aria Operations API service must limit the number of times that each Transmission Control Protocol (TCP) connection is kept alive.</title>
      <description>&lt;VulnDiscussion&gt;KeepAlive provides long lived HTTP sessions that allow multiple requests to be sent over the same connection. Enabling KeepAlive mitigates the effects of several types of denial-of-service attacks.

An advantage of KeepAlive is the reduced latency in subsequent requests (no handshaking). However, a disadvantage is that server resources are not available to handle other requests while a connection is maintained between the server and the client.

Tomcat can be configured to limit the number of subsequent requests that one client can submit to the server over an established connection. This limit helps provide a balance between the advantages of KeepAlive, while not allowing any one connection being held too long by any one client.&lt;/VulnDiscussion&gt;&lt;FalsePositives&gt;&lt;/FalsePositives&gt;&lt;FalseNegatives&gt;&lt;/FalseNegatives&gt;&lt;Documentable&gt;false&lt;/Documentable&gt;&lt;Mitigations&gt;&lt;/Mitigations&gt;&lt;SecurityOverrideGuidance&gt;&lt;/SecurityOverrideGuidance&gt;&lt;PotentialImpacts&gt;&lt;/PotentialImpacts&gt;&lt;ThirdPartyTools&gt;&lt;/ThirdPartyTools&gt;&lt;MitigationControl&gt;&lt;/MitigationControl&gt;&lt;Responsibility&gt;&lt;/Responsibility&gt;&lt;IAControls&gt;&lt;/IAControls&gt;</description>
      <ident system="http://cyber.mil/cci">CCI-000054</ident>
      <fixtext fixref="F-VRPI-8X-000126_fix">Navigate to and open:

/usr/lib/vmware-vcops/tomcat-enterprise/conf/server.xml

Configure the &lt;Connector&gt; node with the value:

maxKeepAliveRequests="50"

Restart the service with the following command:

# systemctl restart api.service</fixtext>
      <check system="N/A">
        <check-content>The connection timeout should not be unlimited by setting it to "-1".

At the command prompt, run the following command:

# xmllint --xpath "//Connector[@maxKeepAliveRequests = '-1']" /usr/lib/vmware-vcops/tomcat-enterprise/conf/server.xml

Expected result:

XPath set is empty

If any connectors are returned, this is a finding.</check-content>
      </check>
    </Rule>
  </Group>
  <Group id="V-VRPI-8X-000036">
    <title>SRG-APP-000141-AS-000095</title>
    <Rule id="SV-VRPI-8X-000036" severity="medium" weight="10.0">
      <version>VRPI-8X-000036</version>
      <title>The VMware Aria Operations API service must disable stack tracing.</title>
      <description>&lt;VulnDiscussion&gt;Stack tracing provides debugging information from the application call stacks when a runtime error is encountered. If stack tracing is left enabled, Tomcat server will provide this call stack information to the requestor which could result in the loss of sensitive information or data that could be used to compromise the system. &lt;/VulnDiscussion&gt;&lt;FalsePositives&gt;&lt;/FalsePositives&gt;&lt;FalseNegatives&gt;&lt;/FalseNegatives&gt;&lt;Documentable&gt;false&lt;/Documentable&gt;&lt;Mitigations&gt;&lt;/Mitigations&gt;&lt;SecurityOverrideGuidance&gt;&lt;/SecurityOverrideGuidance&gt;&lt;PotentialImpacts&gt;&lt;/PotentialImpacts&gt;&lt;ThirdPartyTools&gt;&lt;/ThirdPartyTools&gt;&lt;MitigationControl&gt;&lt;/MitigationControl&gt;&lt;Responsibility&gt;&lt;/Responsibility&gt;&lt;IAControls&gt;&lt;/IAControls&gt;</description>
      <ident system="http://cyber.mil/cci">CCI-000381</ident>
      <fixtext fixref="F-VRPI-8X-000036_fix">Edit the /usr/lib/vmware-vcops/tomcat-enterprise/conf/server.xml file.

Remove the 'allow Trace="true"' statement from the affected &lt;Connector ...&gt; nodes.

Restart the service:
# systemctl restart api.service</fixtext>
      <check system="N/A">
        <check-content>At the command prompt, run the following command:

# xmllint --xpath "//Connector[@allowTrace]" /usr/lib/vmware-vcops/tomcat-enterprise/conf/server.xml

If any &lt;Connector ...&gt; data is returned, review each connector element to ensure each connector does not have an "allowTrace" setting, or if there, the "allowTrace" setting is set to false.

If any connector element contains the 'allowTrace = "true"' statement, this is a finding.</check-content>
      </check>
    </Rule>
  </Group>
  <Group id="V-VRPI-8X-000067">
    <title>SRG-APP-000266-AS-000169</title>
    <Rule id="SV-VRPI-8X-000067" severity="medium" weight="10.0">
      <version>VRPI-8X-000067</version>
      <title>The VMware Aria Operations API service "ErrorReportValve showServerInfo" must be set to "false".</title>
      <description>&lt;VulnDiscussion&gt;The Error Report Valve is a simple error handler for HTTP status codes that will generate and return HTML error pages. It can also be configured to return pre-defined static HTML pages for specific status codes and/or exception types. Disabling showServerInfo will only return the HTTP status code and remove all CSS from the default non-error related HTTP responses.&lt;/VulnDiscussion&gt;&lt;FalsePositives&gt;&lt;/FalsePositives&gt;&lt;FalseNegatives&gt;&lt;/FalseNegatives&gt;&lt;Documentable&gt;false&lt;/Documentable&gt;&lt;Mitigations&gt;&lt;/Mitigations&gt;&lt;SecurityOverrideGuidance&gt;&lt;/SecurityOverrideGuidance&gt;&lt;PotentialImpacts&gt;&lt;/PotentialImpacts&gt;&lt;ThirdPartyTools&gt;&lt;/ThirdPartyTools&gt;&lt;MitigationControl&gt;&lt;/MitigationControl&gt;&lt;Responsibility&gt;&lt;/Responsibility&gt;&lt;IAControls&gt;&lt;/IAControls&gt;</description>
      <ident system="http://cyber.mil/cci">CCI-001312</ident>
      <fixtext fixref="F-VRPI-8X-000067_fix">Edit the /usr/lib/vmware-vcops/tomcat-enterprise/conf/server.xml file.

Create or modify an ErrorReportValve &lt;Valve&gt; element nested within each &lt;Host&gt; element.

EXAMPLE:
&lt;Host name="localhost" appBase="webapps"
unpackWARs="true" autoDeploy="false"&gt;
...
&lt;Valve className="org.apache.catalina.valves.ErrorReportValve" 
showServerInfo="false" /&gt;
...
&lt;/Host&gt;

Restart the service:
# systemctl restart api.service</fixtext>
      <check system="N/A">
        <check-content>At the command prompt, run the following command:

# xmllint --xpath "//*[contains(@className, 'ErrorReportValve')]/parent::*" /usr/lib/vmware-vcops/tomcat-enterprise/conf/server.xml

If the ErrorReportValve element is not defined or showServerInfo is not set to "false", this is a finding.

EXAMPLE:
&lt;Host ...&gt;
...
&lt;Valve className="org.apache.catalina.valves.ErrorReportValve" showServerInfo="false"/&gt;
...
&lt;/Host&gt;</check-content>
      </check>
    </Rule>
  </Group>
  <Group id="V-VRPI-8X-000127">
    <title>SRG-APP-000251-AS-000165</title>
    <Rule id="SV-VRPI-8X-000127" severity="medium" weight="10.0">
      <version>VRPI-8X-000127</version>
      <title>The VMware Aria Operations API service must configure the "setCharacterEncodingFilter" filter.</title>
      <description>&lt;VulnDiscussion&gt;Invalid user input occurs when a user inserts data or characters into a hosted application's data entry field and the hosted application is unprepared to process that data. This results in unanticipated application behavior, potentially leading to an application compromise. Invalid user input is one of the primary methods employed when attempting to compromise an application. 

An attacker can also enter Unicode into hosted applications in an effort to break out of the document home or root home directory or to bypass security checks.

Tomcat uses the SetCharacterEncodingFilter to provide a layer of defense against character encoding attacks. Filters are Java objects that perform filtering tasks on the request to a resource (a servlet or static content), on the response from a resource, or both.&lt;/VulnDiscussion&gt;&lt;FalsePositives&gt;&lt;/FalsePositives&gt;&lt;FalseNegatives&gt;&lt;/FalseNegatives&gt;&lt;Documentable&gt;false&lt;/Documentable&gt;&lt;Mitigations&gt;&lt;/Mitigations&gt;&lt;SecurityOverrideGuidance&gt;&lt;/SecurityOverrideGuidance&gt;&lt;PotentialImpacts&gt;&lt;/PotentialImpacts&gt;&lt;ThirdPartyTools&gt;&lt;/ThirdPartyTools&gt;&lt;MitigationControl&gt;&lt;/MitigationControl&gt;&lt;Responsibility&gt;&lt;/Responsibility&gt;&lt;IAControls&gt;&lt;/IAControls&gt;</description>
      <ident system="http://cyber.mil/cci">CCI-001310</ident>
      <fixtext fixref="F-VRPI-8X-000127_fix">Edit the /usr/lib/vmware-vcops/tomcat-enterprise/conf/web.xml file.

Configure the &lt;web-app&gt; node with the &lt;filter&gt; and &lt;filter-mapping&gt; nodes listed below.

&lt;filter&gt;
        &lt;filter-name&gt;setCharacterEncodingFilter&lt;/filter-name&gt;
        &lt;filter-class&gt;org.apache.catalina.filters.SetCharacterEncodingFilter&lt;/filter-class&gt;
            &lt;init-param&gt;
                &lt;param-name&gt;encoding&lt;/param-name&gt;
                &lt;param-value&gt;UTF-8&lt;/param-value&gt;
            &lt;/init-param&gt;
            &lt;init-param&gt;
                &lt;param-name&gt;ignore&lt;/param-name&gt;
                &lt;param-value&gt;true&lt;/param-value&gt;
            &lt;/init-param&gt;
            &lt;async-supported&gt;true&lt;/async-supported&gt;
    &lt;/filter&gt;
    &lt;filter-mapping&gt;
        &lt;filter-name&gt;setCharacterEncodingFilter&lt;/filter-name&gt;
        &lt;url-pattern&gt;/*&lt;/url-pattern&gt;
    &lt;/filter-mapping&gt;

Restart the service:

# systemctl restart api.service</fixtext>
      <check system="N/A">
        <check-content>At the command prompt, run the following command:

# xmllint --xpath "//*[contains(text(), 'SetCharacterEncodingFilter')]/parent::*" /usr/lib/vmware-vcops/tomcat-enterprise/conf/web.xml

Example result:

&lt;filter&gt;
        &lt;filter-name&gt;setCharacterEncodingFilter&lt;/filter-name&gt;
        &lt;filter-class&gt;org.apache.catalina.filters.SetCharacterEncodingFilter&lt;/filter-class&gt;
            &lt;init-param&gt;
                &lt;param-name&gt;encoding&lt;/param-name&gt;
                &lt;param-value&gt;UTF-8&lt;/param-value&gt;
            &lt;/init-param&gt;
            &lt;init-param&gt;
                &lt;param-name&gt;ignore&lt;/param-name&gt;
                &lt;param-value&gt;true&lt;/param-value&gt;
            &lt;/init-param&gt;
            &lt;async-supported&gt;true&lt;/async-supported&gt;
    &lt;/filter&gt;
    &lt;filter-mapping&gt;
        &lt;filter-name&gt;setCharacterEncodingFilter&lt;/filter-name&gt;
        &lt;url-pattern&gt;/*&lt;/url-pattern&gt;
    &lt;/filter-mapping&gt;

If the "setCharacterEncodingFilter" filter has not been specified with the values shown above, this is a finding.

Note: The "&lt;filter&gt;" and "&lt;filter-mapping&gt;" nodes may be in a different order.</check-content>
      </check>
    </Rule>
  </Group>
  <Group id="V-VRPI-8X-000013">
    <title>SRG-APP-000092-AS-000053</title>
    <Rule id="SV-VRPI-8X-000013" severity="medium" weight="10.0">
      <version>VRPI-8X-000013</version>
      <title>The VMware Aria Operations API service must initiate session logging upon startup.</title>
      <description>&lt;VulnDiscussion&gt;An attacker can compromise a web server during the startup process. If logging is not initiated until all the web server processes are started, key information may be missed and not available during a forensic investigation. To ensure all relevant events are captured, the web server must begin logging once the first web server process is initiated.

During start, Tomcat server reports system messages onto STDOUT and STDERR. These messages will be logged if the initialization script is configured correctly. Historically, the standard log file for these messages is called “catalina.out”.&lt;/VulnDiscussion&gt;&lt;FalsePositives&gt;&lt;/FalsePositives&gt;&lt;FalseNegatives&gt;&lt;/FalseNegatives&gt;&lt;Documentable&gt;false&lt;/Documentable&gt;&lt;Mitigations&gt;&lt;/Mitigations&gt;&lt;SecurityOverrideGuidance&gt;&lt;/SecurityOverrideGuidance&gt;&lt;PotentialImpacts&gt;&lt;/PotentialImpacts&gt;&lt;ThirdPartyTools&gt;&lt;/ThirdPartyTools&gt;&lt;MitigationControl&gt;&lt;/MitigationControl&gt;&lt;Responsibility&gt;&lt;/Responsibility&gt;&lt;IAControls&gt;&lt;/IAControls&gt;</description>
      <ident system="http://cyber.mil/cci">CCI-001464</ident>
      <fixtext fixref="F-VRPI-8X-000013_fix">Edit the /usr/share/tomcat/bin/catalina.sh file.

Navigate to and locate the start block : 'elif [ "$1" = "start" ] ; then'.

Navigate to and locate both “eval” statements.

Ensure both "eval" statements contain:

org.apache.catalina.startup.Bootstrap "$@" start \
&gt;&gt; "$CATALINA_OUT" 2&gt;&amp;1 "&amp;"

EXAMPLE:
    eval $_NOHUP "\"$_RUNJAVA\"" "\"$CATALINA_LOGGING_CONFIG\"" $LOGGING_MANAGER "$JAVA_OPTS" "$CATALINA_OPTS" \
      -D$ENDORSED_PROP="\"$JAVA_ENDORSED_DIRS\"" \
      -classpath "\"$CLASSPATH\"" \
      -Djava.security.manager \
      -Djava.security.policy=="\"$CATALINA_BASE/conf/catalina.policy\"" \
      -Dcatalina.base="\"$CATALINA_BASE\"" \
      -Dcatalina.home="\"$CATALINA_HOME\"" \
      -Djava.io.tmpdir="\"$CATALINA_TMPDIR\"" \
      org.apache.catalina.startup.Bootstrap "$@" start \
      &gt;&gt; "$CATALINA_OUT" 2&gt;&amp;1 "&amp;"

Restart the service:
# systemctl restart api.service</fixtext>
      <check system="N/A">
        <check-content>At the command prompt, run the following command:

# grep -B10 -A2 '"$CATALINA_OUT" 2&gt;&amp;1 "&amp;"' /usr/share/tomcat/bin/catalina.sh

Verify that each start command within the 'elif [ "$1" = "start" ] ; then' block contains the text '&gt;&gt; "$CATALINA_OUT" 2&gt;&amp;1 "&amp;"'

If the command is not correct or is missing, this is a finding.</check-content>
      </check>
    </Rule>
  </Group>
  <Group id="V-VRPI-8X-000065">
    <title>SRG-APP-000251-AS-000165</title>
    <Rule id="SV-VRPI-8X-000065" severity="medium" weight="10.0">
      <version>VRPI-8X-000065</version>
      <title>The VMware Aria Operations API service must set URIEncoding to UTF-8.</title>
      <description>&lt;VulnDiscussion&gt;Invalid user input occurs when a user inserts data or characters into a hosted application's data entry field and the hosted application is unprepared to process that data. This results in unanticipated application behavior, potentially leading to an application compromise. Invalid user input is one of the primary methods employed when attempting to compromise an application. 

An attacker can also enter Unicode into hosted applications in an effort to break out of the document home or root home directory or to bypass security checks.

To mitigate against many types of character-based vulnerabilities, the server should be configured to use a consistent character set. The URIEncoding attribute on the Connector nodes provides the means to enforce a consistent character set encoding.&lt;/VulnDiscussion&gt;&lt;FalsePositives&gt;&lt;/FalsePositives&gt;&lt;FalseNegatives&gt;&lt;/FalseNegatives&gt;&lt;Documentable&gt;false&lt;/Documentable&gt;&lt;Mitigations&gt;&lt;/Mitigations&gt;&lt;SecurityOverrideGuidance&gt;&lt;/SecurityOverrideGuidance&gt;&lt;PotentialImpacts&gt;&lt;/PotentialImpacts&gt;&lt;ThirdPartyTools&gt;&lt;/ThirdPartyTools&gt;&lt;MitigationControl&gt;&lt;/MitigationControl&gt;&lt;Responsibility&gt;&lt;/Responsibility&gt;&lt;IAControls&gt;&lt;/IAControls&gt;</description>
      <ident system="http://cyber.mil/cci">CCI-001310</ident>
      <fixtext fixref="F-VRPI-8X-000065_fix">Edit the /usr/lib/vmware-vcops/tomcat-enterprise/conf/server.xml file.

Navigate to each of the &lt;Connector&gt; nodes.

Configure each &lt;Connector&gt; node with the value 'URIEncoding="UTF-8"'.

Restart the service:
# systemctl restart api.service</fixtext>
      <check system="N/A">
        <check-content>At the command prompt, run the following command:

# xmllint --xpath "//Connector[not(@URIEncoding)] | //Connector[@URIEncoding != 'UTF-8']" /usr/lib/vmware-vcops/tomcat-enterprise/conf/server.xml | awk 1 RS='&lt;Connector' ORS='\n&lt;Connector'

If any Connector nodes are returned, and the value of "URIEncoding" is not set to "UTF-8" or is missing for each connector item returned, this is a finding.</check-content>
      </check>
    </Rule>
  </Group>
  <Group id="V-VRPI-8X-000034">
    <title>SRG-APP-000133-AS-000092</title>
    <Rule id="SV-VRPI-8X-000034" severity="medium" weight="10.0">
      <version>VRPI-8X-000034</version>
      <title>The VMware Aria Operations API service must limit privileges for creating or modifying hosted application shared files.</title>
      <description>&lt;VulnDiscussion&gt;Application servers have the ability to specify that the hosted applications utilize shared libraries. The application server must have a capability to divide roles based upon duties wherein one project user (such as a developer) cannot modify the shared library code of another project user. The application server must also be able to specify that non-privileged users cannot modify any shared library code at all. 

Ensuring the Security Lifecycle Listener element is uncommented and sets a minimum Umask value will allow the Tomcat server to perform a number of security checks when starting and prevent the service from starting if they fail.&lt;/VulnDiscussion&gt;&lt;FalsePositives&gt;&lt;/FalsePositives&gt;&lt;FalseNegatives&gt;&lt;/FalseNegatives&gt;&lt;Documentable&gt;false&lt;/Documentable&gt;&lt;Mitigations&gt;&lt;/Mitigations&gt;&lt;SecurityOverrideGuidance&gt;&lt;/SecurityOverrideGuidance&gt;&lt;PotentialImpacts&gt;&lt;/PotentialImpacts&gt;&lt;ThirdPartyTools&gt;&lt;/ThirdPartyTools&gt;&lt;MitigationControl&gt;&lt;/MitigationControl&gt;&lt;Responsibility&gt;&lt;/Responsibility&gt;&lt;IAControls&gt;&lt;/IAControls&gt;</description>
      <ident system="http://cyber.mil/cci">CCI-001499</ident>
      <fixtext fixref="F-VRPI-8X-000034_fix">Edit the /usr/lib/vmware-vcops/tomcat-enterprise/conf/server.xml file.

Ensure the Security Lifecycle Listener is uncommented and configured correctly based on environment requirements.

EXAMPLE:
&lt;Listener className="org.apache.catalina.security.SecurityListener" /&gt;

Restart the service:
# systemctl restart api.service

Note: The default value for "minimumUmask" is "0007", so it is not mandatory to be present.</fixtext>
      <check system="N/A">
        <check-content>At the command prompt, run the following command:

# xmllint --xpath "//*[contains(@className, 'SecurityListener')]/parent::*" /usr/lib/vmware-vcops/tomcat-enterprise/conf/server.xml

Review to ensure the Security Lifecycle Listener is uncommented and configured correctly based on environment requirements.

EXAMPLE:
&lt;Listener className="org.apache.catalina.security.SecurityListener"  minimumUmask="0007" /&gt;

If the "org.apache.catalina.security.SecurityListener" listener is not present, this is a finding.

If the "org.apache.catalina.security.SecurityListener" listener is configured with a "minimumUmask" and is not "0007", this is a finding.</check-content>
      </check>
    </Rule>
  </Group>
  <Group id="V-VRPI-8X-000124">
    <title>SRG-APP-000516-AS-000237</title>
    <Rule id="SV-VRPI-8X-000124" severity="medium" weight="10.0">
      <version>VRPI-8X-000124</version>
      <title>The VMware Aria Operations API service must enable "STRICT_SERVLET_COMPLIANCE".</title>
      <description>&lt;VulnDiscussion&gt;Strict Servlet Compliance forces Tomcat to adhere to standards specifications including but not limited to RFC2109. RFC2109 sets the standard for HTTP session management. This setting affects several other settings which primarily pertain to cookie headers, cookie values, and sessions. Cookies will be parsed for strict adherence to specifications.

Note that changing a number of these default settings may break some systems, as some browsers are unable to correctly handle the cookie headers that result from a strict adherence to the specifications.

This one setting changes the default values for the following settings:

org.apache.catalina.core.ApplicationContext.GET_RESOURCE_REQUIRE_SLASH
org.apache.catalina.core.ApplicationDispatcher.WRAP_SAME_OBJECT
org.apache.catalina.core.StandardHostValve.ACCESS_SESSION
org.apache.catalina.session.StandardSession.ACTIVITY_CHECK
org.apache.catalina.session.StandardSession.LAST_ACCESS_AT_START
org.apache.tomcat.util.http.ServerCookie.ALWAYS_ADD_EXPIRES
org.apache.tomcat.util.http.ServerCookie.FWD_SLASH_IS_SEPARATOR
org.apache.tomcat.util.http.ServerCookie.PRESERVE_COOKIE_HEADER
org.apache.tomcat.util.http.ServerCookie.STRICT_NAMING
The "resourceOnlyServlets" attribute of any Context element.
The "tldValidation" attribute of any Context element.
The "useRelativeRedirects" attribute of any Context element.
The "xmlNamespaceAware" attribute of any Context element.
The "xmlValidation" attribute of any Context element.&lt;/VulnDiscussion&gt;&lt;FalsePositives&gt;&lt;/FalsePositives&gt;&lt;FalseNegatives&gt;&lt;/FalseNegatives&gt;&lt;Documentable&gt;false&lt;/Documentable&gt;&lt;Mitigations&gt;&lt;/Mitigations&gt;&lt;SecurityOverrideGuidance&gt;&lt;/SecurityOverrideGuidance&gt;&lt;PotentialImpacts&gt;&lt;/PotentialImpacts&gt;&lt;ThirdPartyTools&gt;&lt;/ThirdPartyTools&gt;&lt;MitigationControl&gt;&lt;/MitigationControl&gt;&lt;Responsibility&gt;&lt;/Responsibility&gt;&lt;IAControls&gt;&lt;/IAControls&gt;</description>
      <ident system="http://cyber.mil/cci">CCI-000366</ident>
      <fixtext fixref="F-VRPI-8X-000124_fix">Navigate to and open the /usr/lib/vmware-vcops/tomcat-enterprise/conf/catalina.properties file.

Add or update the following line:

org.apache.catalina.STRICT_SERVLET_COMPLIANCE=true

Restart the service with the following command:

# systemctl restart api.service</fixtext>
      <check system="N/A">
        <check-content>At the command line, run the following command:

# grep STRICT_SERVLET_COMPLIANCE /usr/lib/vmware-vcops/tomcat-enterprise/conf/catalina.properties

Example result:

org.apache.catalina.STRICT_SERVLET_COMPLIANCE=true

If there are no results, or if the "org.apache.catalina.STRICT_SERVLET_COMPLIANCE" is not set to "true", this is a finding.</check-content>
      </check>
    </Rule>
  </Group>
  <Group id="V-VRPI-8X-000005">
    <title>SRG-APP-000033-AS-000024</title>
    <Rule id="SV-VRPI-8X-000005" severity="medium" weight="10.0">
      <version>VRPI-8X-000005</version>
      <title>The VMware Aria Operations API service cookies must have secure flag set.</title>
      <description>&lt;VulnDiscussion&gt;It is possible to steal or manipulate web application session and cookies without having a secure cookie. Configuring the secure flag injects the setting into the response header.

The /usr/lib/vmware-vcops/tomcat-enterprise/conf/web.xml file controls how each application handles cookies via the &lt;cookie-config&gt; element.&lt;/VulnDiscussion&gt;&lt;FalsePositives&gt;&lt;/FalsePositives&gt;&lt;FalseNegatives&gt;&lt;/FalseNegatives&gt;&lt;Documentable&gt;false&lt;/Documentable&gt;&lt;Mitigations&gt;&lt;/Mitigations&gt;&lt;SecurityOverrideGuidance&gt;&lt;/SecurityOverrideGuidance&gt;&lt;PotentialImpacts&gt;&lt;/PotentialImpacts&gt;&lt;ThirdPartyTools&gt;&lt;/ThirdPartyTools&gt;&lt;MitigationControl&gt;&lt;/MitigationControl&gt;&lt;Responsibility&gt;&lt;/Responsibility&gt;&lt;IAControls&gt;&lt;/IAControls&gt;</description>
      <ident system="http://cyber.mil/cci">CCI-000213</ident>
      <fixtext fixref="F-VRPI-8X-000005_fix">Edit the /usr/lib/vmware-vcops/tomcat-enterprise/conf/web.xml.

If the cookie-config section does not exist it must be added. Add or modify the &lt;secure&gt; setting as a child node to the &lt;cookie-config&gt; node and set its value to true.

EXAMPLE:
&lt;web-app&gt;
...
  &lt;session-config&gt;
    &lt;session-timeout&gt;15&lt;/session-timeout&gt;
    &lt;cookie-config&gt;
      &lt;http-only&gt;true&lt;/http-only&gt;
      &lt;secure&gt;true&lt;/secure&gt;
    &lt;/cookie-config&gt;
  &lt;/session-config&gt;
...
&lt;/web-app&gt;

Restart the service:
# systemctl restart api.service</fixtext>
      <check system="N/A">
        <check-content>At the command prompt, run the following command:

xmllint --xpath "//*[local-name()='cookie-config']/parent::*" /usr/lib/vmware-vcops/tomcat-enterprise/conf/web.xml

If the command returns no results or if the &lt;cookie-config&gt;&lt;secure&gt; element is not set to true, this is a finding.

EXAMPLE:
&lt;session-config&gt;
  &lt;session-timeout&gt;15&lt;/session-timeout&gt;
  &lt;cookie-config&gt;
    &lt;http-only&gt;true&lt;/http-only&gt;
    &lt;secure&gt;true&lt;/secure&gt;
  &lt;/cookie-config&gt;
&lt;/session-config&gt;</check-content>
      </check>
    </Rule>
  </Group>
  <Group id="V-VRPI-8X-000001">
    <title>SRG-APP-000001-AS-000001</title>
    <Rule id="SV-VRPI-8X-000001" severity="medium" weight="10.0">
      <version>VRPI-8X-000001</version>
      <title>The VMware Aria Operations API service must limit the number of maximum concurrent connections permitted.</title>
      <description>&lt;VulnDiscussion&gt;Resource exhaustion can occur when an unlimited number of concurrent requests are allowed on a web site, facilitating a denial of service attack. Unless the number of requests is controlled, the web server can eventually consume enough system resources to cause a system crash.

Mitigating this kind of attack includes limiting the number of concurrent HTTP/HTTPS requests.  Each incoming request requires a thread for the duration of that request. If more simultaneous requests are received than can be handled by the currently available request processing threads, additional threads will be created up to the value of the maxThreads attribute.

NOTE: Executor settings will override Connector settings&lt;/VulnDiscussion&gt;&lt;FalsePositives&gt;&lt;/FalsePositives&gt;&lt;FalseNegatives&gt;&lt;/FalseNegatives&gt;&lt;Documentable&gt;false&lt;/Documentable&gt;&lt;Mitigations&gt;&lt;/Mitigations&gt;&lt;SecurityOverrideGuidance&gt;&lt;/SecurityOverrideGuidance&gt;&lt;PotentialImpacts&gt;&lt;/PotentialImpacts&gt;&lt;ThirdPartyTools&gt;&lt;/ThirdPartyTools&gt;&lt;MitigationControl&gt;&lt;/MitigationControl&gt;&lt;Responsibility&gt;&lt;/Responsibility&gt;&lt;IAControls&gt;&lt;/IAControls&gt;</description>
      <ident system="http://cyber.mil/cci">CCI-000054</ident>
      <fixtext fixref="F-VRPI-8X-000001_fix">Navigate to and open /usr/lib/vmware-vcops/tomcat-enterprise/conf/server.xml

Navigate to the &lt;Executor&gt; node.

Configure the &lt;Executor&gt; node with the value 'maxThreads="200"'

Example:
   &lt;Executor maxThreads="200"
          minSpareThreads="50"
          name="tomcatThreadPool"
          namePrefix="tomcat-http--"/&gt;
&lt;Connector executor="tomcatThreadPool"
   ...&gt;

Restart the service:
# systemctl restart api.service

Note:  If a Connector is linked to an Executor, Executor settings will override Connector settings. In the example above, the value 200 is default and should be replaced with the appropriate value for the environment.</fixtext>
      <check system="N/A">
        <check-content>At the command prompt, run the following commands:

# xmllint --xpath "//Executor[not(@maxThreads)]/@name | //Executor[@maxThreads != '200']/@name" /usr/lib/vmware-vcops/tomcat-enterprise/conf/server.xml | awk 1 RS=' '
# xmllint --xpath "//Connector[not(@maxThreads)]/@port | //Connector[@maxThreads != '200']/@port" /usr/lib/vmware-vcops/tomcat-enterprise/conf/server.xml | awk 1 RS=' '

The default value for maxThreads is 200.

If the value of "maxThreads" is missing, this is not a finding. 

If the value of "maxThreads" is set at either the Executor node or each Connector node, and the value is not set to an allowed limit for the environment, this is a finding.

Note:  If a Connector is linked to an Executor, Executor settings will override Connector settings. In the commands above, the value 200 is default and should be replaced with the appropriate value for the environment.</check-content>
      </check>
    </Rule>
  </Group>
  <Group id="V-VRPI-8X-000025">
    <title>SRG-APP-000118-AS-000078</title>
    <Rule id="SV-VRPI-8X-000025" severity="medium" weight="10.0">
      <version>VRPI-8X-000025</version>
      <title>The VMware Aria Operations API service logs folder permissions must be set correctly.</title>
      <description>&lt;VulnDiscussion&gt;Log data is essential in the investigation of events. The accuracy of the information is always pertinent. One of the first steps an attacker will take is the modification or deletion of log records to cover tracks and prolong discovery. The web server must protect the log data from unauthorized modification.

Satisfies: SRG-APP-000120-AS-000080, SRG-APP-000119-AS-000079&lt;/VulnDiscussion&gt;&lt;FalsePositives&gt;&lt;/FalsePositives&gt;&lt;FalseNegatives&gt;&lt;/FalseNegatives&gt;&lt;Documentable&gt;false&lt;/Documentable&gt;&lt;Mitigations&gt;&lt;/Mitigations&gt;&lt;SecurityOverrideGuidance&gt;&lt;/SecurityOverrideGuidance&gt;&lt;PotentialImpacts&gt;&lt;/PotentialImpacts&gt;&lt;ThirdPartyTools&gt;&lt;/ThirdPartyTools&gt;&lt;MitigationControl&gt;&lt;/MitigationControl&gt;&lt;Responsibility&gt;&lt;/Responsibility&gt;&lt;IAControls&gt;&lt;/IAControls&gt;</description>
      <ident system="http://cyber.mil/cci">CCI-000162</ident>
      <fixtext fixref="F-VRPI-8X-000025_fix">At the command prompt, run the following commands:

# chmod o-w &lt;file&gt;
# chown admin:admin &lt;file&gt;

Note: Substitute &lt;file&gt; with the listed file.</fixtext>
      <check system="N/A">
        <check-content>At the command prompt, run the following command:

# find /usr/lib/vmware-vcops/tomcat-enterprise/logs/ -xdev -type f -a '(' -perm -o+w -o -not -user admin -o -not -group admin ')' -exec ls -ld {} \;

If any files are returned, this is a finding.</check-content>
      </check>
    </Rule>
  </Group>
  <Group id="V-VRPI-8X-000139">
    <title>SRG-APP-000141-AS-000095</title>
    <Rule id="SV-VRPI-8X-000139" severity="medium" weight="10.0">
      <version>VRPI-8X-000139</version>
      <title>The VMware Aria Operations API service must have Autodeploy disabled.</title>
      <description>&lt;VulnDiscussion&gt;Tomcat allows auto-deployment of applications while it is running. This can allow untested or malicious applications to be automatically loaded into production. Autodeploy must be disabled in production.&lt;/VulnDiscussion&gt;&lt;FalsePositives&gt;&lt;/FalsePositives&gt;&lt;FalseNegatives&gt;&lt;/FalseNegatives&gt;&lt;Documentable&gt;false&lt;/Documentable&gt;&lt;Mitigations&gt;&lt;/Mitigations&gt;&lt;SecurityOverrideGuidance&gt;&lt;/SecurityOverrideGuidance&gt;&lt;PotentialImpacts&gt;&lt;/PotentialImpacts&gt;&lt;ThirdPartyTools&gt;&lt;/ThirdPartyTools&gt;&lt;MitigationControl&gt;&lt;/MitigationControl&gt;&lt;Responsibility&gt;&lt;/Responsibility&gt;&lt;IAControls&gt;&lt;/IAControls&gt;</description>
      <ident system="http://cyber.mil/cci">CCI-000381</ident>
      <fixtext fixref="F-VRPI-8X-000139_fix">Navigate to and open the /usr/lib/vmware-vcops/tomcat-enterprise/conf/server.xml file.

Navigate to the &lt;Host&gt; node and configure with the value 'autoDeploy="false"'.

Restart the service with the following command:

# systemctl restart api.service</fixtext>
      <check system="N/A">
        <check-content>At the command prompt, run the following command:

# xmllint --xpath "//Host/@autoDeploy" /usr/lib/vmware-vcops/tomcat-enterprise/conf/server.xml

Expected result:

autoDeploy="false"

If "autoDeploy" does not equal "false", this is a finding.</check-content>
      </check>
    </Rule>
  </Group>
  <Group id="V-VRPI-8X-000151">
    <title>SRG-APP-000516-AS-000237</title>
    <Rule id="SV-VRPI-8X-000151" severity="medium" weight="10.0">
      <version>VRPI-8X-000151</version>
      <title>The VMware Aria Operations API service must disable "ALLOW_BACKSLASH".</title>
      <description>&lt;VulnDiscussion&gt;When Tomcat is installed behind a proxy configured to only allow access to certain contexts (web applications), an HTTP request containing "/\../" may allow attackers to work around the proxy restrictions using directory traversal attack methods. If "allow_backslash" is "true", the "\" character will be permitted as a path delimiter. The default value for the setting is "false", but Tomcat must always be configured as if no proxy restricting context access was used, and "allow_backslash" should be set to "false" to prevent directory-traversal-style attacks. This setting can create operability issues with noncompliant clients.&lt;/VulnDiscussion&gt;&lt;FalsePositives&gt;&lt;/FalsePositives&gt;&lt;FalseNegatives&gt;&lt;/FalseNegatives&gt;&lt;Documentable&gt;false&lt;/Documentable&gt;&lt;Mitigations&gt;&lt;/Mitigations&gt;&lt;SecurityOverrideGuidance&gt;&lt;/SecurityOverrideGuidance&gt;&lt;PotentialImpacts&gt;&lt;/PotentialImpacts&gt;&lt;ThirdPartyTools&gt;&lt;/ThirdPartyTools&gt;&lt;MitigationControl&gt;&lt;/MitigationControl&gt;&lt;Responsibility&gt;&lt;/Responsibility&gt;&lt;IAControls&gt;&lt;/IAControls&gt;</description>
      <ident system="http://cyber.mil/cci">CCI-000366</ident>
      <fixtext fixref="F-VRPI-8X-000151_fix">Navigate to and open the /usr/lib/vmware-vcops/tomcat-enterprise/conf/catalina.properties file.

Update or remove the following line:

org.apache.catalina.connector.ALLOW_BACKSLASH=false

Restart the service with the following command:

# systemctl restart api.service</fixtext>
      <check system="N/A">
        <check-content>At the command prompt, run the following command:

# grep -i ALLOW_BACKSLASH /usr/lib/vmware-vcops/tomcat-enterprise/conf/catalina.properties

Example result:

org.apache.catalina.connector.ALLOW_BACKSLASH=false

If the "org.apache.catalina.connector.ALLOW_BACKSLASH" setting does not exist, this is not a finding.

If "org.apache.catalina.connector.ALLOW_BACKSLASH" exists and is not set to "false", this is a finding.</check-content>
      </check>
    </Rule>
  </Group>
  <Group id="V-VRPI-8X-000130">
    <title>SRG-APP-000033-AS-000024</title>
    <Rule id="SV-VRPI-8X-000130" severity="medium" weight="10.0">
      <version>VRPI-8X-000130</version>
      <title>The VMware Aria Operations API service DefaultServlet must be set to "readonly" for "PUT" and "DELETE" commands.</title>
      <description>&lt;VulnDiscussion&gt;The default servlet (or DefaultServlet) is a special servlet provided with Tomcat that is called when no other suitable page is found in a particular folder. The DefaultServlet serves static resources as well as directory listings. The DefaultServlet is configured by default with the "readonly" parameter set to "true" where HTTP commands such as "PUT" and "DELETE" are rejected.

Changing this to "false" allows clients to delete or modify static resources on the server and to upload new resources. DefaultServlet "readonly" must be set to "true", either literally or by absence (default).&lt;/VulnDiscussion&gt;&lt;FalsePositives&gt;&lt;/FalsePositives&gt;&lt;FalseNegatives&gt;&lt;/FalseNegatives&gt;&lt;Documentable&gt;false&lt;/Documentable&gt;&lt;Mitigations&gt;&lt;/Mitigations&gt;&lt;SecurityOverrideGuidance&gt;&lt;/SecurityOverrideGuidance&gt;&lt;PotentialImpacts&gt;&lt;/PotentialImpacts&gt;&lt;ThirdPartyTools&gt;&lt;/ThirdPartyTools&gt;&lt;MitigationControl&gt;&lt;/MitigationControl&gt;&lt;Responsibility&gt;&lt;/Responsibility&gt;&lt;IAControls&gt;&lt;/IAControls&gt;</description>
      <ident system="http://cyber.mil/cci">CCI-000213</ident>
      <fixtext fixref="F-VRPI-8X-000130_fix">Navigate to and open the /usr/lib/vmware-vcops/tomcat-enterprise/conf/web.xml file.

Navigate to the /&lt;web-apps&gt;/&lt;servlet&gt;/&lt;servlet-class&gt;org.apache.catalina.servlets.DefaultServlet&lt;/servlet-class&gt;/ node and remove the following nodes:

&lt;init-param&gt;
      &lt;param-name&gt;readonly&lt;/param-name&gt;
      &lt;param-value&gt;false&lt;/param-value&gt;
&lt;/init-param&gt;

Restart the service with the following command:

# systemctl restart api.service</fixtext>
      <check system="N/A">
        <check-content>At the command prompt, run the following command:

# xmllint --xpath "//*[contains(text(), 'DefaultServlet')]/parent::*" /usr/lib/vmware-vcops/tomcat-enterprise/conf/web.xml

Example output:

&lt;servlet&gt;
  &lt;servlet-name&gt;default&lt;/servlet-name&gt;
  &lt;servlet-class&gt;org.apache.catalina.servlets.DefaultServlet&lt;/servlet-class&gt;
    ...
    &lt;init-param&gt;
      &lt;param-name&gt;readonly&lt;/param-name&gt;
      &lt;param-value&gt;true&lt;/param-value&gt;
    &lt;/init-param&gt;
    ...
&lt;/servlet&gt;

If the "readonly" param-value for the "DefaultServlet" servlet class is set to "false", this is a finding.

If the "readonly" param-value does not exist, this is not a finding.</check-content>
      </check>
    </Rule>
  </Group>
  <Group id="V-VRPI-8X-000155">
    <title>SRG-APP-000141-AS-000095</title>
    <Rule id="SV-VRPI-8X-000155" severity="medium" weight="10.0">
      <version>VRPI-8X-000155</version>
      <title>The VMware Aria Operations API service host-manager webapp must be removed.</title>
      <description>&lt;VulnDiscussion&gt;Tomcat provides host management functionality through either a default host-manager webapp or through local editing of the configuration files. The host-manager webapp files must be deleted, and administration must be performed through the local editing of the configuration files.&lt;/VulnDiscussion&gt;&lt;FalsePositives&gt;&lt;/FalsePositives&gt;&lt;FalseNegatives&gt;&lt;/FalseNegatives&gt;&lt;Documentable&gt;false&lt;/Documentable&gt;&lt;Mitigations&gt;&lt;/Mitigations&gt;&lt;SecurityOverrideGuidance&gt;&lt;/SecurityOverrideGuidance&gt;&lt;PotentialImpacts&gt;&lt;/PotentialImpacts&gt;&lt;ThirdPartyTools&gt;&lt;/ThirdPartyTools&gt;&lt;MitigationControl&gt;&lt;/MitigationControl&gt;&lt;Responsibility&gt;&lt;/Responsibility&gt;&lt;IAControls&gt;&lt;/IAControls&gt;</description>
      <ident system="http://cyber.mil/cci">CCI-000381</ident>
      <fixtext fixref="F-VRPI-8X-000155_fix">At the command prompt, run the following command:

# rm -rf /usr/lib/vmware-vcops/tomcat-enterprise/webapps/host-manager</fixtext>
      <check system="N/A">
        <check-content>At the command prompt, run the following command:

# ls -l /usr/lib/vmware-vcops/tomcat-enterprise/webapps/host-manager

If the manager folder exists or contains any content, this is a finding.</check-content>
      </check>
    </Rule>
  </Group>
  <Group id="V-VRPI-8X-000014">
    <title>SRG-APP-000095-AS-000056</title>
    <Rule id="SV-VRPI-8X-000014" severity="medium" weight="10.0">
      <version>VRPI-8X-000014</version>
      <title>The VMware Aria Operations API service must produce log records containing sufficient information regarding event details.</title>
      <description>&lt;VulnDiscussion&gt;Remote access can be exploited by an attacker to compromise the server. By recording all remote access activities, it will be possible to determine the attacker's location, intent, and degree of success.

Tomcat can be configured with an "AccessLogValve", a component that can be inserted into the request processing pipeline to provide robust access logging. The "AccessLogValve" creates log files in the same format as those created by standard web servers. When "AccessLogValve" is properly configured, log files will contain all the forensic information necessary in the case of a security incident.

Satisfies: SRG-APP-000090-AS-000051, SRG-APP-000080-AS-000045, SRG-APP-000499-AS-000224, SRG-APP-000375-AS-000211, SRG-APP-000091-AS-000052, SRG-APP-000099-AS-000062, SRG-APP-000089-AS-000050, SRG-APP-000016-AS-000013, SRG-APP-000100-AS-000063, SRG-APP-000343-AS-000030, SRG-APP-000503-AS-000228, SRG-APP-000098-AS-000061, SRG-APP-000096-AS-000059, SRG-APP-000097-AS-000060, SRG-APP-000495-AS-000220&lt;/VulnDiscussion&gt;&lt;FalsePositives&gt;&lt;/FalsePositives&gt;&lt;FalseNegatives&gt;&lt;/FalseNegatives&gt;&lt;Documentable&gt;false&lt;/Documentable&gt;&lt;Mitigations&gt;&lt;/Mitigations&gt;&lt;SecurityOverrideGuidance&gt;&lt;/SecurityOverrideGuidance&gt;&lt;PotentialImpacts&gt;&lt;/PotentialImpacts&gt;&lt;ThirdPartyTools&gt;&lt;/ThirdPartyTools&gt;&lt;MitigationControl&gt;&lt;/MitigationControl&gt;&lt;Responsibility&gt;&lt;/Responsibility&gt;&lt;IAControls&gt;&lt;/IAControls&gt;</description>
      <ident system="http://cyber.mil/cci">CCI-000130</ident>
      <fixtext fixref="F-VRPI-8X-000014_fix">Navigate to and open the /usr/lib/vmware-vcops/tomcat-enterprise/conf/server.xml file.

Inside the &lt;Host&gt; node, find the "AccessLogValve" &lt;Valve&gt; node and replace the "pattern" element as follows:

pattern="%t %h %l %u &amp;quot;%r&amp;quot; %s %b %D"

Restart the service with the following command:

# systemctl restart api.service</fixtext>
      <check system="N/A">
        <check-content>At the command prompt, run the following command:

# xmllint --xpath '/Server/Service/Engine/Host/Valve[@className="org.apache.catalina.valves.AccessLogValve"]/@pattern' /usr/lib/vmware-vcops/tomcat-enterprise/conf/server.xml

Example result:

pattern="%t %h %l %u &amp;quot;%r&amp;quot; %s %b %D"

Required elements:

%h %l %t %u &amp;quot;%r&amp;quot; %s %b

If the log pattern does not contain the required elements in any order, this is a finding.</check-content>
      </check>
    </Rule>
  </Group>
  <Group id="V-VRPI-8X-000057">
    <title>SRG-APP-000223-AS-000150</title>
    <Rule id="SV-VRPI-8X-000057" severity="medium" weight="10.0">
      <version>VRPI-8X-000057</version>
      <title>The VMware Aria Operations API service must be configured to limit data exposure between applications.</title>
      <description>&lt;VulnDiscussion&gt;If RECYCLE_FACADES is true or if a security manager is in use, a new facade object will be created for each request. This reduces the chances that a bug in an application might expose data from one request to another.

Satisfies: SRG-APP-000516-AS-000237&lt;/VulnDiscussion&gt;&lt;FalsePositives&gt;&lt;/FalsePositives&gt;&lt;FalseNegatives&gt;&lt;/FalseNegatives&gt;&lt;Documentable&gt;false&lt;/Documentable&gt;&lt;Mitigations&gt;&lt;/Mitigations&gt;&lt;SecurityOverrideGuidance&gt;&lt;/SecurityOverrideGuidance&gt;&lt;PotentialImpacts&gt;&lt;/PotentialImpacts&gt;&lt;ThirdPartyTools&gt;&lt;/ThirdPartyTools&gt;&lt;MitigationControl&gt;&lt;/MitigationControl&gt;&lt;Responsibility&gt;&lt;/Responsibility&gt;&lt;IAControls&gt;&lt;/IAControls&gt;</description>
      <ident system="http://cyber.mil/cci">CCI-001664</ident>
      <fixtext fixref="F-VRPI-8X-000057_fix">Navigate to and open the /usr/lib/vmware-vcops/tomcat-enterprise/conf/catalina.properties file.

Add or update the following line:

org.apache.catalina.connector.RECYCLE_FACADES=true

Restart the service with the following command:

# systemctl restart api.service</fixtext>
      <check system="N/A">
        <check-content>At the command line, run the following command:

# grep RECYCLE_FACADES /usr/lib/vmware-vcops/tomcat-enterprise/conf/catalina.properties

Example result:

org.apache.catalina.connector.RECYCLE_FACADES=true

If "org.apache.catalina.connector.RECYCLE_FACADES" is not set to "true", this is a finding.</check-content>
      </check>
    </Rule>
  </Group>
  <Group id="V-VRPI-8X-000138">
    <title>SRG-APP-000141-AS-000095</title>
    <Rule id="SV-VRPI-8X-000138" severity="medium" weight="10.0">
      <version>VRPI-8X-000138</version>
      <title>The VMware Aria Operations API service deployXML attribute must be disabled.</title>
      <description>&lt;VulnDiscussion&gt;The Host element controls deployment. Automatic deployment allows for simpler management, but also makes it easier for an attacker to deploy a malicious application. Automatic deployment is controlled by the autoDeploy and deployOnStartup attributes. If both are false, only Contexts defined in server.xml will be deployed, and any changes will require a Tomcat restart.

In a hosted environment where web applications may not be trusted, set the deployXML attribute to false to ignore any context.xml packaged with the web application that may try to assign increased privileges to the web application. Note that if the security manager is enabled, the deployXML attribute will default to false.&lt;/VulnDiscussion&gt;&lt;FalsePositives&gt;&lt;/FalsePositives&gt;&lt;FalseNegatives&gt;&lt;/FalseNegatives&gt;&lt;Documentable&gt;false&lt;/Documentable&gt;&lt;Mitigations&gt;&lt;/Mitigations&gt;&lt;SecurityOverrideGuidance&gt;&lt;/SecurityOverrideGuidance&gt;&lt;PotentialImpacts&gt;&lt;/PotentialImpacts&gt;&lt;ThirdPartyTools&gt;&lt;/ThirdPartyTools&gt;&lt;MitigationControl&gt;&lt;/MitigationControl&gt;&lt;Responsibility&gt;&lt;/Responsibility&gt;&lt;IAControls&gt;&lt;/IAControls&gt;</description>
      <ident system="http://cyber.mil/cci">CCI-000381</ident>
      <fixtext fixref="F-VRPI-8X-000138_fix">Navigate to and open the /usr/lib/vmware-vcops/tomcat-enterprise/conf/server.xml file.

Navigate to the &lt;Host&gt; node and configure with the value 'deployXML="false"'.

Restart the service with the following command:

# systemctl restart api.service</fixtext>
      <check system="N/A">
        <check-content>At the command prompt, run the following command:

# xmllint --xpath "//Host/@deployXML" /usr/lib/vmware-vcops/tomcat-enterprise/conf/server.xml

Expected result:

deployXML="false"

If "deployXML" does not equal "false", this is a finding.</check-content>
      </check>
    </Rule>
  </Group>
  <Group id="V-VRPI-8X-000062">
    <title>SRG-APP-000225-AS-000166</title>
    <Rule id="SV-VRPI-8X-000062" severity="medium" weight="10.0">
      <version>VRPI-8X-000062</version>
      <title>The VMware Aria Operations API service must be built to fail to a known safe state if system initialization fails, shutdown fails, or aborts fail.</title>
      <description>&lt;VulnDiscussion&gt;Determining a safe state for failure and weighing that against a potential denial of service for users depends on what type of application the web server is hosting. In most cases, it is preferable that the service abort startup on any initialization failure rather than continuing in a degraded, and potentially insecure, state.&lt;/VulnDiscussion&gt;&lt;FalsePositives&gt;&lt;/FalsePositives&gt;&lt;FalseNegatives&gt;&lt;/FalseNegatives&gt;&lt;Documentable&gt;false&lt;/Documentable&gt;&lt;Mitigations&gt;&lt;/Mitigations&gt;&lt;SecurityOverrideGuidance&gt;&lt;/SecurityOverrideGuidance&gt;&lt;PotentialImpacts&gt;&lt;/PotentialImpacts&gt;&lt;ThirdPartyTools&gt;&lt;/ThirdPartyTools&gt;&lt;MitigationControl&gt;&lt;/MitigationControl&gt;&lt;Responsibility&gt;&lt;/Responsibility&gt;&lt;IAControls&gt;&lt;/IAControls&gt;</description>
      <ident system="http://cyber.mil/cci">CCI-001190</ident>
      <fixtext fixref="F-VRPI-8X-000062_fix">Navigate to and open the /usr/lib/vmware-vcops/tomcat-enterprise/conf/catalina.properties file.

Add or change the following line:

org.apache.catalina.startup.EXIT_ON_INIT_FAILURE=true

Restart the service with the following command:

# systemctl restart api.service</fixtext>
      <check system="N/A">
        <check-content>At the command prompt, run the following commands:

# grep -i EXIT_ON_INIT_FAILURE /usr/lib/vmware-vcops/tomcat-enterprise/conf/catalina.properties

Example result:

org.apache.catalina.startup.EXIT_ON_INIT_FAILURE=true

If there are no results, or if the "org.apache.catalina.startup.EXIT_ON_INIT_FAILURE" is not set to "true", this is a finding.</check-content>
      </check>
    </Rule>
  </Group>
  <Group id="V-VRPI-8X-000129">
    <title>SRG-APP-000033-AS-000024</title>
    <Rule id="SV-VRPI-8X-000129" severity="medium" weight="10.0">
      <version>VRPI-8X-000129</version>
      <title>The VMware Aria Operations API service cookies must have the "http-only" flag set.</title>
      <description>&lt;VulnDiscussion&gt;It is possible to steal or manipulate web application session and cookies without having a secure cookie. Configuring the secure flag injects the setting into the response header.  When you tag a cookie with the HttpOnly flag, it tells the browser that this particular cookie should only be accessed by the server. Any attempt to access the cookie from client script is forbidden.&lt;/VulnDiscussion&gt;&lt;FalsePositives&gt;&lt;/FalsePositives&gt;&lt;FalseNegatives&gt;&lt;/FalseNegatives&gt;&lt;Documentable&gt;false&lt;/Documentable&gt;&lt;Mitigations&gt;&lt;/Mitigations&gt;&lt;SecurityOverrideGuidance&gt;&lt;/SecurityOverrideGuidance&gt;&lt;PotentialImpacts&gt;&lt;/PotentialImpacts&gt;&lt;ThirdPartyTools&gt;&lt;/ThirdPartyTools&gt;&lt;MitigationControl&gt;&lt;/MitigationControl&gt;&lt;Responsibility&gt;&lt;/Responsibility&gt;&lt;IAControls&gt;&lt;/IAControls&gt;</description>
      <ident system="http://cyber.mil/cci">CCI-000213</ident>
      <fixtext fixref="F-VRPI-8X-000129_fix">Edit the /usr/lib/vmware-vcops/tomcat-enterprise/conf/web.xml file.

Navigate to the &lt;session-config&gt; node and configure the &lt;http-only&gt; as follows:

&lt;session-config&gt;
  &lt;session-timeout&gt;30&lt;/session-timeout&gt;
  &lt;cookie-config&gt;
    &lt;http-only&gt;true&lt;/http-only&gt;
    &lt;secure&gt;true&lt;/secure&gt;
  &lt;/cookie-config&gt;
&lt;/session-config&gt;

Restart the service with the following command:

# systemctl restart api.service</fixtext>
      <check system="N/A">
        <check-content>At the command prompt, run the following command:

# xmllint --xpath "//*[local-name()='cookie-config']/parent::*" /usr/lib/vmware-vcops/tomcat-enterprise/conf/web.xml

Example result:

&lt;session-config&gt;
  &lt;session-timeout&gt;30&lt;/session-timeout&gt;
  &lt;cookie-config&gt;
    &lt;http-only&gt;true&lt;/http-only&gt;
    &lt;secure&gt;true&lt;/secure&gt;
  &lt;/cookie-config&gt;
&lt;/session-config&gt;

If the command returns no results or if the "&lt;http-only&gt;" element is not set to true, this is a finding.</check-content>
      </check>
    </Rule>
  </Group>
  <Group id="V-VRPI-8X-000140">
    <title>SRG-APP-000141-AS-000095</title>
    <Rule id="SV-VRPI-8X-000140" severity="medium" weight="10.0">
      <version>VRPI-8X-000140</version>
      <title>The VMware Aria Operations API service xpoweredBy attribute must be disabled.</title>
      <description>&lt;VulnDiscussion&gt;Individual connectors can be configured to display the Tomcat information to clients. This information can be used to identify server versions that can be useful to attackers for identifying vulnerable versions of Tomcat. Individual connectors must be checked for the xpoweredBy attribute to ensure they do not pass server information to clients. The default value for xpoweredBy is "false".&lt;/VulnDiscussion&gt;&lt;FalsePositives&gt;&lt;/FalsePositives&gt;&lt;FalseNegatives&gt;&lt;/FalseNegatives&gt;&lt;Documentable&gt;false&lt;/Documentable&gt;&lt;Mitigations&gt;&lt;/Mitigations&gt;&lt;SecurityOverrideGuidance&gt;&lt;/SecurityOverrideGuidance&gt;&lt;PotentialImpacts&gt;&lt;/PotentialImpacts&gt;&lt;ThirdPartyTools&gt;&lt;/ThirdPartyTools&gt;&lt;MitigationControl&gt;&lt;/MitigationControl&gt;&lt;Responsibility&gt;&lt;/Responsibility&gt;&lt;IAControls&gt;&lt;/IAControls&gt;</description>
      <ident system="http://cyber.mil/cci">CCI-000381</ident>
      <fixtext fixref="F-VRPI-8X-000140_fix">Navigate to and open the /usr/lib/vmware-vcops/tomcat-enterprise/conf/server.xml file.

Navigate to the &lt;Connector&gt; node and remove the "xpoweredBy" attribute.

Restart the service with the following command:

# systemctl restart api.service</fixtext>
      <check system="N/A">
        <check-content>At the command prompt, run the following command:

# xmllint --xpath "//Connector/@xpoweredBy" /usr/lib/vmware-vcops/tomcat-enterprise/conf/server.xml

Example result:

XPath set is empty

If the "xpoweredBy" parameter is specified and is not "false", this is a finding.

If the "xpoweredBy" parameter does not exist, this is not a finding.</check-content>
      </check>
    </Rule>
  </Group>
  <Group id="V-VRPI-8X-000143">
    <title>SRG-APP-000141-AS-000095</title>
    <Rule id="SV-VRPI-8X-000143" severity="medium" weight="10.0">
      <version>VRPI-8X-000143</version>
      <title>The VMware Aria Operations API service default documentation must be removed.</title>
      <description>&lt;VulnDiscussion&gt;Tomcat provides documentation and other directories in the default installation that do not serve a production use. These files must be deleted.&lt;/VulnDiscussion&gt;&lt;FalsePositives&gt;&lt;/FalsePositives&gt;&lt;FalseNegatives&gt;&lt;/FalseNegatives&gt;&lt;Documentable&gt;false&lt;/Documentable&gt;&lt;Mitigations&gt;&lt;/Mitigations&gt;&lt;SecurityOverrideGuidance&gt;&lt;/SecurityOverrideGuidance&gt;&lt;PotentialImpacts&gt;&lt;/PotentialImpacts&gt;&lt;ThirdPartyTools&gt;&lt;/ThirdPartyTools&gt;&lt;MitigationControl&gt;&lt;/MitigationControl&gt;&lt;Responsibility&gt;&lt;/Responsibility&gt;&lt;IAControls&gt;&lt;/IAControls&gt;</description>
      <ident system="http://cyber.mil/cci">CCI-000381</ident>
      <fixtext fixref="F-VRPI-8X-000143_fix">At the command prompt, run the following command:

# rm -rf /usr/lib/vmware-vcops/tomcat-enterprise/webapps/docs</fixtext>
      <check system="N/A">
        <check-content>At the command prompt, run the following command:

# ls -l /usr/lib/vmware-vcops/tomcat-enterprise/webapps/docs

If the "docs" folder exists or contains any content, this is a finding.</check-content>
      </check>
    </Rule>
  </Group>
  <Group id="V-VRPI-8X-000141">
    <title>SRG-APP-000141-AS-000095</title>
    <Rule id="SV-VRPI-8X-000141" severity="medium" weight="10.0">
      <version>VRPI-8X-000141</version>
      <title>The VMware Aria Operations API service example applications must be removed.</title>
      <description>&lt;VulnDiscussion&gt;Tomcat provides example applications, documentation, and other directories in the default installation that do not serve a production use. These files must be deleted.&lt;/VulnDiscussion&gt;&lt;FalsePositives&gt;&lt;/FalsePositives&gt;&lt;FalseNegatives&gt;&lt;/FalseNegatives&gt;&lt;Documentable&gt;false&lt;/Documentable&gt;&lt;Mitigations&gt;&lt;/Mitigations&gt;&lt;SecurityOverrideGuidance&gt;&lt;/SecurityOverrideGuidance&gt;&lt;PotentialImpacts&gt;&lt;/PotentialImpacts&gt;&lt;ThirdPartyTools&gt;&lt;/ThirdPartyTools&gt;&lt;MitigationControl&gt;&lt;/MitigationControl&gt;&lt;Responsibility&gt;&lt;/Responsibility&gt;&lt;IAControls&gt;&lt;/IAControls&gt;</description>
      <ident system="http://cyber.mil/cci">CCI-000381</ident>
      <fixtext fixref="F-VRPI-8X-000141_fix">At the command prompt, run the following command:

# rm -rf /usr/lib/vmware-vcops/tomcat-enterprise/webapps/examples</fixtext>
      <check system="N/A">
        <check-content>At the command prompt, run the following command:

# ls -l /usr/lib/vmware-vcops/tomcat-enterprise/webapps/examples

If the examples folder exists or contains any content, this is a finding.</check-content>
      </check>
    </Rule>
  </Group>
  <Group id="V-VRPI-8X-000142">
    <title>SRG-APP-000141-AS-000095</title>
    <Rule id="SV-VRPI-8X-000142" severity="medium" weight="10.0">
      <version>VRPI-8X-000142</version>
      <title>The VMware Aria Operations API service default ROOT web application must be removed.</title>
      <description>&lt;VulnDiscussion&gt;The default ROOT web application includes the version of Tomcat being used, links to Tomcat documentation, examples, FAQs, and mailing lists. The default ROOT web application must be removed from a publicly accessible instance and a more appropriate default page shown to users.&lt;/VulnDiscussion&gt;&lt;FalsePositives&gt;&lt;/FalsePositives&gt;&lt;FalseNegatives&gt;&lt;/FalseNegatives&gt;&lt;Documentable&gt;false&lt;/Documentable&gt;&lt;Mitigations&gt;&lt;/Mitigations&gt;&lt;SecurityOverrideGuidance&gt;&lt;/SecurityOverrideGuidance&gt;&lt;PotentialImpacts&gt;&lt;/PotentialImpacts&gt;&lt;ThirdPartyTools&gt;&lt;/ThirdPartyTools&gt;&lt;MitigationControl&gt;&lt;/MitigationControl&gt;&lt;Responsibility&gt;&lt;/Responsibility&gt;&lt;IAControls&gt;&lt;/IAControls&gt;</description>
      <ident system="http://cyber.mil/cci">CCI-000381</ident>
      <fixtext fixref="F-VRPI-8X-000142_fix">At the command prompt, run the following command:

# rm -rf /usr/lib/vmware-vcops/tomcat-enterprise/webapps/ROOT</fixtext>
      <check system="N/A">
        <check-content>At the command prompt, run the following command:

# ls -l /usr/lib/vmware-vcops/tomcat-enterprise/webapps/ROOT

If the ROOT web application contains any content, this is a finding.</check-content>
      </check>
    </Rule>
  </Group>
  <Group id="V-VRPI-8X-000144">
    <title>SRG-APP-000380-AS-000088</title>
    <Rule id="SV-VRPI-8X-000144" severity="medium" weight="10.0">
      <version>VRPI-8X-000144</version>
      <title>The VMware Aria Operations API service files must have permissions in an out-of-the-box state.</title>
      <description>&lt;VulnDiscussion&gt;As a rule, accounts on a web server are to be kept to a minimum. Only administrators, web managers, developers, auditors, and web authors require accounts on the machine hosting the web server. The resources to which these accounts have access must also be closely monitored and controlled.&lt;/VulnDiscussion&gt;&lt;FalsePositives&gt;&lt;/FalsePositives&gt;&lt;FalseNegatives&gt;&lt;/FalseNegatives&gt;&lt;Documentable&gt;false&lt;/Documentable&gt;&lt;Mitigations&gt;&lt;/Mitigations&gt;&lt;SecurityOverrideGuidance&gt;&lt;/SecurityOverrideGuidance&gt;&lt;PotentialImpacts&gt;&lt;/PotentialImpacts&gt;&lt;ThirdPartyTools&gt;&lt;/ThirdPartyTools&gt;&lt;MitigationControl&gt;&lt;/MitigationControl&gt;&lt;Responsibility&gt;&lt;/Responsibility&gt;&lt;IAControls&gt;&lt;/IAControls&gt;</description>
      <ident system="http://cyber.mil/cci">CCI-001813</ident>
      <fixtext fixref="F-VRPI-8X-000144_fix">At the command prompt, run the following commands:

# chmod o-w &lt;file&gt;
# chown admin:admin&lt;file&gt;

Note: Substitute &lt;file&gt; with each of the listed files.</fixtext>
      <check system="N/A">
        <check-content>At the command prompt, run the following command:

# find /usr/lib/vmware-vcops/tomcat-enterprise/conf -xdev -type f -a '(' -perm -o+w -o -not -user admin -o -not -group admin ')' -exec ls -ld {} \;

If any files are returned, this is a finding.</check-content>
      </check>
    </Rule>
  </Group>
  <Group id="V-VRPI-8X-000152">
    <title>SRG-APP-000516-AS-000237</title>
    <Rule id="SV-VRPI-8X-000152" severity="medium" weight="10.0">
      <version>VRPI-8X-000152</version>
      <title>The VMware Aria Operations API service must enable "ENFORCE_ENCODING_IN_GET_WRITER".</title>
      <description>&lt;VulnDiscussion&gt;Some clients try to guess the character encoding of text media when the mandated default of ISO-8859-1 should be used. Some browsers will interpret as UTF-7 when the characters are safe for ISO-8859-1. This can create the potential for a XSS attack. To defend against this, enforce_encoding_in_get_writer must be set to true.&lt;/VulnDiscussion&gt;&lt;FalsePositives&gt;&lt;/FalsePositives&gt;&lt;FalseNegatives&gt;&lt;/FalseNegatives&gt;&lt;Documentable&gt;false&lt;/Documentable&gt;&lt;Mitigations&gt;&lt;/Mitigations&gt;&lt;SecurityOverrideGuidance&gt;&lt;/SecurityOverrideGuidance&gt;&lt;PotentialImpacts&gt;&lt;/PotentialImpacts&gt;&lt;ThirdPartyTools&gt;&lt;/ThirdPartyTools&gt;&lt;MitigationControl&gt;&lt;/MitigationControl&gt;&lt;Responsibility&gt;&lt;/Responsibility&gt;&lt;IAControls&gt;&lt;/IAControls&gt;</description>
      <ident system="http://cyber.mil/cci">CCI-000366</ident>
      <fixtext fixref="F-VRPI-8X-000152_fix">Navigate to and open the /usr/lib/vmware-vcops/tomcat-enterprise/conf/catalina.properties file.

Update or remove the following line:

org.apache.catalina.connector.response.ENFORCE_ENCODING_IN_GET_WRITER=true

Restart the service with the following command:

# systemctl restart api.service</fixtext>
      <check system="N/A">
        <check-content>At the command line, run the following command:

# grep ENFORCE_ENCODING_IN_GET_WRITER /usr/lib/vmware-vcops/tomcat-enterprise/conf/catalina.properties

Example result:

org.apache.catalina.connector.response.ENFORCE_ENCODING_IN_GET_WRITER=true

If the "org.apache.catalina.connector.response.ENFORCE_ENCODING_IN_GET_WRITER" setting does not exist, this is not a finding.

If "org.apache.catalina.connector.response.ENFORCE_ENCODING_IN_GET_WRITER" exists and is not set to "true", this is a finding.</check-content>
      </check>
    </Rule>
  </Group>
  <Group id="V-VRPI-8X-000154">
    <title>SRG-APP-000141-AS-000095</title>
    <Rule id="SV-VRPI-8X-000154" severity="medium" weight="10.0">
      <version>VRPI-8X-000154</version>
      <title>The VMware Aria Operations API service manager webapp must be removed.</title>
      <description>&lt;VulnDiscussion&gt;Tomcat provides management functionality through either a default manager webapp or through local editing of the configuration files. The manager webapp files must be deleted, and administration must be performed through the local editing of the configuration files.&lt;/VulnDiscussion&gt;&lt;FalsePositives&gt;&lt;/FalsePositives&gt;&lt;FalseNegatives&gt;&lt;/FalseNegatives&gt;&lt;Documentable&gt;false&lt;/Documentable&gt;&lt;Mitigations&gt;&lt;/Mitigations&gt;&lt;SecurityOverrideGuidance&gt;&lt;/SecurityOverrideGuidance&gt;&lt;PotentialImpacts&gt;&lt;/PotentialImpacts&gt;&lt;ThirdPartyTools&gt;&lt;/ThirdPartyTools&gt;&lt;MitigationControl&gt;&lt;/MitigationControl&gt;&lt;Responsibility&gt;&lt;/Responsibility&gt;&lt;IAControls&gt;&lt;/IAControls&gt;</description>
      <ident system="http://cyber.mil/cci">CCI-000381</ident>
      <fixtext fixref="F-VRPI-8X-000154_fix">At the command prompt, run the following command:

# rm -rf /usr/lib/vmware-vcops/tomcat-enterprise/webapps/manager</fixtext>
      <check system="N/A">
        <check-content>At the command prompt, run the following command:

# ls -l /usr/lib/vmware-vcops/tomcat-enterprise/webapps/manager

If the manager folder exists or contains any content, this is a finding.</check-content>
      </check>
    </Rule>
  </Group>
</Benchmark>
