<?xml version="1.0" encoding="UTF-8"?><?xml-stylesheet type="text/xsl" href="STIG_unclass.xsl"?>
<Benchmark xmlns:dc="http://purl.org/dc/elements/1.1/" xmlns:xsi="http://www.w3.org/2001/XMLSchema-instance" xmlns:cpe="http://cpe.mitre.org/language/2.0" xmlns:xhtml="http://www.w3.org/1999/xhtml" xmlns:dsig="http://www.w3.org/2000/09/xmldsig#" xsi:schemaLocation="http://checklists.nist.gov/xccdf/1.1 http://nvd.nist.gov/schema/xccdf-1.1.4.xsdhttp://cpe.mitre.org/dictionary/2.0 http://cpe.mitre.org/files/cpe-dictionary_2.1.xsd" id="VCF vCenter Appliance VAMI" xml:lang="en" xmlns="http://checklists.nist.gov/xccdf/1.1">
  <status date="2025-06-17">draft</status>
  <title>VMware Cloud Foundation 9.x vCenter Server Appliance VAMI Service STIG Readiness Guide</title>
  <description>VMware Cloud Foundation 9.x vCenter Server Appliance VAMI Service STIG Readiness Guide</description>
  <notice id="terms-of-use" xml:lang="en"/>
  <front-matter xml:lang="en"/>
  <rear-matter xml:lang="en"/>
  <reference href="">
    <dc:publisher/>
    <dc:source/>
  </reference>
  <plain-text id="release-info">Release: 1 Benchmark Date: 17 June 2025</plain-text>
  <plain-text id="generator">3.2.2.36079</plain-text>
  <plain-text id="conventionsVersion">1.10.0</plain-text>
  <version>1</version>
  <Group id="V-VCFM-9X-000009">
    <title>SRG-APP-000095-WSR-000056</title>
    <Rule id="SV-VCFM-9X-000009" severity="medium" weight="10.0">
      <version>VCFM-9X-000009</version>
      <title>The VMware Cloud Foundation vCenter VAMI Lighttpd service must produce log records containing sufficient information to establish what type of events occurred.</title>
      <description>&lt;VulnDiscussion&gt;Web server logging capability is critical for accurate forensic analysis. Without sufficient and accurate information, a correct replay of the events cannot be determined. 

For web servers, events logging includes, but is not limited to, the detection of the following:
•	XSS attacks (detect in server, mproxy, and WAF types logs).
•	Cross Site Request Forgery attacks.
•	Web Cache Poisoning.
•	Instances of Session Hijacking.
•	Instances of Server Side Request Forgery.

Ascertaining the correct type of event that occurred is important during forensic analysis. The correct determination of the event and when it occurred is important in relation to other events that happened at that same time. 

Without sufficient information establishing what type of log event occurred, investigation into the cause of the event is severely hindered. Log record content that may be necessary to satisfy the requirement of this control includes, but is not limited to, time stamps, source and destination IP addresses, user/process identifiers, event descriptions, application-specific events, success/fail indications, file names involved, access control, or flow control rules invoked.

Satisfies: SRG-APP-000096-WSR-000057, SRG-APP-000097-WSR-000058, SRG-APP-000098-WSR-000059, SRG-APP-000099-WSR-000061, SRG-APP-000100-WSR-000064, SRG-APP-000374-WSR-000172, SRG-APP-000375-WSR-000171&lt;/VulnDiscussion&gt;&lt;FalsePositives&gt;&lt;/FalsePositives&gt;&lt;FalseNegatives&gt;&lt;/FalseNegatives&gt;&lt;Documentable&gt;false&lt;/Documentable&gt;&lt;Mitigations&gt;&lt;/Mitigations&gt;&lt;SecurityOverrideGuidance&gt;&lt;/SecurityOverrideGuidance&gt;&lt;PotentialImpacts&gt;&lt;/PotentialImpacts&gt;&lt;ThirdPartyTools&gt;&lt;/ThirdPartyTools&gt;&lt;MitigationControl&gt;&lt;/MitigationControl&gt;&lt;Responsibility&gt;&lt;/Responsibility&gt;&lt;IAControls&gt;&lt;/IAControls&gt;</description>
      <ident system="http://cyber.mil/cci">CCI-000130</ident>
      <fixtext fixref="F-VCFM-9X-000009_fix">Navigate to and open:

/etc/lighttpd/conf.d/access_log.conf

Comment any existing accesslog.format lines by adding a "#" at the beginning of the line.

Restart the service with the following command:

# systemctl restart lighttpd</fixtext>
      <check system="N/A">
        <check-content>At the command prompt, run the following:

# /usr/sbin/lighttpd -p -f /etc/lighttpd/lighttpd.conf 2&gt;/dev/null|grep "accesslog.format"

The default commented accesslog format is acceptable for this requirement. No output should be returned.

If the command returns any output, this is a finding.

Note: The command must be run from a bash shell and not from a shell generated by the "appliance shell". Use the "chsh" command to change the shell for the account to "/bin/bash". Refer to KB Article 2100508 for more details:

https://knowledge.broadcom.com/external/article?legacyId=2100508</check-content>
      </check>
    </Rule>
  </Group>
  <Group id="V-VCFM-9X-000001">
    <title>SRG-APP-000001-WSR-000001</title>
    <Rule id="SV-VCFM-9X-000001" severity="medium" weight="10.0">
      <version>VCFM-9X-000001</version>
      <title>The VMware Cloud Foundation vCenter VAMI Lighttpd service must limit the number of allowed simultaneous session requests.</title>
      <description>&lt;VulnDiscussion&gt;Denial of service (DoS) is one threat against web servers. Many DoS attacks attempt to consume web server resources in such a way that no more resources are available to satisfy legitimate requests. Mitigation against these threats includes taking steps to limit the number of resources that can be consumed in certain ways.

VAMI provides the "maxConnections" attribute to limit the number of concurrent Transmission Control Protocol (TCP) connections.&lt;/VulnDiscussion&gt;&lt;FalsePositives&gt;&lt;/FalsePositives&gt;&lt;FalseNegatives&gt;&lt;/FalseNegatives&gt;&lt;Documentable&gt;false&lt;/Documentable&gt;&lt;Mitigations&gt;&lt;/Mitigations&gt;&lt;SecurityOverrideGuidance&gt;&lt;/SecurityOverrideGuidance&gt;&lt;PotentialImpacts&gt;&lt;/PotentialImpacts&gt;&lt;ThirdPartyTools&gt;&lt;/ThirdPartyTools&gt;&lt;MitigationControl&gt;&lt;/MitigationControl&gt;&lt;Responsibility&gt;&lt;/Responsibility&gt;&lt;IAControls&gt;&lt;/IAControls&gt;</description>
      <ident system="http://cyber.mil/cci">CCI-000054</ident>
      <fixtext fixref="F-VCFM-9X-000001_fix">Navigate to and open:

/etc/applmgmt/appliance/applmgmt-lighttpd.conf

Add or reconfigure the following value:

server.max-connections = 1024

Restart the service with the following command:

# systemctl restart lighttpd</fixtext>
      <check system="N/A">
        <check-content>At the command prompt, run the following:

# /usr/sbin/lighttpd -p -f /etc/lighttpd/lighttpd.conf 2&gt;/dev/null |grep "server.max-connections"

Example result:

server.max-connections = 1024

If "server.max-connections" is not configured to 1024 or less, this is a finding.

Note: The command must be run from a bash shell and not from a shell generated by the "appliance shell". Use the "chsh" command to change the shell for the account to "/bin/bash". Refer to KB Article 2100508 for more details:

https://knowledge.broadcom.com/external/article?legacyId=2100508</check-content>
      </check>
    </Rule>
  </Group>
  <Group id="V-VCFM-9X-000004">
    <title>SRG-APP-000015-WSR-000014</title>
    <Rule id="SV-VCFM-9X-000004" severity="medium" weight="10.0">
      <version>VCFM-9X-000004</version>
      <title>The VMware Cloud Foundation vCenter VAMI Lighttpd service must use cryptography to protect the integrity of remote sessions.</title>
      <description>&lt;VulnDiscussion&gt;Data exchanged between the user and the web server can range from static display data to credentials used to log into the hosted application. Even when data appears to be static, the non-displayed logic in a web page may expose business logic or trusted system relationships. The integrity of all the data being exchanged between the user and web server must always be trusted. To protect the integrity and trust, encryption methods should be used to protect the complete communication session.

Satisfies: SRG-APP-000172-WSR-000104, SRG-APP-000315-WSR-000003, SRG-APP-000439-WSR-000151, SRG-APP-000439-WSR-000152, SRG-APP-000441-WSR-000181, SRG-APP-000442-WSR-000182&lt;/VulnDiscussion&gt;&lt;FalsePositives&gt;&lt;/FalsePositives&gt;&lt;FalseNegatives&gt;&lt;/FalseNegatives&gt;&lt;Documentable&gt;false&lt;/Documentable&gt;&lt;Mitigations&gt;&lt;/Mitigations&gt;&lt;SecurityOverrideGuidance&gt;&lt;/SecurityOverrideGuidance&gt;&lt;PotentialImpacts&gt;&lt;/PotentialImpacts&gt;&lt;ThirdPartyTools&gt;&lt;/ThirdPartyTools&gt;&lt;MitigationControl&gt;&lt;/MitigationControl&gt;&lt;Responsibility&gt;&lt;/Responsibility&gt;&lt;IAControls&gt;&lt;/IAControls&gt;</description>
      <ident system="http://cyber.mil/cci">CCI-001453</ident>
      <fixtext fixref="F-VCFM-9X-000004_fix">Navigate to and open:

/etc/applmgmt/appliance/applmgmt-lighttpd.conf

Add or reconfigure the following value:

ssl.engine = "enable"

Restart the service with the following command:

# systemctl restart lighttpd</fixtext>
      <check system="N/A">
        <check-content>At the command prompt, run the following:

# /usr/sbin/lighttpd -p -f /etc/lighttpd/lighttpd.conf 2&gt;/dev/null|grep "ssl.engine"

Example result:

ssl.engine = "enable"

If "ssl.engine" is not set to "enable", this is a finding.

Note: The command must be run from a bash shell and not from a shell generated by the "appliance shell". Use the "chsh" command to change the shell for the account to "/bin/bash". Refer to KB Article 2100508 for more details:

https://knowledge.broadcom.com/external/article?legacyId=2100508</check-content>
      </check>
    </Rule>
  </Group>
  <Group id="V-VCFM-9X-000021">
    <title>SRG-APP-000125-WSR-000071</title>
    <Rule id="SV-VCFM-9X-000021" severity="medium" weight="10.0">
      <version>VCFM-9X-000021</version>
      <title>The VMware Cloud Foundation vCenter VAMI Lighttpd service must off-load log records onto a different system or media from the system being logged.</title>
      <description>&lt;VulnDiscussion&gt;Protection of log data includes assuring log data is not accidentally lost or deleted. Backing up log records to an unrelated system or onto separate media than the system the web server is actually running on helps to ensure that, in the event of a catastrophic system failure, the log records will be retained.

Satisfies: SRG-APP-000108-WSR-000166, SRG-APP-000358-WSR-000063, SRG-APP-000358-WSR-000163, SRG-APP-000745-WSR-000120, SRG-APP-000795-WSR-000130, SRG-APP-000805-WSR-000140&lt;/VulnDiscussion&gt;&lt;FalsePositives&gt;&lt;/FalsePositives&gt;&lt;FalseNegatives&gt;&lt;/FalseNegatives&gt;&lt;Documentable&gt;false&lt;/Documentable&gt;&lt;Mitigations&gt;&lt;/Mitigations&gt;&lt;SecurityOverrideGuidance&gt;&lt;/SecurityOverrideGuidance&gt;&lt;PotentialImpacts&gt;&lt;/PotentialImpacts&gt;&lt;ThirdPartyTools&gt;&lt;/ThirdPartyTools&gt;&lt;MitigationControl&gt;&lt;/MitigationControl&gt;&lt;Responsibility&gt;&lt;/Responsibility&gt;&lt;IAControls&gt;&lt;/IAControls&gt;</description>
      <ident system="http://cyber.mil/cci">CCI-001348</ident>
      <fixtext fixref="F-VCFM-9X-000021_fix">Navigate to and open:

/etc/vmware-syslog/vmware-services-applmgmt.conf

Create the file if it does not exist.

Set the contents of the file as follows:

#applmgmt.log
input(type="imfile"
      File="/var/log/vmware/applmgmt/applmgmt.log"
      Tag="applmgmt"
      Severity="info"
      Facility="local0")
#applmgmt-audit.log
input(type="imfile"
      File="/var/log/vmware/applmgmt-audit/applmgmt-audit.log"
      Tag="applmgmt-audit"
      Severity="info"
      Facility="local0")
#applmgmt-backup-restore-audit.log
input(type="imfile"
      File="/var/log/vmware/applmgmt-audit/applmgmt-br-audit.log"
      Tag="applmgmt-br-audit"
      Severity="info"
      Facility="local0")
#vami-access.log
input(type="imfile"
      File="/var/log/lighttpd/access.log"
      Tag="vami-access"
      Severity="info"
      Facility="local0")
#vami-error.log
input(type="imfile"
      File="/var/log/lighttpd/error.log"
      Tag="vami-error"
      Severity="info"
      Facility="local0")
#dcui.log
input(type="imfile"
      File="/var/log/vmware/applmgmt/dcui.log"
      Tag="dcui"
      Severity="info"
      Facility="local0")
#detwist.log
input(type="imfile"
      File="/var/log/vmware/applmgmt/detwist.log"
      Tag="detwist"
      Severity="info"
      Facility="local0")
#firewall-reload.log
input(type="imfile"
      File="/var/log/vmware/applmgmt/firewall-reload.log"
      Tag="firewall-reload"
      Severity="info"
      Facility="local0")
#applmgmt_vmonsvc.std*
input(type="imfile"
      File="/var/log/vmware/applmgmt/applmgmt_vmonsvc.std*"
      Tag="applmgmt_vmonsvc"
      Severity="info"
      Facility="local0")
#backupSchedulerCron
input(type="imfile"
      File="/var/log/vmware/applmgmt/backupSchedulerCron.log"
      Tag="backupSchedulerCron"
      Severity="info"
      Facility="local0")
#progress.log
input(type="imfile"
      File="/var/log/vmware/applmgmt/progress.log"
      Tag="progress"
      Severity="info"
      Facility="local0")
#statsmoitor-alarms
input(type="imfile"
      File="/var/log/vmware/statsmon/statsmoitor-alarms.log"
      Tag="statsmoitor-alarms"
      Severity="info"
      Facility="local0")
#StatsMonitor
input(type="imfile"
      File="/var/log/vmware/statsmon/StatsMonitor.log"
      Tag="StatsMonitor"
      Severity="info"
      Facility="local0")
#StatsMonitorStartup.log.std*
input(type="imfile"
      File="/var/log/vmware/statsmon/StatsMonitorStartup.log.std*"
      Tag="StatsMonitor-Startup"
      Severity="info"
      Facility="local0")
#PatchRunner
input(type="imfile"
      File="/var/log/vmware/applmgmt/PatchRunner.log"
      Tag="PatchRunner"
      Severity="info"
      Facility="local0")
#update_microservice
input(type="imfile"
      File="/var/log/vmware/applmgmt/update_microservice.log"
      Tag="update_microservice"
      Severity="info"
      Facility="local0")
#vami
input(type="imfile"
      File="/var/log/vmware/applmgmt/vami.log"
      Tag="vami"
      Severity="info"
      Facility="local0")
#vcdb_pre_patch
input(type="imfile"
      File="/var/log/vmware/applmgmt/vcdb_pre_patch.*"
      Tag="vcdb_pre_patch"
      Severity="info"
      Facility="local0")
#dnsmasq.log
input(type="imfile"
      File="/var/log/vmware/dnsmasq.log"
      Tag="dnsmasq"
      Severity="info"
      Facility="local0")
#procstate
input(type="imfile"
      File="/var/log/vmware/procstate"
      Tag="procstate"
      Severity="info"
      Facility="local0")
#backup.log
input(type="imfile"
      File="/var/log/vmware/applmgmt/backup.log"
      Tag="applmgmt-backup"
      Severity="info"
      Facility="local0")
#size.log
input(type="imfile"
      File="/var/log/vmware/applmgmt/size.log"
      Tag="applmgmt-size"
      Severity="info"
      Facility="local0")
#restore.log
input(type="imfile"
      File="/var/log/vmware/applmgmt/restore.log"
      Tag="applmgmt-restore"
      Severity="info"
      Facility="local0")
#reconciliation.log
input(type="imfile"
      File="/var/log/vmware/applmgmt/reconciliation.log"
      Tag="applmgmt-reconciliation"
      Severity="info"
      Facility="local0")
#pnid_change.log
input(type="imfile"
      File="/var/log/vmware/applmgmt/pnid_change.log"
      Tag="applmgmt-pnid-change"
      Severity="info"
      Facility="local0")</fixtext>
      <check system="N/A">
        <check-content>By default there is a vmware-services-applmgmt.conf rsyslog configuration file which includes the service logs when syslog is configured on vCenter that must be verified.

At the command prompt, run the following command:

# cat /etc/vmware-syslog/vmware-services-applmgmt.conf

Expected result:

#applmgmt.log
input(type="imfile"
      File="/var/log/vmware/applmgmt/applmgmt.log"
      Tag="applmgmt"
      Severity="info"
      Facility="local0")
#applmgmt-audit.log
input(type="imfile"
      File="/var/log/vmware/applmgmt-audit/applmgmt-audit.log"
      Tag="applmgmt-audit"
      Severity="info"
      Facility="local0")
#applmgmt-backup-restore-audit.log
input(type="imfile"
      File="/var/log/vmware/applmgmt-audit/applmgmt-br-audit.log"
      Tag="applmgmt-br-audit"
      Severity="info"
      Facility="local0")
#vami-access.log
input(type="imfile"
      File="/var/log/lighttpd/access.log"
      Tag="vami-access"
      Severity="info"
      Facility="local0")
#vami-error.log
input(type="imfile"
      File="/var/log/lighttpd/error.log"
      Tag="vami-error"
      Severity="info"
      Facility="local0")
#dcui.log
input(type="imfile"
      File="/var/log/vmware/applmgmt/dcui.log"
      Tag="dcui"
      Severity="info"
      Facility="local0")
#detwist.log
input(type="imfile"
      File="/var/log/vmware/applmgmt/detwist.log"
      Tag="detwist"
      Severity="info"
      Facility="local0")
#firewall-reload.log
input(type="imfile"
      File="/var/log/vmware/applmgmt/firewall-reload.log"
      Tag="firewall-reload"
      Severity="info"
      Facility="local0")
#applmgmt_vmonsvc.std*
input(type="imfile"
      File="/var/log/vmware/applmgmt/applmgmt_vmonsvc.std*"
      Tag="applmgmt_vmonsvc"
      Severity="info"
      Facility="local0")
#backupSchedulerCron
input(type="imfile"
      File="/var/log/vmware/applmgmt/backupSchedulerCron.log"
      Tag="backupSchedulerCron"
      Severity="info"
      Facility="local0")
#progress.log
input(type="imfile"
      File="/var/log/vmware/applmgmt/progress.log"
      Tag="progress"
      Severity="info"
      Facility="local0")
#statsmoitor-alarms
input(type="imfile"
      File="/var/log/vmware/statsmon/statsmoitor-alarms.log"
      Tag="statsmoitor-alarms"
      Severity="info"
      Facility="local0")
#StatsMonitor
input(type="imfile"
      File="/var/log/vmware/statsmon/StatsMonitor.log"
      Tag="StatsMonitor"
      Severity="info"
      Facility="local0")
#StatsMonitorStartup.log.std*
input(type="imfile"
      File="/var/log/vmware/statsmon/StatsMonitorStartup.log.std*"
      Tag="StatsMonitor-Startup"
      Severity="info"
      Facility="local0")
#PatchRunner
input(type="imfile"
      File="/var/log/vmware/applmgmt/PatchRunner.log"
      Tag="PatchRunner"
      Severity="info"
      Facility="local0")
#update_microservice
input(type="imfile"
      File="/var/log/vmware/applmgmt/update_microservice.log"
      Tag="update_microservice"
      Severity="info"
      Facility="local0")
#vami
input(type="imfile"
      File="/var/log/vmware/applmgmt/vami.log"
      Tag="vami"
      Severity="info"
      Facility="local0")
#vcdb_pre_patch
input(type="imfile"
      File="/var/log/vmware/applmgmt/vcdb_pre_patch.*"
      Tag="vcdb_pre_patch"
      Severity="info"
      Facility="local0")
#dnsmasq.log
input(type="imfile"
      File="/var/log/vmware/dnsmasq.log"
      Tag="dnsmasq"
      Severity="info"
      Facility="local0")
#procstate
input(type="imfile"
      File="/var/log/vmware/procstate"
      Tag="procstate"
      Severity="info"
      Facility="local0")
#backup.log
input(type="imfile"
      File="/var/log/vmware/applmgmt/backup.log"
      Tag="applmgmt-backup"
      Severity="info"
      Facility="local0")
#size.log
input(type="imfile"
      File="/var/log/vmware/applmgmt/size.log"
      Tag="applmgmt-size"
      Severity="info"
      Facility="local0")
#restore.log
input(type="imfile"
      File="/var/log/vmware/applmgmt/restore.log"
      Tag="applmgmt-restore"
      Severity="info"
      Facility="local0")
#reconciliation.log
input(type="imfile"
      File="/var/log/vmware/applmgmt/reconciliation.log"
      Tag="applmgmt-reconciliation"
      Severity="info"
      Facility="local0")
#pnid_change.log
input(type="imfile"
      File="/var/log/vmware/applmgmt/pnid_change.log"
      Tag="applmgmt-pnid-change"
      Severity="info"
      Facility="local0")

If the output does not match the expected result, this is a finding.</check-content>
      </check>
    </Rule>
  </Group>
  <Group id="V-VCFM-9X-000030">
    <title>SRG-APP-000141-WSR-000081</title>
    <Rule id="SV-VCFM-9X-000030" severity="medium" weight="10.0">
      <version>VCFM-9X-000030</version>
      <title>The VMware Cloud Foundation vCenter VAMI Lighttpd service must explicitly disable Multipurpose Internet Mail Extensions (MIME) mime mappings based on "Content-Type".</title>
      <description>&lt;VulnDiscussion&gt;Controlling what a user of a hosted application can access is part of the security posture of the web server. Any time a user can access more functionality than is needed for the operation of the hosted application poses a security issue. A user with too much access can view information that is not needed for the user's job role, or the user could use the function in an unintentional manner.

A MIME mapping tells the web server what type of program various file types and extensions are and what external utilities or programs are needed to execute the file type. A limited number of MIME types must be configured manually, and automatic mapping must be disabled.&lt;/VulnDiscussion&gt;&lt;FalsePositives&gt;&lt;/FalsePositives&gt;&lt;FalseNegatives&gt;&lt;/FalseNegatives&gt;&lt;Documentable&gt;false&lt;/Documentable&gt;&lt;Mitigations&gt;&lt;/Mitigations&gt;&lt;SecurityOverrideGuidance&gt;&lt;/SecurityOverrideGuidance&gt;&lt;PotentialImpacts&gt;&lt;/PotentialImpacts&gt;&lt;ThirdPartyTools&gt;&lt;/ThirdPartyTools&gt;&lt;MitigationControl&gt;&lt;/MitigationControl&gt;&lt;Responsibility&gt;&lt;/Responsibility&gt;&lt;IAControls&gt;&lt;/IAControls&gt;</description>
      <ident system="http://cyber.mil/cci">CCI-000381</ident>
      <fixtext fixref="F-VCFM-9X-000030_fix">Navigate to and open:

/etc/applmgmt/appliance/applmgmt-lighttpd.conf

Add or reconfigure the following value:

mimetype.use-xattr = "disable"

Restart the service with the following command:

# systemctl restart lighttpd</fixtext>
      <check system="N/A">
        <check-content>At the command prompt, run the following:

# /usr/sbin/lighttpd -p -f /etc/lighttpd/lighttpd.conf 2&gt;/dev/null|grep "mimetype.use-xattr"

Example result:

mimetype.use-xattr="disable"

If "mimetype.use-xattr" is not set to "disable", this is a finding.

Note: The command must be run from a bash shell and not from a shell generated by the "appliance shell". Use the "chsh" command to change the shell for the account to "/bin/bash". Refer to KB Article 2100508 for more details:

https://knowledge.broadcom.com/external/article?legacyId=2100508</check-content>
      </check>
    </Rule>
  </Group>
  <Group id="V-VCFM-9X-000005">
    <title>SRG-APP-000016-WSR-000005</title>
    <Rule id="SV-VCFM-9X-000005" severity="medium" weight="10.0">
      <version>VCFM-9X-000005</version>
      <title>The VMware Cloud Foundation vCenter VAMI Lighttpd service must generate information to monitor remote access.</title>
      <description>&lt;VulnDiscussion&gt;Remote access can be exploited by an attacker to compromise the server. By recording all remote access activities, it will be possible to determine the attacker's location, intent, and degree of success.

The VAMI service uses the "mod_accesslog" module to log information relating to remote requests. These logs can then be forwarded to external monitoring systems.&lt;/VulnDiscussion&gt;&lt;FalsePositives&gt;&lt;/FalsePositives&gt;&lt;FalseNegatives&gt;&lt;/FalseNegatives&gt;&lt;Documentable&gt;false&lt;/Documentable&gt;&lt;Mitigations&gt;&lt;/Mitigations&gt;&lt;SecurityOverrideGuidance&gt;&lt;/SecurityOverrideGuidance&gt;&lt;PotentialImpacts&gt;&lt;/PotentialImpacts&gt;&lt;ThirdPartyTools&gt;&lt;/ThirdPartyTools&gt;&lt;MitigationControl&gt;&lt;/MitigationControl&gt;&lt;Responsibility&gt;&lt;/Responsibility&gt;&lt;IAControls&gt;&lt;/IAControls&gt;</description>
      <ident system="http://cyber.mil/cci">CCI-000067</ident>
      <fixtext fixref="F-VCFM-9X-000005_fix">Navigate to and open:

/etc/lighttpd/modules.conf

Add the following value in the "server.modules" section:

mod_accesslog

The result should be similar to the following:

server.modules = (
  "mod_access",
)

Restart the service with the following command:

# systemctl restart lighttpd</fixtext>
      <check system="N/A">
        <check-content>At the command prompt, run the following:

# /usr/sbin/lighttpd -p -f /etc/lighttpd/lighttpd.conf 2&gt;/dev/null|awk '/server\.modules/,/\)/'|grep mod_accesslog

Example result:

"mod_accesslog",

If the "mod_accesslog" is not present, this is a finding.

Note: The command must be run from a bash shell and not from a shell generated by the "appliance shell". Use the "chsh" command to change the shell for the account to "/bin/bash". Refer to KB Article 2100508 for more details:

https://knowledge.broadcom.com/external/article?legacyId=2100508</check-content>
      </check>
    </Rule>
  </Group>
  <Group id="V-VCFM-9X-000062">
    <title>SRG-APP-000251-WSR-000157</title>
    <Rule id="SV-VCFM-9X-000062" severity="medium" weight="10.0">
      <version>VCFM-9X-000062</version>
      <title>The VMware Cloud Foundation vCenter VAMI Lighttpd service must set the encoding for all text mime types to UTF-8.</title>
      <description>&lt;VulnDiscussion&gt;Invalid user input occurs when a user inserts data or characters into a hosted application's data entry field and the hosted application is unprepared to process that data. This results in unanticipated application behavior, potentially leading to an application compromise. Invalid user input is one of the primary methods employed when attempting to compromise an application.

An attacker can also enter Unicode into hosted applications in an effort to break out of the document home or root home directory or to bypass security checks.&lt;/VulnDiscussion&gt;&lt;FalsePositives&gt;&lt;/FalsePositives&gt;&lt;FalseNegatives&gt;&lt;/FalseNegatives&gt;&lt;Documentable&gt;false&lt;/Documentable&gt;&lt;Mitigations&gt;&lt;/Mitigations&gt;&lt;SecurityOverrideGuidance&gt;&lt;/SecurityOverrideGuidance&gt;&lt;PotentialImpacts&gt;&lt;/PotentialImpacts&gt;&lt;ThirdPartyTools&gt;&lt;/ThirdPartyTools&gt;&lt;MitigationControl&gt;&lt;/MitigationControl&gt;&lt;Responsibility&gt;&lt;/Responsibility&gt;&lt;IAControls&gt;&lt;/IAControls&gt;</description>
      <ident system="http://cyber.mil/cci">CCI-001310</ident>
      <fixtext fixref="F-VCFM-9X-000062_fix">Navigate to and open:

/etc/lighttpd/conf.d/mime.conf

Navigate to the "mimetype.assign" block.

Replace all the mappings whose assigned type is "text/*" with mappings for UTF-8 encoding. For example:

  ".log"          =&gt;      "text/plain; charset=utf-8",
  ".conf"         =&gt;      "text/plain; charset=utf-8",
  ".text"         =&gt;      "text/plain; charset=utf-8",
  ".txt"          =&gt;      "text/plain; charset=utf-8",
  ".spec"         =&gt;      "text/plain; charset=utf-8",
  ".dtd"          =&gt;      "text/xml; charset=utf-8",
  ".xml"          =&gt;      "text/xml; charset=utf-8",

Restart the service with the following command:

# systemctl restart lighttpd</fixtext>
      <check system="N/A">
        <check-content>At the command prompt, run the following:

# /usr/sbin/lighttpd -p -f /etc/lighttpd/lighttpd.conf 2&gt;/dev/null|awk '/mimetype\.assign/,/\)/'|grep "text/"|grep -v "charset=utf-8"

If the command returns any value, this is a finding.

Note: The command must be run from a bash shell and not from a shell generated by the "appliance shell". Use the "chsh" command to change the shell for the account to "/bin/bash". Refer to KB Article 2100508 for more details:

https://knowledge.broadcom.com/external/article?legacyId=2100508</check-content>
      </check>
    </Rule>
  </Group>
  <Group id="V-VCFM-9X-000039">
    <title>SRG-APP-000176-WSR-000096</title>
    <Rule id="SV-VCFM-9X-000039" severity="medium" weight="10.0">
      <version>VCFM-9X-000039</version>
      <title>The VMware Cloud Foundation vCenter VAMI Lighttpd service must restrict access to the web server's private key.</title>
      <description>&lt;VulnDiscussion&gt;The web server's private key is used to prove the identity of the server to clients and securely exchange the shared secret key used to encrypt communications between the web server and clients.

By gaining access to the private key, an attacker can pretend to be an authorized server and decrypt the SSL traffic between a client and the web server.

Satisfies: SRG-APP-000915-WSR-000310&lt;/VulnDiscussion&gt;&lt;FalsePositives&gt;&lt;/FalsePositives&gt;&lt;FalseNegatives&gt;&lt;/FalseNegatives&gt;&lt;Documentable&gt;false&lt;/Documentable&gt;&lt;Mitigations&gt;&lt;/Mitigations&gt;&lt;SecurityOverrideGuidance&gt;&lt;/SecurityOverrideGuidance&gt;&lt;PotentialImpacts&gt;&lt;/PotentialImpacts&gt;&lt;ThirdPartyTools&gt;&lt;/ThirdPartyTools&gt;&lt;MitigationControl&gt;&lt;/MitigationControl&gt;&lt;Responsibility&gt;&lt;/Responsibility&gt;&lt;IAControls&gt;&lt;/IAControls&gt;</description>
      <ident system="http://cyber.mil/cci">CCI-000186</ident>
      <fixtext fixref="F-VCFM-9X-000039_fix">At the command prompt, run the following:

# chown root:root /etc/applmgmt/appliance/server.pem
# chmod 600 /etc/applmgmt/appliance/server.pem</fixtext>
      <check system="N/A">
        <check-content>At the command prompt, run the following:

# stat -c "%n has %a permissions and is owned by %U:%G" /etc/applmgmt/appliance/server.pem

Example result:

/etc/applmgmt/appliance/server.pem has 600 permissions and is owned by root:root

If the server's private key is not owned by root with permissions of "600" or more restrictive, this is a finding.</check-content>
      </check>
    </Rule>
  </Group>
  <Group id="V-VCFM-9X-000018">
    <title>SRG-APP-000118-WSR-000068</title>
    <Rule id="SV-VCFM-9X-000018" severity="medium" weight="10.0">
      <version>VCFM-9X-000018</version>
      <title>The VMware Cloud Foundation vCenter VAMI Lighttpd service log files must only be accessible by privileged users.</title>
      <description>&lt;VulnDiscussion&gt;Log data is essential in the investigation of events. If log data were to become compromised, then competent forensic analysis and discovery of the true source of potentially malicious system activity would be difficult, if not impossible, to achieve. In addition, access to log records provides information an attacker could potentially use to their advantage since each event record might contain communication ports, protocols, services, trust relationships, user names, etc.

The web server must protect the log data from unauthorized read, write, copy, etc. This can be done by the web server if the web server is also doing the logging function. The web server may also use an external log system. In either case, the logs must be protected from access by non-privileged users.

Satisfies: SRG-APP-000119-WSR-000069, SRG-APP-000120-WSR-000070&lt;/VulnDiscussion&gt;&lt;FalsePositives&gt;&lt;/FalsePositives&gt;&lt;FalseNegatives&gt;&lt;/FalseNegatives&gt;&lt;Documentable&gt;false&lt;/Documentable&gt;&lt;Mitigations&gt;&lt;/Mitigations&gt;&lt;SecurityOverrideGuidance&gt;&lt;/SecurityOverrideGuidance&gt;&lt;PotentialImpacts&gt;&lt;/PotentialImpacts&gt;&lt;ThirdPartyTools&gt;&lt;/ThirdPartyTools&gt;&lt;MitigationControl&gt;&lt;/MitigationControl&gt;&lt;Responsibility&gt;&lt;/Responsibility&gt;&lt;IAControls&gt;&lt;/IAControls&gt;</description>
      <ident system="http://cyber.mil/cci">CCI-000162</ident>
      <fixtext fixref="F-VCFM-9X-000018_fix">At the command prompt, run the following commands for log files under /var/log/lighttpd/:

# chmod o-r &lt;file&gt;
# chown lighttpd:lighttpd &lt;file&gt;

At the command prompt, run the following commands for all other log files:

# chmod o-w &lt;file&gt;
# chown root:root &lt;file&gt;

Note: Substitute &lt;file&gt; with the listed file.</fixtext>
      <check system="N/A">
        <check-content>At the command prompt, run the following:

# find /var/log/vmware/applmgmt/ /var/log/vmware/applmgmt-audit/ -xdev -type f -a '(' -perm -o+w -o -not -user root -o -not -group root ')' -exec ls -ld {} \;
# find /var/log/lighttpd/ -xdev -type f -a '(' -perm -o+r -o -not -user lighttpd -o -not -group lighttpd ')' -exec ls -ld {} \;

If any files are returned, this is a finding.</check-content>
      </check>
    </Rule>
  </Group>
  <Group id="V-VCFM-9X-000032">
    <title>SRG-APP-000141-WSR-000083</title>
    <Rule id="SV-VCFM-9X-000032" severity="medium" weight="10.0">
      <version>VCFM-9X-000032</version>
      <title>The VMware Cloud Foundation vCenter VAMI Lighttpd service must have resource mappings set to disable the serving of certain file types.</title>
      <description>&lt;VulnDiscussion&gt;Resource mapping is the process of tying a particular file type to a process in the web server that can serve that type of file to a requesting client and to identify which file types are not to be delivered to a client.

By not specifying which files can and which files cannot be served to a user, the web server could deliver to a user web server configuration files, log files, password files, etc. 

The web server must only allow hosted application file types to be served to a user and all other types must be disabled.&lt;/VulnDiscussion&gt;&lt;FalsePositives&gt;&lt;/FalsePositives&gt;&lt;FalseNegatives&gt;&lt;/FalseNegatives&gt;&lt;Documentable&gt;false&lt;/Documentable&gt;&lt;Mitigations&gt;&lt;/Mitigations&gt;&lt;SecurityOverrideGuidance&gt;&lt;/SecurityOverrideGuidance&gt;&lt;PotentialImpacts&gt;&lt;/PotentialImpacts&gt;&lt;ThirdPartyTools&gt;&lt;/ThirdPartyTools&gt;&lt;MitigationControl&gt;&lt;/MitigationControl&gt;&lt;Responsibility&gt;&lt;/Responsibility&gt;&lt;IAControls&gt;&lt;/IAControls&gt;</description>
      <ident system="http://cyber.mil/cci">CCI-000381</ident>
      <fixtext fixref="F-VCFM-9X-000032_fix">Navigate to and open:

/etc/lighttpd/lighttpd.conf

Add or reconfigure the following value:

url.access-deny = ( "~", ".inc" )

Restart the service with the following command:

# systemctl restart lighttpd</fixtext>
      <check system="N/A">
        <check-content>At the command prompt, run the following:

# grep "url.access-deny" /etc/lighttpd/lighttpd.conf

Example result:

url.access-deny = ( "~", ".inc" )

If "url.access-deny" is not set to "( "~", ".inc" )", this is a finding.

Note: The command must be run from a bash shell and not from a shell generated by the "appliance shell". Use the "chsh" command to change the shell for the account to "/bin/bash". Refer to KB Article 2100508 for more details:

https://knowledge.broadcom.com/external/article?legacyId=2100508</check-content>
      </check>
    </Rule>
  </Group>
  <Group id="V-VCFM-9X-000033">
    <title>SRG-APP-000141-WSR-000085</title>
    <Rule id="SV-VCFM-9X-000033" severity="medium" weight="10.0">
      <version>VCFM-9X-000033</version>
      <title>The VMware Cloud Foundation vCenter VAMI Lighttpd service must have Web Distributed Authoring (WebDAV) disabled.</title>
      <description>&lt;VulnDiscussion&gt;A web server can be installed with functionality that, just by its nature, is not secure. Web Distributed Authoring (WebDAV) is an extension to the HTTP protocol that, when developed, was meant to allow users to create, change, and move documents on a server, typically a web server or web share. Allowing this functionality makes development and deployment much easier for web authors.

WebDAV is not widely used and has serious security concerns because it may allow clients to modify unauthorized files on the web server.&lt;/VulnDiscussion&gt;&lt;FalsePositives&gt;&lt;/FalsePositives&gt;&lt;FalseNegatives&gt;&lt;/FalseNegatives&gt;&lt;Documentable&gt;false&lt;/Documentable&gt;&lt;Mitigations&gt;&lt;/Mitigations&gt;&lt;SecurityOverrideGuidance&gt;&lt;/SecurityOverrideGuidance&gt;&lt;PotentialImpacts&gt;&lt;/PotentialImpacts&gt;&lt;ThirdPartyTools&gt;&lt;/ThirdPartyTools&gt;&lt;MitigationControl&gt;&lt;/MitigationControl&gt;&lt;Responsibility&gt;&lt;/Responsibility&gt;&lt;IAControls&gt;&lt;/IAControls&gt;</description>
      <ident system="http://cyber.mil/cci">CCI-000381</ident>
      <fixtext fixref="F-VCFM-9X-000033_fix">Navigate to and open:

/etc/lighttpd/modules.conf

Delete or comment out the "mod_webdav" line.

Note: The line may be in an included config and not in the parent config itself.

Restart the service with the following command:

# systemctl restart lighttpd</fixtext>
      <check system="N/A">
        <check-content>At the command prompt, run the following:

# /usr/sbin/lighttpd -p -f /etc/lighttpd/lighttpd.conf 2&gt;/dev/null|awk '/server\.modules/,/\)/'

If the output indicates the "mod_webdav" module is loaded, this is a finding.

Note: The command must be run from a bash shell and not from a shell generated by the "appliance shell". Use the "chsh" command to change the shell for the account to "/bin/bash". Refer to KB Article 2100508 for more details:

https://knowledge.broadcom.com/external/article?legacyId=2100508</check-content>
      </check>
    </Rule>
  </Group>
  <Group id="V-VCFM-9X-000061">
    <title>SRG-APP-000246-WSR-000149</title>
    <Rule id="SV-VCFM-9X-000061" severity="medium" weight="10.0">
      <version>VCFM-9X-000061</version>
      <title>The VMware Cloud Foundation vCenter VAMI Lighttpd service must restrict the ability of users to launch denial-of-service (DoS) attacks against other information systems or networks.</title>
      <description>&lt;VulnDiscussion&gt;In UNIX and related computer operating systems, a file descriptor is an indicator used to access a file or other input/output resource, such as a pipe or network connection. File descriptors index into a per-process file descriptor table maintained by the kernel, which in turn indexes into a systemwide table of files opened by all processes, called the file table.

As a single-threaded server, Lighttpd must be limited in the number of file descriptors that can be allocated. This will prevent Lighttpd from being used in a form of DoS attack against the operating system.&lt;/VulnDiscussion&gt;&lt;FalsePositives&gt;&lt;/FalsePositives&gt;&lt;FalseNegatives&gt;&lt;/FalseNegatives&gt;&lt;Documentable&gt;false&lt;/Documentable&gt;&lt;Mitigations&gt;&lt;/Mitigations&gt;&lt;SecurityOverrideGuidance&gt;&lt;/SecurityOverrideGuidance&gt;&lt;PotentialImpacts&gt;&lt;/PotentialImpacts&gt;&lt;ThirdPartyTools&gt;&lt;/ThirdPartyTools&gt;&lt;MitigationControl&gt;&lt;/MitigationControl&gt;&lt;Responsibility&gt;&lt;/Responsibility&gt;&lt;IAControls&gt;&lt;/IAControls&gt;</description>
      <ident system="http://cyber.mil/cci">CCI-001094</ident>
      <fixtext fixref="F-VCFM-9X-000061_fix">Navigate to and open:

/etc/lighttpd/lighttpd.conf

Add or reconfigure the following value:

server.max-fds = 2048

Restart the service with the following command:

# systemctl restart lighttpd</fixtext>
      <check system="N/A">
        <check-content>At the command prompt, run the following:

# /usr/sbin/lighttpd -p -f /etc/lighttpd/lighttpd.conf 2&gt;/dev/null|grep "server.max-fds"

Example result:

server.max-fds=2048

If "server.max-fds" is not set to 2048 or less, this is a finding.

Note: The command must be run from a bash shell and not from a shell generated by the "appliance shell". Use the "chsh" command to change the shell for the account to "/bin/bash". Refer to KB Article 2100508 for more details:

https://knowledge.broadcom.com/external/article?legacyId=2100508</check-content>
      </check>
    </Rule>
  </Group>
  <Group id="V-VCFM-9X-000063">
    <title>SRG-APP-000251-WSR-000194</title>
    <Rule id="SV-VCFM-9X-000063" severity="medium" weight="10.0">
      <version>VCFM-9X-000063</version>
      <title>The VMware Cloud Foundation vCenter VAMI Lighttpd service must interpret and normalize ambiguous HTTP requests.</title>
      <description>&lt;VulnDiscussion&gt;Request smuggling attacks involve placing both the Content-Length header and the Transfer-Encoding header into a single HTTP/1 request and manipulating it so that web servers (i.e., back-end, front-end, load balancers) process the request differently. There are a number of variants of this type of attack with different names. However, all variants are addressed by configuring the front-end server to exclusively use HTTP/2 when communicating with other web servers. Specific instances of this vulnerability can be resolved by reconfiguring the front-end server to normalize ambiguous requests before routing them onward. However, if the request cannot be made unambiguous or normalized, configure both the front-end and back-end servers to reject the message and close the connection.

It is important to not assume requests do not have a body. For all web servers, examine requests that report message body length as zero in the HTTP header and drop the request.

For load balancing or reverse proxying implementation:
-The front-end web server must interpret and forward HTTP requests, such that the back-end server receives a consistent interpretation of the request, or terminate the TCP connection.
-The back-end web server must drop ambiguous requests that cannot be normalized and terminate the TCP connection.

Satisfies: SRG-APP-000251-WSR-000195&lt;/VulnDiscussion&gt;&lt;FalsePositives&gt;&lt;/FalsePositives&gt;&lt;FalseNegatives&gt;&lt;/FalseNegatives&gt;&lt;Documentable&gt;false&lt;/Documentable&gt;&lt;Mitigations&gt;&lt;/Mitigations&gt;&lt;SecurityOverrideGuidance&gt;&lt;/SecurityOverrideGuidance&gt;&lt;PotentialImpacts&gt;&lt;/PotentialImpacts&gt;&lt;ThirdPartyTools&gt;&lt;/ThirdPartyTools&gt;&lt;MitigationControl&gt;&lt;/MitigationControl&gt;&lt;Responsibility&gt;&lt;/Responsibility&gt;&lt;IAControls&gt;&lt;/IAControls&gt;</description>
      <ident system="http://cyber.mil/cci">CCI-001310</ident>
      <fixtext fixref="F-VCFM-9X-000063_fix">Navigate to and open:

/etc/applmgmt/appliance/applmgmt-lighttpd.conf

Delete the "server.http-parseopts" section.

Note: The line may be in an included config and not in the parent config itself.

Restart the service with the following command:

# systemctl restart lighttpd</fixtext>
      <check system="N/A">
        <check-content>At the command prompt, run the following:

# /usr/sbin/lighttpd -p -f /etc/lighttpd/lighttpd.conf 2&gt;/dev/null|awk '/server\.http-parseopts/,/\)/'

Example output:

server.http-parseopts = (
	"header-strict"            =&gt; "enable",
	"host-strict"              =&gt; "enable",
	"host-normalize"           =&gt; "enable",
	"url-normalize"            =&gt; "enable",
	"url-normalize-unreserved" =&gt; "enable",
	"url-normalize-required"   =&gt; "enable",
	"url-ctrls-reject"         =&gt; "enable",
	"url-path-2f-decode"       =&gt; "enable",
	"url-path-dotseg-remove"   =&gt; "enable",
	"url-query-20-plus"        =&gt; "enable" 
 )

If the command returns no output, this is NOT a finding.

If the "server.http-parseopts" option is configured and all parameter values are not "enable", this is a finding.

Note: If not specified, all "server.http-parseopts" parameters are set to "enable" by default.

Note: The command must be run from a bash shell and not from a shell generated by the "appliance shell". Use the "chsh" command to change the shell for the account to "/bin/bash". Refer to KB Article 2100508 for more details:

https://knowledge.broadcom.com/external/article?legacyId=2100508</check-content>
      </check>
    </Rule>
  </Group>
  <Group id="V-VCFM-9X-000065">
    <title>SRG-APP-000266-WSR-000142</title>
    <Rule id="SV-VCFM-9X-000065" severity="medium" weight="10.0">
      <version>VCFM-9X-000065</version>
      <title>The VMware Cloud Foundation vCenter VAMI Lighttpd service must disable directory listing.</title>
      <description>&lt;VulnDiscussion&gt;The goal is to completely control the web user's experience in navigating any portion of the web document root directories.

Enumeration techniques, such as URL parameter manipulation, rely upon being able to obtain information about the web server's directory structure by locating directories without default pages. In the scenario, the web server will display to the user a listing of the files in the directory being accessed. By disabling directory listings, the anonymous web user will not obtain directory browsing information or an error message that reveals the server type and version.&lt;/VulnDiscussion&gt;&lt;FalsePositives&gt;&lt;/FalsePositives&gt;&lt;FalseNegatives&gt;&lt;/FalseNegatives&gt;&lt;Documentable&gt;false&lt;/Documentable&gt;&lt;Mitigations&gt;&lt;/Mitigations&gt;&lt;SecurityOverrideGuidance&gt;&lt;/SecurityOverrideGuidance&gt;&lt;PotentialImpacts&gt;&lt;/PotentialImpacts&gt;&lt;ThirdPartyTools&gt;&lt;/ThirdPartyTools&gt;&lt;MitigationControl&gt;&lt;/MitigationControl&gt;&lt;Responsibility&gt;&lt;/Responsibility&gt;&lt;IAControls&gt;&lt;/IAControls&gt;</description>
      <ident system="http://cyber.mil/cci">CCI-001312</ident>
      <fixtext fixref="F-VCFM-9X-000065_fix">Navigate to and open:

/etc/lighttpd/modules.conf

Delete or comment out the "mod_dirlisting" line.

Note: The line may be in an included config and not in the parent config itself.

Restart the service with the following command:

# systemctl restart lighttpd</fixtext>
      <check system="N/A">
        <check-content>At the command prompt, run the following:

# /usr/sbin/lighttpd -p -f /etc/lighttpd/lighttpd.conf 2&gt;/dev/null|awk '/server\.modules/,/\)/'

If the output indicates the "mod_dirlisting" module is loaded, this is a finding.

Note: The command must be run from a bash shell and not from a shell generated by the "appliance shell". Use the "chsh" command to change the shell for the account to "/bin/bash". Refer to KB Article 2100508 for more details:

https://knowledge.broadcom.com/external/article?legacyId=2100508</check-content>
      </check>
    </Rule>
  </Group>
  <Group id="V-VCFM-9X-000066">
    <title>SRG-APP-000266-WSR-000159</title>
    <Rule id="SV-VCFM-9X-000066" severity="medium" weight="10.0">
      <version>VCFM-9X-000066</version>
      <title>The VMware Cloud Foundation vCenter VAMI Lighttpd service must not be configured to use the "mod_status" module.</title>
      <description>&lt;VulnDiscussion&gt;Any application providing too much information in error logs and in administrative messages to the screen risks compromising the data and security of the application and system.

VAMI must only generate error messages that provide information necessary for corrective actions without revealing sensitive or potentially harmful information in error logs and administrative messages. The "mod_status" module generates the status overview of the webserver.

The information covers the following:

- Uptime.
- Average throughput.
- Current throughput.
- Active connections and their state.

While this information is useful on a development system, production systems must not have "mod_status" enabled.&lt;/VulnDiscussion&gt;&lt;FalsePositives&gt;&lt;/FalsePositives&gt;&lt;FalseNegatives&gt;&lt;/FalseNegatives&gt;&lt;Documentable&gt;false&lt;/Documentable&gt;&lt;Mitigations&gt;&lt;/Mitigations&gt;&lt;SecurityOverrideGuidance&gt;&lt;/SecurityOverrideGuidance&gt;&lt;PotentialImpacts&gt;&lt;/PotentialImpacts&gt;&lt;ThirdPartyTools&gt;&lt;/ThirdPartyTools&gt;&lt;MitigationControl&gt;&lt;/MitigationControl&gt;&lt;Responsibility&gt;&lt;/Responsibility&gt;&lt;IAControls&gt;&lt;/IAControls&gt;</description>
      <ident system="http://cyber.mil/cci">CCI-001312</ident>
      <fixtext fixref="F-VCFM-9X-000066_fix">Navigate to and open:

/etc/lighttpd/modules.conf

Remove the line containing "mod_status".

Note: The line may be in an included config and not in the parent config.

Restart the service with the following command:

# systemctl restart lighttpd</fixtext>
      <check system="N/A">
        <check-content>At the command prompt, run the following:

# /usr/sbin/lighttpd -p -f /etc/lighttpd/lighttpd.conf 2&gt;/dev/null|awk '/server\.modules/,/\)/'|grep mod_status

If any value is returned, this is a finding.

Note: The command must be run from a bash shell and not from a shell generated by the "appliance shell". Use the "chsh" command to change the shell for the account to "/bin/bash". Refer to KB Article 2100508 for more details:

https://knowledge.broadcom.com/external/article?legacyId=2100508</check-content>
      </check>
    </Rule>
  </Group>
  <Group id="V-VCFM-9X-000067">
    <title>SRG-APP-000266-WSR-000160</title>
    <Rule id="SV-VCFM-9X-000067" severity="medium" weight="10.0">
      <version>VCFM-9X-000067</version>
      <title>The VMware Cloud Foundation vCenter VAMI Lighttpd service must have debug logging disabled.</title>
      <description>&lt;VulnDiscussion&gt;Information needed by an attacker to begin looking for possible vulnerabilities in a web server includes any information about the web server and plug-ins or modules being used. When debugging or trace information is enabled in a production web server, information about the web server, such as web server type, version, patches installed, plug-ins and modules installed, type of code being used by the hosted application, and any backends being used for data storage may be displayed. Since this information may be placed in logs and general messages during normal operation of the web server, an attacker does not need to cause an error condition to gain this information.&lt;/VulnDiscussion&gt;&lt;FalsePositives&gt;&lt;/FalsePositives&gt;&lt;FalseNegatives&gt;&lt;/FalseNegatives&gt;&lt;Documentable&gt;false&lt;/Documentable&gt;&lt;Mitigations&gt;&lt;/Mitigations&gt;&lt;SecurityOverrideGuidance&gt;&lt;/SecurityOverrideGuidance&gt;&lt;PotentialImpacts&gt;&lt;/PotentialImpacts&gt;&lt;ThirdPartyTools&gt;&lt;/ThirdPartyTools&gt;&lt;MitigationControl&gt;&lt;/MitigationControl&gt;&lt;Responsibility&gt;&lt;/Responsibility&gt;&lt;IAControls&gt;&lt;/IAControls&gt;</description>
      <ident system="http://cyber.mil/cci">CCI-001312</ident>
      <fixtext fixref="F-VCFM-9X-000067_fix">Navigate to and open:

/etc/applmgmt/appliance/applmgmt-lighttpd.conf

Add or reconfigure the following value:

debug.log-request-handling = "disable"

Restart the service with the following command:

# systemctl restart lighttpd</fixtext>
      <check system="N/A">
        <check-content>At the command prompt, run the following:    

# /usr/sbin/lighttpd -p -f /etc/lighttpd/lighttpd.conf 2&gt;/dev/null|grep "debug.log-request-handling"

Expected result:

debug.log-request-handling = "disable"

If "debug.log-request-handling" is not set to "disable", this is a finding.

Note: The command must be run from a bash shell and not from a shell generated by the "appliance shell". Use the "chsh" command to change the shell for the account to "/bin/bash". Refer to KB Article 2100508 for more details:

https://knowledge.broadcom.com/external/article?legacyId=2100508</check-content>
      </check>
    </Rule>
  </Group>
  <Group id="V-VCFM-9X-000101">
    <title>SRG-APP-000516-WSR-000174</title>
    <Rule id="SV-VCFM-9X-000101" severity="medium" weight="10.0">
      <version>VCFM-9X-000101</version>
      <title>The VMware Cloud Foundation vCenter VAMI Lighttpd service must disable client initiated TLS renegotiation.</title>
      <description>&lt;VulnDiscussion&gt;All versions of the Secure Sockets Layer (SSL) and TLS protocols (up to and including TLS 1.2) are vulnerable to a man-in-the-middle attack (CVE-2009-3555) during a renegotiation. This vulnerability allows an attacker to "prefix" a chosen plaintext to the HTTP request as seen by the web server. The protocols have since been amended by RFC 5746, but the fix must be supported by both client and server to be effective.

While Lighttpd and the underlying OpenSSL libraries are no longer vulnerable, steps must be taken to account for older clients that do not support RFC 5746. To this end, Lighttpd disables client-initiated renegotiation entirely by default. This configuration must be validated and maintained.&lt;/VulnDiscussion&gt;&lt;FalsePositives&gt;&lt;/FalsePositives&gt;&lt;FalseNegatives&gt;&lt;/FalseNegatives&gt;&lt;Documentable&gt;false&lt;/Documentable&gt;&lt;Mitigations&gt;&lt;/Mitigations&gt;&lt;SecurityOverrideGuidance&gt;&lt;/SecurityOverrideGuidance&gt;&lt;PotentialImpacts&gt;&lt;/PotentialImpacts&gt;&lt;ThirdPartyTools&gt;&lt;/ThirdPartyTools&gt;&lt;MitigationControl&gt;&lt;/MitigationControl&gt;&lt;Responsibility&gt;&lt;/Responsibility&gt;&lt;IAControls&gt;&lt;/IAControls&gt;</description>
      <ident system="http://cyber.mil/cci">CCI-000366</ident>
      <fixtext fixref="F-VCFM-9X-000101_fix">Navigate to and open:

/etc/applmgmt/appliance/applmgmt-lighttpd.conf

Remove any setting for "ssl.disable-client-renegotiation".

Restart the service with the following command:

# systemctl restart lighttpd</fixtext>
      <check system="N/A">
        <check-content>At the command prompt, run the following:

# /usr/sbin/lighttpd -p -f /etc/lighttpd/lighttpd.conf 2&gt;/dev/null|grep "ssl\.disable-client-renegotiation"

If no line is returned, this is not a finding.

If "ssl.disable-client-renegotiation" is set to "disabled", this is a finding.

Note: The command must be run from a bash shell and not from a shell generated by the "appliance shell". Use the "chsh" command to change the shell for the account to "/bin/bash". Refer to KB Article 2100508 for more details:

https://knowledge.broadcom.com/external/article?legacyId=2100508</check-content>
      </check>
    </Rule>
  </Group>
  <Group id="V-VCFM-9X-000125">
    <title>SRG-APP-000516-WSR-000174</title>
    <Rule id="SV-VCFM-9X-000125" severity="medium" weight="10.0">
      <version>VCFM-9X-000125</version>
      <title>The VMware Cloud Foundation vCenter VAMI Lighttpd service must protect system resources from hosted applications.</title>
      <description>&lt;VulnDiscussion&gt;Most of the attention to denial-of-service (DoS) attacks focuses on ensuring that systems and applications are not victims of these attacks. However, these systems and applications must also be secured against use to launch such an attack against others.

A variety of technologies exist to limit, or in some cases eliminate, the effects of DoS attacks. Limiting system resources that are allocated to any user to a bare minimum may also reduce the ability of users to launch some DoS attacks.

One DoS mitigation is to prevent VAMI from keeping idle connections open for too long.&lt;/VulnDiscussion&gt;&lt;FalsePositives&gt;&lt;/FalsePositives&gt;&lt;FalseNegatives&gt;&lt;/FalseNegatives&gt;&lt;Documentable&gt;false&lt;/Documentable&gt;&lt;Mitigations&gt;&lt;/Mitigations&gt;&lt;SecurityOverrideGuidance&gt;&lt;/SecurityOverrideGuidance&gt;&lt;PotentialImpacts&gt;&lt;/PotentialImpacts&gt;&lt;ThirdPartyTools&gt;&lt;/ThirdPartyTools&gt;&lt;MitigationControl&gt;&lt;/MitigationControl&gt;&lt;Responsibility&gt;&lt;/Responsibility&gt;&lt;IAControls&gt;&lt;/IAControls&gt;</description>
      <ident system="http://cyber.mil/cci">CCI-000366</ident>
      <fixtext fixref="F-VCFM-9X-000125_fix">Navigate to and open:

/etc/applmgmt/appliance/applmgmt-lighttpd.conf

Add or reconfigure the following value:

server.max-keep-alive-idle = 30

Restart the service with the following command:

# systemctl restart lighttpd</fixtext>
      <check system="N/A">
        <check-content>At the command prompt, run the following:

# /usr/sbin/lighttpd -p -f /etc/lighttpd/lighttpd.conf 2&gt;/dev/null|grep "server.max-keep-alive-idle"

Example result:

server.max-keep-alive-idle=30

If "server.max-keep-alive-idle" is not set to 30, this is a finding.

Note: The command must be run from a bash shell and not from a shell generated by the "appliance shell". Use the "chsh" command to change the shell for the account to "/bin/bash". Refer to KB Article 2100508 for more details:

https://knowledge.broadcom.com/external/article?legacyId=2100508</check-content>
      </check>
    </Rule>
  </Group>
  <Group id="V-VCFM-9X-000126">
    <title>SRG-APP-000516-WSR-000174</title>
    <Rule id="SV-VCFM-9X-000126" severity="medium" weight="10.0">
      <version>VCFM-9X-000126</version>
      <title>The VMware Cloud Foundation vCenter VAMI Lighttpd service must be configured to hide the server type and version in client responses.</title>
      <description>&lt;VulnDiscussion&gt;Web servers will often display error messages to client users, displaying enough information to aid in the debugging of the error. The information given back in error messages may display the web server type, version, patches installed, plug-ins and modules installed, type of code being used by the hosted application, and any backends being used for data storage.

This information could be used by an attacker to blueprint what type of attacks might be successful. Therefore, VAMI must be configured to hide the server version at all times.&lt;/VulnDiscussion&gt;&lt;FalsePositives&gt;&lt;/FalsePositives&gt;&lt;FalseNegatives&gt;&lt;/FalseNegatives&gt;&lt;Documentable&gt;false&lt;/Documentable&gt;&lt;Mitigations&gt;&lt;/Mitigations&gt;&lt;SecurityOverrideGuidance&gt;&lt;/SecurityOverrideGuidance&gt;&lt;PotentialImpacts&gt;&lt;/PotentialImpacts&gt;&lt;ThirdPartyTools&gt;&lt;/ThirdPartyTools&gt;&lt;MitigationControl&gt;&lt;/MitigationControl&gt;&lt;Responsibility&gt;&lt;/Responsibility&gt;&lt;IAControls&gt;&lt;/IAControls&gt;</description>
      <ident system="http://cyber.mil/cci">CCI-000366</ident>
      <fixtext fixref="F-VCFM-9X-000126_fix">Navigate to and open:

/etc/applmgmt/appliance/applmgmt-lighttpd.conf

Add or reconfigure the following value:

server.tag = "vami"

Restart the service with the following command:

# systemctl restart lighttpd</fixtext>
      <check system="N/A">
        <check-content>At the command prompt, run the following:

# /usr/sbin/lighttpd -p -f /etc/lighttpd/lighttpd.conf 2&gt;/dev/null|grep "server.tag"

Expected result:

server.tag = "vami"

If "server.tag" is not set to "vami", this is a finding.

Note: The command must be run from a bash shell and not from a shell generated by the "appliance shell". Use the "chsh" command to change the shell for the account to "/bin/bash". Refer to KB Article 2100508 for more details:

https://knowledge.broadcom.com/external/article?legacyId=2100508</check-content>
      </check>
    </Rule>
  </Group>
  <Group id="V-VCFM-9X-000127">
    <title>SRG-APP-000516-WSR-000174</title>
    <Rule id="SV-VCFM-9X-000127" severity="medium" weight="10.0">
      <version>VCFM-9X-000127</version>
      <title>The VMware Cloud Foundation vCenter VAMI Lighttpd service must implement HTTP Strict Transport Security (HSTS).</title>
      <description>&lt;VulnDiscussion&gt;HSTS instructs web browsers to only use secure connections for all future requests when communicating with a web site. Doing so helps prevent SSL protocol attacks, SSL stripping, cookie hijacking, and other attempts to circumvent SSL protection.&lt;/VulnDiscussion&gt;&lt;FalsePositives&gt;&lt;/FalsePositives&gt;&lt;FalseNegatives&gt;&lt;/FalseNegatives&gt;&lt;Documentable&gt;false&lt;/Documentable&gt;&lt;Mitigations&gt;&lt;/Mitigations&gt;&lt;SecurityOverrideGuidance&gt;&lt;/SecurityOverrideGuidance&gt;&lt;PotentialImpacts&gt;&lt;/PotentialImpacts&gt;&lt;ThirdPartyTools&gt;&lt;/ThirdPartyTools&gt;&lt;MitigationControl&gt;&lt;/MitigationControl&gt;&lt;Responsibility&gt;&lt;/Responsibility&gt;&lt;IAControls&gt;&lt;/IAControls&gt;</description>
      <ident system="http://cyber.mil/cci">CCI-000366</ident>
      <fixtext fixref="F-VCFM-9X-000127_fix">Navigate to and open:

/etc/applmgmt/appliance/applmgmt-lighttpd.conf

If header "Strict-Transport-Security" is not present, add the following line to the end of the file:

setenv.add-response-header += ("Strict-Transport-Security" =&gt; "max-age=31536000; includeSubDomains; preload")

If header "Strict-Transport-Security" is present and not set to "Deny", update the value as shown below:

"Strict-Transport-Security" =&gt; "max-age=31536000; includeSubDomains; preload",

Note: The last line in the parameter does not need a trailing comma if part of a multi-line configuration.

Restart the service with the following command:

# systemctl restart lighttpd</fixtext>
      <check system="N/A">
        <check-content>At the command prompt, run the following:

# /usr/sbin/lighttpd -p -f /etc/lighttpd/lighttpd.conf 2&gt;/dev/null|awk '/setenv\.add-response-header/,/\)/'|sed -e 's/^[ ]*//'|grep "Strict-Transport-Security"

Example result:

"Strict-Transport-Security" =&gt; "max-age=31536000; includeSubDomains; preload"

If the response header "Strict-Transport-Security" is missing or not configured to "max-age=31536000; includeSubDomains; preload", this is a finding.

Note: The command must be run from a bash shell and not from a shell generated by the "appliance shell". Use the "chsh" command to change the shell for the account to "/bin/bash". Refer to KB Article 2100508 for more details:

https://knowledge.broadcom.com/external/article?legacyId=2100508</check-content>
      </check>
    </Rule>
  </Group>
  <Group id="V-VCFM-9X-000128">
    <title>SRG-APP-000516-WSR-000174</title>
    <Rule id="SV-VCFM-9X-000128" severity="medium" weight="10.0">
      <version>VCFM-9X-000128</version>
      <title>The VMware Cloud Foundation vCenter VAMI Lighttpd service must implement prevent rendering inside a frame or iframe on another site.</title>
      <description>&lt;VulnDiscussion&gt;Clickjacking, also known as a “UI redress attack”, is when an attacker uses multiple transparent or opaque layers to trick a user into clicking on a button or link on another page when they were intending to click on the top level page. Thus, the attacker is “hijacking” clicks meant for their page and routing them to another page, most likely owned by another application, domain, or both.

Using a similar technique, keystrokes can also be hijacked. With a carefully crafted combination of stylesheets, iframes, and text boxes, a user can be led to believe they are typing in the password to their email or bank account but are instead typing into an invisible frame controlled by the attacker.&lt;/VulnDiscussion&gt;&lt;FalsePositives&gt;&lt;/FalsePositives&gt;&lt;FalseNegatives&gt;&lt;/FalseNegatives&gt;&lt;Documentable&gt;false&lt;/Documentable&gt;&lt;Mitigations&gt;&lt;/Mitigations&gt;&lt;SecurityOverrideGuidance&gt;&lt;/SecurityOverrideGuidance&gt;&lt;PotentialImpacts&gt;&lt;/PotentialImpacts&gt;&lt;ThirdPartyTools&gt;&lt;/ThirdPartyTools&gt;&lt;MitigationControl&gt;&lt;/MitigationControl&gt;&lt;Responsibility&gt;&lt;/Responsibility&gt;&lt;IAControls&gt;&lt;/IAControls&gt;</description>
      <ident system="http://cyber.mil/cci">CCI-000366</ident>
      <fixtext fixref="F-VCFM-9X-000128_fix">Navigate to and open:

/etc/applmgmt/appliance/applmgmt-lighttpd.conf

If header "X-Frame-Options" is not present, add the following line to the end of the file:

setenv.add-response-header += ("X-Frame-Options" =&gt; "Deny")

If header "X-Frame-Options" is present and not set to "Deny", update the value as shown below:

"X-Frame-Options" =&gt; "Deny",

Note: The last line in the parameter does not need a trailing comma if part of a multi-line configuration.

Restart the service with the following command:

# systemctl restart lighttpd</fixtext>
      <check system="N/A">
        <check-content>At the command prompt, run the following:

# /usr/sbin/lighttpd -p -f /etc/lighttpd/lighttpd.conf 2&gt;/dev/null|awk '/setenv\.add-response-header/,/\)/'|sed -e 's/^[ ]*//'|grep "X-Frame-Options"

Example result:

"X-Frame-Options" =&gt; "Deny",

If the response header "X-Frame-Options" is missing or not configured to "Deny", this is a finding.

Note: The command must be run from a bash shell and not from a shell generated by the "appliance shell". Use the "chsh" command to change the shell for the account to "/bin/bash". Refer to KB Article 2100508 for more details:

https://knowledge.broadcom.com/external/article?legacyId=2100508</check-content>
      </check>
    </Rule>
  </Group>
  <Group id="V-VCFM-9X-000129">
    <title>SRG-APP-000516-WSR-000174</title>
    <Rule id="SV-VCFM-9X-000129" severity="medium" weight="10.0">
      <version>VCFM-9X-000129</version>
      <title>The VMware Cloud Foundation vCenter VAMI Lighttpd service must protect against MIME sniffing.</title>
      <description>&lt;VulnDiscussion&gt;MIME sniffing was, and still is, a technique used by some web browsers to examine the content of a particular asset. This is done for the purpose of determining an asset's file format. This technique is useful in the event that there is not enough metadata information present for a particular asset, thus leaving the possibility that the browser interprets the asset incorrectly.

Although MIME sniffing can be useful to determine an asset's correct file format, it can also cause a security vulnerability. This vulnerability can be quite dangerous both for site owners as well as site visitors. This is because an attacker can leverage MIME sniffing to send an XSS (Cross Site Scripting) attack.&lt;/VulnDiscussion&gt;&lt;FalsePositives&gt;&lt;/FalsePositives&gt;&lt;FalseNegatives&gt;&lt;/FalseNegatives&gt;&lt;Documentable&gt;false&lt;/Documentable&gt;&lt;Mitigations&gt;&lt;/Mitigations&gt;&lt;SecurityOverrideGuidance&gt;&lt;/SecurityOverrideGuidance&gt;&lt;PotentialImpacts&gt;&lt;/PotentialImpacts&gt;&lt;ThirdPartyTools&gt;&lt;/ThirdPartyTools&gt;&lt;MitigationControl&gt;&lt;/MitigationControl&gt;&lt;Responsibility&gt;&lt;/Responsibility&gt;&lt;IAControls&gt;&lt;/IAControls&gt;</description>
      <ident system="http://cyber.mil/cci">CCI-000366</ident>
      <fixtext fixref="F-VCFM-9X-000129_fix">Navigate to and open:

/etc/applmgmt/appliance/applmgmt-lighttpd.conf

If header "X-Content-Type-Options" is not present, add the following line to the end of the file:

setenv.add-response-header += ("X-Content-Type-Options" =&gt; "nosniff")

If header "X-Content-Type-Options" is present and not set to "nosniff", update the value as shown below:

"X-Content-Type-Options" =&gt; "nosniff",

Note: The last line in the parameter does not need a trailing comma if part of a multi-line configuration.

Restart the service with the following command:

# systemctl restart lighttpd</fixtext>
      <check system="N/A">
        <check-content>At the command prompt, run the following:

# /usr/sbin/lighttpd -p -f /etc/lighttpd/lighttpd.conf 2&gt;/dev/null|awk '/setenv\.add-response-header/,/\)/'|sed -e 's/^[ ]*//'|grep "X-Content-Type-Options"

Example result:

"X-Content-Type-Options" =&gt; "nosniff",

If the response header "X-Content-Type-Options" is missing or not configured to "nosniff", this is a finding.

Note: The command must be run from a bash shell and not from a shell generated by the "appliance shell". Use the "chsh" command to change the shell for the account to "/bin/bash". Refer to KB Article 2100508 for more details:

https://knowledge.broadcom.com/external/article?legacyId=2100508</check-content>
      </check>
    </Rule>
  </Group>
  <Group id="V-VCFM-9X-000130">
    <title>SRG-APP-000516-WSR-000174</title>
    <Rule id="SV-VCFM-9X-000130" severity="medium" weight="10.0">
      <version>VCFM-9X-000130</version>
      <title>The VMware Cloud Foundation vCenter VAMI Lighttpd service must enable Content Security Policy.</title>
      <description>&lt;VulnDiscussion&gt;A Content Security Policy (CSP) requires careful tuning and precise definition of the policy. If enabled, CSP has significant impact on the way browsers render pages (e.g., inline JavaScript is disabled by default and must be explicitly allowed in the policy). CSP prevents a wide range of attacks, including cross-site scripting and other cross-site injections.&lt;/VulnDiscussion&gt;&lt;FalsePositives&gt;&lt;/FalsePositives&gt;&lt;FalseNegatives&gt;&lt;/FalseNegatives&gt;&lt;Documentable&gt;false&lt;/Documentable&gt;&lt;Mitigations&gt;&lt;/Mitigations&gt;&lt;SecurityOverrideGuidance&gt;&lt;/SecurityOverrideGuidance&gt;&lt;PotentialImpacts&gt;&lt;/PotentialImpacts&gt;&lt;ThirdPartyTools&gt;&lt;/ThirdPartyTools&gt;&lt;MitigationControl&gt;&lt;/MitigationControl&gt;&lt;Responsibility&gt;&lt;/Responsibility&gt;&lt;IAControls&gt;&lt;/IAControls&gt;</description>
      <ident system="http://cyber.mil/cci">CCI-000366</ident>
      <fixtext fixref="F-VCFM-9X-000130_fix">Navigate to and open:

/etc/applmgmt/appliance/applmgmt-lighttpd.conf

If header "Content-Security-Policy" is not present, add the following line to the end of the file:

setenv.add-response-header += ("Content-Security-Policy" =&gt; "default-src 'self'; img-src 'self' data: https://vcsa.vmware.com; font-src 'self' data:; object-src 'none'; style-src 'self' 'unsafe-inline'")

If header "Content-Security-Policy" is present and not set to "default-src 'self'; img-src 'self' data: https://vcsa.vmware.com; font-src 'self' data:; object-src 'none'; style-src 'self' 'unsafe-inline'", update the value as shown below:

"Content-Security-Policy" =&gt; "default-src 'self'; img-src 'self' data: https://vcsa.vmware.com; font-src 'self' data:; object-src 'none'; style-src 'self' 'unsafe-inline'",

Note: The last line in the parameter does not need a trailing comma if part of a multi-line configuration.

Restart the service with the following command:

# systemctl restart lighttpd</fixtext>
      <check system="N/A">
        <check-content>At the command prompt, run the following:

# /usr/sbin/lighttpd -p -f /etc/lighttpd/lighttpd.conf 2&gt;/dev/null|awk '/setenv\.add-response-header/,/\)/'|sed -e 's/^[ ]*//'|grep "Content-Security-Policy"

Example result:

"Content-Security-Policy" =&gt; "default-src 'self'; img-src 'self' data: https://vcsa.vmware.com; font-src 'self' data:; object-src 'none'; style-src 'self' 'unsafe-inline'"

If the response header "Content-Security-Policy" is missing or not configured to "default-src 'self'; img-src 'self' data: https://vcsa.vmware.com; font-src 'self' data:; object-src 'none'; style-src 'self' 'unsafe-inline'", this is a finding.

Note: The command must be run from a bash shell and not from a shell generated by the "appliance shell". Use the "chsh" command to change the shell for the account to "/bin/bash". Refer to KB Article 2100508 for more details:

https://knowledge.broadcom.com/external/article?legacyId=2100508</check-content>
      </check>
    </Rule>
  </Group>
</Benchmark>
