<?xml version="1.0" encoding="UTF-8"?><?xml-stylesheet type="text/xsl" href="STIG_unclass.xsl"?>
<Benchmark xmlns:dc="http://purl.org/dc/elements/1.1/" xmlns:xsi="http://www.w3.org/2001/XMLSchema-instance" xmlns:cpe="http://cpe.mitre.org/language/2.0" xmlns:xhtml="http://www.w3.org/1999/xhtml" xmlns:dsig="http://www.w3.org/2000/09/xmldsig#" xsi:schemaLocation="http://checklists.nist.gov/xccdf/1.1 http://nvd.nist.gov/schema/xccdf-1.1.4.xsdhttp://cpe.mitre.org/dictionary/2.0 http://cpe.mitre.org/files/cpe-dictionary_2.1.xsd" id="VCF NSX Manager" xml:lang="en" xmlns="http://checklists.nist.gov/xccdf/1.1">
  <status date="2025-06-17">draft</status>
  <title>VMware Cloud Foundation 9.x NSX Manager STIG Readiness Guide</title>
  <description>VMware Cloud Foundation 9.x NSX Manager STIG Readiness Guide</description>
  <notice id="terms-of-use" xml:lang="en"/>
  <front-matter xml:lang="en"/>
  <rear-matter xml:lang="en"/>
  <reference href="">
    <dc:publisher/>
    <dc:source/>
  </reference>
  <plain-text id="release-info">Release: 1 Benchmark Date: 17 June 2025</plain-text>
  <plain-text id="generator">3.2.2.36079</plain-text>
  <plain-text id="conventionsVersion">1.10.0</plain-text>
  <version>1</version>
  <Group id="V-VCFN-9X-000007">
    <title>SRG-APP-000027-NDM-000209</title>
    <Rule id="SV-VCFN-9X-000007" severity="medium" weight="10.0">
      <version>VCFN-9X-000007</version>
      <title>The VMware Cloud Foundation NSX Manager must configure logging levels for services to ensure audit records are generated.</title>
      <description>&lt;VulnDiscussion&gt;Without generating audit records specific to the security and mission needs of the organization, it would be difficult to establish, correlate, and investigate the events relating to an incident or identify those responsible for one.

Audit records can be generated from various components within the network device (e.g., module or policy filter).

Satisfies: SRG-APP-000028-NDM-000210, SRG-APP-000495-NDM-000318, SRG-APP-000499-NDM-000319, SRG-APP-000503-NDM-000320, SRG-APP-000504-NDM-000321, SRG-APP-000505-NDM-000322, SRG-APP-000506-NDM-000323, SRG-APP-000516-NDM-000334&lt;/VulnDiscussion&gt;&lt;FalsePositives&gt;&lt;/FalsePositives&gt;&lt;FalseNegatives&gt;&lt;/FalseNegatives&gt;&lt;Documentable&gt;false&lt;/Documentable&gt;&lt;Mitigations&gt;&lt;/Mitigations&gt;&lt;SecurityOverrideGuidance&gt;&lt;/SecurityOverrideGuidance&gt;&lt;PotentialImpacts&gt;&lt;/PotentialImpacts&gt;&lt;ThirdPartyTools&gt;&lt;/ThirdPartyTools&gt;&lt;MitigationControl&gt;&lt;/MitigationControl&gt;&lt;Responsibility&gt;&lt;/Responsibility&gt;&lt;IAControls&gt;&lt;/IAControls&gt;</description>
      <ident system="http://cyber.mil/cci">CCI-001403</ident>
      <fixtext fixref="F-VCFN-9X-000007_fix">From an NSX Manager shell, run the following NSX CLI commands:

&gt; set service async_replicator logging-level info
&gt; set service auth logging-level info
&gt; set service http logging-level info
&gt; set service manager logging-level info
&gt; set service telemetry logging-level info</fixtext>
      <check system="N/A">
        <check-content>From an NSX Manager shell, run the following NSX CLI commands:

&gt; get service async_replicator | find Logging
&gt; get service auth | find Logging
&gt; get service http | find Logging
&gt; get service manager | find Logging
&gt; get service telemetry | find Logging

Example result:

Logging level: info

If any service listed does not have logging level configured to "info", this is a finding.</check-content>
      </check>
    </Rule>
  </Group>
  <Group id="V-VCFN-9X-000010">
    <title>SRG-APP-000033-NDM-000212</title>
    <Rule id="SV-VCFN-9X-000010" severity="high" weight="10.0">
      <version>VCFN-9X-000010</version>
      <title>The VMware Cloud Foundation NSX Manager must be configured to assign appropriate user roles or access levels to authenticated users.</title>
      <description>&lt;VulnDiscussion&gt;Successful identification and authentication must not automatically give an entity full access to a network device or security domain. The lack of authorization-based access control could result in the immediate compromise and unauthorized access to sensitive information. All DoD systems must be properly configured to incorporate access control methods that do not rely solely on authentication for authorized access.

Authorization is the process of determining whether an entity, once authenticated, is permitted to access a specific asset or set of resources. Information systems use access control policies and enforcement mechanisms to implement this requirement. Authorization procedures and controls must be implemented to ensure each authenticated entity also has a validated and current authorization.

Some network devices are pre-configured with security groups. Other network devices enable operators to create custom security groups with custom permissions. For example, an ISSM may require read-only access to audit the network device. Operators may create an audit security group, define permissions and access levels for members of the group, and then assign the ISSM’s user persona to the audit security group. This is still considered privileged access, but the ISSM’s security group is more restrictive than the network administrator’s security group.

Network devices that rely on AAA brokers for authentication and authorization services may need to identify the available security groups or access levels available on the network devices and convey that information to the AAA operator. Once the AAA broker identifies the user persona on the centralized directory service, the user’s security group memberships can be retrieved. The AAA operator may need to create a mapping that links target security groups from the directory service to the appropriate security groups or access levels on the network device. Once these mappings are configured, authorizations can happen dynamically, based on each user’s directory service group membership.

Satisfies: SRG-APP-000038-NDM-000213, SRG-APP-000119-NDM-000236, SRG-APP-000120-NDM-000237, SRG-APP-000121-NDM-000238, SRG-APP-000122-NDM-000239, SRG-APP-000123-NDM-000240, SRG-APP-000133-NDM-000244, SRG-APP-000231-NDM-000271, SRG-APP-000329-NDM-000287, SRG-APP-000340-NDM-000288, SRG-APP-000378-NDM-000302, SRG-APP-000380-NDM-000304, SRG-APP-000408-NDM-000314, SRG-APP-000516-NDM-000335, SRG-APP-000795-NDM-000130&lt;/VulnDiscussion&gt;&lt;FalsePositives&gt;&lt;/FalsePositives&gt;&lt;FalseNegatives&gt;&lt;/FalseNegatives&gt;&lt;Documentable&gt;false&lt;/Documentable&gt;&lt;Mitigations&gt;&lt;/Mitigations&gt;&lt;SecurityOverrideGuidance&gt;&lt;/SecurityOverrideGuidance&gt;&lt;PotentialImpacts&gt;&lt;/PotentialImpacts&gt;&lt;ThirdPartyTools&gt;&lt;/ThirdPartyTools&gt;&lt;MitigationControl&gt;&lt;/MitigationControl&gt;&lt;Responsibility&gt;&lt;/Responsibility&gt;&lt;IAControls&gt;&lt;/IAControls&gt;</description>
      <ident system="http://cyber.mil/cci">CCI-000213</ident>
      <fixtext fixref="F-VCFN-9X-000010_fix">To create a new role with reduced permissions, do the following:

From the NSX Manager web interface, go to System &gt;&gt; Settings &gt;&gt; User Management &gt;&gt; Roles.

Click "Add Role", provide a name and the required permissions, and then click "Save".

To update user or group permissions to an existing role with reduced permissions, do the following:

From the NSX Manager web interface, go to System &gt;&gt; User Management &gt;&gt; User Role Assignment.

Click the menu dropdown next to the target user or group and select "Edit".

Remove the existing role, select the new one, and then click "Save".</fixtext>
      <check system="N/A">
        <check-content>From the NSX Manager web interface, go to System &gt;&gt; Settings &gt;&gt; User Management &gt;&gt; User Role Assignment.

View each user and group and verify the role assigned to it.

If any user/group or service account are assigned to roles with privileges that are beyond those required and authorized by the organization, this is a finding.</check-content>
      </check>
    </Rule>
  </Group>
  <Group id="V-VCFN-9X-000012">
    <title>SRG-APP-000065-NDM-000214</title>
    <Rule id="SV-VCFN-9X-000012" severity="medium" weight="10.0">
      <version>VCFN-9X-000012</version>
      <title>The VMware Cloud Foundation NSX Manager must be configured to enforce the limit of three consecutive invalid logon attempts, after which time it must block any login attempt for 15 minutes.</title>
      <description>&lt;VulnDiscussion&gt;By limiting the number of failed login attempts, the risk of unauthorized system access via user password guessing, otherwise known as brute-forcing, is reduced.&lt;/VulnDiscussion&gt;&lt;FalsePositives&gt;&lt;/FalsePositives&gt;&lt;FalseNegatives&gt;&lt;/FalseNegatives&gt;&lt;Documentable&gt;false&lt;/Documentable&gt;&lt;Mitigations&gt;&lt;/Mitigations&gt;&lt;SecurityOverrideGuidance&gt;&lt;/SecurityOverrideGuidance&gt;&lt;PotentialImpacts&gt;&lt;/PotentialImpacts&gt;&lt;ThirdPartyTools&gt;&lt;/ThirdPartyTools&gt;&lt;MitigationControl&gt;&lt;/MitigationControl&gt;&lt;Responsibility&gt;&lt;/Responsibility&gt;&lt;IAControls&gt;&lt;/IAControls&gt;</description>
      <ident system="http://cyber.mil/cci">CCI-000044</ident>
      <fixtext fixref="F-VCFN-9X-000012_fix">From an NSX Manager shell, run the following commands:

&gt; set auth-policy api lockout-reset-period 900
&gt; set auth-policy api lockout-period 900
&gt; set auth-policy api max-auth-failures 3
&gt; set auth-policy cli lockout-period 900
&gt; set auth-policy cli max-auth-failures 3</fixtext>
      <check system="N/A">
        <check-content>From an NSX Manager shell, run the following NSX CLI commands:

&gt; get auth-policy api lockout-reset-period

Example result:

900 seconds

If the API "lockout-reset-period" is configured to a value greater than "900", this is a finding.

&gt; get auth-policy api lockout-period

Example result:

900 seconds

If the API "lockout-period" is configured to "0" or is less than "900", this is a finding.

&gt; get auth-policy api max-auth-failures

Example result:

3

If the API "max-auth-failures" is not configured to "3", this is a finding.

&gt; get auth-policy cli lockout-period

Example result:

900 seconds

If the CLI "lockout-period" is configured to "0" or is less than "900", this is a finding.

&gt; get auth-policy cli max-auth-failures

Example result:

3

If the CLI "max-auth-failures" is not configured to "3", this is a finding.</check-content>
      </check>
    </Rule>
  </Group>
  <Group id="V-VCFN-9X-000013">
    <title>SRG-APP-000068-NDM-000215</title>
    <Rule id="SV-VCFN-9X-000013" severity="medium" weight="10.0">
      <version>VCFN-9X-000013</version>
      <title>The VMware Cloud Foundation NSX Manager must display the Standard Mandatory DoD Notice and Consent Banner before granting access.</title>
      <description>&lt;VulnDiscussion&gt;Display of the DoD-approved use notification before granting access to the network device ensures privacy and security notification verbiage used is consistent with applicable federal laws, Executive Orders, directives, policies, regulations, standards, and guidance.

System use notifications are required only for access via logon interfaces with human users.

Satisfies: SRG-APP-000069-NDM-000216&lt;/VulnDiscussion&gt;&lt;FalsePositives&gt;&lt;/FalsePositives&gt;&lt;FalseNegatives&gt;&lt;/FalseNegatives&gt;&lt;Documentable&gt;false&lt;/Documentable&gt;&lt;Mitigations&gt;&lt;/Mitigations&gt;&lt;SecurityOverrideGuidance&gt;&lt;/SecurityOverrideGuidance&gt;&lt;PotentialImpacts&gt;&lt;/PotentialImpacts&gt;&lt;ThirdPartyTools&gt;&lt;/ThirdPartyTools&gt;&lt;MitigationControl&gt;&lt;/MitigationControl&gt;&lt;Responsibility&gt;&lt;/Responsibility&gt;&lt;IAControls&gt;&lt;/IAControls&gt;</description>
      <ident system="http://cyber.mil/cci">CCI-000048</ident>
      <fixtext fixref="F-VCFN-9X-000013_fix">From the NSX Manager web interface, go to System &gt;&gt; Settings &gt;&gt; General Settings &gt;&gt; User Interface.

Under Login Consent Settings click Edit.

Toggle "Login Consent" to On.

Toggle "Require Explicit User Consent" to Yes.

Enter a "Consent Message Title" such as "Standard Mandatory DOD Notice and Consent Banner".

Enter the banner language in the "Consent Message Description" text box and click Save.</fixtext>
      <check system="N/A">
        <check-content>From the NSX Manager web interface, go to System &gt;&gt; Settings &gt;&gt; General Settings &gt;&gt; User Interface.

Review the Login Consent Settings.

If "Login Consent" is not On, this is a finding.

If "Require Explicit User Consent" is not Yes, this is a finding.

If the "Consent Message Description" does not contain the Standard Mandatory DOD Notice and Consent Banner verbiage, this is a finding.

The Standard Mandatory DOD Notice and Consent Banner verbiage is as follows:

"You are accessing a U.S. Government (USG) Information System (IS) that is provided for USG-authorized use only.

By using this IS (which includes any device attached to this IS), you consent to the following conditions:
-The USG routinely intercepts and monitors communications on this IS for purposes including, but not limited to, penetration testing, COMSEC monitoring, network operations and defense, personnel misconduct (PM), law enforcement (LE), and counterintelligence (CI) investigations.
-At any time, the USG may inspect and seize data stored on this IS.
-Communications using, or data stored on, this IS are not private, are subject to routine monitoring, interception, and search, and may be disclosed or used for any USG-authorized purpose.
-This IS includes security measures (e.g., authentication and access controls) to protect USG interests--not for your personal benefit or privacy.
-Notwithstanding the above, using this IS does not constitute consent to PM, LE or CI investigative searching or monitoring of the content of privileged communications, or work product, related to personal representation or services by attorneys, psychotherapists, or clergy, and their assistants. Such communications and work product are private and confidential. See User Agreement for details."</check-content>
      </check>
    </Rule>
  </Group>
  <Group id="V-VCFN-9X-000034">
    <title>SRG-APP-000148-NDM-000346</title>
    <Rule id="SV-VCFN-9X-000034" severity="medium" weight="10.0">
      <version>VCFN-9X-000034</version>
      <title>The VMware Cloud Foundation NSX Manager must be configured with only one local account to be used as the account of last resort in the event the authentication server is unavailable.</title>
      <description>&lt;VulnDiscussion&gt;Authentication for administrative (privileged level) access to the device is required at all times. An account can be created on the device's local database for use when the authentication server is down or connectivity between the device and the authentication server is not operable. This account is referred to as the account of last resort since it is intended to be used as a last resort and when immediate administrative access is absolutely necessary.

The account of last resort logon credentials must be stored in a sealed envelope and kept in a safe. The safe must be periodically audited to verify the envelope remains sealed. The signature of the auditor and the date of the audit should be added to the envelope as a record. Administrators should secure the credentials and disable the root account (if possible) when not needed for system administration functions.&lt;/VulnDiscussion&gt;&lt;FalsePositives&gt;&lt;/FalsePositives&gt;&lt;FalseNegatives&gt;&lt;/FalseNegatives&gt;&lt;Documentable&gt;false&lt;/Documentable&gt;&lt;Mitigations&gt;&lt;/Mitigations&gt;&lt;SecurityOverrideGuidance&gt;&lt;/SecurityOverrideGuidance&gt;&lt;PotentialImpacts&gt;&lt;/PotentialImpacts&gt;&lt;ThirdPartyTools&gt;&lt;/ThirdPartyTools&gt;&lt;MitigationControl&gt;&lt;/MitigationControl&gt;&lt;Responsibility&gt;&lt;/Responsibility&gt;&lt;IAControls&gt;&lt;/IAControls&gt;</description>
      <ident system="http://cyber.mil/cci">CCI-001358, CCI-002111</ident>
      <fixtext fixref="F-VCFN-9X-000034_fix">From the NSX Manager web interface, go to the System &gt;&gt; Settings &gt;&gt; User Management &gt;&gt; Local Users.

Select the menu drop down next to the user to modify and click "Deactivate User".</fixtext>
      <check system="N/A">
        <check-content>From the NSX Manager web interface, go to the System &gt;&gt; Settings &gt;&gt; User Management &gt;&gt; Local Users and view the status column.

If the audit, guestuser1, or guestuser2 local accounts are active, this is a finding.</check-content>
      </check>
    </Rule>
  </Group>
  <Group id="V-VCFN-9X-000037">
    <title>SRG-APP-000156-NDM-000250</title>
    <Rule id="SV-VCFN-9X-000037" severity="medium" weight="10.0">
      <version>VCFN-9X-000037</version>
      <title>The VMware Cloud Foundation NSX Manager must implement replay-resistant authentication mechanisms by disabling deprecated TLS protocols.</title>
      <description>&lt;VulnDiscussion&gt;A replay attack may enable an unauthorized user to gain access to the application. Authentication sessions between the authenticator and the application validating the user credentials must not be vulnerable to a replay attack.

An authentication process resists replay attacks if it is impractical to achieve a successful authentication by recording and replaying a previous authentication message. 

Techniques used to address this include protocols using nonces (e.g., numbers generated for a specific one-time use) or challenges (e.g., TLS, WS_Security). Additional techniques include time-synchronous or challenge-response one-time authenticators.

TLS 1.0 and 1.1 are deprecated protocols with well-published shortcomings and vulnerabilities. TLS 1.2 and/or TLS 1.3 must be enabled on all interfaces and TLS 1.1 and 1.0 disabled where supported.

Satisfies: SRG-APP-000172-NDM-000259&lt;/VulnDiscussion&gt;&lt;FalsePositives&gt;&lt;/FalsePositives&gt;&lt;FalseNegatives&gt;&lt;/FalseNegatives&gt;&lt;Documentable&gt;false&lt;/Documentable&gt;&lt;Mitigations&gt;&lt;/Mitigations&gt;&lt;SecurityOverrideGuidance&gt;&lt;/SecurityOverrideGuidance&gt;&lt;PotentialImpacts&gt;&lt;/PotentialImpacts&gt;&lt;ThirdPartyTools&gt;&lt;/ThirdPartyTools&gt;&lt;MitigationControl&gt;&lt;/MitigationControl&gt;&lt;Responsibility&gt;&lt;/Responsibility&gt;&lt;IAControls&gt;&lt;/IAControls&gt;</description>
      <ident system="http://cyber.mil/cci">CCI-001941</ident>
      <fixtext fixref="F-VCFN-9X-000037_fix">Capture the output from the check GET command and update the TLS 1.1 protocol to false.

Run the following API call using curl or another REST API client:

PUT https://&lt;nsx-mgr&gt;/api/v1/cluster/api-service

Example request body:

{
    "session_timeout": 1800,
    "connection_timeout": 30,
    "protocol_versions": [
        {
            "name": "TLSv1.1",
            "enabled": false
        },
        {
            "name": "TLSv1.2",
            "enabled": true
        },
        {
            "name": "TLSv1.3",
            "enabled": true
        }
    ],
    "cipher_suites": [
        {
            "name": "TLS_ECDHE_RSA_WITH_AES_128_CBC_SHA",
            "enabled": true
        },
        {
            "name": "TLS_ECDHE_RSA_WITH_AES_128_CBC_SHA256",
            "enabled": true
        },
        {
            "name": "TLS_ECDHE_RSA_WITH_AES_128_GCM_SHA256",
            "enabled": true
        },
        {
            "name": "TLS_ECDHE_RSA_WITH_AES_256_CBC_SHA",
            "enabled": true
        },
        {
            "name": "TLS_ECDHE_RSA_WITH_AES_256_CBC_SHA384",
            "enabled": true
        },
        {
            "name": "TLS_ECDHE_RSA_WITH_AES_256_GCM_SHA384",
            "enabled": true
        },
        {
            "name": "TLS_RSA_WITH_AES_128_CBC_SHA",
            "enabled": true
        },
        {
            "name": "TLS_RSA_WITH_AES_128_CBC_SHA256",
            "enabled": true
        },
        {
            "name": "TLS_RSA_WITH_AES_128_GCM_SHA256",
            "enabled": true
        },
        {
            "name": "TLS_RSA_WITH_AES_256_CBC_SHA",
            "enabled": true
        },
        {
            "name": "TLS_RSA_WITH_AES_256_CBC_SHA256",
            "enabled": true
        },
        {
            "name": "TLS_RSA_WITH_AES_256_GCM_SHA384",
            "enabled": true
        },
        {
            "name": "TLS_ECDHE_ECDSA_WITH_AES_256_GCM_SHA384",
            "enabled": true
        },
        {
            "name": "TLS_AES_128_GCM_SHA256",
            "enabled": true
        },
        {
            "name": "TLS_AES_256_GCM_SHA384",
            "enabled": true
        },
        {
            "name": "TLS_CHACHA20_POLY1305_SHA256",
            "enabled": true
        }
    ],
    "redirect_host": "",
    "client_api_rate_limit": 100,
    "global_api_concurrency_limit": 199,
    "client_api_concurrency_limit": 40,
    "basic_authentication_enabled": true,
    "cookie_based_authentication_enabled": true,
    "resource_type": "ApiServiceConfig",
    "id": "reverse_proxy_config",
    "display_name": "reverse_proxy_config",
    "_system_owned": false,
    "_protection": "NOT_PROTECTED",
    "_create_time": 1733862743672,
    "_create_user": "system",
    "_last_modified_time": 1733862743672,
    "_last_modified_user": "system",
    "_revision": 0
}

Note: Changes are applied to all nodes in the cluster. The API service on each node will restart after it is updated using this API. There may be a delay of up to a minute or so between the time this API call completes and when the new configuration goes into effect.</fixtext>
      <check system="N/A">
        <check-content>Viewing TLS protocol enablement must be done via the API.

Execute the following API call using curl or another REST API client:

GET https://&lt;nsx-mgr&gt;/api/v1/cluster/api-service

Example result:

"protocol_versions": [
	{
		"name": "TLSv1.1",
		"enabled": false
	},
	{
		"name": "TLSv1.2",
		"enabled": true
	},
	{
		"name": "TLSv1.3",
		"enabled": true
	}
]

If TLS 1.1 is enabled, this is a finding.</check-content>
      </check>
    </Rule>
  </Group>
  <Group id="V-VCFN-9X-000038">
    <title>SRG-APP-000164-NDM-000252</title>
    <Rule id="SV-VCFN-9X-000038" severity="medium" weight="10.0">
      <version>VCFN-9X-000038</version>
      <title>The VMware Cloud Foundation NSX Manager must enforce a minimum 15-character password length for local accounts.</title>
      <description>&lt;VulnDiscussion&gt;Password complexity, or strength, is a measure of the effectiveness of a password in resisting attempts at guessing and brute-force attacks. Password length is one factor of several that helps to determine strength and how long it takes to crack a password.

The shorter the password, the lower the number of possible combinations that must be tested before the password is compromised. Use of more characters in a password helps to increase exponentially the time and/or resources required to compromise the password.

Satisfies: SRG-APP-000860-NDM-000250&lt;/VulnDiscussion&gt;&lt;FalsePositives&gt;&lt;/FalsePositives&gt;&lt;FalseNegatives&gt;&lt;/FalseNegatives&gt;&lt;Documentable&gt;false&lt;/Documentable&gt;&lt;Mitigations&gt;&lt;/Mitigations&gt;&lt;SecurityOverrideGuidance&gt;&lt;/SecurityOverrideGuidance&gt;&lt;PotentialImpacts&gt;&lt;/PotentialImpacts&gt;&lt;ThirdPartyTools&gt;&lt;/ThirdPartyTools&gt;&lt;MitigationControl&gt;&lt;/MitigationControl&gt;&lt;Responsibility&gt;&lt;/Responsibility&gt;&lt;IAControls&gt;&lt;/IAControls&gt;</description>
      <ident system="http://cyber.mil/cci">CCI-004066</ident>
      <fixtext fixref="F-VCFN-9X-000038_fix">From an NSX Manager shell, run the following NSX CLI command:

&gt; set password-complexity minimum-password-length 15</fixtext>
      <check system="N/A">
        <check-content>From an NSX Manager shell, run the following NSX CLI command:

&gt;  get password-complexity

If the minimum password length is not 15 or greater, this is a finding.</check-content>
      </check>
    </Rule>
  </Group>
  <Group id="V-VCFN-9X-000039">
    <title>SRG-APP-000166-NDM-000254</title>
    <Rule id="SV-VCFN-9X-000039" severity="medium" weight="10.0">
      <version>VCFN-9X-000039</version>
      <title>The VMware Cloud Foundation NSX Manager must enforce password complexity by requiring that at least one uppercase character be used for local accounts.</title>
      <description>&lt;VulnDiscussion&gt;Use of a complex password helps to increase the time and resources required to compromise the password. Password complexity, or strength, is a measure of the effectiveness of a password in resisting attempts at guessing and brute-force attacks.

Password complexity is one factor of several that determine how long it takes to crack a password. The more complex the password is, the greater the number of possible combinations that need to be tested before the password is compromised.

Multifactor authentication (MFA) is required for all administrative and user accounts on network devices, except for an account of last resort and (where applicable) a root account. Passwords should only be used when MFA using PKI is not available, and for the account of last resort and root account.&lt;/VulnDiscussion&gt;&lt;FalsePositives&gt;&lt;/FalsePositives&gt;&lt;FalseNegatives&gt;&lt;/FalseNegatives&gt;&lt;Documentable&gt;false&lt;/Documentable&gt;&lt;Mitigations&gt;&lt;/Mitigations&gt;&lt;SecurityOverrideGuidance&gt;&lt;/SecurityOverrideGuidance&gt;&lt;PotentialImpacts&gt;&lt;/PotentialImpacts&gt;&lt;ThirdPartyTools&gt;&lt;/ThirdPartyTools&gt;&lt;MitigationControl&gt;&lt;/MitigationControl&gt;&lt;Responsibility&gt;&lt;/Responsibility&gt;&lt;IAControls&gt;&lt;/IAControls&gt;</description>
      <ident system="http://cyber.mil/cci">CCI-004066</ident>
      <fixtext fixref="F-VCFN-9X-000039_fix">From an NSX Manager shell, run the following NSX CLI command:

&gt; set password-complexity upper-chars -1

Note: Negative numbers indicate a minimum number of characters.</fixtext>
      <check system="N/A">
        <check-content>From an NSX Manager shell, run the following NSX CLI command:

&gt;  get password-complexity

If the minimum uppercase characters is not 1 or more, this is a finding.

Note: If a maximum number of uppercase characters has been configured a minimum will not be shown.</check-content>
      </check>
    </Rule>
  </Group>
  <Group id="V-VCFN-9X-000040">
    <title>SRG-APP-000167-NDM-000255</title>
    <Rule id="SV-VCFN-9X-000040" severity="medium" weight="10.0">
      <version>VCFN-9X-000040</version>
      <title>The VMware Cloud Foundation NSX Manager must enforce password complexity by requiring that at least one lowercase character be used for local accounts.</title>
      <description>&lt;VulnDiscussion&gt;Use of a complex password helps to increase the time and resources required to compromise the password. Password complexity, or strength, is a measure of the effectiveness of a password in resisting attempts at guessing and brute-force attacks.

Password complexity is one factor of several that determine how long it takes to crack a password. The more complex the password, the greater the number of possible combinations that need to be tested before the password is compromised.

Multifactor authentication (MFA) is required for all administrative and user accounts on network devices, except for an account of last resort and (where applicable) a root account. Passwords should only be used when MFA using PKI is not available, and for the account of last resort and root account.&lt;/VulnDiscussion&gt;&lt;FalsePositives&gt;&lt;/FalsePositives&gt;&lt;FalseNegatives&gt;&lt;/FalseNegatives&gt;&lt;Documentable&gt;false&lt;/Documentable&gt;&lt;Mitigations&gt;&lt;/Mitigations&gt;&lt;SecurityOverrideGuidance&gt;&lt;/SecurityOverrideGuidance&gt;&lt;PotentialImpacts&gt;&lt;/PotentialImpacts&gt;&lt;ThirdPartyTools&gt;&lt;/ThirdPartyTools&gt;&lt;MitigationControl&gt;&lt;/MitigationControl&gt;&lt;Responsibility&gt;&lt;/Responsibility&gt;&lt;IAControls&gt;&lt;/IAControls&gt;</description>
      <ident system="http://cyber.mil/cci">CCI-004066</ident>
      <fixtext fixref="F-VCFN-9X-000040_fix">From an NSX Manager shell, run the following NSX CLI command:

&gt; set password-complexity lower-chars -1

Note: Negative numbers indicate a minimum number of characters.</fixtext>
      <check system="N/A">
        <check-content>From an NSX Manager shell, run the following NSX CLI command:

&gt;  get password-complexity

If the minimum lowercase characters is not 1 or more, this is a finding.

Note: If a maximum number of lowercase characters has been configured a minimum will not be shown.</check-content>
      </check>
    </Rule>
  </Group>
  <Group id="V-VCFN-9X-000041">
    <title>SRG-APP-000168-NDM-000256</title>
    <Rule id="SV-VCFN-9X-000041" severity="medium" weight="10.0">
      <version>VCFN-9X-000041</version>
      <title>The VMware Cloud Foundation NSX Manager must enforce password complexity by requiring that at least one numeric character be used for local accounts.</title>
      <description>&lt;VulnDiscussion&gt;Use of a complex password helps to increase the time and resources required to compromise the password. Password complexity, or strength, is a measure of the effectiveness of a password in resisting attempts at guessing and brute-force attacks.

Password complexity is one factor of several that determine how long it takes to crack a password. The more complex the password, the greater the number of possible combinations that need to be tested before the password is compromised.

Multifactor authentication (MFA) is required for all administrative and user accounts on network devices, except for an account of last resort and (where applicable) a root account. Passwords should only be used when MFA using PKI is not available, and for the account of last resort and root account.&lt;/VulnDiscussion&gt;&lt;FalsePositives&gt;&lt;/FalsePositives&gt;&lt;FalseNegatives&gt;&lt;/FalseNegatives&gt;&lt;Documentable&gt;false&lt;/Documentable&gt;&lt;Mitigations&gt;&lt;/Mitigations&gt;&lt;SecurityOverrideGuidance&gt;&lt;/SecurityOverrideGuidance&gt;&lt;PotentialImpacts&gt;&lt;/PotentialImpacts&gt;&lt;ThirdPartyTools&gt;&lt;/ThirdPartyTools&gt;&lt;MitigationControl&gt;&lt;/MitigationControl&gt;&lt;Responsibility&gt;&lt;/Responsibility&gt;&lt;IAControls&gt;&lt;/IAControls&gt;</description>
      <ident system="http://cyber.mil/cci">CCI-004066</ident>
      <fixtext fixref="F-VCFN-9X-000041_fix">From an NSX Manager shell, run the following NSX CLI command:

&gt; set password-complexity digits -1

Note: Negative numbers indicate a minimum number of characters.</fixtext>
      <check system="N/A">
        <check-content>From an NSX Manager shell, run the following NSX CLI command:

&gt;  get password-complexity

If the minimum numeric characters is not 1 or more, this is a finding.

Note: If a maximum number of numeric characters has been configured a minimum will not be shown.</check-content>
      </check>
    </Rule>
  </Group>
  <Group id="V-VCFN-9X-000042">
    <title>SRG-APP-000169-NDM-000257</title>
    <Rule id="SV-VCFN-9X-000042" severity="medium" weight="10.0">
      <version>VCFN-9X-000042</version>
      <title>The VMware Cloud Foundation NSX Manager must enforce password complexity by requiring that at least one special character be used for local accounts.</title>
      <description>&lt;VulnDiscussion&gt;Use of a complex password helps to increase the time and resources required to compromise the password. Password complexity, or strength, is a measure of the effectiveness of a password in resisting attempts at guessing and brute-force attacks.

Password complexity is one factor of several that determine how long it takes to crack a password. The more complex the password, the greater the number of possible combinations that need to be tested before the password is compromised.

Multifactor authentication (MFA) is required for all administrative and user accounts on network devices, except for an account of last resort and (where applicable) a root account. Passwords should only be used when MFA using PKI is not available, and for the account of last resort and root account.&lt;/VulnDiscussion&gt;&lt;FalsePositives&gt;&lt;/FalsePositives&gt;&lt;FalseNegatives&gt;&lt;/FalseNegatives&gt;&lt;Documentable&gt;false&lt;/Documentable&gt;&lt;Mitigations&gt;&lt;/Mitigations&gt;&lt;SecurityOverrideGuidance&gt;&lt;/SecurityOverrideGuidance&gt;&lt;PotentialImpacts&gt;&lt;/PotentialImpacts&gt;&lt;ThirdPartyTools&gt;&lt;/ThirdPartyTools&gt;&lt;MitigationControl&gt;&lt;/MitigationControl&gt;&lt;Responsibility&gt;&lt;/Responsibility&gt;&lt;IAControls&gt;&lt;/IAControls&gt;</description>
      <ident system="http://cyber.mil/cci">CCI-004066</ident>
      <fixtext fixref="F-VCFN-9X-000042_fix">From an NSX Manager shell, run the following NSX CLI command:

&gt; set password-complexity special-chars -1

Note: Negative numbers indicate a minimum number of characters.</fixtext>
      <check system="N/A">
        <check-content>From an NSX Manager shell, run the following NSX CLI command:

&gt;  get password-complexity

If the minimum special characters is not 1 or more, this is a finding.

Note: If a maximum number of special characters has been configured a minimum will not be shown.</check-content>
      </check>
    </Rule>
  </Group>
  <Group id="V-VCFN-9X-000043">
    <title>SRG-APP-000170-NDM-000329</title>
    <Rule id="SV-VCFN-9X-000043" severity="medium" weight="10.0">
      <version>VCFN-9X-000043</version>
      <title>The VMware Cloud Foundation NSX Manager must require that when a password is changed, the characters are changed in at least eight of the positions within the password for local accounts.</title>
      <description>&lt;VulnDiscussion&gt;If the application allows the user to consecutively reuse extensive portions of passwords, this increases the chances of password compromise by increasing the window of opportunity for attempts at guessing and brute-force attacks.

The number of changed characters refers to the number of changes required with respect to the total number of positions in the current password. In other words, characters may be the same within the two passwords; however, the positions of the like characters must be different.

Multifactor authentication (MFA) is required for all administrative and user accounts on network devices, except for an account of last resort and (where applicable) a root account. Passwords should only be used when MFA using PKI is not available, and for the account of last resort and root account.&lt;/VulnDiscussion&gt;&lt;FalsePositives&gt;&lt;/FalsePositives&gt;&lt;FalseNegatives&gt;&lt;/FalseNegatives&gt;&lt;Documentable&gt;false&lt;/Documentable&gt;&lt;Mitigations&gt;&lt;/Mitigations&gt;&lt;SecurityOverrideGuidance&gt;&lt;/SecurityOverrideGuidance&gt;&lt;PotentialImpacts&gt;&lt;/PotentialImpacts&gt;&lt;ThirdPartyTools&gt;&lt;/ThirdPartyTools&gt;&lt;MitigationControl&gt;&lt;/MitigationControl&gt;&lt;Responsibility&gt;&lt;/Responsibility&gt;&lt;IAControls&gt;&lt;/IAControls&gt;</description>
      <ident system="http://cyber.mil/cci">CCI-004066</ident>
      <fixtext fixref="F-VCFN-9X-000043_fix">From an NSX Manager shell, run the following NSX CLI command:

&gt; set password-complexity max-repeats 8</fixtext>
      <check system="N/A">
        <check-content>From an NSX Manager shell, run the following NSX CLI command:

&gt;  get password-complexity

If the number of consecutive characters allowed for reuse is not 8 or less, this is a finding.

Note: If this has not previously been configured it will not be shown in the output.</check-content>
      </check>
    </Rule>
  </Group>
  <Group id="V-VCFN-9X-000050">
    <title>SRG-APP-000190-NDM-000267</title>
    <Rule id="SV-VCFN-9X-000050" severity="high" weight="10.0">
      <version>VCFN-9X-000050</version>
      <title>The VMware Cloud Foundation NSX Manager must terminate all network connections associated with a session after five minutes of inactivity.</title>
      <description>&lt;VulnDiscussion&gt;Terminating an idle session within a short time period reduces the window of opportunity for unauthorized personnel to take control of a management session enabled on the console or console port that has been left unattended. In addition, quickly terminating an idle session will also free up resources committed by the managed network element. 

Terminating network connections associated with communications sessions includes, for example, de-allocating associated TCP/IP address/port pairs at the operating system level, or de-allocating networking assignments at the application level if multiple application sessions are using a single, operating system-level network connection. This does not mean that the device terminates all sessions or network access; it only ends the inactive session and releases the resources associated with that session.

Satisfies: SRG-APP-000400-NDM-000313&lt;/VulnDiscussion&gt;&lt;FalsePositives&gt;&lt;/FalsePositives&gt;&lt;FalseNegatives&gt;&lt;/FalseNegatives&gt;&lt;Documentable&gt;false&lt;/Documentable&gt;&lt;Mitigations&gt;&lt;/Mitigations&gt;&lt;SecurityOverrideGuidance&gt;&lt;/SecurityOverrideGuidance&gt;&lt;PotentialImpacts&gt;&lt;/PotentialImpacts&gt;&lt;ThirdPartyTools&gt;&lt;/ThirdPartyTools&gt;&lt;MitigationControl&gt;&lt;/MitigationControl&gt;&lt;Responsibility&gt;&lt;/Responsibility&gt;&lt;IAControls&gt;&lt;/IAControls&gt;</description>
      <ident system="http://cyber.mil/cci">CCI-001133</ident>
      <fixtext fixref="F-VCFN-9X-000050_fix">From an NSX Manager shell, run the following NSX CLI commands:

&gt; set service http session-timeout 300
&gt; set cli-timeout 300</fixtext>
      <check system="N/A">
        <check-content>From an NSX Manager shell, run the following NSX CLI command:

&gt; get service http | find Session

Example result:

Session timeout: 300

If the session timeout is configured to "0" or is greater than "300", this is a finding.

From an NSX Manager shell, run the following NSX CLI command:

&gt; get cli-timeout

Example result:

300 seconds

If the CLI timeout is configured to "0" or is greater than "300", this is a finding.</check-content>
      </check>
    </Rule>
  </Group>
  <Group id="V-VCFN-9X-000065">
    <title>SRG-APP-000374-NDM-000299</title>
    <Rule id="SV-VCFN-9X-000065" severity="medium" weight="10.0">
      <version>VCFN-9X-000065</version>
      <title>The VMware Cloud Foundation NSX Manager must record time stamps for audit records that can be mapped to Coordinated Universal Time (UTC).</title>
      <description>&lt;VulnDiscussion&gt;If time stamps are not consistently applied and there is no common time reference, it is difficult to perform forensic analysis.

Time stamps generated by the application include date and time. Time is commonly expressed in Coordinated Universal Time (UTC), a modern continuation of Greenwich Mean Time (GMT), or local time with an offset from UTC.&lt;/VulnDiscussion&gt;&lt;FalsePositives&gt;&lt;/FalsePositives&gt;&lt;FalseNegatives&gt;&lt;/FalseNegatives&gt;&lt;Documentable&gt;false&lt;/Documentable&gt;&lt;Mitigations&gt;&lt;/Mitigations&gt;&lt;SecurityOverrideGuidance&gt;&lt;/SecurityOverrideGuidance&gt;&lt;PotentialImpacts&gt;&lt;/PotentialImpacts&gt;&lt;ThirdPartyTools&gt;&lt;/ThirdPartyTools&gt;&lt;MitigationControl&gt;&lt;/MitigationControl&gt;&lt;Responsibility&gt;&lt;/Responsibility&gt;&lt;IAControls&gt;&lt;/IAControls&gt;</description>
      <ident system="http://cyber.mil/cci">CCI-001890</ident>
      <fixtext fixref="F-VCFN-9X-000065_fix">To configure a profile to apply a time zone to all NSX Manager nodes, do the following:

From the NSX Manager web interface, go to System &gt;&gt; Configuration &gt;&gt; Fabric &gt;&gt; Profiles &gt;&gt; Node Profiles.

Click "All NSX Nodes", and then click "Edit".

In the time zone drop-down list, select "UTC", and then click "Save".

or

From an NSX Manager shell, run the following NSX CLI command:

&gt; set timezone UTC

Note: This fix must be run from each NSX Manager as they are configured individually if done from the command line.</fixtext>
      <check system="N/A">
        <check-content>From the NSX Manager web interface, go to System &gt;&gt; Configuration &gt;&gt; Fabric &gt;&gt; Profiles &gt;&gt; Node Profiles.

Click "All NSX Nodes" and verify the time zone.

or

From an NSX Manager shell, run the following NSX CLI command:

&gt; get clock

If system clock is not configured with the UTC time zone, this is a finding.

Note: This check must be run from each NSX Manager as they are configured individually if done from the command line.</check-content>
      </check>
    </Rule>
  </Group>
  <Group id="V-VCFN-9X-000075">
    <title>SRG-APP-000412-NDM-000331</title>
    <Rule id="SV-VCFN-9X-000075" severity="high" weight="10.0">
      <version>VCFN-9X-000075</version>
      <title>The VMware Cloud Foundation NSX Manager must be configured to implement cryptographic mechanisms using a FIPS 140-2 approved algorithm to protect the confidentiality of remote maintenance sessions.</title>
      <description>&lt;VulnDiscussion&gt;This requires the use of secure protocols instead of their unsecured counterparts, such as SSH instead of telnet, SCP instead of FTP, and HTTPS instead of HTTP. If unsecured protocols (lacking cryptographic mechanisms) are used for sessions, the contents of those sessions will be susceptible to eavesdropping, potentially putting sensitive data (including administrator passwords) at risk of compromise and potentially allowing hijacking of maintenance sessions.&lt;/VulnDiscussion&gt;&lt;FalsePositives&gt;&lt;/FalsePositives&gt;&lt;FalseNegatives&gt;&lt;/FalseNegatives&gt;&lt;Documentable&gt;false&lt;/Documentable&gt;&lt;Mitigations&gt;&lt;/Mitigations&gt;&lt;SecurityOverrideGuidance&gt;&lt;/SecurityOverrideGuidance&gt;&lt;PotentialImpacts&gt;&lt;/PotentialImpacts&gt;&lt;ThirdPartyTools&gt;&lt;/ThirdPartyTools&gt;&lt;MitigationControl&gt;&lt;/MitigationControl&gt;&lt;Responsibility&gt;&lt;/Responsibility&gt;&lt;IAControls&gt;&lt;/IAControls&gt;</description>
      <ident system="http://cyber.mil/cci">CCI-003123</ident>
      <fixtext fixref="F-VCFN-9X-000075_fix">Capture the output from the check GET command and update the TLS 1.1 protocol to false.

Run the following API call using curl or another REST API client:

PUT https://&lt;nsx-mgr&gt;/api/v1/cluster/api-service

Example request body:

{
    "session_timeout": 1800,
    "connection_timeout": 30,
    "protocol_versions": [
        {
            "name": "TLSv1.1",
            "enabled": false
        },
        {
            "name": "TLSv1.2",
            "enabled": true
        },
        {
            "name": "TLSv1.3",
            "enabled": true
        }
    ],
    "cipher_suites": [
        {
            "name": "TLS_ECDHE_RSA_WITH_AES_128_CBC_SHA",
            "enabled": false
        },
        {
            "name": "TLS_ECDHE_RSA_WITH_AES_128_CBC_SHA256",
            "enabled": false
        },
        {
            "name": "TLS_ECDHE_RSA_WITH_AES_128_GCM_SHA256",
            "enabled": true
        },
        {
            "name": "TLS_ECDHE_RSA_WITH_AES_256_CBC_SHA",
            "enabled": false
        },
        {
            "name": "TLS_ECDHE_RSA_WITH_AES_256_CBC_SHA384",
            "enabled": false
        },
        {
            "name": "TLS_ECDHE_RSA_WITH_AES_256_GCM_SHA384",
            "enabled": true
        },
        {
            "name": "TLS_RSA_WITH_AES_128_CBC_SHA",
            "enabled": false
        },
        {
            "name": "TLS_RSA_WITH_AES_128_CBC_SHA256",
            "enabled": false
        },
        {
            "name": "TLS_RSA_WITH_AES_128_GCM_SHA256",
            "enabled": true
        },
        {
            "name": "TLS_RSA_WITH_AES_256_CBC_SHA",
            "enabled": false
        },
        {
            "name": "TLS_RSA_WITH_AES_256_CBC_SHA256",
            "enabled": false
        },
        {
            "name": "TLS_RSA_WITH_AES_256_GCM_SHA384",
            "enabled": true
        },
        {
            "name": "TLS_ECDHE_ECDSA_WITH_AES_256_GCM_SHA384",
            "enabled": true
        },
        {
            "name": "TLS_AES_128_GCM_SHA256",
            "enabled": true
        },
        {
            "name": "TLS_AES_256_GCM_SHA384",
            "enabled": true
        },
        {
            "name": "TLS_CHACHA20_POLY1305_SHA256",
            "enabled": false
        }
    ],
    "redirect_host": "",
    "client_api_rate_limit": 100,
    "global_api_concurrency_limit": 199,
    "client_api_concurrency_limit": 40,
    "basic_authentication_enabled": true,
    "cookie_based_authentication_enabled": true,
    "resource_type": "ApiServiceConfig",
    "id": "reverse_proxy_config",
    "display_name": "reverse_proxy_config",
    "_system_owned": false,
    "_protection": "NOT_PROTECTED",
    "_create_time": 1733862743672,
    "_create_user": "system",
    "_last_modified_time": 1733948476863,
    "_last_modified_user": "admin",
    "_revision": 1
}

Note: Changes are applied to all nodes in the cluster. The API service on each node will restart after it is updated using this API. There may be a delay of up to a minute or so between the time this API call completes and when the new configuration goes into effect.</fixtext>
      <check system="N/A">
        <check-content>Viewing the enabled cipher suites must be done via the API.

Execute the following API call using curl or another REST API client:

GET https://&lt;nsx-mgr&gt;/api/v1/cluster/api-service

Example result:

"cipher_suites": [
	{
		"name": "TLS_ECDHE_ECDSA_WITH_AES_256_GCM_SHA384",
		"enabled": true
	},
	{
		"name": "TLS_AES_128_GCM_SHA256",
		"enabled": true
	},
	{
		"name": "TLS_AES_256_GCM_SHA384",
		"enabled": true
	},
	{
		"name": "TLS_CHACHA20_POLY1305_SHA256",
		"enabled": true
	}
],

Note: The output has been shortened for readability.

If any cipher suites are enabled that are not listed below, this is a finding.

TLS 1.2 Ciphers: TLS_ECDHE_RSA_WITH_AES_128_GCM_SHA256, TLS_ECDHE_RSA_WITH_AES_256_GCM_SHA384, TLS_RSA_WITH_AES_128_GCM_SHA256, TLS_RSA_WITH_AES_256_GCM_SHA384, TLS_ECDHE_ECDSA_WITH_AES_256_GCM_SHA384

TLS 1.3 Ciphers: TLS_AES_128_GCM_SHA256, TLS_AES_256_GCM_SHA384</check-content>
      </check>
    </Rule>
  </Group>
  <Group id="V-VCFN-9X-000076">
    <title>SRG-APP-000435-NDM-000315</title>
    <Rule id="SV-VCFN-9X-000076" severity="medium" weight="10.0">
      <version>VCFN-9X-000076</version>
      <title>The VMware Cloud Foundation NSX Manager must be configured to protect against known types of denial-of-service (DoS) attacks by employing organization-defined security safeguards.</title>
      <description>&lt;VulnDiscussion&gt;DoS is a condition when a resource is not available for legitimate users. When this occurs, the organization either cannot accomplish its mission or must operate at degraded capacity.

This requirement addresses the configuration of network devices to mitigate the impact of DoS attacks that have occurred or are ongoing on device availability. For each network device, known and potential DoS attacks must be identified and solutions for each type implemented. A variety of technologies exist to limit, or in some cases eliminate, the effects of DoS attacks (e.g., limiting processes or restricting the number of sessions the device opens at one time). Employing increased capacity and bandwidth, combined with service redundancy, may reduce the susceptibility to some DoS attacks.

The security safeguards cannot be defined at the DoD level because they vary according to the capabilities of the individual network devices and the security controls applied on the adjacent networks (for example, firewalls performing packet filtering to block DoS attacks).

Satisfies: SRG-APP-000001-NDM-000200&lt;/VulnDiscussion&gt;&lt;FalsePositives&gt;&lt;/FalsePositives&gt;&lt;FalseNegatives&gt;&lt;/FalseNegatives&gt;&lt;Documentable&gt;false&lt;/Documentable&gt;&lt;Mitigations&gt;&lt;/Mitigations&gt;&lt;SecurityOverrideGuidance&gt;&lt;/SecurityOverrideGuidance&gt;&lt;PotentialImpacts&gt;&lt;/PotentialImpacts&gt;&lt;ThirdPartyTools&gt;&lt;/ThirdPartyTools&gt;&lt;MitigationControl&gt;&lt;/MitigationControl&gt;&lt;Responsibility&gt;&lt;/Responsibility&gt;&lt;IAControls&gt;&lt;/IAControls&gt;</description>
      <ident system="http://cyber.mil/cci">CCI-002385</ident>
      <fixtext fixref="F-VCFN-9X-000076_fix">From an NSX Manager shell, run the following NSX CLI commands:

&gt; set service http client-api-rate-limit 100
&gt; set service http client-api-concurrency-limit 40
&gt; set service http global-api-concurrency-limit 199</fixtext>
      <check system="N/A">
        <check-content>From an NSX Manager shell, run the following NSX CLI command:

&gt; get service http | find limit

Example result:

Client API rate limit: 100 requests/sec
Client API concurrency limit: 40 connections
Global API concurrency limit: 199 connections

If the API limits are not configured as shown in the example result, this is a finding.</check-content>
      </check>
    </Rule>
  </Group>
  <Group id="V-VCFN-9X-000085">
    <title>SRG-APP-000515-NDM-000325</title>
    <Rule id="SV-VCFN-9X-000085" severity="medium" weight="10.0">
      <version>VCFN-9X-000085</version>
      <title>The VMware Cloud Foundation NSX Manager must be configured to send logs to a central log server.</title>
      <description>&lt;VulnDiscussion&gt;Information stored in one location is vulnerable to accidental or incidental deletion or alteration.

Off-loading is a common process in information systems with limited audit storage capacity.

Satisfies: SRG-APP-000357-NDM-000293, SRG-APP-000516-NDM-000350&lt;/VulnDiscussion&gt;&lt;FalsePositives&gt;&lt;/FalsePositives&gt;&lt;FalseNegatives&gt;&lt;/FalseNegatives&gt;&lt;Documentable&gt;false&lt;/Documentable&gt;&lt;Mitigations&gt;&lt;/Mitigations&gt;&lt;SecurityOverrideGuidance&gt;&lt;/SecurityOverrideGuidance&gt;&lt;PotentialImpacts&gt;&lt;/PotentialImpacts&gt;&lt;ThirdPartyTools&gt;&lt;/ThirdPartyTools&gt;&lt;MitigationControl&gt;&lt;/MitigationControl&gt;&lt;Responsibility&gt;&lt;/Responsibility&gt;&lt;IAControls&gt;&lt;/IAControls&gt;</description>
      <ident system="http://cyber.mil/cci">CCI-001851</ident>
      <fixtext fixref="F-VCFN-9X-000085_fix">To configure a profile to apply syslog servers to all NSX Manager nodes, do the following:

From the NSX Manager web interface, go to System &gt;&gt; Fabric &gt;&gt; Profiles &gt;&gt; Node Profiles.

Click "All NSX Nodes" and then under "Syslog Servers" click "Add".

Enter the syslog server details and choose "Information" for the log level and click "Add".

or

(Optional) From an NSX Manager shell, run the following command to clear any existing incorrect logging-servers:

&gt; clear logging-servers

From an NSX Manager shell, run the following command to configure a udp/tcp syslog server:

&gt; set logging-server &lt;server-ip or server-name&gt; proto &lt;tcp or udp&gt; level info

From an NSX Manager shell, run the following command to configure a TLS syslog server:

&gt; set logging-server &lt;server-ip or server-name&gt; proto tls level info serverca ca.pem clientca ca.pem certificate cert.pem key key.pem

From an NSX Manager shell, run the following command to configure an LI-TLS syslog server:

&gt; set logging-server &lt;server-ip or server-name&gt; proto li-tls level info serverca root-ca.crt

Note: If using the protocols TLS or LI-TLS to configure a secure connection to a log server, the server and client certificates must be stored in /image/vmware/nsx/file-store on each NSX-T Manager appliance.</fixtext>
      <check system="N/A">
        <check-content>From the NSX Manager web interface, go to System &gt;&gt; Fabric &gt;&gt; Profiles &gt;&gt; Node Profiles.

Click "All NSX Nodes" and verify the Syslog servers listed.

or

From an NSX Manager shell, run the following command:

&gt; get logging-servers

Note: This command must be run from each NSX Manager as they are configured individually.

If no logging severs are configured or unauthorized logging servers are configured, this is a finding.

If the log level is not set to INFO, this is a finding.</check-content>
      </check>
    </Rule>
  </Group>
  <Group id="V-VCFN-9X-000086">
    <title>SRG-APP-000516-NDM-000317</title>
    <Rule id="SV-VCFN-9X-000086" severity="medium" weight="10.0">
      <version>VCFN-9X-000086</version>
      <title>The VMware Cloud Foundation NSX Manager must disable SSH.</title>
      <description>&lt;VulnDiscussion&gt;The NSX shell provides temporary access to commands essential for server maintenance. Intended primarily for use in break-fix scenarios, the NSX shell is well suited for checking and modifying configuration details, not always generally accessible, using the web interface. The NSX shell is accessible remotely using SSH. Under normal operating conditions, SSH access to the managers must be disabled as is the default. As with the NSX shell, SSH is also intended only for temporary use during break-fix scenarios. SSH must therefore be disabled under normal operating conditions and must only be enabled for diagnostics or troubleshooting. Remote access to the managers must therefore be limited to the web interface and API at all other times.&lt;/VulnDiscussion&gt;&lt;FalsePositives&gt;&lt;/FalsePositives&gt;&lt;FalseNegatives&gt;&lt;/FalseNegatives&gt;&lt;Documentable&gt;false&lt;/Documentable&gt;&lt;Mitigations&gt;&lt;/Mitigations&gt;&lt;SecurityOverrideGuidance&gt;&lt;/SecurityOverrideGuidance&gt;&lt;PotentialImpacts&gt;&lt;/PotentialImpacts&gt;&lt;ThirdPartyTools&gt;&lt;/ThirdPartyTools&gt;&lt;MitigationControl&gt;&lt;/MitigationControl&gt;&lt;Responsibility&gt;&lt;/Responsibility&gt;&lt;IAControls&gt;&lt;/IAControls&gt;</description>
      <ident system="http://cyber.mil/cci">CCI-000366</ident>
      <fixtext fixref="F-VCFN-9X-000086_fix">From an NSX Manager shell, run the following NSX CLI commands:

&gt; stop service ssh
&gt; clear service ssh start-on-boot
&gt; clear ssh root-login</fixtext>
      <check system="N/A">
        <check-content>From an NSX Manager shell, run the following NSX CLI command:

&gt; get service ssh

Example results:

Service name:    ssh
Service state:     stopped
Start on boot:    False
Root login:        disabled

If the SSH server is not stopped or starts on boot or root login is enabled, this is a finding.</check-content>
      </check>
    </Rule>
  </Group>
  <Group id="V-VCFN-9X-000091">
    <title>SRG-APP-000516-NDM-000341</title>
    <Rule id="SV-VCFN-9X-000091" severity="medium" weight="10.0">
      <version>VCFN-9X-000091</version>
      <title>The VMware Cloud Foundation NSX Manager must be configured to conduct backups on an organizationally defined schedule.</title>
      <description>&lt;VulnDiscussion&gt;Information system backup is a critical step in maintaining data assurance and availability. Information system and security-related documentation contains information pertaining to system configuration and security settings. If this information were not backed up, and a system failure were to occur, the security settings would be difficult to reconfigure quickly and accurately. Maintaining a backup of information system and security-related documentation provides for a quicker recovery time when system outages occur.

This control requires the network device to support the organizational central backup process for user account information associated with the network device. This function may be provided by the network device itself; however, the preferred best practice is a centralized backup rather than each network device performing discrete backups.

Satisfies: SRG-APP-000516-NDM-000340&lt;/VulnDiscussion&gt;&lt;FalsePositives&gt;&lt;/FalsePositives&gt;&lt;FalseNegatives&gt;&lt;/FalseNegatives&gt;&lt;Documentable&gt;false&lt;/Documentable&gt;&lt;Mitigations&gt;&lt;/Mitigations&gt;&lt;SecurityOverrideGuidance&gt;&lt;/SecurityOverrideGuidance&gt;&lt;PotentialImpacts&gt;&lt;/PotentialImpacts&gt;&lt;ThirdPartyTools&gt;&lt;/ThirdPartyTools&gt;&lt;MitigationControl&gt;&lt;/MitigationControl&gt;&lt;Responsibility&gt;&lt;/Responsibility&gt;&lt;IAControls&gt;&lt;/IAControls&gt;</description>
      <ident system="http://cyber.mil/cci">CCI-000366, CCI-000539</ident>
      <fixtext fixref="F-VCFN-9X-000091_fix">To configure a backup destination, do the following:

From the NSX Manager web interface, go to System &gt;&gt; Lifecycle Management &gt;&gt; Backup and Restore, and then click "Edit" next to SFTP Server.

Enter the target SFTP server, Directory Path, Username, Password, SSH Fingerprint, and Passphrase, and then click "Save".

To configure a backup schedule, do the following:

From the NSX Manager web interface, go to System &gt;&gt; Lifecycle Management &gt;&gt; Backup and Restore, and then click "Edit" next to Schedule.

Click the "Recurring Backup" toggle and configure an interval between backups.

Enable "Detect NSX configuration change" to trigger backups on detection of configuration changes and specify an interval for detecting changes. Click "Save".</fixtext>
      <check system="N/A">
        <check-content>From the NSX Manager web interface, go to System &gt;&gt; Lifecycle Management &gt;&gt; Backup and Restore to view the backup configuration.

If backup is not configured and scheduled on a recurring frequency, this is a finding.</check-content>
      </check>
    </Rule>
  </Group>
  <Group id="V-VCFN-9X-000111">
    <title>SRG-APP-000920-NDM-000320</title>
    <Rule id="SV-VCFN-9X-000111" severity="medium" weight="10.0">
      <version>VCFN-9X-000111</version>
      <title>The VMware Cloud Foundation NSX Manager must be configured to synchronize system clocks with an authoritative time source.</title>
      <description>&lt;VulnDiscussion&gt;Time synchronization of system clocks is essential for the correct execution of many system services, including identification and authentication processes that involve certificates and time-of-day restrictions as part of access control. Denial of service or failure to deny expired credentials may result without properly synchronized clocks within and between systems and system components. Time is commonly expressed in Coordinated Universal Time (UTC), a modern continuation of Greenwich Mean Time (GMT), or local time with an offset from UTC. The granularity of time measurements refers to the degree of synchronization between system clocks and reference clocks, such as clocks synchronizing within hundreds of milliseconds or tens of milliseconds. Organizations may define different time granularities for system components. Time service can be critical to other security capabilities such as access control and identification and authentication depending on the nature of the mechanisms used to support the capabilities.

Satisfies: SRG-APP-000925-NDM-000330&lt;/VulnDiscussion&gt;&lt;FalsePositives&gt;&lt;/FalsePositives&gt;&lt;FalseNegatives&gt;&lt;/FalseNegatives&gt;&lt;Documentable&gt;false&lt;/Documentable&gt;&lt;Mitigations&gt;&lt;/Mitigations&gt;&lt;SecurityOverrideGuidance&gt;&lt;/SecurityOverrideGuidance&gt;&lt;PotentialImpacts&gt;&lt;/PotentialImpacts&gt;&lt;ThirdPartyTools&gt;&lt;/ThirdPartyTools&gt;&lt;MitigationControl&gt;&lt;/MitigationControl&gt;&lt;Responsibility&gt;&lt;/Responsibility&gt;&lt;IAControls&gt;&lt;/IAControls&gt;</description>
      <ident system="http://cyber.mil/cci">CCI-004922</ident>
      <fixtext fixref="F-VCFN-9X-000111_fix">To configure a profile to apply NTP servers to all NSX Manager nodes, do the following:

From the NSX Manager web interface, go to System &gt;&gt; Configuration &gt;&gt; Fabric &gt;&gt; Profiles &gt;&gt; Node Profiles.

Click "All NSX Nodes" and then click "Edit".

Under NTP servers, remove any unknown or nonauthoritative NTP servers, enter authoritative NTP servers, and then click "Save".

or

From an NSX Manager shell, run the following commands:

&gt; del ntp-server &lt;server-ip or server-name&gt;
&gt; set ntp-server &lt;server-ip or server-name&gt;

Note: It is recommended to configure 1 or 3 or more NTP servers to help prevent "split-brain" scenarios.</fixtext>
      <check system="N/A">
        <check-content>From the NSX Manager web interface, go to System &gt;&gt; Configuration &gt;&gt; Fabric &gt;&gt; Profiles &gt;&gt; Node Profiles.

Click "All NSX Nodes" and verify the NTP servers listed.

or

From an NSX Manager shell, run the following command:

&gt; get ntp-servers

If the NTP servers listed are not a site specific authoritative time source, this is a finding.</check-content>
      </check>
    </Rule>
  </Group>
  <Group id="V-VCFN-9X-000113">
    <title>SRG-APP-000516-NDM-000317</title>
    <Rule id="SV-VCFN-9X-000113" severity="medium" weight="10.0">
      <version>VCFN-9X-000113</version>
      <title>The VMware Cloud Foundation NSX Manager must disable SNMP v2.</title>
      <description>&lt;VulnDiscussion&gt;SNMPv3 supports commercial-grade security, including authentication, authorization, access control, and privacy. Previous versions of the protocol contained well-known security weaknesses that were easily exploited. As such, SNMPv1/2 receivers must be disabled.&lt;/VulnDiscussion&gt;&lt;FalsePositives&gt;&lt;/FalsePositives&gt;&lt;FalseNegatives&gt;&lt;/FalseNegatives&gt;&lt;Documentable&gt;false&lt;/Documentable&gt;&lt;Mitigations&gt;&lt;/Mitigations&gt;&lt;SecurityOverrideGuidance&gt;&lt;/SecurityOverrideGuidance&gt;&lt;PotentialImpacts&gt;&lt;/PotentialImpacts&gt;&lt;ThirdPartyTools&gt;&lt;/ThirdPartyTools&gt;&lt;MitigationControl&gt;&lt;/MitigationControl&gt;&lt;Responsibility&gt;&lt;/Responsibility&gt;&lt;IAControls&gt;&lt;/IAControls&gt;</description>
      <ident system="http://cyber.mil/cci">CCI-000366</ident>
      <fixtext fixref="F-VCFN-9X-000113_fix">From the NSX Manager web interface, go to the System &gt;&gt; Configuration &gt;&gt; Fabric &gt;&gt; Profiles &gt;&gt; Node Profiles.

Click on "All NSX Nodes" and delete and v2c Polling or Trap configurations.</fixtext>
      <check system="N/A">
        <check-content>From the NSX Manager web interface, go to the System &gt;&gt; Configuration &gt;&gt; Fabric &gt;&gt; Profiles &gt;&gt; Node Profiles.

Click "All NSX Nodes" and view the SNMP Polling and Traps configuration.

If SNMP v2c Polling or Traps are configured, this is a finding.</check-content>
      </check>
    </Rule>
  </Group>
  <Group id="V-VCFN-9X-000114">
    <title>SRG-APP-000516-NDM-000317</title>
    <Rule id="SV-VCFN-9X-000114" severity="medium" weight="10.0">
      <version>VCFN-9X-000114</version>
      <title>The VMware Cloud Foundation NSX Manager must enable the global FIPS compliance mode for load balancers.</title>
      <description>&lt;VulnDiscussion&gt;If unsecured protocols (lacking cryptographic mechanisms) are used for load balancing, the contents of those sessions will be susceptible to eavesdropping, potentially putting sensitive data at risk of compromise.&lt;/VulnDiscussion&gt;&lt;FalsePositives&gt;&lt;/FalsePositives&gt;&lt;FalseNegatives&gt;&lt;/FalseNegatives&gt;&lt;Documentable&gt;false&lt;/Documentable&gt;&lt;Mitigations&gt;&lt;/Mitigations&gt;&lt;SecurityOverrideGuidance&gt;&lt;/SecurityOverrideGuidance&gt;&lt;PotentialImpacts&gt;&lt;/PotentialImpacts&gt;&lt;ThirdPartyTools&gt;&lt;/ThirdPartyTools&gt;&lt;MitigationControl&gt;&lt;/MitigationControl&gt;&lt;Responsibility&gt;&lt;/Responsibility&gt;&lt;IAControls&gt;&lt;/IAControls&gt;</description>
      <ident system="http://cyber.mil/cci">CCI-000366</ident>
      <fixtext fixref="F-VCFN-9X-000114_fix">Execute the following API call using curl or another REST API client:

PUT https://&lt;nsx-mgr&gt;/policy/api/v1/infra/global-config

Example request body:

{
"fips": {
"lb_fips_enabled": true
},
"resource_type": "GlobalConfig",
"_revision": 2
}

The global setting is used when the new load balancer instances are created. Changing the setting does not affect existing load balancer instances.

To update existing load balancers to use this setting, do the following:

From the NSX Manager web interface, go to the Networking &gt;&gt; Load Balancing and then click "Edit" on the target load balancer.

In the attachment field, click the "X" to detach the load balancer from its current Gateway and click "Save".

Edit the target load balancer again, reattach it to its Gateway, and then click "Save".

Caution: Detaching a load balancer from the tier-1 gateway results in a traffic interruption for the load balancer instance.</fixtext>
      <check system="N/A">
        <check-content>From the NSX Manager web interface, go to the Home &gt;&gt; Monitoring Dashboards &gt;&gt; Compliance Report.

Review the compliance report for code 72024 with description Load balancer FIPS global setting disabled.

Note: This may also be checked via the API call GET https://&lt;nsx-mgr&gt;/policy/api/v1/infra/global-config

If the global FIPS setting is disabled for load balancers, this is a finding.</check-content>
      </check>
    </Rule>
  </Group>
  <Group id="V-VCFN-9X-000115">
    <title>SRG-APP-000516-NDM-000317</title>
    <Rule id="SV-VCFN-9X-000115" severity="low" weight="10.0">
      <version>VCFN-9X-000115</version>
      <title>The VMware Cloud Foundation NSX Manager must be configured as a cluster.</title>
      <description>&lt;VulnDiscussion&gt;Failure in a known state can address safety or security in accordance with the mission needs of the organization. Failure to a known secure state helps prevent a loss of confidentiality, integrity, or availability in the event of a failure of the SDN controller. Preserving network element state information helps to facilitate continuous network operations minimal or no disruption to mission-essential workload processes and flows.&lt;/VulnDiscussion&gt;&lt;FalsePositives&gt;&lt;/FalsePositives&gt;&lt;FalseNegatives&gt;&lt;/FalseNegatives&gt;&lt;Documentable&gt;false&lt;/Documentable&gt;&lt;Mitigations&gt;&lt;/Mitigations&gt;&lt;SecurityOverrideGuidance&gt;&lt;/SecurityOverrideGuidance&gt;&lt;PotentialImpacts&gt;&lt;/PotentialImpacts&gt;&lt;ThirdPartyTools&gt;&lt;/ThirdPartyTools&gt;&lt;MitigationControl&gt;&lt;/MitigationControl&gt;&lt;Responsibility&gt;&lt;/Responsibility&gt;&lt;IAControls&gt;&lt;/IAControls&gt;</description>
      <ident system="http://cyber.mil/cci">CCI-000366</ident>
      <fixtext fixref="F-VCFN-9X-000115_fix">To add additional NSX Manager appliances do the following:

From the NSX Manager web interface, go to System &gt;&gt; Configuration &gt;&gt; Appliances, and then click "Add NSX Appliance".

Supply the required information to add additional nodes as needed, up to three total.

To configure NSX with a cluster VIP or external load balancer do the following:

From the NSX Manager web interface, go to System &gt;&gt; Configuration &gt;&gt; Appliances, and then click "Set Virtual IP", enter a VIP that is part of the same subnet as the other management nodes, and then click "Save".

To configure NSX with an external load balancer, setup an external load balancer with the following requirements:

- Configure the external load balancer to control traffic to the NSX Manager nodes.
- Configure the external load balancer to use the round robin method and configure source persistence for the load balancer's virtual IP.
- Create or import a signed certificate and apply the same certificate to all the NSX Manager nodes. The certificate must have the FQDN of the virtual IP and each of the nodes in the SAN.

Note: An external load balancer will not work with the NSX Manager VIP. Do not configure an NSX Manager VIP if using an external load balancer.

If the cluster status is not in a healthy state identify the degraded component on the appliance and troubleshoot the issue with the error information provided.</fixtext>
      <check system="N/A">
        <check-content>From the NSX Manager web interface, go to System &gt;&gt; Configuration &gt;&gt; Appliances.

Verify there are three NSX Managers deployed, a VIP or external load balancer is configured, and the cluster is in a healthy state. 

If there are not three NSX Managers deployed and a VIP or external load balancer configured and the cluster is in a healthy state, this is a finding.</check-content>
      </check>
    </Rule>
  </Group>
</Benchmark>
