<?xml version="1.0" encoding="UTF-8"?><?xml-stylesheet type="text/xsl" href="STIG_unclass.xsl"?>
<Benchmark xmlns:dc="http://purl.org/dc/elements/1.1/" xmlns:xsi="http://www.w3.org/2001/XMLSchema-instance" xmlns:cpe="http://cpe.mitre.org/language/2.0" xmlns:xhtml="http://www.w3.org/1999/xhtml" xmlns:dsig="http://www.w3.org/2000/09/xmldsig#" xsi:schemaLocation="http://checklists.nist.gov/xccdf/1.1 http://nvd.nist.gov/schema/xccdf-1.1.4.xsdhttp://cpe.mitre.org/dictionary/2.0 http://cpe.mitre.org/files/cpe-dictionary_2.1.xsd" id="VCF vCenter Appliance PostgreSQL" xml:lang="en" xmlns="http://checklists.nist.gov/xccdf/1.1">
  <status date="2025-06-17">draft</status>
  <title>VMware Cloud Foundation 9.x vCenter Server Appliance PostgreSQL Service STIG Readiness Guide</title>
  <description>VMware Cloud Foundation 9.x vCenter Server Appliance PostgreSQL Service STIG Readiness Guide</description>
  <notice id="terms-of-use" xml:lang="en"/>
  <front-matter xml:lang="en"/>
  <rear-matter xml:lang="en"/>
  <reference href="">
    <dc:publisher/>
    <dc:source/>
  </reference>
  <plain-text id="release-info">Release: 1 Benchmark Date: 17 June 2025</plain-text>
  <plain-text id="generator">3.2.2.36079</plain-text>
  <plain-text id="conventionsVersion">1.10.0</plain-text>
  <version>1</version>
  <Group id="V-VCFL-9X-000006">
    <title>SRG-APP-000090-DB-000065</title>
    <Rule id="SV-VCFL-9X-000006" severity="medium" weight="10.0">
      <version>VCFL-9X-000006</version>
      <title>The VMware Cloud Foundation vCenter PostgreSQL service configuration files must not be accessible by unauthorized users.</title>
      <description>&lt;VulnDiscussion&gt;Without the capability to restrict which roles and individuals can select which events are audited, unauthorized personnel may be able to prevent or interfere with the auditing of critical events.

Suppression of auditing could permit an adversary to evade detection.

Misconfigured audits can degrade the system's performance by overwhelming the audit log. Misconfigured audits may also make it more difficult to establish, correlate, and investigate the events relating to an incident or identify those responsible for one.

Satisfies: SRG-APP-000121-DB-000202, SRG-APP-000122-DB-000203, SRG-APP-000123-DB-000204, SRG-APP-000380-DB-000360&lt;/VulnDiscussion&gt;&lt;FalsePositives&gt;&lt;/FalsePositives&gt;&lt;FalseNegatives&gt;&lt;/FalseNegatives&gt;&lt;Documentable&gt;false&lt;/Documentable&gt;&lt;Mitigations&gt;&lt;/Mitigations&gt;&lt;SecurityOverrideGuidance&gt;&lt;/SecurityOverrideGuidance&gt;&lt;PotentialImpacts&gt;&lt;/PotentialImpacts&gt;&lt;ThirdPartyTools&gt;&lt;/ThirdPartyTools&gt;&lt;MitigationControl&gt;&lt;/MitigationControl&gt;&lt;Responsibility&gt;&lt;/Responsibility&gt;&lt;IAControls&gt;&lt;/IAControls&gt;</description>
      <ident system="http://cyber.mil/cci">CCI-000171</ident>
      <fixtext fixref="F-VCFL-9X-000006_fix">As a database administrator, perform the following at the command prompt:

# chmod 600 &lt;file&gt;
# chown vpostgres:vpgmongrp &lt;file&gt;

Note: Replace &lt;file&gt; with the file that has incorrect permissions.</fixtext>
      <check system="N/A">
        <check-content>As a database administrator, perform the following at the command prompt:

# find /storage/db/vpostgres/*conf* -xdev -type f -a '(' -not -perm 600 -o -not -user vpostgres -o -not -group vpgmongrp ')' -exec ls -ld {} \;

If any files are returned, this is a finding.</check-content>
      </check>
    </Rule>
  </Group>
  <Group id="V-VCFL-9X-000073">
    <title>SRG-APP-000374-DB-000322</title>
    <Rule id="SV-VCFL-9X-000073" severity="medium" weight="10.0">
      <version>VCFL-9X-000073</version>
      <title>The VMware Cloud Foundation vCenter PostgreSQL service must use Coordinated Universal Time (UTC) for log timestamps.</title>
      <description>&lt;VulnDiscussion&gt;If time stamps are not consistently applied and there is no common time reference, it is difficult to perform forensic analysis.

Time stamps generated by PostgreSQL must include date and time. Time is commonly expressed in UTC, a modern continuation of Greenwich Mean Time (GMT), or local time with an offset from UTC.&lt;/VulnDiscussion&gt;&lt;FalsePositives&gt;&lt;/FalsePositives&gt;&lt;FalseNegatives&gt;&lt;/FalseNegatives&gt;&lt;Documentable&gt;false&lt;/Documentable&gt;&lt;Mitigations&gt;&lt;/Mitigations&gt;&lt;SecurityOverrideGuidance&gt;&lt;/SecurityOverrideGuidance&gt;&lt;PotentialImpacts&gt;&lt;/PotentialImpacts&gt;&lt;ThirdPartyTools&gt;&lt;/ThirdPartyTools&gt;&lt;MitigationControl&gt;&lt;/MitigationControl&gt;&lt;Responsibility&gt;&lt;/Responsibility&gt;&lt;IAControls&gt;&lt;/IAControls&gt;</description>
      <ident system="http://cyber.mil/cci">CCI-001890</ident>
      <fixtext fixref="F-VCFL-9X-000073_fix">A script is included with vCenter to generate a PostgreSQL STIG configuration.

As a database administrator, perform the following at the command prompt:

# chmod +x /opt/vmware/vpostgres/current/bin/vmw_vpg_config/vmw_vpg_config.py
# /opt/vmware/vpostgres/current/bin/vmw_vpg_config/vmw_vpg_config.py --action stig_enable --pg-data-dir /storage/db/vpostgres
# chmod -x /opt/vmware/vpostgres/current/bin/vmw_vpg_config/vmw_vpg_config.py

Restart the PostgreSQL service by running the following command:

# vmon-cli --restart vmware-vpostgres</fixtext>
      <check system="N/A">
        <check-content>As a database administrator, perform the following at the command prompt:

# /opt/vmware/vpostgres/current/bin/psql -U postgres -A -t -c "SHOW log_timezone;"

Example result:

UTC

If the "log_timezone" setting is not configured to "UTC", this is a finding.</check-content>
      </check>
    </Rule>
  </Group>
  <Group id="V-VCFL-9X-000001">
    <title>SRG-APP-000001-DB-000031</title>
    <Rule id="SV-VCFL-9X-000001" severity="medium" weight="10.0">
      <version>VCFL-9X-000001</version>
      <title>The VMware Cloud Foundation vCenter PostgreSQL service must limit the number of concurrent sessions.</title>
      <description>&lt;VulnDiscussion&gt;Database management includes the ability to control the number of users and user sessions utilizing a database management system (DBMS). Unlimited concurrent connections to the DBMS could allow a successful denial-of-service (DoS) attack by exhausting connection resources, and a system can also fail or be degraded by an overload of legitimate users. Limiting the number of concurrent sessions per user is helpful in reducing these risks.

VMware Postgres as deployed on the vCenter Service Appliance (VCSA) comes preconfigured with a "max_connections" limit that is appropriate for all tested, supported scenarios. The out-of-the-box configuration is dynamic, based on a lower limit plus allowances for the resources assigned to VCSA and the deployment size. However, this number will always be between 100 and 1000 (inclusive).&lt;/VulnDiscussion&gt;&lt;FalsePositives&gt;&lt;/FalsePositives&gt;&lt;FalseNegatives&gt;&lt;/FalseNegatives&gt;&lt;Documentable&gt;false&lt;/Documentable&gt;&lt;Mitigations&gt;&lt;/Mitigations&gt;&lt;SecurityOverrideGuidance&gt;&lt;/SecurityOverrideGuidance&gt;&lt;PotentialImpacts&gt;&lt;/PotentialImpacts&gt;&lt;ThirdPartyTools&gt;&lt;/ThirdPartyTools&gt;&lt;MitigationControl&gt;&lt;/MitigationControl&gt;&lt;Responsibility&gt;&lt;/Responsibility&gt;&lt;IAControls&gt;&lt;/IAControls&gt;</description>
      <ident system="http://cyber.mil/cci">CCI-000054</ident>
      <fixtext fixref="F-VCFL-9X-000001_fix">As a database administrator, perform the following at the command prompt:

# vmon-cli --restart vmware-vpostgres

Note: Restarting the service runs the "pg_tuning" script that will configure "max_connections" to the appropriate value based on the allocated memory for vCenter.</fixtext>
      <check system="N/A">
        <check-content>As a database administrator, perform the following at the command prompt:

# /opt/vmware/vpostgres/current/bin/psql -U postgres -A -t -c "SHOW max_connections;"

Example result:

100

If the "max_connections" setting is not configured to greater than or equal to 100 or less than or equal to 1000, this is a finding.</check-content>
      </check>
    </Rule>
  </Group>
  <Group id="V-VCFL-9X-000007">
    <title>SRG-APP-000091-DB-000066</title>
    <Rule id="SV-VCFL-9X-000007" severity="medium" weight="10.0">
      <version>VCFL-9X-000007</version>
      <title>The VMware Cloud Foundation vCenter PostgreSQL service must generate audit records.</title>
      <description>&lt;VulnDiscussion&gt;Under some circumstances, it may be useful to monitor who/what is reading privilege/permission/role information. Therefore, it must be possible to configure auditing to do this. DBMSs typically make such information available through views or functions.

This requirement addresses explicit requests for privilege/permission/role membership information. It does not refer to the implicit retrieval of privileges/permissions/role memberships that the PostgreSQL continually performs to determine if any and every action on the database is permitted.

Satisfies: SRG-APP-000091-DB-000325, SRG-APP-000381-DB-000361, SRG-APP-000492-DB-000332, SRG-APP-000492-DB-000333, SRG-APP-000495-DB-000326, SRG-APP-000495-DB-000327, SRG-APP-000495-DB-000328, SRG-APP-000495-DB-000329, SRG-APP-000496-DB-000334, SRG-APP-000496-DB-000335, SRG-APP-000499-DB-000330, SRG-APP-000499-DB-000331, SRG-APP-000501-DB-000336, SRG-APP-000501-DB-000337, SRG-APP-000504-DB-000354, SRG-APP-000504-DB-000355, SRG-APP-000507-DB-000356, SRG-APP-000507-DB-000357&lt;/VulnDiscussion&gt;&lt;FalsePositives&gt;&lt;/FalsePositives&gt;&lt;FalseNegatives&gt;&lt;/FalseNegatives&gt;&lt;Documentable&gt;false&lt;/Documentable&gt;&lt;Mitigations&gt;&lt;/Mitigations&gt;&lt;SecurityOverrideGuidance&gt;&lt;/SecurityOverrideGuidance&gt;&lt;PotentialImpacts&gt;&lt;/PotentialImpacts&gt;&lt;ThirdPartyTools&gt;&lt;/ThirdPartyTools&gt;&lt;MitigationControl&gt;&lt;/MitigationControl&gt;&lt;Responsibility&gt;&lt;/Responsibility&gt;&lt;IAControls&gt;&lt;/IAControls&gt;</description>
      <ident system="http://cyber.mil/cci">CCI-000172</ident>
      <fixtext fixref="F-VCFL-9X-000007_fix">A script is included with vCenter to generate a PostgreSQL STIG configuration.

As a database administrator, perform the following at the command prompt:

# chmod +x /opt/vmware/vpostgres/current/bin/vmw_vpg_config/vmw_vpg_config.py
# /opt/vmware/vpostgres/current/bin/vmw_vpg_config/vmw_vpg_config.py --action stig_enable --pg-data-dir /storage/db/vpostgres
# chmod -x /opt/vmware/vpostgres/current/bin/vmw_vpg_config/vmw_vpg_config.py

Restart the PostgreSQL service by running the following command:

# vmon-cli --restart vmware-vpostgres</fixtext>
      <check system="N/A">
        <check-content>As a database administrator, perform the following at the command prompt:

# /opt/vmware/vpostgres/current/bin/psql -U postgres -A -t -c "SHOW pgaudit.log;"

If the "pgaudit.log" setting is not configured to "all, -misc, -read", this is a finding.</check-content>
      </check>
    </Rule>
  </Group>
  <Group id="V-VCFL-9X-000010">
    <title>SRG-APP-000095-DB-000039</title>
    <Rule id="SV-VCFL-9X-000010" severity="medium" weight="10.0">
      <version>VCFL-9X-000010</version>
      <title>The VMware Cloud Foundation vCenter PostgreSQL service must produce logs containing sufficient information to establish what type of events occurred.</title>
      <description>&lt;VulnDiscussion&gt;Information system auditing capability is critical for accurate forensic analysis. Without establishing what type of event occurred, it would be difficult to establish, correlate, and investigate the events relating to an incident or identify those responsible for one. 

Audit record content that may be necessary to satisfy the requirement of this policy includes, for example, time stamps, user/process identifiers, event descriptions, success/fail indications, filenames involved, and access control or flow control rules invoked.

Associating event types with detected events in the application and audit logs provides a means of investigating an attack; recognizing resource utilization or capacity thresholds; or identifying an improperly configured application. 

Database software is capable of a range of actions on data stored within the database. It is important, for accurate forensic analysis, to know exactly what actions were performed. This requires specific information regarding the event type an audit record is referring to. If event type information is not recorded and stored with the audit record, the record itself is of very limited use.

Satisfies: SRG-APP-000096-DB-000040, SRG-APP-000097-DB-000041, SRG-APP-000098-DB-000042, SRG-APP-000099-DB-000043, SRG-APP-000100-DB-000201, SRG-APP-000101-DB-000044, SRG-APP-000375-DB-000323&lt;/VulnDiscussion&gt;&lt;FalsePositives&gt;&lt;/FalsePositives&gt;&lt;FalseNegatives&gt;&lt;/FalseNegatives&gt;&lt;Documentable&gt;false&lt;/Documentable&gt;&lt;Mitigations&gt;&lt;/Mitigations&gt;&lt;SecurityOverrideGuidance&gt;&lt;/SecurityOverrideGuidance&gt;&lt;PotentialImpacts&gt;&lt;/PotentialImpacts&gt;&lt;ThirdPartyTools&gt;&lt;/ThirdPartyTools&gt;&lt;MitigationControl&gt;&lt;/MitigationControl&gt;&lt;Responsibility&gt;&lt;/Responsibility&gt;&lt;IAControls&gt;&lt;/IAControls&gt;</description>
      <ident system="http://cyber.mil/cci">CCI-000130</ident>
      <fixtext fixref="F-VCFL-9X-000010_fix">A script is included with vCenter to generate a PostgreSQL STIG configuration.

As a database administrator, perform the following at the command prompt:

# chmod +x /opt/vmware/vpostgres/current/bin/vmw_vpg_config/vmw_vpg_config.py
# /opt/vmware/vpostgres/current/bin/vmw_vpg_config/vmw_vpg_config.py --action stig_enable --pg-data-dir /storage/db/vpostgres
# chmod -x /opt/vmware/vpostgres/current/bin/vmw_vpg_config/vmw_vpg_config.py

Restart the PostgreSQL service by running the following command:

# vmon-cli --restart vmware-vpostgres</fixtext>
      <check system="N/A">
        <check-content>As a database administrator, perform the following at the command prompt:

# /opt/vmware/vpostgres/current/bin/psql -U postgres -A -t -c "SHOW log_line_prefix;"

Example result:

%m %c %x %d %u %r %p %l

If the output does not include each option in the expected result, this is a finding.</check-content>
      </check>
    </Rule>
  </Group>
  <Group id="V-VCFL-9X-000009">
    <title>SRG-APP-000092-DB-000208</title>
    <Rule id="SV-VCFL-9X-000009" severity="medium" weight="10.0">
      <version>VCFL-9X-000009</version>
      <title>The VMware Cloud Foundation vCenter PostgreSQL service must initiate session auditing upon startup.</title>
      <description>&lt;VulnDiscussion&gt;Session auditing is for use when a user's activities are under investigation. To be sure of capturing all activity during those periods when session auditing is in use, it needs to be in operation for the whole time the PostgreSQL is running.&lt;/VulnDiscussion&gt;&lt;FalsePositives&gt;&lt;/FalsePositives&gt;&lt;FalseNegatives&gt;&lt;/FalseNegatives&gt;&lt;Documentable&gt;false&lt;/Documentable&gt;&lt;Mitigations&gt;&lt;/Mitigations&gt;&lt;SecurityOverrideGuidance&gt;&lt;/SecurityOverrideGuidance&gt;&lt;PotentialImpacts&gt;&lt;/PotentialImpacts&gt;&lt;ThirdPartyTools&gt;&lt;/ThirdPartyTools&gt;&lt;MitigationControl&gt;&lt;/MitigationControl&gt;&lt;Responsibility&gt;&lt;/Responsibility&gt;&lt;IAControls&gt;&lt;/IAControls&gt;</description>
      <ident system="http://cyber.mil/cci">CCI-001464</ident>
      <fixtext fixref="F-VCFL-9X-000009_fix">A script is included with vCenter to generate a PostgreSQL STIG configuration.

As a database administrator, perform the following at the command prompt:

# chmod +x /opt/vmware/vpostgres/current/bin/vmw_vpg_config/vmw_vpg_config.py
# /opt/vmware/vpostgres/current/bin/vmw_vpg_config/vmw_vpg_config.py --action stig_enable --pg-data-dir /storage/db/vpostgres
# chmod -x /opt/vmware/vpostgres/current/bin/vmw_vpg_config/vmw_vpg_config.py

Restart the PostgreSQL service by running the following command:

# vmon-cli --restart vmware-vpostgres</fixtext>
      <check system="N/A">
        <check-content>As a database administrator, perform the following at the command prompt:

# /opt/vmware/vpostgres/current/bin/psql -U postgres -A -t -c "SHOW log_destination;"

Example result:

stderr

If the "log_destination" setting is not configured to "stderr" or "syslog", this is a finding.</check-content>
      </check>
    </Rule>
  </Group>
  <Group id="V-VCFL-9X-000032">
    <title>SRG-APP-000141-DB-000091</title>
    <Rule id="SV-VCFL-9X-000032" severity="medium" weight="10.0">
      <version>VCFL-9X-000032</version>
      <title>The VMware Cloud Foundation vCenter PostgreSQL service must not load unused database components, software, and database objects.</title>
      <description>&lt;VulnDiscussion&gt;Information systems are capable of providing a wide variety of functions and services. Some of the functions and services, provided by default, may not be necessary to support essential organizational operations (e.g., key missions, functions).

It is detrimental for software products to provide, or install by default, functionality exceeding requirements or mission objectives. 

DBMSs must adhere to the principles of least functionality by providing only essential capabilities.

Satisfies: SRG-APP-000141-DB-000093&lt;/VulnDiscussion&gt;&lt;FalsePositives&gt;&lt;/FalsePositives&gt;&lt;FalseNegatives&gt;&lt;/FalseNegatives&gt;&lt;Documentable&gt;false&lt;/Documentable&gt;&lt;Mitigations&gt;&lt;/Mitigations&gt;&lt;SecurityOverrideGuidance&gt;&lt;/SecurityOverrideGuidance&gt;&lt;PotentialImpacts&gt;&lt;/PotentialImpacts&gt;&lt;ThirdPartyTools&gt;&lt;/ThirdPartyTools&gt;&lt;MitigationControl&gt;&lt;/MitigationControl&gt;&lt;Responsibility&gt;&lt;/Responsibility&gt;&lt;IAControls&gt;&lt;/IAControls&gt;</description>
      <ident system="http://cyber.mil/cci">CCI-000381</ident>
      <fixtext fixref="F-VCFL-9X-000032_fix">As a database administrator, perform the following at the command prompt:

$ /opt/vmware/vpostgres/current/bin/psql -U postgres -c  "DROP EXTENSION &lt;extension name&gt;"

Note: It is recommended that plpgsql not be removed.</fixtext>
      <check system="N/A">
        <check-content>As a database administrator, perform the following at the command prompt:

# /opt/vmware/vpostgres/current/bin/psql -U postgres -A -t -c "select * from pg_extension where extname != 'plpgsql'"

If any extensions are output, this is a finding.</check-content>
      </check>
    </Rule>
  </Group>
  <Group id="V-VCFL-9X-000035">
    <title>SRG-APP-000142-DB-000094</title>
    <Rule id="SV-VCFL-9X-000035" severity="medium" weight="10.0">
      <version>VCFL-9X-000035</version>
      <title>The VMware Cloud Foundation vCenter PostgreSQL service must be configured to use an authorized port.</title>
      <description>&lt;VulnDiscussion&gt;In order to prevent unauthorized connection of devices, unauthorized transfer of information, or unauthorized tunneling (i.e., embedding of data types within data types), organizations must disable or restrict unused or unnecessary physical and logical ports/protocols/services on information systems.

Applications are capable of providing a wide variety of functions and services. Some of the functions and services provided by default may not be necessary to support essential organizational operations. Additionally, it is sometimes convenient to provide multiple services from a single component (e.g., email and web services); however, doing so increases risk over limiting the services provided by any one component. 

To support the requirements and principles of least functionality, the application must support the organizational requirements providing only essential capabilities and limiting the use of ports, protocols, and/or services to only those required, authorized, and approved to conduct official business or to address authorized quality of life issues.

Database Management Systems using ports, protocols, and services deemed unsafe are open to attack through those ports, protocols, and services. This can allow unauthorized access to the database and through the database to other components of the information system.

Satisfies: SRG-APP-000383-DB-000364&lt;/VulnDiscussion&gt;&lt;FalsePositives&gt;&lt;/FalsePositives&gt;&lt;FalseNegatives&gt;&lt;/FalseNegatives&gt;&lt;Documentable&gt;false&lt;/Documentable&gt;&lt;Mitigations&gt;&lt;/Mitigations&gt;&lt;SecurityOverrideGuidance&gt;&lt;/SecurityOverrideGuidance&gt;&lt;PotentialImpacts&gt;&lt;/PotentialImpacts&gt;&lt;ThirdPartyTools&gt;&lt;/ThirdPartyTools&gt;&lt;MitigationControl&gt;&lt;/MitigationControl&gt;&lt;Responsibility&gt;&lt;/Responsibility&gt;&lt;IAControls&gt;&lt;/IAControls&gt;</description>
      <ident system="http://cyber.mil/cci">CCI-000382</ident>
      <fixtext fixref="F-VCFL-9X-000035_fix">A script is included with vCenter to generate a PostgreSQL STIG configuration.

As a database administrator, perform the following at the command prompt:

# chmod +x /opt/vmware/vpostgres/current/bin/vmw_vpg_config/vmw_vpg_config.py
# /opt/vmware/vpostgres/current/bin/vmw_vpg_config/vmw_vpg_config.py --action stig_enable --pg-data-dir /storage/db/vpostgres
# chmod -x /opt/vmware/vpostgres/current/bin/vmw_vpg_config/vmw_vpg_config.py

Restart the PostgreSQL service by running the following command:

# vmon-cli --restart vmware-vpostgres</fixtext>
      <check system="N/A">
        <check-content>As a database administrator, perform the following at the command prompt:

$ /opt/vmware/vpostgres/current/bin/psql -U postgres -A -t -c "SHOW port;"

Example result:

5432

If the "port" setting is not configured to "5432", this is a finding.</check-content>
      </check>
    </Rule>
  </Group>
  <Group id="V-VCFL-9X-000005">
    <title>SRG-APP-000089-DB-000064</title>
    <Rule id="SV-VCFL-9X-000005" severity="medium" weight="10.0">
      <version>VCFL-9X-000005</version>
      <title>The VMware Cloud Foundation vCenter PostgreSQL service must enable "pgaudit" to provide audit record generation capabilities.</title>
      <description>&lt;VulnDiscussion&gt;Without the capability to generate audit records, it would be difficult to establish, correlate, and investigate the events relating to an incident or identify those responsible for one. 

Audit records can be generated from various components within the DBMS (e.g., process, module). Certain specific application functionalities may be audited as well. The list of audited events is the set of events for which audits are to be generated. This set of events is typically a subset of the list of all events for which the system is capable of generating audit records.

DOD has defined the list of events for which the DBMS will provide an audit record generation capability as the following: 

(i) Successful and unsuccessful attempts to access, modify, or delete privileges, security objects, security levels, or categories of information (e.g., classification levels);

(ii) Access actions, such as successful and unsuccessful logon attempts, privileged activities, or other system-level access, starting and ending time for user access to the system, concurrent logons from different workstations, successful and unsuccessful accesses to objects, all program initiations, and all direct access to the information system; and

(iii) All account creation, modification, disabling, and termination actions.

Organizations may define additional events requiring continuous or ad hoc auditing.&lt;/VulnDiscussion&gt;&lt;FalsePositives&gt;&lt;/FalsePositives&gt;&lt;FalseNegatives&gt;&lt;/FalseNegatives&gt;&lt;Documentable&gt;false&lt;/Documentable&gt;&lt;Mitigations&gt;&lt;/Mitigations&gt;&lt;SecurityOverrideGuidance&gt;&lt;/SecurityOverrideGuidance&gt;&lt;PotentialImpacts&gt;&lt;/PotentialImpacts&gt;&lt;ThirdPartyTools&gt;&lt;/ThirdPartyTools&gt;&lt;MitigationControl&gt;&lt;/MitigationControl&gt;&lt;Responsibility&gt;&lt;/Responsibility&gt;&lt;IAControls&gt;&lt;/IAControls&gt;</description>
      <ident system="http://cyber.mil/cci">CCI-000169</ident>
      <fixtext fixref="F-VCFL-9X-000005_fix">A script is included with vCenter to generate a PostgreSQL STIG configuration.

As a database administrator, perform the following at the command prompt:

# chmod +x /opt/vmware/vpostgres/current/bin/vmw_vpg_config/vmw_vpg_config.py
# /opt/vmware/vpostgres/current/bin/vmw_vpg_config/vmw_vpg_config.py --action stig_enable --pg-data-dir /storage/db/vpostgres
# chmod -x /opt/vmware/vpostgres/current/bin/vmw_vpg_config/vmw_vpg_config.py

Restart the PostgreSQL service by running the following command:

# vmon-cli --restart vmware-vpostgres</fixtext>
      <check system="N/A">
        <check-content>As a database administrator, perform the following at the command prompt:

# /opt/vmware/vpostgres/current/bin/psql -U postgres -A -t -c "SHOW shared_preload_libraries;"

Example result:

health_status_worker,pg_stat_statements,pgaudit

If the "shared_preload_libraries" setting does not include "pgaudit", this is a finding.</check-content>
      </check>
    </Rule>
  </Group>
  <Group id="V-VCFL-9X-000038">
    <title>SRG-APP-000171-DB-000074</title>
    <Rule id="SV-VCFL-9X-000038" severity="high" weight="10.0">
      <version>VCFL-9X-000038</version>
      <title>The VMware Cloud Foundation vCenter PostgreSQL service must for password-based authentication, store passwords using an approved salted key derivation function.</title>
      <description>&lt;VulnDiscussion&gt;The DOD standard for authentication is DOD-approved PKI certificates.

Authentication based on user ID and password may be used only when it is not possible to employ a PKI certificate, and requires AO approval.

In such cases, database passwords stored in clear text, using reversible encryption, or using unsalted hashes would be vulnerable to unauthorized disclosure. Database passwords must always be in the form of one-way, salted hashes when stored internally or externally to the DBMS.&lt;/VulnDiscussion&gt;&lt;FalsePositives&gt;&lt;/FalsePositives&gt;&lt;FalseNegatives&gt;&lt;/FalseNegatives&gt;&lt;Documentable&gt;false&lt;/Documentable&gt;&lt;Mitigations&gt;&lt;/Mitigations&gt;&lt;SecurityOverrideGuidance&gt;&lt;/SecurityOverrideGuidance&gt;&lt;PotentialImpacts&gt;&lt;/PotentialImpacts&gt;&lt;ThirdPartyTools&gt;&lt;/ThirdPartyTools&gt;&lt;MitigationControl&gt;&lt;/MitigationControl&gt;&lt;Responsibility&gt;&lt;/Responsibility&gt;&lt;IAControls&gt;&lt;/IAControls&gt;</description>
      <ident system="http://cyber.mil/cci">CCI-004062</ident>
      <fixtext fixref="F-VCFL-9X-000038_fix">A script is included with vCenter to generate a PostgreSQL STIG configuration.

As a database administrator, perform the following at the command prompt:

# chmod +x /opt/vmware/vpostgres/current/bin/vmw_vpg_config/vmw_vpg_config.py
# /opt/vmware/vpostgres/current/bin/vmw_vpg_config/vmw_vpg_config.py --action stig_enable --pg-data-dir /storage/db/vpostgres
# chmod -x /opt/vmware/vpostgres/current/bin/vmw_vpg_config/vmw_vpg_config.py

Restart the PostgreSQL service by running the following command:

# vmon-cli --restart vmware-vpostgres</fixtext>
      <check system="N/A">
        <check-content>As a database administrator, perform the following at the command prompt:

$ /opt/vmware/vpostgres/current/bin/psql -U postgres -A -t -c "SHOW password_encryption;"

Example result:

scram-sha-256

If the "password_encryption" setting is not configured to "scram-sha-256", this is a finding.</check-content>
      </check>
    </Rule>
  </Group>
  <Group id="V-VCFL-9X-000020">
    <title>SRG-APP-000118-DB-000059</title>
    <Rule id="SV-VCFL-9X-000020" severity="medium" weight="10.0">
      <version>VCFL-9X-000020</version>
      <title>The VMware Cloud Foundation vCenter PostgreSQL service must be configured to protect log files from unauthorized access.</title>
      <description>&lt;VulnDiscussion&gt;If audit data were to become compromised, then competent forensic analysis and discovery of the true source of potentially malicious system activity is difficult, if not impossible, to achieve. In addition, access to audit records provides information an attacker could potentially use to his or her advantage.

To ensure the veracity of audit data, the information system and/or the application must protect audit information from any and all unauthorized access. This includes read, write, copy, etc.

Satisfies: SRG-APP-000120-DB-000061, SRG-APP-000119-DB-000060&lt;/VulnDiscussion&gt;&lt;FalsePositives&gt;&lt;/FalsePositives&gt;&lt;FalseNegatives&gt;&lt;/FalseNegatives&gt;&lt;Documentable&gt;false&lt;/Documentable&gt;&lt;Mitigations&gt;&lt;/Mitigations&gt;&lt;SecurityOverrideGuidance&gt;&lt;/SecurityOverrideGuidance&gt;&lt;PotentialImpacts&gt;&lt;/PotentialImpacts&gt;&lt;ThirdPartyTools&gt;&lt;/ThirdPartyTools&gt;&lt;MitigationControl&gt;&lt;/MitigationControl&gt;&lt;Responsibility&gt;&lt;/Responsibility&gt;&lt;IAControls&gt;&lt;/IAControls&gt;</description>
      <ident system="http://cyber.mil/cci">CCI-000162</ident>
      <fixtext fixref="F-VCFL-9X-000020_fix">A script is included with vCenter to generate a PostgreSQL STIG configuration.

As a database administrator, perform the following at the command prompt:

# chmod +x /opt/vmware/vpostgres/current/bin/vmw_vpg_config/vmw_vpg_config.py
# /opt/vmware/vpostgres/current/bin/vmw_vpg_config/vmw_vpg_config.py --action stig_enable --pg-data-dir /storage/db/vpostgres
# chmod -x /opt/vmware/vpostgres/current/bin/vmw_vpg_config/vmw_vpg_config.py

Restart the PostgreSQL service by running the following command:

# vmon-cli --restart vmware-vpostgres

As a database administrator, perform the following at the command prompt:

# chmod 600 &lt;file&gt;
# chown vpostgres:vpgmongrp &lt;file&gt;

Note: Replace &lt;file&gt; with the file that has incorrect permissions.</fixtext>
      <check system="N/A">
        <check-content>Verify the default log file permissions and permissions on existing log files.

As a database administrator, perform the following at the command prompt:

# /opt/vmware/vpostgres/current/bin/psql -U postgres -A -t -c "SHOW log_file_mode;"

Example result:

0600

If the "log_file_mode" setting is not configured to "0600", this is a finding.

As a database administrator, perform the following at the command prompt:

# find /var/log/vmware/vpostgres/* -xdev -type f -a '(' -not -perm 600 -o -not -user vpostgres -o -not -group vpgmongrp ')' -exec ls -ld {} \;

If any files are returned, this is a finding.</check-content>
      </check>
    </Rule>
  </Group>
  <Group id="V-VCFL-9X-000051">
    <title>SRG-APP-000226-DB-000147</title>
    <Rule id="SV-VCFL-9X-000051" severity="medium" weight="10.0">
      <version>VCFL-9X-000051</version>
      <title>The VMware Cloud Foundation vCenter PostgreSQL service must write log entries to disk prior to returning operation success or failure.</title>
      <description>&lt;VulnDiscussion&gt;Failure to a known secure state helps prevent a loss of confidentiality, integrity, or availability in the event of a failure of the information system or a component of the system. Preserving system state information helps to facilitate system restart and return to the operational mode of the organization with less disruption of mission/business processes.

Aggregating log writes saves on performance but leaves a window for log data loss. The logging system inside PostgreSQL is capable of writing logs to disk, fully and completely before the associated operation is returned to the client. This ensures that database activity is always captured, even in the event of a system crash during or immediately after a given operation.&lt;/VulnDiscussion&gt;&lt;FalsePositives&gt;&lt;/FalsePositives&gt;&lt;FalseNegatives&gt;&lt;/FalseNegatives&gt;&lt;Documentable&gt;false&lt;/Documentable&gt;&lt;Mitigations&gt;&lt;/Mitigations&gt;&lt;SecurityOverrideGuidance&gt;&lt;/SecurityOverrideGuidance&gt;&lt;PotentialImpacts&gt;&lt;/PotentialImpacts&gt;&lt;ThirdPartyTools&gt;&lt;/ThirdPartyTools&gt;&lt;MitigationControl&gt;&lt;/MitigationControl&gt;&lt;Responsibility&gt;&lt;/Responsibility&gt;&lt;IAControls&gt;&lt;/IAControls&gt;</description>
      <ident system="http://cyber.mil/cci">CCI-001665</ident>
      <fixtext fixref="F-VCFL-9X-000051_fix">A script is included with vCenter to generate a PostgreSQL STIG configuration.

As a database administrator, perform the following at the command prompt:

# chmod +x /opt/vmware/vpostgres/current/bin/vmw_vpg_config/vmw_vpg_config.py
# /opt/vmware/vpostgres/current/bin/vmw_vpg_config/vmw_vpg_config.py --action stig_enable --pg-data-dir /storage/db/vpostgres
# chmod -x /opt/vmware/vpostgres/current/bin/vmw_vpg_config/vmw_vpg_config.py

Restart the PostgreSQL service by running the following command:

# vmon-cli --restart vmware-vpostgres</fixtext>
      <check system="N/A">
        <check-content>As a database administrator, perform the following at the command prompt:

# /opt/vmware/vpostgres/current/bin/psql -U postgres -A -t -c "SELECT name,setting FROM pg_settings WHERE name IN ('fsync','full_page_writes','synchronous_commit');"

Example result:

fsync              | on
full_page_writes   | on
synchronous_commit | on

If the "fsync", "full_page_writes", and "synchronous_commit" settings are not configured to "on", this is a finding.</check-content>
      </check>
    </Rule>
  </Group>
  <Group id="V-VCFL-9X-000060">
    <title>SRG-APP-000266-DB-000162</title>
    <Rule id="SV-VCFL-9X-000060" severity="medium" weight="10.0">
      <version>VCFL-9X-000060</version>
      <title>The VMware Cloud Foundation vCenter PostgreSQL service must provide nonprivileged users with minimal error information.</title>
      <description>&lt;VulnDiscussion&gt;Any DBMS or associated application providing too much information in error messages on the screen or printout risks compromising the data and security of the system. The structure and content of error messages need to contain the minimal amount of information.

Databases can inadvertently provide a wealth of information to an attacker through improperly handled error messages. In addition to sensitive business or personal information, database errors can provide host names, IP addresses, usernames, and other system information not required for troubleshooting but very useful to someone targeting the system.

Satisfies: SRG-APP-000267-DB-000163&lt;/VulnDiscussion&gt;&lt;FalsePositives&gt;&lt;/FalsePositives&gt;&lt;FalseNegatives&gt;&lt;/FalseNegatives&gt;&lt;Documentable&gt;false&lt;/Documentable&gt;&lt;Mitigations&gt;&lt;/Mitigations&gt;&lt;SecurityOverrideGuidance&gt;&lt;/SecurityOverrideGuidance&gt;&lt;PotentialImpacts&gt;&lt;/PotentialImpacts&gt;&lt;ThirdPartyTools&gt;&lt;/ThirdPartyTools&gt;&lt;MitigationControl&gt;&lt;/MitigationControl&gt;&lt;Responsibility&gt;&lt;/Responsibility&gt;&lt;IAControls&gt;&lt;/IAControls&gt;</description>
      <ident system="http://cyber.mil/cci">CCI-001312</ident>
      <fixtext fixref="F-VCFL-9X-000060_fix">A script is included with vCenter to generate a PostgreSQL STIG configuration.

As a database administrator, perform the following at the command prompt:

# chmod +x /opt/vmware/vpostgres/current/bin/vmw_vpg_config/vmw_vpg_config.py
# /opt/vmware/vpostgres/current/bin/vmw_vpg_config/vmw_vpg_config.py --action stig_enable --pg-data-dir /storage/db/vpostgres
# chmod -x /opt/vmware/vpostgres/current/bin/vmw_vpg_config/vmw_vpg_config.py

Restart the PostgreSQL service by running the following command:

# vmon-cli --restart vmware-vpostgres</fixtext>
      <check system="N/A">
        <check-content>As a database administrator, perform the following at the command prompt:

# /opt/vmware/vpostgres/current/bin/psql -U postgres -A -t -c "SHOW client_min_messages;"

Example result:

error

If the "client_min_messages" setting is not configured to "error", this is a finding.</check-content>
      </check>
    </Rule>
  </Group>
  <Group id="V-VCFL-9X-000121">
    <title>SRG-APP-000515-DB-000318</title>
    <Rule id="SV-VCFL-9X-000121" severity="medium" weight="10.0">
      <version>VCFL-9X-000121</version>
      <title>The VMware Cloud Foundation vCenter PostgreSQL service must off-load audit data to a separate log management facility.</title>
      <description>&lt;VulnDiscussion&gt;Information stored in one location is vulnerable to accidental or incidental deletion or alteration.

Off-loading is a common process in information systems with limited audit storage capacity.

The database management system (DBMS) may write audit records to database tables, to files in the file system, to other kinds of local repository, or directly to a centralized log management system. Whatever the method used, it must be compatible with off-loading the records to the centralized system.

Satisfies: SRG-APP-000745-DB-000120, SRG-APP-000795-DB-000130&lt;/VulnDiscussion&gt;&lt;FalsePositives&gt;&lt;/FalsePositives&gt;&lt;FalseNegatives&gt;&lt;/FalseNegatives&gt;&lt;Documentable&gt;false&lt;/Documentable&gt;&lt;Mitigations&gt;&lt;/Mitigations&gt;&lt;SecurityOverrideGuidance&gt;&lt;/SecurityOverrideGuidance&gt;&lt;PotentialImpacts&gt;&lt;/PotentialImpacts&gt;&lt;ThirdPartyTools&gt;&lt;/ThirdPartyTools&gt;&lt;MitigationControl&gt;&lt;/MitigationControl&gt;&lt;Responsibility&gt;&lt;/Responsibility&gt;&lt;IAControls&gt;&lt;/IAControls&gt;</description>
      <ident system="http://cyber.mil/cci">CCI-001851</ident>
      <fixtext fixref="F-VCFL-9X-000121_fix">Navigate to and open:

/etc/vmware-syslog/vmware-services-vmware-vpostgres.conf

Create the file if it does not exist.

Set the contents of the file as follows:

# vmware-vpostgres first logs stdout, before loading configuration
input(type="imfile"
      File="/var/log/vmware/vpostgres/serverlog.stdout"
      Tag="vpostgres-first"
      Severity="info"
      Facility="local0")
# vmware-vpostgres first logs stderr, before loading configuration
input(type="imfile"
      File="/var/log/vmware/vpostgres/serverlog.stderr"
      Tag="vpostgres-first"
      Severity="info"
      Facility="local0")
# vmware-vpostgres logs
input(type="imfile"
      File="/var/log/vmware/vpostgres/postgresql-*.log"
      Tag="vpostgres"
      Severity="info"
      Facility="local0")

Navigate to and open:

/etc/vmware-syslog/vmware-services-vmware-postgres-archiver.conf

Create the file if it does not exist.

Set the contents of the file as follows:

# vmware-postgres-archiver stdout log
input(type="imfile"
      File="/var/log/vmware/vpostgres/pg_archiver.log.stdout"
      Tag="postgres-archiver"
      Severity="info"
      Facility="local0")
# vmware-postgres-archiver stderr log
input(type="imfile"
      File="/var/log/vmware/vpostgres/pg_archiver.log.stderr"
      Tag="postgres-archiver"
      Severity="info"
      Facility="local0")</fixtext>
      <check system="N/A">
        <check-content>By default there is a vmware-services-vmware-vpostgres.conf rsyslog and vmware-services-vmware-postgres-archiver.conf configuration file that includes the service logs when syslog is configured on vCenter but it must be verified.

As a database administrator, perform the following at the command prompt:

# cat /etc/vmware-syslog/vmware-services-vmware-vpostgres.conf

Expected result:

# vmware-vpostgres first logs stdout, before loading configuration
input(type="imfile"
      File="/var/log/vmware/vpostgres/serverlog.stdout"
      Tag="vpostgres-first"
      Severity="info"
      Facility="local0")
# vmware-vpostgres first logs stderr, before loading configuration
input(type="imfile"
      File="/var/log/vmware/vpostgres/serverlog.stderr"
      Tag="vpostgres-first"
      Severity="info"
      Facility="local0")
# vmware-vpostgres logs
input(type="imfile"
      File="/var/log/vmware/vpostgres/postgresql-*.log"
      Tag="vpostgres"
      Severity="info"
      Facility="local0")

If the output does not match the expected result, this is a finding.

As a database administrator, perform the following at the command prompt:

# cat /etc/vmware-syslog/vmware-services-vmware-postgres-archiver.conf

Expected result:

# vmware-postgres-archiver stdout log
input(type="imfile"
      File="/var/log/vmware/vpostgres/pg_archiver.log.stdout"
      Tag="postgres-archiver"
      Severity="info"
      Facility="local0")
# vmware-postgres-archiver stderr log
input(type="imfile"
      File="/var/log/vmware/vpostgres/pg_archiver.log.stderr"
      Tag="postgres-archiver"
      Severity="info"
      Facility="local0")

If the output does not match the expected result, this is a finding.</check-content>
      </check>
    </Rule>
  </Group>
  <Group id="V-VCFL-9X-000144">
    <title>SRG-APP-000092-DB-000208</title>
    <Rule id="SV-VCFL-9X-000144" severity="medium" weight="10.0">
      <version>VCFL-9X-000144</version>
      <title>The VMware Cloud Foundation vCenter PostgreSQL service must have log collection enabled.</title>
      <description>&lt;VulnDiscussion&gt;Session auditing is for use when a user's activities are under investigation. To be sure of capturing all activity during those periods when session auditing is in use, it needs to be in operation for the whole time the PostgreSQL is running.&lt;/VulnDiscussion&gt;&lt;FalsePositives&gt;&lt;/FalsePositives&gt;&lt;FalseNegatives&gt;&lt;/FalseNegatives&gt;&lt;Documentable&gt;false&lt;/Documentable&gt;&lt;Mitigations&gt;&lt;/Mitigations&gt;&lt;SecurityOverrideGuidance&gt;&lt;/SecurityOverrideGuidance&gt;&lt;PotentialImpacts&gt;&lt;/PotentialImpacts&gt;&lt;ThirdPartyTools&gt;&lt;/ThirdPartyTools&gt;&lt;MitigationControl&gt;&lt;/MitigationControl&gt;&lt;Responsibility&gt;&lt;/Responsibility&gt;&lt;IAControls&gt;&lt;/IAControls&gt;</description>
      <ident system="http://cyber.mil/cci">CCI-001464</ident>
      <fixtext fixref="F-VCFL-9X-000144_fix">A script is included with vCenter to generate a PostgreSQL STIG configuration.

As a database administrator, perform the following at the command prompt:

# chmod +x /opt/vmware/vpostgres/current/bin/vmw_vpg_config/vmw_vpg_config.py
# /opt/vmware/vpostgres/current/bin/vmw_vpg_config/vmw_vpg_config.py --action stig_enable --pg-data-dir /storage/db/vpostgres
# chmod -x /opt/vmware/vpostgres/current/bin/vmw_vpg_config/vmw_vpg_config.py

Restart the PostgreSQL service by running the following command:

# vmon-cli --restart vmware-vpostgres</fixtext>
      <check system="N/A">
        <check-content>As a database administrator, perform the following at the command prompt:

# /opt/vmware/vpostgres/current/bin/psql -U postgres -A -t -c "SHOW logging_collector;"

Example result:

on

If the "logging_collector" setting is not configured to "on", this is a finding.</check-content>
      </check>
    </Rule>
  </Group>
  <Group id="V-VCFL-9X-000109">
    <title>SRG-APP-000503-DB-000350</title>
    <Rule id="SV-VCFL-9X-000109" severity="medium" weight="10.0">
      <version>VCFL-9X-000109</version>
      <title>The VMware Cloud Foundation vCenter PostgreSQL service must log all connection attempts.</title>
      <description>&lt;VulnDiscussion&gt;For completeness of forensic analysis, it is necessary to track successful and failed attempts to log on to PostgreSQL. Setting "log_connections" to "on" will cause each attempted connection to the server to be logged, as well as successful completion of client authentication.

Satisfies: SRG-APP-000503-DB-000351, SRG-APP-000506-DB-000353, SRG-APP-000508-DB-000358&lt;/VulnDiscussion&gt;&lt;FalsePositives&gt;&lt;/FalsePositives&gt;&lt;FalseNegatives&gt;&lt;/FalseNegatives&gt;&lt;Documentable&gt;false&lt;/Documentable&gt;&lt;Mitigations&gt;&lt;/Mitigations&gt;&lt;SecurityOverrideGuidance&gt;&lt;/SecurityOverrideGuidance&gt;&lt;PotentialImpacts&gt;&lt;/PotentialImpacts&gt;&lt;ThirdPartyTools&gt;&lt;/ThirdPartyTools&gt;&lt;MitigationControl&gt;&lt;/MitigationControl&gt;&lt;Responsibility&gt;&lt;/Responsibility&gt;&lt;IAControls&gt;&lt;/IAControls&gt;</description>
      <ident system="http://cyber.mil/cci">CCI-000172</ident>
      <fixtext fixref="F-VCFL-9X-000109_fix">A script is included with vCenter to generate a PostgreSQL STIG configuration.

As a database administrator, perform the following at the command prompt:

# chmod +x /opt/vmware/vpostgres/current/bin/vmw_vpg_config/vmw_vpg_config.py
# /opt/vmware/vpostgres/current/bin/vmw_vpg_config/vmw_vpg_config.py --action stig_enable --pg-data-dir /storage/db/vpostgres
# chmod -x /opt/vmware/vpostgres/current/bin/vmw_vpg_config/vmw_vpg_config.py

Restart the PostgreSQL service by running the following command:

# vmon-cli --restart vmware-vpostgres</fixtext>
      <check system="N/A">
        <check-content>As a database administrator, perform the following at the command prompt:

# /opt/vmware/vpostgres/current/bin/psql -U postgres -A -t -c "SHOW log_connections;"

Example result:

on

If the "log_connections" setting is not configured to "on", this is a finding.</check-content>
      </check>
    </Rule>
  </Group>
  <Group id="V-VCFL-9X-000113">
    <title>SRG-APP-000505-DB-000352</title>
    <Rule id="SV-VCFL-9X-000113" severity="medium" weight="10.0">
      <version>VCFL-9X-000113</version>
      <title>The VMware Cloud Foundation vCenter PostgreSQL service must log all client disconnections.</title>
      <description>&lt;VulnDiscussion&gt;Disconnection may be initiated by the user or forced by the system (as in a timeout) or result from a system or network failure. To the greatest extent possible, all disconnections must be logged.

For completeness of forensic analysis, it is necessary to know how long a user's (or other principal's) connection to PostgreSQL lasts. This can be achieved by recording disconnections, in addition to logons/connections, in the audit logs.&lt;/VulnDiscussion&gt;&lt;FalsePositives&gt;&lt;/FalsePositives&gt;&lt;FalseNegatives&gt;&lt;/FalseNegatives&gt;&lt;Documentable&gt;false&lt;/Documentable&gt;&lt;Mitigations&gt;&lt;/Mitigations&gt;&lt;SecurityOverrideGuidance&gt;&lt;/SecurityOverrideGuidance&gt;&lt;PotentialImpacts&gt;&lt;/PotentialImpacts&gt;&lt;ThirdPartyTools&gt;&lt;/ThirdPartyTools&gt;&lt;MitigationControl&gt;&lt;/MitigationControl&gt;&lt;Responsibility&gt;&lt;/Responsibility&gt;&lt;IAControls&gt;&lt;/IAControls&gt;</description>
      <ident system="http://cyber.mil/cci">CCI-000172</ident>
      <fixtext fixref="F-VCFL-9X-000113_fix">A script is included with vCenter to generate a PostgreSQL STIG configuration.

As a database administrator, perform the following at the command prompt:

# chmod +x /opt/vmware/vpostgres/current/bin/vmw_vpg_config/vmw_vpg_config.py
# /opt/vmware/vpostgres/current/bin/vmw_vpg_config/vmw_vpg_config.py --action stig_enable --pg-data-dir /storage/db/vpostgres
# chmod -x /opt/vmware/vpostgres/current/bin/vmw_vpg_config/vmw_vpg_config.py

Restart the PostgreSQL service by running the following command:

# vmon-cli --restart vmware-vpostgres</fixtext>
      <check system="N/A">
        <check-content>As a database administrator, perform the following at the command prompt:

# /opt/vmware/vpostgres/current/bin/psql -U postgres -A -t -c "SHOW log_disconnections;"

Example result:

on

If the "log_disconnections" setting is not configured to "on", this is a finding.</check-content>
      </check>
    </Rule>
  </Group>
</Benchmark>
