<?xml version="1.0" encoding="UTF-8"?><?xml-stylesheet type="text/xsl" href="STIG_unclass.xsl"?>
<Benchmark xmlns:dc="http://purl.org/dc/elements/1.1/" xmlns:xsi="http://www.w3.org/2001/XMLSchema-instance" xmlns:cpe="http://cpe.mitre.org/language/2.0" xmlns:xhtml="http://www.w3.org/1999/xhtml" xmlns:dsig="http://www.w3.org/2000/09/xmldsig#" xsi:schemaLocation="http://checklists.nist.gov/xccdf/1.1 http://nvd.nist.gov/schema/xccdf-1.1.4.xsdhttp://cpe.mitre.org/dictionary/2.0 http://cpe.mitre.org/files/cpe-dictionary_2.1.xsd" id="VCF vCenter Appliance Envoy" xml:lang="en" xmlns="http://checklists.nist.gov/xccdf/1.1">
  <status date="2025-06-17">draft</status>
  <title>VMware Cloud Foundation 9.x vCenter Server Appliance Envoy Service STIG Readiness Guide</title>
  <description>VMware Cloud Foundation 9.x vCenter Server Appliance Envoy Service STIG Readiness Guide</description>
  <notice id="terms-of-use" xml:lang="en"/>
  <front-matter xml:lang="en"/>
  <rear-matter xml:lang="en"/>
  <reference href="">
    <dc:publisher/>
    <dc:source/>
  </reference>
  <plain-text id="release-info">Release: 1 Benchmark Date: 17 June 2025</plain-text>
  <plain-text id="generator">3.2.2.36079</plain-text>
  <plain-text id="conventionsVersion">1.10.0</plain-text>
  <version>1</version>
  <Group id="V-VCFK-9X-000075">
    <title>SRG-APP-000358-WSR-000063</title>
    <Rule id="SV-VCFK-9X-000075" severity="medium" weight="10.0">
      <version>VCFK-9X-000075</version>
      <title>The VMware Cloud Foundation vCenter Envoy service log files must be sent to a central log server.</title>
      <description>&lt;VulnDiscussion&gt;Writing events to a centralized management audit system offers many benefits to the enterprise over having dispersed logs. Centralized management of audit records and logs provides for efficiency in maintenance and management of records, enterprise analysis of events, and backup and archiving of event records enterprise-wide. The web server and related components are required to be capable of writing logs to centralized audit log servers.

Satisfies: SRG-APP-000125-WSR-000071, SRG-APP-000358-WSR-000163&lt;/VulnDiscussion&gt;&lt;FalsePositives&gt;&lt;/FalsePositives&gt;&lt;FalseNegatives&gt;&lt;/FalseNegatives&gt;&lt;Documentable&gt;false&lt;/Documentable&gt;&lt;Mitigations&gt;&lt;/Mitigations&gt;&lt;SecurityOverrideGuidance&gt;&lt;/SecurityOverrideGuidance&gt;&lt;PotentialImpacts&gt;&lt;/PotentialImpacts&gt;&lt;ThirdPartyTools&gt;&lt;/ThirdPartyTools&gt;&lt;MitigationControl&gt;&lt;/MitigationControl&gt;&lt;Responsibility&gt;&lt;/Responsibility&gt;&lt;IAControls&gt;&lt;/IAControls&gt;</description>
      <ident system="http://cyber.mil/cci">CCI-001851</ident>
      <fixtext fixref="F-VCFK-9X-000075_fix">Navigate to and open:

/etc/vmware-syslog/vmware-services-envoy.conf

Create the file if it does not exist.

Set the contents of the file as follows:

#envoy service log
input(type="imfile"
      File="/var/log/vmware/envoy/envoy.log"
      Tag="envoy-main"
      Severity="info"
      Facility="local0")
#envoy access log
input(type="imfile"
      File="/var/log/vmware/envoy/envoy-access.log"
      Tag="envoy-access"
      Severity="info"
      Facility="local0")
#envoy init stdout
input(type="imfile"
      File="/var/log/vmware/envoy/envoy_init.log.stdout"
      Tag="envoy-stdout"
      Severity="info"
      Facility="local0")
#envoy init stderr
input(type="imfile"
      File="/var/log/vmware/envoy/envoy_init.log.stderr"
      Tag="envoy-stderr"
      Severity="info"
      Facility="local0")</fixtext>
      <check system="N/A">
        <check-content>By default there is a vmware-services-envoy.conf rsyslog configuration file that includes the service logs when syslog is configured on vCenter but it must be verified.

At the command prompt, run the following:

# cat /etc/vmware-syslog/vmware-services-envoy.conf

Expected result:

#envoy service log
input(type="imfile"
      File="/var/log/vmware/envoy/envoy.log"
      Tag="envoy-main"
      Severity="info"
      Facility="local0")
#envoy access log
input(type="imfile"
      File="/var/log/vmware/envoy/envoy-access.log"
      Tag="envoy-access"
      Severity="info"
      Facility="local0")
#envoy init stdout
input(type="imfile"
      File="/var/log/vmware/envoy/envoy_init.log.stdout"
      Tag="envoy-stdout"
      Severity="info"
      Facility="local0")
#envoy init stderr
input(type="imfile"
      File="/var/log/vmware/envoy/envoy_init.log.stderr"
      Tag="envoy-stderr"
      Severity="info"
      Facility="local0")

If the output does not match the expected result, this is a finding.</check-content>
      </check>
    </Rule>
  </Group>
  <Group id="V-VCFK-9X-000018">
    <title>SRG-APP-000118-WSR-000068</title>
    <Rule id="SV-VCFK-9X-000018" severity="medium" weight="10.0">
      <version>VCFK-9X-000018</version>
      <title>The VMware Cloud Foundation vCenter Envoy services must protect log files from unauthorized access, modification, and deletion.</title>
      <description>&lt;VulnDiscussion&gt;Log data is essential in the investigation of events. If log data were to become compromised, then competent forensic analysis and discovery of the true source of potentially malicious system activity would be difficult, if not impossible, to achieve. In addition, access to log records provides information an attacker could potentially use to their advantage since each event record might contain communication ports, protocols, services, trust relationships, user names, etc.

The web server must protect the log data from unauthorized read, write, copy, etc. This can be done by the web server if the web server is also doing the logging function. The web server may also use an external log system. In either case, the logs must be protected from access by non-privileged users.

Satisfies: SRG-APP-000119-WSR-000069, SRG-APP-000120-WSR-000070&lt;/VulnDiscussion&gt;&lt;FalsePositives&gt;&lt;/FalsePositives&gt;&lt;FalseNegatives&gt;&lt;/FalseNegatives&gt;&lt;Documentable&gt;false&lt;/Documentable&gt;&lt;Mitigations&gt;&lt;/Mitigations&gt;&lt;SecurityOverrideGuidance&gt;&lt;/SecurityOverrideGuidance&gt;&lt;PotentialImpacts&gt;&lt;/PotentialImpacts&gt;&lt;ThirdPartyTools&gt;&lt;/ThirdPartyTools&gt;&lt;MitigationControl&gt;&lt;/MitigationControl&gt;&lt;Responsibility&gt;&lt;/Responsibility&gt;&lt;IAControls&gt;&lt;/IAControls&gt;</description>
      <ident system="http://cyber.mil/cci">CCI-000162</ident>
      <fixtext fixref="F-VCFK-9X-000018_fix">At the command prompt, correct permissions for Envoy log files in /var/log/vmware/envoy/ by running the following:

# chmod o-w &lt;file&gt;
# chown envoy:envoy &lt;file&gt;

or

At the command prompt, correct permissions for Envoy log files in /var/log/vmware/envoy-hgw/ by running the following:

# chmod o-w &lt;file&gt;
# chown envoy-hgw:envoy-hgw &lt;file&gt;

or

At the command prompt, correct permissions for Envoy log files in /var/log/vmware/envoy-sidecar/ by running the following:

# chmod o-w &lt;file&gt;
# chown envoy-sidecar:envoy-sidecar &lt;file&gt;

or

At the command prompt, correct permissions for Envoy log files in /var/log/vmware/envoy-system-proxy/ by running the following:

# chmod o-w &lt;file&gt;
# chown envoy-system-proxy:envoy-system-proxy &lt;file&gt;</fixtext>
      <check system="N/A">
        <check-content>At a command prompt, validate the vCenter Envoy services logs are secure by running the following:

# find /var/log/vmware/envoy/ -xdev -type f -a '(' -perm -o+w -o -not -user envoy -o -not -group envoy ')' -exec ls -ld {} \;
# find /var/log/vmware/envoy-hgw/ -xdev -type f -a '(' -perm -o+w -o -not -user envoy-hgw -o -not -group envoy-hgw ')' -exec ls -ld {} \;
# find /var/log/vmware/envoy-sidecar/ -xdev -type f -a '(' -perm -o+w -o -not -user envoy-sidecar -o -not -group envoy-sidecar ')' -exec ls -ld {} \;
# find /var/log/vmware/envoy-system-proxy/ -xdev -type f -a '(' -perm -o+w -o -not -user envoy-system-proxy -o -not -group envoy-system-proxy ')' -exec ls -ld {} \;

If any files are returned, this is a finding.</check-content>
      </check>
    </Rule>
  </Group>
  <Group id="V-VCFK-9X-000043">
    <title>SRG-APP-000211-WSR-000030</title>
    <Rule id="SV-VCFK-9X-000043" severity="medium" weight="10.0">
      <version>VCFK-9X-000043</version>
      <title>The VMware Cloud Foundation vCenter Envoy service's configuration must be protected from unauthorized modification.</title>
      <description>&lt;VulnDiscussion&gt;As a rule, accounts on a server are to be kept to a minimum. The resources to which these accounts have access must also be closely monitored and controlled. Only the system administrator needs access to all the system's capabilities and the server configuration files.

Satisfies: SRG-APP-000211-WSR-000031, SRG-APP-000340-WSR-000029, SRG-APP-000380-WSR-000072&lt;/VulnDiscussion&gt;&lt;FalsePositives&gt;&lt;/FalsePositives&gt;&lt;FalseNegatives&gt;&lt;/FalseNegatives&gt;&lt;Documentable&gt;false&lt;/Documentable&gt;&lt;Mitigations&gt;&lt;/Mitigations&gt;&lt;SecurityOverrideGuidance&gt;&lt;/SecurityOverrideGuidance&gt;&lt;PotentialImpacts&gt;&lt;/PotentialImpacts&gt;&lt;ThirdPartyTools&gt;&lt;/ThirdPartyTools&gt;&lt;MitigationControl&gt;&lt;/MitigationControl&gt;&lt;Responsibility&gt;&lt;/Responsibility&gt;&lt;IAControls&gt;&lt;/IAControls&gt;</description>
      <ident system="http://cyber.mil/cci">CCI-001082</ident>
      <fixtext fixref="F-VCFK-9X-000043_fix">At the command prompt, correct permissions for Envoy configuration files by running the following:

# chmod o-w &lt;file&gt;
# chown root:root &lt;file&gt;</fixtext>
      <check system="N/A">
        <check-content>At a command prompt, validate the vCenter Envoy service's configuration is secure by running the following:

# find /etc/vmware-envoy/ /etc/vmware-envoy-hgw/ /etc/vmware-envoy-sidecar/ /etc/vmware-envoy-system-proxy/ -xdev -type f -a '(' -perm -o+w -o -not -user root -o -not -group root ')' -exec ls -ld {} \;

If any files are returned, this is a finding.</check-content>
      </check>
    </Rule>
  </Group>
  <Group id="V-VCFK-9X-000039">
    <title>SRG-APP-000176-WSR-000096</title>
    <Rule id="SV-VCFK-9X-000039" severity="medium" weight="10.0">
      <version>VCFK-9X-000039</version>
      <title>The VMware Cloud Foundation vCenter Envoy service private key file must be protected from unauthorized access.</title>
      <description>&lt;VulnDiscussion&gt;The web server's private key is used to prove the identity of the server to clients and securely exchange the shared secret key used to encrypt communications between the web server and clients.

By gaining access to the private key, an attacker can pretend to be an authorized server and decrypt the SSL traffic between a client and the web server.

Satisfies: SRG-APP-000915-WSR-000310&lt;/VulnDiscussion&gt;&lt;FalsePositives&gt;&lt;/FalsePositives&gt;&lt;FalseNegatives&gt;&lt;/FalseNegatives&gt;&lt;Documentable&gt;false&lt;/Documentable&gt;&lt;Mitigations&gt;&lt;/Mitigations&gt;&lt;SecurityOverrideGuidance&gt;&lt;/SecurityOverrideGuidance&gt;&lt;PotentialImpacts&gt;&lt;/PotentialImpacts&gt;&lt;ThirdPartyTools&gt;&lt;/ThirdPartyTools&gt;&lt;MitigationControl&gt;&lt;/MitigationControl&gt;&lt;Responsibility&gt;&lt;/Responsibility&gt;&lt;IAControls&gt;&lt;/IAControls&gt;</description>
      <ident system="http://cyber.mil/cci">CCI-000186</ident>
      <fixtext fixref="F-VCFK-9X-000039_fix">At the command prompt, correct permissions for the Envoy private key by running the following:

# chmod 600 /etc/vmware-rhttpproxy/ssl/rui.key
# chown rhttpproxy:rhttpproxy /etc/vmware-rhttpproxy/ssl/rui.key</fixtext>
      <check system="N/A">
        <check-content>At a command prompt, validate the vCenter Envoy service's private key is secure by running the following:

# stat -c "%n permissions are %a, is owned by %U and group owned by %G" /etc/vmware-rhttpproxy/ssl/rui.key

Example result:

/etc/vmware-rhttpproxy/ssl/rui.key permissions are 600, is owned by rhttpproxy and group owned by rhttpproxy

If the key file does not have permissions of "600" or more restrictive, this is a finding.
If the key file owner is not "rhttpproxy", this is a finding.
If the key file group is not "rhttpproxy", this is a finding.</check-content>
      </check>
    </Rule>
  </Group>
</Benchmark>
