<?xml version="1.0" encoding="UTF-8"?><?xml-stylesheet type="text/xsl" href="STIG_unclass.xsl"?>
<Benchmark xmlns:dc="http://purl.org/dc/elements/1.1/" xmlns:xsi="http://www.w3.org/2001/XMLSchema-instance" xmlns:cpe="http://cpe.mitre.org/language/2.0" xmlns:xhtml="http://www.w3.org/1999/xhtml" xmlns:dsig="http://www.w3.org/2000/09/xmldsig#" xsi:schemaLocation="http://checklists.nist.gov/xccdf/1.1 http://nvd.nist.gov/schema/xccdf-1.1.4.xsdhttp://cpe.mitre.org/dictionary/2.0 http://cpe.mitre.org/files/cpe-dictionary_2.1.xsd" id="VCF Operations for Logs Apache Tomcat" xml:lang="en" xmlns="http://checklists.nist.gov/xccdf/1.1">
  <status date="2025-06-17">draft</status>
  <title>VMware Cloud Foundation 9.x Operations for Logs Appliance Loginsight Service STIG Readiness Guide</title>
  <description>VMware Cloud Foundation 9.x Operations for Logs Appliance Loginsight Service STIG Readiness Guide</description>
  <notice id="terms-of-use" xml:lang="en"/>
  <front-matter xml:lang="en"/>
  <rear-matter xml:lang="en"/>
  <reference href="">
    <dc:publisher/>
    <dc:source/>
  </reference>
  <plain-text id="release-info">Release: 1 Benchmark Date: 17 June 2025</plain-text>
  <plain-text id="generator">3.2.2.36079</plain-text>
  <plain-text id="conventionsVersion">1.10.0</plain-text>
  <version>1</version>
  <Group id="V-VCFT-9X-000001">
    <title>SRG-APP-000001-AS-000001</title>
    <Rule id="SV-VCFT-9X-000001" severity="medium" weight="10.0">
      <version>VCFT-9X-000001</version>
      <title>The VMware Cloud Foundation Operations for Logs Loginsight service must limit the number of maximum concurrent connections permitted.</title>
      <description>&lt;VulnDiscussion&gt;Resource exhaustion can occur when an unlimited number of concurrent requests are allowed on a web site, facilitating a denial of service attack. Unless the number of requests is controlled, the web server can eventually consume enough system resources to cause a system crash.

Mitigating this kind of attack includes limiting the number of concurrent HTTP/HTTPS requests.  Each incoming request requires a thread for the duration of that request. If more simultaneous requests are received than can be handled by the currently available request processing threads, additional threads will be created up to the value of the "maxThreads" attribute.

Satisfies: SRG-APP-000435-AS-000163&lt;/VulnDiscussion&gt;&lt;FalsePositives&gt;&lt;/FalsePositives&gt;&lt;FalseNegatives&gt;&lt;/FalseNegatives&gt;&lt;Documentable&gt;false&lt;/Documentable&gt;&lt;Mitigations&gt;&lt;/Mitigations&gt;&lt;SecurityOverrideGuidance&gt;&lt;/SecurityOverrideGuidance&gt;&lt;PotentialImpacts&gt;&lt;/PotentialImpacts&gt;&lt;ThirdPartyTools&gt;&lt;/ThirdPartyTools&gt;&lt;MitigationControl&gt;&lt;/MitigationControl&gt;&lt;Responsibility&gt;&lt;/Responsibility&gt;&lt;IAControls&gt;&lt;/IAControls&gt;</description>
      <ident system="http://cyber.mil/cci">CCI-000054</ident>
      <fixtext fixref="F-VCFT-9X-000001_fix">Navigate to and open:

/usr/lib/loginsight/application/etc/3rd_config/server.xml

Configure the &lt;Connector&gt; node for port 443 with the property 'maxThreads="150"'.

Example:
    &lt;Connector
         ...
         maxThreads="150"
         ...
    /&gt;

Restart the service with the following command:

# systemctl restart loginsight.service

Note: The configuration in "/usr/lib/loginsight/application/3rd_party/apache-tomcat/conf/server.xml" is generated when the service restarts based on the contents of the "/usr/lib/loginsight/application/etc/3rd_config/server.xml" file.</fixtext>
      <check system="N/A">
        <check-content>At the command prompt, run the following:

# xmllint --xpath "//Connector[not(@redirectPort)]/@maxThreads" /usr/lib/loginsight/application/3rd_party/apache-tomcat/conf/server.xml

Example result:

maxThreads="150"

If the value of "maxThreads" is not configured to 150, this is a finding.</check-content>
      </check>
    </Rule>
  </Group>
  <Group id="V-VCFT-9X-000005">
    <title>SRG-APP-000033-AS-000024</title>
    <Rule id="SV-VCFT-9X-000005" severity="medium" weight="10.0">
      <version>VCFT-9X-000005</version>
      <title>The VMware Cloud Foundation Operations for Logs Loginsight service must have the secure flag set for cookies.</title>
      <description>&lt;VulnDiscussion&gt;The secure flag is an option that can be set by the application server when sending a new cookie to the user within an HTTP Response. The purpose of the secure flag is to prevent cookies from being observed by unauthorized parties due to the transmission of a cookie in clear text.

By setting the secure flag, the browser will prevent the transmission of a cookie over an unencrypted channel.&lt;/VulnDiscussion&gt;&lt;FalsePositives&gt;&lt;/FalsePositives&gt;&lt;FalseNegatives&gt;&lt;/FalseNegatives&gt;&lt;Documentable&gt;false&lt;/Documentable&gt;&lt;Mitigations&gt;&lt;/Mitigations&gt;&lt;SecurityOverrideGuidance&gt;&lt;/SecurityOverrideGuidance&gt;&lt;PotentialImpacts&gt;&lt;/PotentialImpacts&gt;&lt;ThirdPartyTools&gt;&lt;/ThirdPartyTools&gt;&lt;MitigationControl&gt;&lt;/MitigationControl&gt;&lt;Responsibility&gt;&lt;/Responsibility&gt;&lt;IAControls&gt;&lt;/IAControls&gt;</description>
      <ident system="http://cyber.mil/cci">CCI-000213</ident>
      <fixtext fixref="F-VCFT-9X-000005_fix">Navigate to and open:

/usr/lib/loginsight/application/3rd_party/apache-tomcat/conf/web.xml

Navigate to the &lt;session-config&gt; node and configure the &lt;secure&gt; setting as follows:

&lt;session-config&gt;
  &lt;session-timeout&gt;30&lt;/session-timeout&gt;
  &lt;cookie-config&gt;
      &lt;http-only&gt;true&lt;/http-only&gt;
      &lt;secure&gt;true&lt;/secure&gt;
  &lt;/cookie-config&gt;
&lt;/session-config&gt;

Restart the service with the following command:

# systemctl restart loginsight.service</fixtext>
      <check system="N/A">
        <check-content>At the command prompt, run the following:

# xmllint --xpath "//*[local-name()='cookie-config']/parent::*" /usr/lib/loginsight/application/3rd_party/apache-tomcat/conf/web.xml

Example result:

&lt;session-config&gt;
  &lt;session-timeout&gt;30&lt;/session-timeout&gt;
  &lt;cookie-config&gt;
      &lt;http-only&gt;true&lt;/http-only&gt;
      &lt;secure&gt;true&lt;/secure&gt;
  &lt;/cookie-config&gt;
&lt;/session-config&gt;

If the "secure" parameter under "cookie-config" is not set to "true", this is a finding.</check-content>
      </check>
    </Rule>
  </Group>
  <Group id="V-VCFT-9X-000003">
    <title>SRG-APP-000015-AS-000010</title>
    <Rule id="SV-VCFT-9X-000003" severity="medium" weight="10.0">
      <version>VCFT-9X-000003</version>
      <title>The VMware Cloud Foundation Operations for Logs Loginsight service must implement cryptography mechanisms to protect the integrity of the remote access session.</title>
      <description>&lt;VulnDiscussion&gt;Encryption is critical for protection of remote access sessions. If encryption is not being used for integrity, malicious users may gain the ability to modify the application server configuration. The use of cryptography for ensuring integrity of remote access sessions mitigates that risk.

Application servers utilize a web management interface and scripted commands when allowing remote access. Web access requires the use of TLS, and scripted access requires using ssh or some other form of approved cryptography. Application servers must have a capability to enable a secure remote admin capability.

FIPS 140-2 approved TLS versions must be enabled, and non-FIPS-approved SSL versions must be disabled.

NIST SP 800-52 specifies the preferred configurations for government systems.

Satisfies: SRG-APP-000172-AS-000120, SRG-APP-000439-AS-000155, SRG-APP-000440-AS-000167, SRG-APP-000441-AS-000258, SRG-APP-000442-AS-000259&lt;/VulnDiscussion&gt;&lt;FalsePositives&gt;&lt;/FalsePositives&gt;&lt;FalseNegatives&gt;&lt;/FalseNegatives&gt;&lt;Documentable&gt;false&lt;/Documentable&gt;&lt;Mitigations&gt;&lt;/Mitigations&gt;&lt;SecurityOverrideGuidance&gt;&lt;/SecurityOverrideGuidance&gt;&lt;PotentialImpacts&gt;&lt;/PotentialImpacts&gt;&lt;ThirdPartyTools&gt;&lt;/ThirdPartyTools&gt;&lt;MitigationControl&gt;&lt;/MitigationControl&gt;&lt;Responsibility&gt;&lt;/Responsibility&gt;&lt;IAControls&gt;&lt;/IAControls&gt;</description>
      <ident system="http://cyber.mil/cci">CCI-001453</ident>
      <fixtext fixref="F-VCFT-9X-000003_fix">Navigate to and open:

/usr/lib/loginsight/application/etc/3rd_config/server.xml

Configure the &lt;Connector&gt; node for port 443 with the property 'sslEnabledProtocols="TLSv1.2,TLSv1.3"'.

Example:
    &lt;Connector
         ...
         sslEnabledProtocols="TLSv1.2,TLSv1.3"
         ...
    /&gt;

Restart the service with the following command:

# systemctl restart loginsight.service

Note: The configuration in "/usr/lib/loginsight/application/3rd_party/apache-tomcat/conf/server.xml" is generated when the service restarts based on the contents of the "/usr/lib/loginsight/application/etc/3rd_config/server.xml" file.</fixtext>
      <check system="N/A">
        <check-content>At the command prompt, run the following:

# xmllint --xpath "//Connector[not(@redirectPort)]/@sslEnabledProtocols" /usr/lib/loginsight/application/3rd_party/apache-tomcat/conf/server.xml

Example result:

sslEnabledProtocols="TLSv1.2,TLSv1.3"

If the value of "sslEnabledProtocols" is not configured to include only "TLSv1.2" or "TLSv1.3", this is a finding.</check-content>
      </check>
    </Rule>
  </Group>
  <Group id="V-VCFT-9X-000013">
    <title>SRG-APP-000092-AS-000053</title>
    <Rule id="SV-VCFT-9X-000013" severity="medium" weight="10.0">
      <version>VCFT-9X-000013</version>
      <title>The VMware Cloud Foundation Operations for Logs Loginsight service must initiate session logging upon startup.</title>
      <description>&lt;VulnDiscussion&gt;An attacker can compromise a web server during the startup process. If logging is not initiated until all the web server processes are started, key information may be missed and not available during a forensic investigation. To ensure all relevant events are captured, the web server must begin logging once the first web server process is initiated.

During startup, the service reports system messages onto STDOUT and STDERR. These messages will be logged if the initialization script is configured correctly. Historically, the standard log file for these messages is called “catalina.out”.&lt;/VulnDiscussion&gt;&lt;FalsePositives&gt;&lt;/FalsePositives&gt;&lt;FalseNegatives&gt;&lt;/FalseNegatives&gt;&lt;Documentable&gt;false&lt;/Documentable&gt;&lt;Mitigations&gt;&lt;/Mitigations&gt;&lt;SecurityOverrideGuidance&gt;&lt;/SecurityOverrideGuidance&gt;&lt;PotentialImpacts&gt;&lt;/PotentialImpacts&gt;&lt;ThirdPartyTools&gt;&lt;/ThirdPartyTools&gt;&lt;MitigationControl&gt;&lt;/MitigationControl&gt;&lt;Responsibility&gt;&lt;/Responsibility&gt;&lt;IAControls&gt;&lt;/IAControls&gt;</description>
      <ident system="http://cyber.mil/cci">CCI-001464</ident>
      <fixtext fixref="F-VCFT-9X-000013_fix">Navigate to and open:

/usr/lib/loginsight/application/etc/3rd_config/catalina.sh

Navigate to and locate the start block : "elif [ "$1" = "start" ] ; then".

Navigate to and locate both “eval” statements: 

"org.apache.catalina.startup.Bootstrap "$@" start \" 

Ensure both "eval" statements contain '&gt;&gt; "$CATALINA_OUT" 2&gt;&amp;1 "&amp;"'.

EXAMPLE:
    eval $_NOHUP "\"$_RUNJAVA\"" "\"$CATALINA_LOGGING_CONFIG\"" $LOGGING_MANAGER "$JAVA_OPTS" "$CATALINA_OPTS" \
      -D$ENDORSED_PROP="\"$JAVA_ENDORSED_DIRS\"" \
      -classpath "\"$CLASSPATH\"" \
      -Djava.security.manager \
      -Djava.security.policy=="\"$CATALINA_BASE/conf/catalina.policy\"" \
      -Dcatalina.base="\"$CATALINA_BASE\"" \
      -Dcatalina.home="\"$CATALINA_HOME\"" \
      -Djava.io.tmpdir="\"$CATALINA_TMPDIR\"" \
      org.apache.catalina.startup.Bootstrap "$@" start \
      &gt;&gt; "$CATALINA_OUT" 2&gt;&amp;1 "&amp;"

Restart the service:
# systemctl restart loginsight.service</fixtext>
      <check system="N/A">
        <check-content>At the command prompt, run the following:

# grep -B10 -A2 '"$CATALINA_OUT" 2&gt;&amp;1 "&amp;"' /usr/lib/loginsight/application/etc/3rd_config/catalina.sh

Verify each "eval" statement contains the text '&gt;&gt; "$CATALINA_OUT" 2&gt;&amp;1 "&amp;"' at the end.

If the command is not correct or is missing, this is a finding.</check-content>
      </check>
    </Rule>
  </Group>
  <Group id="V-VCFT-9X-000036">
    <title>SRG-APP-000141-AS-000095</title>
    <Rule id="SV-VCFT-9X-000036" severity="medium" weight="10.0">
      <version>VCFT-9X-000036</version>
      <title>The VMware Cloud Foundation Operations for Logs Loginsight service must disable stack tracing.</title>
      <description>&lt;VulnDiscussion&gt;Stack tracing provides debugging information from the application call stacks when a runtime error is encountered. If stack tracing is left enabled, tc Server will provide this call stack information to the requestor which could result in the loss of sensitive information or data that could be used to compromise the system. &lt;/VulnDiscussion&gt;&lt;FalsePositives&gt;&lt;/FalsePositives&gt;&lt;FalseNegatives&gt;&lt;/FalseNegatives&gt;&lt;Documentable&gt;false&lt;/Documentable&gt;&lt;Mitigations&gt;&lt;/Mitigations&gt;&lt;SecurityOverrideGuidance&gt;&lt;/SecurityOverrideGuidance&gt;&lt;PotentialImpacts&gt;&lt;/PotentialImpacts&gt;&lt;ThirdPartyTools&gt;&lt;/ThirdPartyTools&gt;&lt;MitigationControl&gt;&lt;/MitigationControl&gt;&lt;Responsibility&gt;&lt;/Responsibility&gt;&lt;IAControls&gt;&lt;/IAControls&gt;</description>
      <ident system="http://cyber.mil/cci">CCI-000381</ident>
      <fixtext fixref="F-VCFT-9X-000036_fix">Navigate to and open:

/usr/lib/loginsight/application/etc/3rd_config/server.xml

Remove the 'allowTrace="true"' setting from any connector objects where it is present.

Note: If "allowTrace" is not present, it defaults to "false".

Restart the service with the following command:

# systemctl restart loginsight.service

Note: The configuration in "/usr/lib/loginsight/application/3rd_party/apache-tomcat/conf/server.xml" is generated when the service restarts based on the contents of the "/usr/lib/loginsight/application/etc/3rd_config/server.xml" file.</fixtext>
      <check system="N/A">
        <check-content>At the command prompt, run the following:

# xmllint --xpath "//Connector[@allowTrace]" /usr/lib/loginsight/application/3rd_party/apache-tomcat/conf/server.xml

Example result:

XPath set is empty

If any connector element contains the 'allowTrace = "true"' statement, this is a finding.</check-content>
      </check>
    </Rule>
  </Group>
  <Group id="V-VCFT-9X-000048">
    <title>SRG-APP-000176-AS-000125</title>
    <Rule id="SV-VCFT-9X-000048" severity="medium" weight="10.0">
      <version>VCFT-9X-000048</version>
      <title>The VMware Cloud Foundation Operations for Logs Loginsight service must protect access to the web server private key.</title>
      <description>&lt;VulnDiscussion&gt;The cornerstone of PKI is the private key used to encrypt or digitally sign information. 

If the private key is stolen, this will lead to the compromise of the authentication and non-repudiation gained through PKI because the attacker can use the private key to digitally sign documents and can pretend to be the authorized user. 

Both the holders of a digital certificate and the issuing authority must protect the computers, storage devices, or whatever they use to keep the private keys. Java-based application servers utilize the Java keystore, which provides storage for cryptographic keys and certificates. The keystore is usually maintained in a file stored on the file system.

Satisfies: SRG-APP-000915-AS-000310&lt;/VulnDiscussion&gt;&lt;FalsePositives&gt;&lt;/FalsePositives&gt;&lt;FalseNegatives&gt;&lt;/FalseNegatives&gt;&lt;Documentable&gt;false&lt;/Documentable&gt;&lt;Mitigations&gt;&lt;/Mitigations&gt;&lt;SecurityOverrideGuidance&gt;&lt;/SecurityOverrideGuidance&gt;&lt;PotentialImpacts&gt;&lt;/PotentialImpacts&gt;&lt;ThirdPartyTools&gt;&lt;/ThirdPartyTools&gt;&lt;MitigationControl&gt;&lt;/MitigationControl&gt;&lt;Responsibility&gt;&lt;/Responsibility&gt;&lt;IAControls&gt;&lt;/IAControls&gt;</description>
      <ident system="http://cyber.mil/cci">CCI-000186</ident>
      <fixtext fixref="F-VCFT-9X-000048_fix">At the command prompt, run the following:

# chmod 600 /usr/lib/loginsight/application/3rd_party/apache-tomcat/conf/keystore.bcfks
# chown root:root /usr/lib/loginsight/application/3rd_party/apache-tomcat/conf/keystore.bcfks</fixtext>
      <check system="N/A">
        <check-content>At the command prompt, run the following:

# stat -c "%n permissions are %a, is owned by %U and group owned by %G" /usr/lib/loginsight/application/3rd_party/apache-tomcat/conf/keystore.bcfks

Example result:

/usr/lib/loginsight/application/3rd_party/apache-tomcat/conf/keystore.bcfks permissions are 600, is owned by root and group owned by root

If the keystore file is not owned by "root" with permissions of "600" or more restrictive, this is a finding.

Note: The "keystore.bcfks" file does not exist unless FIPS mode is enabled. If FIPS mode is not enabled replace "keystore.bcfks" with "keystore".</check-content>
      </check>
    </Rule>
  </Group>
  <Group id="V-VCFT-9X-000057">
    <title>SRG-APP-000223-AS-000150</title>
    <Rule id="SV-VCFT-9X-000057" severity="medium" weight="10.0">
      <version>VCFT-9X-000057</version>
      <title>The VMware Cloud Foundation Operations for Logs Loginsight service must be configured to limit data exposure between applications.</title>
      <description>&lt;VulnDiscussion&gt;If RECYCLE_FACADES is true or if a security manager is in use, a new facade object will be created for each request. This reduces the chances that a bug in an application might expose data from one request to another. This setting is configured using environment variable settings. For Linux OS flavors other than Ubuntu, use the relevant OS commands. For Ubuntu, this setting can be managed in the /etc/systemd/system/tomcat.service file via the CATALINA_OPTS variable. This setting is defined in the file and referenced during tc Server startup in order to load environment variables. &lt;/VulnDiscussion&gt;&lt;FalsePositives&gt;&lt;/FalsePositives&gt;&lt;FalseNegatives&gt;&lt;/FalseNegatives&gt;&lt;Documentable&gt;false&lt;/Documentable&gt;&lt;Mitigations&gt;&lt;/Mitigations&gt;&lt;SecurityOverrideGuidance&gt;&lt;/SecurityOverrideGuidance&gt;&lt;PotentialImpacts&gt;&lt;/PotentialImpacts&gt;&lt;ThirdPartyTools&gt;&lt;/ThirdPartyTools&gt;&lt;MitigationControl&gt;&lt;/MitigationControl&gt;&lt;Responsibility&gt;&lt;/Responsibility&gt;&lt;IAControls&gt;&lt;/IAControls&gt;</description>
      <ident system="http://cyber.mil/cci">CCI-001664</ident>
      <fixtext fixref="F-VCFT-9X-000057_fix">Navigate to and open:

/usr/lib/loginsight/application/3rd_party/apache-tomcat/conf/catalina.properties

Update or remove the following line:

org.apache.catalina.connector.RECYCLE_FACADES=true

Restart the service with the following command:

# systemctl restart loginsight.service</fixtext>
      <check system="N/A">
        <check-content>At the command prompt, run the following:

# grep -i RECYCLE_FACADES /usr/lib/loginsight/application/3rd_party/apache-tomcat/conf/catalina.properties

Example result:

org.apache.catalina.connector.RECYCLE_FACADES=true

If "org.apache.catalina.connector.RECYCLE_FACADES" is not set to "true", this is a finding.

If the "org.apache.catalina.connector.RECYCLE_FACADES" setting does not exist, this is not a finding.</check-content>
      </check>
    </Rule>
  </Group>
  <Group id="V-VCFT-9X-000062">
    <title>SRG-APP-000225-AS-000166</title>
    <Rule id="SV-VCFT-9X-000062" severity="medium" weight="10.0">
      <version>VCFT-9X-000062</version>
      <title>The VMware Cloud Foundation Operations for Logs Loginsight service must fail to a secure state if system initialization fails, shutdown fails, or aborts fail.</title>
      <description>&lt;VulnDiscussion&gt;Fail-secure is a condition achieved by the application server in order to ensure that in the event of an operational failure, the system does not enter into an unsecure state where intended security properties no longer hold.  Preserving system state information also facilitates system restart and return to the operational mode of the organization with less disruption of mission-essential processes.&lt;/VulnDiscussion&gt;&lt;FalsePositives&gt;&lt;/FalsePositives&gt;&lt;FalseNegatives&gt;&lt;/FalseNegatives&gt;&lt;Documentable&gt;false&lt;/Documentable&gt;&lt;Mitigations&gt;&lt;/Mitigations&gt;&lt;SecurityOverrideGuidance&gt;&lt;/SecurityOverrideGuidance&gt;&lt;PotentialImpacts&gt;&lt;/PotentialImpacts&gt;&lt;ThirdPartyTools&gt;&lt;/ThirdPartyTools&gt;&lt;MitigationControl&gt;&lt;/MitigationControl&gt;&lt;Responsibility&gt;&lt;/Responsibility&gt;&lt;IAControls&gt;&lt;/IAControls&gt;</description>
      <ident system="http://cyber.mil/cci">CCI-001190</ident>
      <fixtext fixref="F-VCFT-9X-000062_fix">Navigate to and open:

/usr/lib/loginsight/application/3rd_party/apache-tomcat/conf/catalina.properties

Add or change the following line:

org.apache.catalina.startup.EXIT_ON_INIT_FAILURE=true

Restart the service with the following command:

# systemctl restart loginsight.service</fixtext>
      <check system="N/A">
        <check-content>At the command prompt, run the following:

# grep -i EXIT_ON_INIT_FAILURE /usr/lib/loginsight/application/3rd_party/apache-tomcat/conf/catalina.properties

Example result:

org.apache.catalina.startup.EXIT_ON_INIT_FAILURE=true

If there are no results, or if the "org.apache.catalina.startup.EXIT_ON_INIT_FAILURE" is not set to "true", this is a finding.</check-content>
      </check>
    </Rule>
  </Group>
  <Group id="V-VCFT-9X-000065">
    <title>SRG-APP-000251-AS-000165</title>
    <Rule id="SV-VCFT-9X-000065" severity="medium" weight="10.0">
      <version>VCFT-9X-000065</version>
      <title>The VMware Cloud Foundation Operations for Logs Loginsight service must set URIEncoding to UTF-8.</title>
      <description>&lt;VulnDiscussion&gt;Invalid user input occurs when a user inserts data or characters into a hosted application's data entry field and the hosted application is unprepared to process that data. This results in unanticipated application behavior, potentially leading to an application compromise. Invalid user input is one of the primary methods employed when attempting to compromise an application. 

An attacker can also enter Unicode into hosted applications in an effort to break out of the document home or root home directory or to bypass security checks.

To mitigate against many types of character-based vulnerabilities, the server should be configured to use a consistent character set. The URIEncoding attribute on the Connector nodes provides the means to enforce a consistent character set encoding.&lt;/VulnDiscussion&gt;&lt;FalsePositives&gt;&lt;/FalsePositives&gt;&lt;FalseNegatives&gt;&lt;/FalseNegatives&gt;&lt;Documentable&gt;false&lt;/Documentable&gt;&lt;Mitigations&gt;&lt;/Mitigations&gt;&lt;SecurityOverrideGuidance&gt;&lt;/SecurityOverrideGuidance&gt;&lt;PotentialImpacts&gt;&lt;/PotentialImpacts&gt;&lt;ThirdPartyTools&gt;&lt;/ThirdPartyTools&gt;&lt;MitigationControl&gt;&lt;/MitigationControl&gt;&lt;Responsibility&gt;&lt;/Responsibility&gt;&lt;IAControls&gt;&lt;/IAControls&gt;</description>
      <ident system="http://cyber.mil/cci">CCI-001310</ident>
      <fixtext fixref="F-VCFT-9X-000065_fix">Navigate to and open:

/usr/lib/loginsight/application/etc/3rd_config/server.xml

Navigate to each of the &lt;Connector&gt; nodes.

Configure each &lt;Connector&gt; node with the value 'URIEncoding="UTF-8"'.

Note: If "URIEncoding" is not present, it defaults to "UTF-8".

Restart the service with the following command:

# systemctl restart loginsight.service

Note: The configuration in "/usr/lib/loginsight/application/3rd_party/apache-tomcat/conf/server.xml" is generated when the service restarts based on the contents of the "/usr/lib/loginsight/application/etc/3rd_config/server.xml" file.</fixtext>
      <check system="N/A">
        <check-content>At the command prompt, run the following:

# xmllint --xpath "//Connector[@URIEncoding != 'UTF-8'] | //Connector[not[@URIEncoding]]" /usr/lib/loginsight/application/3rd_party/apache-tomcat/conf/server.xml

Example result:

XPath set is empty

If any connectors are returned, this is a finding.</check-content>
      </check>
    </Rule>
  </Group>
  <Group id="V-VCFT-9X-000067">
    <title>SRG-APP-000266-AS-000169</title>
    <Rule id="SV-VCFT-9X-000067" severity="medium" weight="10.0">
      <version>VCFT-9X-000067</version>
      <title>The VMware Cloud Foundation Operations for Logs Loginsight service "ErrorReportValve showServerInfo" must be set to "false".</title>
      <description>&lt;VulnDiscussion&gt;The Error Report Valve is a simple error handler for HTTP status codes that will generate and return HTML error pages. It can also be configured to return predefined static HTML pages for specific status codes and/or exception types. Disabling "showServerInfo" will only return the HTTP status code and remove all CSS from the default non-error related HTTP responses.&lt;/VulnDiscussion&gt;&lt;FalsePositives&gt;&lt;/FalsePositives&gt;&lt;FalseNegatives&gt;&lt;/FalseNegatives&gt;&lt;Documentable&gt;false&lt;/Documentable&gt;&lt;Mitigations&gt;&lt;/Mitigations&gt;&lt;SecurityOverrideGuidance&gt;&lt;/SecurityOverrideGuidance&gt;&lt;PotentialImpacts&gt;&lt;/PotentialImpacts&gt;&lt;ThirdPartyTools&gt;&lt;/ThirdPartyTools&gt;&lt;MitigationControl&gt;&lt;/MitigationControl&gt;&lt;Responsibility&gt;&lt;/Responsibility&gt;&lt;IAControls&gt;&lt;/IAControls&gt;</description>
      <ident system="http://cyber.mil/cci">CCI-001312</ident>
      <fixtext fixref="F-VCFT-9X-000067_fix">Navigate to and open:

/usr/lib/loginsight/application/etc/3rd_config/server.xml

Locate the following Host block:

&lt;Host ...&gt;
...
&lt;/Host&gt;

Inside this block, add or update the following on a new line:

&lt;Valve className="org.apache.catalina.valves.ErrorReportValve" showServerInfo="false" showReport="false"/&gt;

Restart the service with the following command:

# systemctl restart loginsight.service

Note: The configuration in "/usr/lib/loginsight/application/3rd_party/apache-tomcat/conf/server.xml" is generated when the service restarts based on the contents of the "/usr/lib/loginsight/application/etc/3rd_config/server.xml" file.</fixtext>
      <check system="N/A">
        <check-content>At the command prompt, run the following:

# xmllint --xpath '/Server/Service/Engine/Host/Valve[@className="org.apache.catalina.valves.ErrorReportValve"]' /usr/lib/loginsight/application/3rd_party/apache-tomcat/conf/server.xml

Example result:

&lt;Valve className="org.apache.catalina.valves.ErrorReportValve" showReport="false" showServerInfo="false"/&gt;

If the "ErrorReportValve" element is not defined or "showServerInfo" is not set to "false", this is a finding.</check-content>
      </check>
    </Rule>
  </Group>
  <Group id="V-VCFT-9X-000070">
    <title>SRG-APP-000295-AS-000263</title>
    <Rule id="SV-VCFT-9X-000070" severity="medium" weight="10.0">
      <version>VCFT-9X-000070</version>
      <title>The VMware Cloud Foundation Operations for Logs Loginsight service must set an inactive timeout for sessions.</title>
      <description>&lt;VulnDiscussion&gt;Leaving sessions open indefinitely is a major security risk. An attacker can easily use an already authenticated session to access the hosted application as the previously authenticated user. By closing sessions after a set period of inactivity, the web server can make certain that those sessions that are not closed through the user logging out of an application are eventually closed. 

Satisfies: SRG-APP-000389-AS-000253&lt;/VulnDiscussion&gt;&lt;FalsePositives&gt;&lt;/FalsePositives&gt;&lt;FalseNegatives&gt;&lt;/FalseNegatives&gt;&lt;Documentable&gt;false&lt;/Documentable&gt;&lt;Mitigations&gt;&lt;/Mitigations&gt;&lt;SecurityOverrideGuidance&gt;&lt;/SecurityOverrideGuidance&gt;&lt;PotentialImpacts&gt;&lt;/PotentialImpacts&gt;&lt;ThirdPartyTools&gt;&lt;/ThirdPartyTools&gt;&lt;MitigationControl&gt;&lt;/MitigationControl&gt;&lt;Responsibility&gt;&lt;/Responsibility&gt;&lt;IAControls&gt;&lt;/IAControls&gt;</description>
      <ident system="http://cyber.mil/cci">CCI-002361</ident>
      <fixtext fixref="F-VCFT-9X-000070_fix">Navigate to and open:

/usr/lib/loginsight/application/3rd_party/apache-tomcat/conf/web.xml

Navigate to the &lt;session-config&gt; node and add or update the &lt;session-timeout&gt; as follows:

&lt;session-config&gt;
	&lt;session-timeout&gt;30&lt;/session-timeout&gt;
	&lt;cookie-config&gt;
		&lt;http-only&gt;true&lt;/http-only&gt;
		&lt;secure&gt;true&lt;/secure&gt;
	&lt;/cookie-config&gt;
&lt;/session-config&gt;

Restart the service with the following command:

# systemctl restart loginsight.service</fixtext>
      <check system="N/A">
        <check-content>At the command prompt, run the following:

# xmllint --xpath "//*[local-name()='session-timeout']/parent::*" /usr/lib/loginsight/application/3rd_party/apache-tomcat/conf/web.xml

Example result:

&lt;session-config&gt;
	&lt;session-timeout&gt;30&lt;/session-timeout&gt;
	&lt;cookie-config&gt;
		&lt;http-only&gt;true&lt;/http-only&gt;
		&lt;secure&gt;true&lt;/secure&gt;
	&lt;/cookie-config&gt;
&lt;/session-config&gt;

If the value of "session-timeout" is not "30" or less, or is missing, this is a finding.</check-content>
      </check>
    </Rule>
  </Group>
  <Group id="V-VCFT-9X-000122">
    <title>SRG-APP-000516-AS-000237</title>
    <Rule id="SV-VCFT-9X-000122" severity="medium" weight="10.0">
      <version>VCFT-9X-000122</version>
      <title>The VMware Cloud Foundation Operations for Logs Loginsight service DefaultServlet must be set to "readonly" for "PUT" and "DELETE" commands.</title>
      <description>&lt;VulnDiscussion&gt;The default servlet (or DefaultServlet) is a special servlet provided with Tomcat that is called when no other suitable page is found in a particular folder. The DefaultServlet serves static resources as well as directory listings. The DefaultServlet is configured by default with the "readonly" parameter set to "true" where HTTP commands such as "PUT" and "DELETE" are rejected.

Changing this to "false" allows clients to delete or modify static resources on the server and to upload new resources. DefaultServlet "readonly" must be set to "true", either literally or by absence (default).&lt;/VulnDiscussion&gt;&lt;FalsePositives&gt;&lt;/FalsePositives&gt;&lt;FalseNegatives&gt;&lt;/FalseNegatives&gt;&lt;Documentable&gt;false&lt;/Documentable&gt;&lt;Mitigations&gt;&lt;/Mitigations&gt;&lt;SecurityOverrideGuidance&gt;&lt;/SecurityOverrideGuidance&gt;&lt;PotentialImpacts&gt;&lt;/PotentialImpacts&gt;&lt;ThirdPartyTools&gt;&lt;/ThirdPartyTools&gt;&lt;MitigationControl&gt;&lt;/MitigationControl&gt;&lt;Responsibility&gt;&lt;/Responsibility&gt;&lt;IAControls&gt;&lt;/IAControls&gt;</description>
      <ident system="http://cyber.mil/cci">CCI-000366</ident>
      <fixtext fixref="F-VCFT-9X-000122_fix">Navigate to and open:

/usr/lib/loginsight/application/3rd_party/apache-tomcat/conf/web.xml

Navigate to the /&lt;web-apps&gt;/&lt;servlet&gt;/&lt;servlet-class&gt;org.apache.catalina.servlets.DefaultServlet&lt;/servlet-class&gt;/ node and remove the following node:

&lt;init-param&gt;
      &lt;param-name&gt;readonly&lt;/param-name&gt;
      &lt;param-value&gt;false&lt;/param-value&gt;
&lt;/init-param&gt;

Restart the service with the following command:

# systemctl restart loginsight.service</fixtext>
      <check system="N/A">
        <check-content>At the command prompt, run the following:

# xmllint --xpath "//*[contains(text(), 'DefaultServlet')]/parent::*" /usr/lib/loginsight/application/3rd_party/apache-tomcat/conf/web.xml

Example output:

&lt;servlet&gt;
	&lt;servlet-name&gt;default&lt;/servlet-name&gt;
	&lt;servlet-class&gt;org.apache.catalina.servlets.DefaultServlet&lt;/servlet-class&gt;
	&lt;init-param&gt;
		&lt;param-name&gt;debug&lt;/param-name&gt;
		&lt;param-value&gt;0&lt;/param-value&gt;
	&lt;/init-param&gt;
	&lt;init-param&gt;
		&lt;param-name&gt;listings&lt;/param-name&gt;
		&lt;param-value&gt;false&lt;/param-value&gt;
	&lt;/init-param&gt;
	&lt;init-param&gt;
		&lt;param-name&gt;readOnly&lt;/param-name&gt;
		&lt;param-value&gt;true&lt;/param-value&gt;
	&lt;/init-param&gt;
	&lt;load-on-startup&gt;1&lt;/load-on-startup&gt;
&lt;/servlet&gt;

If the "readOnly" param-value for the "DefaultServlet" servlet class is set to "false", this is a finding.

If the "readOnly" param-value does not exist, this is not a finding.</check-content>
      </check>
    </Rule>
  </Group>
  <Group id="V-VCFT-9X-000131">
    <title>SRG-APP-000001-AS-000001</title>
    <Rule id="SV-VCFT-9X-000131" severity="medium" weight="10.0">
      <version>VCFT-9X-000131</version>
      <title>The VMware Cloud Foundation Operations for Logs Loginsight service must limit the amount of time that each TCP connection is kept alive.</title>
      <description>&lt;VulnDiscussion&gt;Denial of service (DoS) is one threat against web servers. Many DoS attacks attempt to consume web server resources in such a way that no more resources are available to satisfy legitimate requests.

In Apache Tomcat, the "connectionTimeout" attribute sets the number of milliseconds the server will wait after accepting a connection for the request Uniform Resource Identifier (URI) line to be presented. This timeout will also be used when reading the request body (if any). This prevents idle sockets that are not sending HTTP requests from consuming system resources and potentially denying new connections.&lt;/VulnDiscussion&gt;&lt;FalsePositives&gt;&lt;/FalsePositives&gt;&lt;FalseNegatives&gt;&lt;/FalseNegatives&gt;&lt;Documentable&gt;false&lt;/Documentable&gt;&lt;Mitigations&gt;&lt;/Mitigations&gt;&lt;SecurityOverrideGuidance&gt;&lt;/SecurityOverrideGuidance&gt;&lt;PotentialImpacts&gt;&lt;/PotentialImpacts&gt;&lt;ThirdPartyTools&gt;&lt;/ThirdPartyTools&gt;&lt;MitigationControl&gt;&lt;/MitigationControl&gt;&lt;Responsibility&gt;&lt;/Responsibility&gt;&lt;IAControls&gt;&lt;/IAControls&gt;</description>
      <ident system="http://cyber.mil/cci">CCI-000054</ident>
      <fixtext fixref="F-VCFT-9X-000131_fix">Navigate to and open:

/usr/lib/loginsight/application/etc/3rd_config/server.xml

Configure the &lt;Connector&gt; node with the value:

connectionTimeout="20000"

Restart the service with the following command:

# systemctl restart loginsight.service

Note: The configuration in "/usr/lib/loginsight/application/3rd_party/apache-tomcat/conf/server.xml" is generated when the service restarts based on the contents of the "/usr/lib/loginsight/application/etc/3rd_config/server.xml" file.</fixtext>
      <check system="N/A">
        <check-content>The connection timeout should not be disabled by setting it to "-1".

At the command prompt, run the following:

# xmllint --xpath "//Connector[@connectionTimeout = '-1']" /usr/lib/loginsight/application/3rd_party/apache-tomcat/conf/server.xml

Example result:

XPath set is empty

If any connectors are returned, this is a finding.

Note: If not specified the default value is 60000.</check-content>
      </check>
    </Rule>
  </Group>
  <Group id="V-VCFT-9X-000132">
    <title>SRG-APP-000001-AS-000001</title>
    <Rule id="SV-VCFT-9X-000132" severity="medium" weight="10.0">
      <version>VCFT-9X-000132</version>
      <title>The VMware Cloud Foundation Operations for Logs Loginsight service must limit the number of times that each TCP connection is kept alive.</title>
      <description>&lt;VulnDiscussion&gt;KeepAlive provides long lived HTTP sessions that allow multiple requests to be sent over the same connection. Enabling KeepAlive mitigates the effects of several types of denial-of-service attacks.

An advantage of KeepAlive is the reduced latency in subsequent requests (no handshaking). However, a disadvantage is that server resources are not available to handle other requests while a connection is maintained between the server and the client.

Apache Tomcat can be configured to limit the number of subsequent requests that one client can submit to the server over an established connection. This limit helps provide a balance between the advantages of KeepAlive, while not allowing any one connection to be held too long by any one client.&lt;/VulnDiscussion&gt;&lt;FalsePositives&gt;&lt;/FalsePositives&gt;&lt;FalseNegatives&gt;&lt;/FalseNegatives&gt;&lt;Documentable&gt;false&lt;/Documentable&gt;&lt;Mitigations&gt;&lt;/Mitigations&gt;&lt;SecurityOverrideGuidance&gt;&lt;/SecurityOverrideGuidance&gt;&lt;PotentialImpacts&gt;&lt;/PotentialImpacts&gt;&lt;ThirdPartyTools&gt;&lt;/ThirdPartyTools&gt;&lt;MitigationControl&gt;&lt;/MitigationControl&gt;&lt;Responsibility&gt;&lt;/Responsibility&gt;&lt;IAControls&gt;&lt;/IAControls&gt;</description>
      <ident system="http://cyber.mil/cci">CCI-000054</ident>
      <fixtext fixref="F-VCFT-9X-000132_fix">Navigate to and open:

/usr/lib/loginsight/application/etc/3rd_config/server.xml

Configure the &lt;Connector&gt; node with the value:

maxKeepAliveRequests="50"

Restart the service with the following command:

# systemctl restart loginsight.service

Note: The configuration in "/usr/lib/loginsight/application/3rd_party/apache-tomcat/conf/server.xml" is generated when the service restarts based on the contents of the "/usr/lib/loginsight/application/etc/3rd_config/server.xml" file.</fixtext>
      <check system="N/A">
        <check-content>The maximum keep alive requests should not be disabled by setting it to "-1".

At the command prompt, run the following:

# xmllint --xpath "//Connector[@maxKeepAliveRequests = '-1']" /usr/lib/loginsight/application/3rd_party/apache-tomcat/conf/server.xml

Example result:

XPath set is empty

If any connectors are returned, this is a finding.

Note: If not specified the default value is 100.</check-content>
      </check>
    </Rule>
  </Group>
  <Group id="V-VCFT-9X-000133">
    <title>SRG-APP-000251-AS-000165</title>
    <Rule id="SV-VCFT-9X-000133" severity="medium" weight="10.0">
      <version>VCFT-9X-000133</version>
      <title>The VMware Cloud Foundation Operations for Logs Loginsight service must configure the "setCharacterEncodingFilter" filter.</title>
      <description>&lt;VulnDiscussion&gt;Invalid user input occurs when a user inserts data or characters into a hosted application's data entry field and the hosted application is unprepared to process that data. This results in unanticipated application behavior, potentially leading to an application compromise. Invalid user input is one of the primary methods employed when attempting to compromise an application.

An attacker can also enter Unicode characters into hosted applications in an effort to break out of the document home or root home directory or to bypass security checks. VMware uses the standard Tomcat "SetCharacterEncodingFilter" to provide a layer of defense against character encoding attacks. Filters are Java objects that perform filtering tasks on the request to a resource (a servlet or static content), on the response from a resource, or both.&lt;/VulnDiscussion&gt;&lt;FalsePositives&gt;&lt;/FalsePositives&gt;&lt;FalseNegatives&gt;&lt;/FalseNegatives&gt;&lt;Documentable&gt;false&lt;/Documentable&gt;&lt;Mitigations&gt;&lt;/Mitigations&gt;&lt;SecurityOverrideGuidance&gt;&lt;/SecurityOverrideGuidance&gt;&lt;PotentialImpacts&gt;&lt;/PotentialImpacts&gt;&lt;ThirdPartyTools&gt;&lt;/ThirdPartyTools&gt;&lt;MitigationControl&gt;&lt;/MitigationControl&gt;&lt;Responsibility&gt;&lt;/Responsibility&gt;&lt;IAControls&gt;&lt;/IAControls&gt;</description>
      <ident system="http://cyber.mil/cci">CCI-001310</ident>
      <fixtext fixref="F-VCFT-9X-000133_fix">Navigate to and open:

/usr/lib/loginsight/application/3rd_party/apache-tomcat/conf/web.xml

Configure the &lt;web-app&gt; node with the child nodes listed below:

&lt;filter-mapping&gt;
  &lt;filter-name&gt;setCharacterEncodingFilter&lt;/filter-name&gt;
  &lt;url-pattern&gt;/*&lt;/url-pattern&gt;
&lt;/filter-mapping&gt;

&lt;filter&gt;
  &lt;filter-name&gt;setCharacterEncodingFilter&lt;/filter-name&gt;
  &lt;filter-class&gt;org.apache.catalina.filters.SetCharacterEncodingFilter&lt;/filter-class&gt;
  &lt;async-supported&gt;true&lt;/async-supported&gt;
  &lt;init-param&gt;
    &lt;param-name&gt;encoding&lt;/param-name&gt;
    &lt;param-value&gt;UTF-8&lt;/param-value&gt;
  &lt;/init-param&gt;
  &lt;init-param&gt;
    &lt;param-name&gt;ignore&lt;/param-name&gt;
    &lt;param-value&gt;true&lt;/param-value&gt;
  &lt;/init-param&gt;
&lt;/filter&gt;

Restart the service with the following command:

# systemctl restart loginsight.service</fixtext>
      <check system="N/A">
        <check-content>At the command prompt, run the following:

# xmllint --xpath "//*[contains(text(), 'setCharacterEncodingFilter')]/parent::*" /usr/lib/loginsight/application/3rd_party/apache-tomcat/conf/web.xml

Example result:

&lt;filter-mapping&gt;
  &lt;filter-name&gt;setCharacterEncodingFilter&lt;/filter-name&gt;
  &lt;url-pattern&gt;/*&lt;/url-pattern&gt;
&lt;/filter-mapping&gt;
&lt;filter&gt;
  &lt;filter-name&gt;setCharacterEncodingFilter&lt;/filter-name&gt;
  &lt;filter-class&gt;org.apache.catalina.filters.SetCharacterEncodingFilter&lt;/filter-class&gt;
  &lt;async-supported&gt;true&lt;/async-supported&gt;
  &lt;init-param&gt;
    &lt;param-name&gt;encoding&lt;/param-name&gt;
    &lt;param-value&gt;UTF-8&lt;/param-value&gt;
  &lt;/init-param&gt;
  &lt;init-param&gt;
    &lt;param-name&gt;ignore&lt;/param-name&gt;
    &lt;param-value&gt;true&lt;/param-value&gt;
  &lt;/init-param&gt;
&lt;/filter&gt;

If the "setCharacterEncodingFilter" filter has not been specified as shown in the example or is commented out, this is a finding.</check-content>
      </check>
    </Rule>
  </Group>
  <Group id="V-VCFT-9X-000134">
    <title>SRG-APP-000033-AS-000024</title>
    <Rule id="SV-VCFT-9X-000134" severity="medium" weight="10.0">
      <version>VCFT-9X-000134</version>
      <title>The VMware Cloud Foundation Operations for Logs Loginsight service must have the http-only flag set for cookies.</title>
      <description>&lt;VulnDiscussion&gt;Cookies are a common way to save session state over the HTTP(S) protocol. If attackers can compromise session data stored in a cookie, they are better able to launch an attack against the server and its applications. When a cookie is tagged with the "HttpOnly" flag, it tells the browser this particular cookie should only be accessed by the originating server. Any attempt to access the cookie from client script is strictly forbidden.&lt;/VulnDiscussion&gt;&lt;FalsePositives&gt;&lt;/FalsePositives&gt;&lt;FalseNegatives&gt;&lt;/FalseNegatives&gt;&lt;Documentable&gt;false&lt;/Documentable&gt;&lt;Mitigations&gt;&lt;/Mitigations&gt;&lt;SecurityOverrideGuidance&gt;&lt;/SecurityOverrideGuidance&gt;&lt;PotentialImpacts&gt;&lt;/PotentialImpacts&gt;&lt;ThirdPartyTools&gt;&lt;/ThirdPartyTools&gt;&lt;MitigationControl&gt;&lt;/MitigationControl&gt;&lt;Responsibility&gt;&lt;/Responsibility&gt;&lt;IAControls&gt;&lt;/IAControls&gt;</description>
      <ident system="http://cyber.mil/cci">CCI-000213</ident>
      <fixtext fixref="F-VCFT-9X-000134_fix">Navigate to and open:

/usr/lib/loginsight/application/3rd_party/apache-tomcat/conf/web.xml

Navigate to the &lt;session-config&gt; node and configure the &lt;http-only&gt; setting as follows:

&lt;session-config&gt;
  &lt;session-timeout&gt;30&lt;/session-timeout&gt;
  &lt;cookie-config&gt;
      &lt;http-only&gt;true&lt;/http-only&gt;
      &lt;secure&gt;true&lt;/secure&gt;
  &lt;/cookie-config&gt;
&lt;/session-config&gt;

Restart the service with the following command:

# systemctl restart loginsight.service</fixtext>
      <check system="N/A">
        <check-content>At the command prompt, run the following:

# xmllint --xpath "//*[local-name()='cookie-config']/parent::*" /usr/lib/loginsight/application/3rd_party/apache-tomcat/conf/web.xml

Example result:

&lt;session-config&gt;
  &lt;session-timeout&gt;30&lt;/session-timeout&gt;
  &lt;cookie-config&gt;
      &lt;http-only&gt;true&lt;/http-only&gt;
      &lt;secure&gt;true&lt;/secure&gt;
  &lt;/cookie-config&gt;
&lt;/session-config&gt;

If the "http-only" parameter under "cookie-config" is not set to "true", this is a finding.</check-content>
      </check>
    </Rule>
  </Group>
  <Group id="V-VCFT-9X-000135">
    <title>SRG-APP-000141-AS-000095</title>
    <Rule id="SV-VCFT-9X-000135" severity="medium" weight="10.0">
      <version>VCFT-9X-000135</version>
      <title>The VMware Cloud Foundation Operations for Logs Loginsight service must disable the debug parameter.</title>
      <description>&lt;VulnDiscussion&gt;The DefaultServlet serves static resources as well as serves the directory listings (if directory listings are enabled). It is declared globally in $CATALINA_BASE/conf/web.xml and by default is configured with the "debug" parameter set to 0, which is disabled. Changing this to a value of 1 or higher sets the servlet to print debug level information. DefaultServlet debug setting must be set to 0 (disabled).&lt;/VulnDiscussion&gt;&lt;FalsePositives&gt;&lt;/FalsePositives&gt;&lt;FalseNegatives&gt;&lt;/FalseNegatives&gt;&lt;Documentable&gt;false&lt;/Documentable&gt;&lt;Mitigations&gt;&lt;/Mitigations&gt;&lt;SecurityOverrideGuidance&gt;&lt;/SecurityOverrideGuidance&gt;&lt;PotentialImpacts&gt;&lt;/PotentialImpacts&gt;&lt;ThirdPartyTools&gt;&lt;/ThirdPartyTools&gt;&lt;MitigationControl&gt;&lt;/MitigationControl&gt;&lt;Responsibility&gt;&lt;/Responsibility&gt;&lt;IAControls&gt;&lt;/IAControls&gt;</description>
      <ident system="http://cyber.mil/cci">CCI-000381</ident>
      <fixtext fixref="F-VCFT-9X-000135_fix">Navigate to and open:

/usr/lib/loginsight/application/3rd_party/apache-tomcat/conf/web.xml

Navigate to all &lt;debug&gt; nodes that are not set to "0".

Set the &lt;param-value&gt; to "0" in all &lt;param-name&gt;debug&lt;/param-name&gt; nodes.

Note: The debug setting should look like the following:

&lt;init-param&gt;
      &lt;param-name&gt;debug&lt;/param-name&gt;
      &lt;param-value&gt;0&lt;/param-value&gt;
&lt;/init-param&gt;

Restart the service with the following command:

# systemctl restart loginsight.service</fixtext>
      <check system="N/A">
        <check-content>At the command prompt, run the following:

# xmllint --xpath "//*[contains(text(), 'DefaultServlet')]/parent::*" /usr/lib/loginsight/application/3rd_party/apache-tomcat/conf/web.xml

Example result:

&lt;servlet&gt;
	&lt;servlet-name&gt;default&lt;/servlet-name&gt;
	&lt;servlet-class&gt;org.apache.catalina.servlets.DefaultServlet&lt;/servlet-class&gt;
	&lt;init-param&gt;
		&lt;param-name&gt;debug&lt;/param-name&gt;
		&lt;param-value&gt;0&lt;/param-value&gt;
	&lt;/init-param&gt;
	&lt;init-param&gt;
		&lt;param-name&gt;listings&lt;/param-name&gt;
		&lt;param-value&gt;false&lt;/param-value&gt;
	&lt;/init-param&gt;
	&lt;load-on-startup&gt;1&lt;/load-on-startup&gt;
&lt;/servlet&gt;

If the "debug" parameter is specified and is not "0", this is a finding.

If the "debug" parameter does not exist, this is not a finding.</check-content>
      </check>
    </Rule>
  </Group>
  <Group id="V-VCFT-9X-000139">
    <title>SRG-APP-000516-AS-000237</title>
    <Rule id="SV-VCFT-9X-000139" severity="medium" weight="10.0">
      <version>VCFT-9X-000139</version>
      <title>The VMware Cloud Foundation Operations for Logs Loginsight service must disable the xpoweredBy parameter.</title>
      <description>&lt;VulnDiscussion&gt;Individual connectors can be configured to display the tc Server info to clients. This information can be used to identify tc Server versions which can be useful to attackers for identifying vulnerable versions of Apache Tomcat. Individual connectors must be checked for the xpoweredBy attribute to ensure they do not pass server info to clients. The default value for xpoweredBy is false.&lt;/VulnDiscussion&gt;&lt;FalsePositives&gt;&lt;/FalsePositives&gt;&lt;FalseNegatives&gt;&lt;/FalseNegatives&gt;&lt;Documentable&gt;false&lt;/Documentable&gt;&lt;Mitigations&gt;&lt;/Mitigations&gt;&lt;SecurityOverrideGuidance&gt;&lt;/SecurityOverrideGuidance&gt;&lt;PotentialImpacts&gt;&lt;/PotentialImpacts&gt;&lt;ThirdPartyTools&gt;&lt;/ThirdPartyTools&gt;&lt;MitigationControl&gt;&lt;/MitigationControl&gt;&lt;Responsibility&gt;&lt;/Responsibility&gt;&lt;IAControls&gt;&lt;/IAControls&gt;</description>
      <ident system="http://cyber.mil/cci">CCI-000366</ident>
      <fixtext fixref="F-VCFT-9X-000139_fix">Navigate to and open:

/usr/lib/loginsight/application/etc/3rd_config/server.xml

Navigate to the &lt;Connector&gt; node and remove the "xpoweredBy" attribute.

Restart the service with the following command:

# systemctl restart loginsight.service

Note: The configuration in "/usr/lib/loginsight/application/3rd_party/apache-tomcat/conf/server.xml" is generated when the service restarts based on the contents of the "/usr/lib/loginsight/application/etc/3rd_config/server.xml" file.</fixtext>
      <check system="N/A">
        <check-content>At the command prompt, run the following:

# xmllint --xpath "//Connector/@xpoweredBy" /usr/lib/loginsight/application/3rd_party/apache-tomcat/conf/server.xml

Example result:

XPath set is empty

If the "xpoweredBy" parameter is specified and is not "false", this is a finding.

If the "xpoweredBy" parameter does not exist, this is not a finding.</check-content>
      </check>
    </Rule>
  </Group>
  <Group id="V-VCFT-9X-000143">
    <title>SRG-APP-000516-AS-000237</title>
    <Rule id="SV-VCFT-9X-000143" severity="medium" weight="10.0">
      <version>VCFT-9X-000143</version>
      <title>The VMware Cloud Foundation Operations for Logs Loginsight service must enable "ENFORCE_ENCODING_IN_GET_WRITER".</title>
      <description>&lt;VulnDiscussion&gt;Some clients try to guess the character encoding of text media when the mandated default of ISO-8859-1 should be used. Some browsers will interpret as UTF-7 when the characters are safe for ISO-8859-1. This can create the potential for a XSS attack. To defend against this, enforce_encoding_in_get_writer must be set to true.&lt;/VulnDiscussion&gt;&lt;FalsePositives&gt;&lt;/FalsePositives&gt;&lt;FalseNegatives&gt;&lt;/FalseNegatives&gt;&lt;Documentable&gt;false&lt;/Documentable&gt;&lt;Mitigations&gt;&lt;/Mitigations&gt;&lt;SecurityOverrideGuidance&gt;&lt;/SecurityOverrideGuidance&gt;&lt;PotentialImpacts&gt;&lt;/PotentialImpacts&gt;&lt;ThirdPartyTools&gt;&lt;/ThirdPartyTools&gt;&lt;MitigationControl&gt;&lt;/MitigationControl&gt;&lt;Responsibility&gt;&lt;/Responsibility&gt;&lt;IAControls&gt;&lt;/IAControls&gt;</description>
      <ident system="http://cyber.mil/cci">CCI-000366</ident>
      <fixtext fixref="F-VCFT-9X-000143_fix">Navigate to and open:

/usr/lib/loginsight/application/3rd_party/apache-tomcat/conf/catalina.properties

Update or remove the following line:

org.apache.catalina.connector.response.ENFORCE_ENCODING_IN_GET_WRITER=true

Restart the service with the following command:

# systemctl restart loginsight.service</fixtext>
      <check system="N/A">
        <check-content>At the command prompt, run the following:

# grep ENFORCE_ENCODING_IN_GET_WRITER /usr/lib/loginsight/application/3rd_party/apache-tomcat/conf/catalina.properties

Example result:

org.apache.catalina.connector.response.ENFORCE_ENCODING_IN_GET_WRITER=true

If "org.apache.catalina.connector.response.ENFORCE_ENCODING_IN_GET_WRITER" is not set to "true", this is a finding.

If the "org.apache.catalina.connector.response.ENFORCE_ENCODING_IN_GET_WRITER" setting does not exist, this is not a finding.</check-content>
      </check>
    </Rule>
  </Group>
  <Group id="V-VCFT-9X-000025">
    <title>SRG-APP-000118-AS-000078</title>
    <Rule id="SV-VCFT-9X-000025" severity="medium" weight="10.0">
      <version>VCFT-9X-000025</version>
      <title>The VMware Cloud Foundation Operations for Logs Loginsight service must protect log information from unauthorized access.</title>
      <description>&lt;VulnDiscussion&gt;If log data were to become compromised, then competent forensic analysis and discovery of the true source of potentially malicious system activity is difficult, if not impossible, to achieve. In addition, access to log records provides information an attacker could potentially use to his or her advantage.

Application servers contain admin interfaces that allow reading and manipulation of log records. Therefore, these interfaces should not allow unfettered access to those records. Application servers also write log data to log files which are stored on the OS, so appropriate file permissions must also be used to restrict access.

Log information includes all information (e.g., log records, log settings, transaction logs, and log reports) needed to successfully log information system activity. Application servers must protect log information from unauthorized read access.

Satisfies: SRG-APP-000119-AS-000079, SRG-APP-000120-AS-000080&lt;/VulnDiscussion&gt;&lt;FalsePositives&gt;&lt;/FalsePositives&gt;&lt;FalseNegatives&gt;&lt;/FalseNegatives&gt;&lt;Documentable&gt;false&lt;/Documentable&gt;&lt;Mitigations&gt;&lt;/Mitigations&gt;&lt;SecurityOverrideGuidance&gt;&lt;/SecurityOverrideGuidance&gt;&lt;PotentialImpacts&gt;&lt;/PotentialImpacts&gt;&lt;ThirdPartyTools&gt;&lt;/ThirdPartyTools&gt;&lt;MitigationControl&gt;&lt;/MitigationControl&gt;&lt;Responsibility&gt;&lt;/Responsibility&gt;&lt;IAControls&gt;&lt;/IAControls&gt;</description>
      <ident system="http://cyber.mil/cci">CCI-000162</ident>
      <fixtext fixref="F-VCFT-9X-000025_fix">At the command prompt, run the following:

# chmod o-w &lt;file&gt;
# chown root:root &lt;file&gt;

Note: Substitute &lt;file&gt; with the listed file.</fixtext>
      <check system="N/A">
        <check-content>At the command prompt, run the following:

# find /var/log/loginsight/apache-tomcat/logs /usr/lib/loginsight/application/3rd_party/apache-tomcat/logs -xdev -type f -a '(' -perm -o+w -o -not -user root -o -not -group root ')' -exec ls -ld {} \;

If any files are returned, this is a finding.</check-content>
      </check>
    </Rule>
  </Group>
  <Group id="V-VCFT-9X-000142">
    <title>SRG-APP-000516-AS-000237</title>
    <Rule id="SV-VCFT-9X-000142" severity="medium" weight="10.0">
      <version>VCFT-9X-000142</version>
      <title>The VMware Cloud Foundation Operations for Logs Loginsight service must disable "ALLOW_BACKSLASH".</title>
      <description>&lt;VulnDiscussion&gt;When Apache Tomcat is installed behind a proxy configured to only allow access to certain contexts (web applications), an HTTP request containing "/\../" may allow attackers to work around the proxy restrictions using directory traversal attack methods. If "allow_backslash" is "true", the "\" character will be permitted as a path delimiter. The default value for the setting is "false", but Tomcat must always be configured as if no proxy restricting context access was used, and "allow_backslash" should be set to "false" to prevent directory traversal attack methods. This setting can create operability issues with noncompliant clients.&lt;/VulnDiscussion&gt;&lt;FalsePositives&gt;&lt;/FalsePositives&gt;&lt;FalseNegatives&gt;&lt;/FalseNegatives&gt;&lt;Documentable&gt;false&lt;/Documentable&gt;&lt;Mitigations&gt;&lt;/Mitigations&gt;&lt;SecurityOverrideGuidance&gt;&lt;/SecurityOverrideGuidance&gt;&lt;PotentialImpacts&gt;&lt;/PotentialImpacts&gt;&lt;ThirdPartyTools&gt;&lt;/ThirdPartyTools&gt;&lt;MitigationControl&gt;&lt;/MitigationControl&gt;&lt;Responsibility&gt;&lt;/Responsibility&gt;&lt;IAControls&gt;&lt;/IAControls&gt;</description>
      <ident system="http://cyber.mil/cci">CCI-000366</ident>
      <fixtext fixref="F-VCFT-9X-000142_fix">Navigate to and open:

/usr/lib/loginsight/application/3rd_party/apache-tomcat/conf/catalina.properties

Update or remove the following line:

org.apache.catalina.connector.ALLOW_BACKSLASH=false

Restart the service with the following command:

# systemctl restart loginsight.service</fixtext>
      <check system="N/A">
        <check-content>At the command prompt, run the following:

# grep ALLOW_BACKSLASH /usr/lib/loginsight/application/3rd_party/apache-tomcat/conf/catalina.properties

Example result:

org.apache.catalina.connector.ALLOW_BACKSLASH=false

If "org.apache.catalina.connector.ALLOW_BACKSLASH" is not set to "false", this is a finding.

If the "org.apache.catalina.connector.ALLOW_BACKSLASH" setting does not exist, this is not a finding.</check-content>
      </check>
    </Rule>
  </Group>
  <Group id="V-VCFT-9X-000087">
    <title>SRG-APP-000380-AS-000088</title>
    <Rule id="SV-VCFT-9X-000087" severity="medium" weight="10.0">
      <version>VCFT-9X-000087</version>
      <title>The VMware Cloud Foundation Operations for Logs Loginsight service files must enforce access restrictions associated with changes to application server configuration.</title>
      <description>&lt;VulnDiscussion&gt;As a rule, accounts on a web server are to be kept to a minimum. Only administrators, web managers, developers, auditors, and web authors require accounts on the machine hosting the web server. The resources to which these accounts have access must also be closely monitored and controlled.&lt;/VulnDiscussion&gt;&lt;FalsePositives&gt;&lt;/FalsePositives&gt;&lt;FalseNegatives&gt;&lt;/FalseNegatives&gt;&lt;Documentable&gt;false&lt;/Documentable&gt;&lt;Mitigations&gt;&lt;/Mitigations&gt;&lt;SecurityOverrideGuidance&gt;&lt;/SecurityOverrideGuidance&gt;&lt;PotentialImpacts&gt;&lt;/PotentialImpacts&gt;&lt;ThirdPartyTools&gt;&lt;/ThirdPartyTools&gt;&lt;MitigationControl&gt;&lt;/MitigationControl&gt;&lt;Responsibility&gt;&lt;/Responsibility&gt;&lt;IAControls&gt;&lt;/IAControls&gt;</description>
      <ident system="http://cyber.mil/cci">CCI-001813</ident>
      <fixtext fixref="F-VCFT-9X-000087_fix">At the command prompt, run the following:

# chmod o-w &lt;file&gt;
# chown root:root &lt;file&gt;

Note: Substitute &lt;file&gt; with the listed file.</fixtext>
      <check system="N/A">
        <check-content>At the command prompt, run the following:

# find /usr/lib/loginsight/application/3rd_party/apache-tomcat -xdev -type f -a '(' -perm -o+w -o -not -user root -o -not -group root ')' -exec ls -ld {} \;

If any files are returned, this is a finding.</check-content>
      </check>
    </Rule>
  </Group>
  <Group id="V-VCFT-9X-000136">
    <title>SRG-APP-000141-AS-000095</title>
    <Rule id="SV-VCFT-9X-000136" severity="medium" weight="10.0">
      <version>VCFT-9X-000136</version>
      <title>The VMware Cloud Foundation Operations for Logs Loginsight service directory listings parameter must be disabled.</title>
      <description>&lt;VulnDiscussion&gt;Enumeration techniques, such as URL parameter manipulation, rely on being able to obtain information about the web server's directory structure by locating directories without default pages. In this scenario, the web server will display to the user a listing of the files in the directory being accessed. Ensuring that directory listing is disabled is one approach to mitigating the vulnerability.

In Tomcat, directory listing is disabled by default but can be enabled via the "listings" parameter. Ensure this node is not present to have the default effect.&lt;/VulnDiscussion&gt;&lt;FalsePositives&gt;&lt;/FalsePositives&gt;&lt;FalseNegatives&gt;&lt;/FalseNegatives&gt;&lt;Documentable&gt;false&lt;/Documentable&gt;&lt;Mitigations&gt;&lt;/Mitigations&gt;&lt;SecurityOverrideGuidance&gt;&lt;/SecurityOverrideGuidance&gt;&lt;PotentialImpacts&gt;&lt;/PotentialImpacts&gt;&lt;ThirdPartyTools&gt;&lt;/ThirdPartyTools&gt;&lt;MitigationControl&gt;&lt;/MitigationControl&gt;&lt;Responsibility&gt;&lt;/Responsibility&gt;&lt;IAControls&gt;&lt;/IAControls&gt;</description>
      <ident system="http://cyber.mil/cci">CCI-000381</ident>
      <fixtext fixref="F-VCFT-9X-000136_fix">Navigate to and open:

/usr/lib/loginsight/application/3rd_party/apache-tomcat/conf/web.xml

Examine the &lt;init-param&gt; elements within the &lt;servlet-class&gt; element, ensure the "listings" &lt;param-value&gt; is set to "false" (without quotes) or removed entirely.

The listings setting should look like the following:

&lt;servlet&gt;
	&lt;servlet-name&gt;default&lt;/servlet-name&gt;
	&lt;servlet-class&gt;org.apache.catalina.servlets.DefaultServlet&lt;/servlet-class&gt;
	&lt;init-param&gt;
		&lt;param-name&gt;debug&lt;/param-name&gt;
		&lt;param-value&gt;0&lt;/param-value&gt;
	&lt;/init-param&gt;
	&lt;init-param&gt;
		&lt;param-name&gt;listings&lt;/param-name&gt;
		&lt;param-value&gt;false&lt;/param-value&gt;
	&lt;/init-param&gt;
	&lt;load-on-startup&gt;1&lt;/load-on-startup&gt;
&lt;/servlet&gt;

Restart the service with the following command:

# systemctl restart loginsight.service</fixtext>
      <check system="N/A">
        <check-content>At the command prompt, run the following:

# xmllint --xpath "//*[contains(text(), 'DefaultServlet')]/parent::*" /usr/lib/loginsight/application/3rd_party/apache-tomcat/conf/web.xml

Example result:

&lt;servlet&gt;
	&lt;servlet-name&gt;default&lt;/servlet-name&gt;
	&lt;servlet-class&gt;org.apache.catalina.servlets.DefaultServlet&lt;/servlet-class&gt;
	&lt;init-param&gt;
		&lt;param-name&gt;debug&lt;/param-name&gt;
		&lt;param-value&gt;0&lt;/param-value&gt;
	&lt;/init-param&gt;
	&lt;init-param&gt;
		&lt;param-name&gt;listings&lt;/param-name&gt;
		&lt;param-value&gt;false&lt;/param-value&gt;
	&lt;/init-param&gt;
	&lt;load-on-startup&gt;1&lt;/load-on-startup&gt;
&lt;/servlet&gt;

If the "listings" parameter is specified and is not "false", this is a finding.

If the "listings" parameter does not exist, this is not a finding.</check-content>
      </check>
    </Rule>
  </Group>
  <Group id="V-VCFT-9X-000140">
    <title>SRG-APP-000516-AS-000237</title>
    <Rule id="SV-VCFT-9X-000140" severity="medium" weight="10.0">
      <version>VCFT-9X-000140</version>
      <title>The VMware Cloud Foundation Operations for Logs Loginsight service example applications must be removed.</title>
      <description>&lt;VulnDiscussion&gt;Apache Tomcat provides example applications, documentation, and other directories in the default installation that do not serve a production use. These files must be deleted.&lt;/VulnDiscussion&gt;&lt;FalsePositives&gt;&lt;/FalsePositives&gt;&lt;FalseNegatives&gt;&lt;/FalseNegatives&gt;&lt;Documentable&gt;false&lt;/Documentable&gt;&lt;Mitigations&gt;&lt;/Mitigations&gt;&lt;SecurityOverrideGuidance&gt;&lt;/SecurityOverrideGuidance&gt;&lt;PotentialImpacts&gt;&lt;/PotentialImpacts&gt;&lt;ThirdPartyTools&gt;&lt;/ThirdPartyTools&gt;&lt;MitigationControl&gt;&lt;/MitigationControl&gt;&lt;Responsibility&gt;&lt;/Responsibility&gt;&lt;IAControls&gt;&lt;/IAControls&gt;</description>
      <ident system="http://cyber.mil/cci">CCI-000366</ident>
      <fixtext fixref="F-VCFT-9X-000140_fix">At the command prompt, run the following:

# rm -rf /usr/lib/loginsight/application/3rd_party/apache-tomcat/webapps/examples</fixtext>
      <check system="N/A">
        <check-content>At the command prompt, run the following:

# ls -l /usr/lib/loginsight/application/3rd_party/apache-tomcat/webapps/examples

If the examples folder exists or contains any content, this is a finding.</check-content>
      </check>
    </Rule>
  </Group>
  <Group id="V-VCFT-9X-000145">
    <title>SRG-APP-000516-AS-000237</title>
    <Rule id="SV-VCFT-9X-000145" severity="medium" weight="10.0">
      <version>VCFT-9X-000145</version>
      <title>The VMware Cloud Foundation Operations for Logs Loginsight service host-manager webapp must be removed.</title>
      <description>&lt;VulnDiscussion&gt;Apache Tomcat provides host management functionality through either a default host-manager webapp or through local editing of the configuration files. The host-manager webapp files must be deleted, and administration must be performed through the local editing of the configuration files.&lt;/VulnDiscussion&gt;&lt;FalsePositives&gt;&lt;/FalsePositives&gt;&lt;FalseNegatives&gt;&lt;/FalseNegatives&gt;&lt;Documentable&gt;false&lt;/Documentable&gt;&lt;Mitigations&gt;&lt;/Mitigations&gt;&lt;SecurityOverrideGuidance&gt;&lt;/SecurityOverrideGuidance&gt;&lt;PotentialImpacts&gt;&lt;/PotentialImpacts&gt;&lt;ThirdPartyTools&gt;&lt;/ThirdPartyTools&gt;&lt;MitigationControl&gt;&lt;/MitigationControl&gt;&lt;Responsibility&gt;&lt;/Responsibility&gt;&lt;IAControls&gt;&lt;/IAControls&gt;</description>
      <ident system="http://cyber.mil/cci">CCI-000366</ident>
      <fixtext fixref="F-VCFT-9X-000145_fix">At the command prompt, run the following:

# rm -rf /usr/lib/loginsight/application/3rd_party/apache-tomcat/webapps/host-manager</fixtext>
      <check system="N/A">
        <check-content>At the command prompt, run the following:

# ls -l /usr/lib/loginsight/application/3rd_party/apache-tomcat/webapps/host-manager

If the manager folder exists or contains any content, this is a finding.</check-content>
      </check>
    </Rule>
  </Group>
  <Group id="V-VCFT-9X-000141">
    <title>SRG-APP-000516-AS-000237</title>
    <Rule id="SV-VCFT-9X-000141" severity="medium" weight="10.0">
      <version>VCFT-9X-000141</version>
      <title>The VMware Cloud Foundation Operations for Logs Loginsight service default documentation must be removed.</title>
      <description>&lt;VulnDiscussion&gt;Apache Tomcat provides documentation and other directories in the default installation that do not serve a production use. These files must be deleted.&lt;/VulnDiscussion&gt;&lt;FalsePositives&gt;&lt;/FalsePositives&gt;&lt;FalseNegatives&gt;&lt;/FalseNegatives&gt;&lt;Documentable&gt;false&lt;/Documentable&gt;&lt;Mitigations&gt;&lt;/Mitigations&gt;&lt;SecurityOverrideGuidance&gt;&lt;/SecurityOverrideGuidance&gt;&lt;PotentialImpacts&gt;&lt;/PotentialImpacts&gt;&lt;ThirdPartyTools&gt;&lt;/ThirdPartyTools&gt;&lt;MitigationControl&gt;&lt;/MitigationControl&gt;&lt;Responsibility&gt;&lt;/Responsibility&gt;&lt;IAControls&gt;&lt;/IAControls&gt;</description>
      <ident system="http://cyber.mil/cci">CCI-000366</ident>
      <fixtext fixref="F-VCFT-9X-000141_fix">At the command prompt, run the following:

# rm -rf /usr/lib/loginsight/application/3rd_party/apache-tomcat/webapps/docs</fixtext>
      <check system="N/A">
        <check-content>At the command prompt, run the following:

# ls -l /usr/lib/loginsight/application/3rd_party/apache-tomcat/webapps/docs

If the "docs" folder exists or contains any content, this is a finding.</check-content>
      </check>
    </Rule>
  </Group>
  <Group id="V-VCFT-9X-000144">
    <title>SRG-APP-000516-AS-000237</title>
    <Rule id="SV-VCFT-9X-000144" severity="medium" weight="10.0">
      <version>VCFT-9X-000144</version>
      <title>The VMware Cloud Foundation Operations for Logs Loginsight service manager webapp must be removed.</title>
      <description>&lt;VulnDiscussion&gt;Apache Tomcat provides management functionality through either a default manager webapp or through local editing of the configuration files. The manager webapp files must be deleted, and administration must be performed through the local editing of the configuration files.&lt;/VulnDiscussion&gt;&lt;FalsePositives&gt;&lt;/FalsePositives&gt;&lt;FalseNegatives&gt;&lt;/FalseNegatives&gt;&lt;Documentable&gt;false&lt;/Documentable&gt;&lt;Mitigations&gt;&lt;/Mitigations&gt;&lt;SecurityOverrideGuidance&gt;&lt;/SecurityOverrideGuidance&gt;&lt;PotentialImpacts&gt;&lt;/PotentialImpacts&gt;&lt;ThirdPartyTools&gt;&lt;/ThirdPartyTools&gt;&lt;MitigationControl&gt;&lt;/MitigationControl&gt;&lt;Responsibility&gt;&lt;/Responsibility&gt;&lt;IAControls&gt;&lt;/IAControls&gt;</description>
      <ident system="http://cyber.mil/cci">CCI-000366</ident>
      <fixtext fixref="F-VCFT-9X-000144_fix">At the command prompt, run the following:

# rm -rf /usr/lib/loginsight/application/3rd_party/apache-tomcat/webapps/manager</fixtext>
      <check system="N/A">
        <check-content>At the command prompt, run the following:

# ls -l /usr/lib/loginsight/application/3rd_party/apache-tomcat/webapps/manager

If the manager folder exists or contains any content, this is a finding.</check-content>
      </check>
    </Rule>
  </Group>
  <Group id="V-VCFT-9X-000014">
    <title>SRG-APP-000095-AS-000056</title>
    <Rule id="SV-VCFT-9X-000014" severity="medium" weight="10.0">
      <version>VCFT-9X-000014</version>
      <title>The VMware Cloud Foundation Operations for Logs Loginsight service must produce log records containing information to establish what type of events occurred.</title>
      <description>&lt;VulnDiscussion&gt;Information system logging capability is critical for accurate forensic analysis.  Without being able to establish what type of event occurred, it would be difficult to establish, correlate, and investigate the events relating to an incident or identify those responsible. 

Log record content that may be necessary to satisfy the requirement of this control includes time stamps, source and destination addresses, user/process identifiers, event descriptions, success/fail indications, filenames involved, and access control or flow control rules invoked.

Application servers must log all relevant log data that pertains to the application server.  Examples of relevant data include, but are not limited to, Java Virtual Machine (JVM) activity, HTTPD/Web server activity, and application server-related system process activity.

Satisfies: SRG-APP-000016-AS-000013, SRG-APP-000080-AS-000045, SRG-APP-000089-AS-000050, SRG-APP-000090-AS-000051, SRG-APP-000091-AS-000052, SRG-APP-000096-AS-000059, SRG-APP-000097-AS-000060, SRG-APP-000098-AS-000061, SRG-APP-000099-AS-000062, SRG-APP-000100-AS-000063, SRG-APP-000343-AS-000030, SRG-APP-000375-AS-000211, SRG-APP-000495-AS-000220, SRG-APP-000499-AS-000224, SRG-APP-000503-AS-000228, SRG-APP-000505-AS-000230, SRG-APP-000506-AS-000231&lt;/VulnDiscussion&gt;&lt;FalsePositives&gt;&lt;/FalsePositives&gt;&lt;FalseNegatives&gt;&lt;/FalseNegatives&gt;&lt;Documentable&gt;false&lt;/Documentable&gt;&lt;Mitigations&gt;&lt;/Mitigations&gt;&lt;SecurityOverrideGuidance&gt;&lt;/SecurityOverrideGuidance&gt;&lt;PotentialImpacts&gt;&lt;/PotentialImpacts&gt;&lt;ThirdPartyTools&gt;&lt;/ThirdPartyTools&gt;&lt;MitigationControl&gt;&lt;/MitigationControl&gt;&lt;Responsibility&gt;&lt;/Responsibility&gt;&lt;IAControls&gt;&lt;/IAControls&gt;</description>
      <ident system="http://cyber.mil/cci">CCI-000130</ident>
      <fixtext fixref="F-VCFT-9X-000014_fix">Navigate to and open:

/usr/lib/loginsight/application/etc/3rd_config/server.xml

Inside the &lt;Host&gt; node, find the "AccessLogValve" &lt;Valve&gt; node and replace the "pattern" element as follows:

pattern="%h %{X-Forwarded-For}i %l %u %t &amp;quot;%r&amp;quot; %s %b &amp;quot;%{User-Agent}i&amp;quot;"

Restart the service with the following command:

# systemctl restart loginsight.service

Note: The configuration in "/usr/lib/loginsight/application/3rd_party/apache-tomcat/conf/server.xml" is generated when the service restarts based on the contents of the "/usr/lib/loginsight/application/etc/3rd_config/server.xml" file.</fixtext>
      <check system="N/A">
        <check-content>At the command prompt, run the following:

# xmllint --xpath '/Server/Service/Engine/Host/Valve[@className="org.apache.catalina.valves.AccessLogValve"]/@pattern' /usr/lib/loginsight/application/3rd_party/apache-tomcat/conf/server.xml

Example result:

pattern="%h %{X-Forwarded-For}i %l %u %t &amp;quot;%r&amp;quot; %s %b &amp;quot;%{User-Agent}i&amp;quot;"

Required elements:

%h %{X-Forwarded-For}i %l %t %u &amp;quot;%r&amp;quot; %s %b

If the log pattern does not contain the required elements in any order, this is a finding.</check-content>
      </check>
    </Rule>
  </Group>
</Benchmark>
