<?xml version="1.0" encoding="UTF-8"?><?xml-stylesheet type="text/xsl" href="STIG_unclass.xsl"?>
<Benchmark xmlns:dc="http://purl.org/dc/elements/1.1/" xmlns:xsi="http://www.w3.org/2001/XMLSchema-instance" xmlns:cpe="http://cpe.mitre.org/language/2.0" xmlns:xhtml="http://www.w3.org/1999/xhtml" xmlns:dsig="http://www.w3.org/2000/09/xmldsig#" xsi:schemaLocation="http://checklists.nist.gov/xccdf/1.1 http://nvd.nist.gov/schema/xccdf-1.1.4.xsdhttp://cpe.mitre.org/dictionary/2.0 http://cpe.mitre.org/files/cpe-dictionary_2.1.xsd" id="VCF NSX Routing" xml:lang="en" xmlns="http://checklists.nist.gov/xccdf/1.1">
  <status date="2025-06-17">draft</status>
  <title>VMware Cloud Foundation 9.x NSX Routing STIG Readiness Guide</title>
  <description>VMware Cloud Foundation 9.x NSX Routing STIG Readiness Guide</description>
  <notice id="terms-of-use" xml:lang="en"/>
  <front-matter xml:lang="en"/>
  <rear-matter xml:lang="en"/>
  <reference href="">
    <dc:publisher/>
    <dc:source/>
  </reference>
  <plain-text id="release-info">Release: 1 Benchmark Date: 17 June 2025</plain-text>
  <plain-text id="generator">3.2.2.36079</plain-text>
  <plain-text id="conventionsVersion">1.10.0</plain-text>
  <version>1</version>
  <Group id="V-VCFR-9X-000013">
    <title>SRG-NET-000019-RTR-000003</title>
    <Rule id="SV-VCFR-9X-000013" severity="medium" weight="10.0">
      <version>VCFR-9X-000013</version>
      <title>The VMware Cloud Foundation NSX Tier-0 Gateway must be configured to disable Protocol Independent Multicast (PIM) on all interfaces that are not required to support multicast routing.</title>
      <description>&lt;VulnDiscussion&gt;If multicast traffic is forwarded beyond the intended boundary, it is possible that it can be intercepted by unauthorized or unintended personnel. Limiting where, within the network, a given multicast group's data is permitted to flow is an important first step in improving multicast security. 

A scope zone is an instance of a connected region of a given scope. Zones of the same scope cannot overlap while zones of a smaller scope will fit completely within a zone of a larger scope. For example, Admin-local scope is smaller than Site-local scope, so the administratively configured boundary fits within the bounds of a site. According to RFC 4007 IPv6 Scoped Address Architecture (section 5), scope zones are also required to be "convex from a routing perspective"; that is, packets routed within a zone must not pass through any links that are outside of the zone. This requirement forces each zone to be one contiguous island rather than a series of separate islands. 

As stated in the DoD IPv6 IA Guidance for MO3, "One should be able to identify all interfaces of a zone by drawing a closed loop on their network diagram, engulfing some routers and passing through some routers to include only some of their interfaces." Therefore, it is imperative that the network engineers have documented their multicast topology and thereby know which interfaces are enabled for multicast. Once this is done, the zones can be scoped as required.&lt;/VulnDiscussion&gt;&lt;FalsePositives&gt;&lt;/FalsePositives&gt;&lt;FalseNegatives&gt;&lt;/FalseNegatives&gt;&lt;Documentable&gt;false&lt;/Documentable&gt;&lt;Mitigations&gt;&lt;/Mitigations&gt;&lt;SecurityOverrideGuidance&gt;&lt;/SecurityOverrideGuidance&gt;&lt;PotentialImpacts&gt;&lt;/PotentialImpacts&gt;&lt;ThirdPartyTools&gt;&lt;/ThirdPartyTools&gt;&lt;MitigationControl&gt;&lt;/MitigationControl&gt;&lt;Responsibility&gt;&lt;/Responsibility&gt;&lt;IAControls&gt;&lt;/IAControls&gt;</description>
      <ident system="http://cyber.mil/cci">CCI-001414</ident>
      <fixtext fixref="F-VCFR-9X-000013_fix">Disable multicast PIM routing on interfaces that are not required to support multicast by doing the following:

From the NSX Manager web interface, go to Networking &gt;&gt; Connectivity &gt;&gt; Tier-0 Gateways and expand the target Tier-0 gateway.

Expand "Interfaces and GRE Tunnels", click on the number of interfaces present to open the interfaces dialog, and then select "Edit" on the target interface.

Expand "Multicast", change PIM to "disabled", and then click "Save".</fixtext>
      <check system="N/A">
        <check-content>From the NSX Manager web interface, go to Networking &gt;&gt; Connectivity &gt;&gt; Tier-0 Gateways.

For every Tier-0 Gateway, expand the Tier-0 Gateway &gt;&gt; Interfaces and GRE Tunnels, and click on the number of interfaces present to open the interfaces dialog.

Expand each interface that is not required to support multicast routing, then expand "Multicast" and verify PIM is disabled.

If PIM is enabled on any interfaces that are not supporting multicast routing, this is a finding</check-content>
      </check>
    </Rule>
  </Group>
  <Group id="V-VCFR-9X-000016">
    <title>SRG-NET-000019-RTR-000007</title>
    <Rule id="SV-VCFR-9X-000016" severity="low" weight="10.0">
      <version>VCFR-9X-000016</version>
      <title>The VMware Cloud Foundation NSX Tier-0 Gateway must be configured to have all inactive interfaces removed.</title>
      <description>&lt;VulnDiscussion&gt;An inactive interface is rarely monitored or controlled and may expose a network to an undetected attack on that interface. Unauthorized personnel with access to the communication facility could gain access to a router by connecting to a configured interface that is not in use.

If an interface is no longer used, the configuration must be deleted and the interface disabled. For sub-interfaces, delete sub-interfaces that are on inactive interfaces and delete sub-interfaces that are themselves inactive. If the sub-interface is no longer necessary for authorized communications, it must be deleted.&lt;/VulnDiscussion&gt;&lt;FalsePositives&gt;&lt;/FalsePositives&gt;&lt;FalseNegatives&gt;&lt;/FalseNegatives&gt;&lt;Documentable&gt;false&lt;/Documentable&gt;&lt;Mitigations&gt;&lt;/Mitigations&gt;&lt;SecurityOverrideGuidance&gt;&lt;/SecurityOverrideGuidance&gt;&lt;PotentialImpacts&gt;&lt;/PotentialImpacts&gt;&lt;ThirdPartyTools&gt;&lt;/ThirdPartyTools&gt;&lt;MitigationControl&gt;&lt;/MitigationControl&gt;&lt;Responsibility&gt;&lt;/Responsibility&gt;&lt;IAControls&gt;&lt;/IAControls&gt;</description>
      <ident system="http://cyber.mil/cci">CCI-001414</ident>
      <fixtext fixref="F-VCFR-9X-000016_fix">Remove unused interfaces by doing the following:

From the NSX Manager web interface, go to Networking &gt;&gt; Connectivity &gt;&gt; Tier-0 Gateways and expand the target Tier-0 gateway.

Expand "Interfaces and GRE Tunnels", then click on the number of interfaces present to open the interfaces dialog.

Select "Delete" on the unneeded interface, and then click "Delete" again to confirm.</fixtext>
      <check system="N/A">
        <check-content>From the NSX Manager web interface, go to Networking &gt;&gt; Connectivity &gt;&gt; Tier-0 Gateways.

For every Tier-0 Gateway, expand the Tier-0 Gateway &gt;&gt; Interfaces and GRE Tunnels, and click on the number of interfaces present to open the interfaces dialog.

Review each interface present to determine if they are not in use or inactive.

If there are any interfaces present on a Tier-0 Gateway that are not in use or inactive, this is a finding.</check-content>
      </check>
    </Rule>
  </Group>
  <Group id="V-VCFR-9X-000027">
    <title>SRG-NET-000131-RTR-000035</title>
    <Rule id="SV-VCFR-9X-000027" severity="low" weight="10.0">
      <version>VCFR-9X-000027</version>
      <title>The VMware Cloud Foundation NSX Tier-0 Gateway must be configured to have the DHCP service disabled if not in use.</title>
      <description>&lt;VulnDiscussion&gt;A compromised router introduces risk to the entire network infrastructure, as well as data resources that are accessible via the network. The perimeter defense has no oversight or control of attacks by malicious users within the network. Preventing network breaches from within is dependent on implementing a comprehensive defense-in-depth strategy, including securing each device connected to the network. This is accomplished by following and implementing all security guidance applicable for each node type. A fundamental step in securing each router is to enable only the capabilities required for operation.&lt;/VulnDiscussion&gt;&lt;FalsePositives&gt;&lt;/FalsePositives&gt;&lt;FalseNegatives&gt;&lt;/FalseNegatives&gt;&lt;Documentable&gt;false&lt;/Documentable&gt;&lt;Mitigations&gt;&lt;/Mitigations&gt;&lt;SecurityOverrideGuidance&gt;&lt;/SecurityOverrideGuidance&gt;&lt;PotentialImpacts&gt;&lt;/PotentialImpacts&gt;&lt;ThirdPartyTools&gt;&lt;/ThirdPartyTools&gt;&lt;MitigationControl&gt;&lt;/MitigationControl&gt;&lt;Responsibility&gt;&lt;/Responsibility&gt;&lt;IAControls&gt;&lt;/IAControls&gt;</description>
      <ident system="http://cyber.mil/cci">CCI-000381</ident>
      <fixtext fixref="F-VCFR-9X-000027_fix">If not used, disable DHCP by doing the following:

From the NSX Manager web interface, go to Networking &gt;&gt; Connectivity &gt;&gt; Tier-0 Gateways and edit the target Tier-0 Gateway.

Click "Set DHCP Configuration", select "No Dynamic IP Address Allocation", and then click "Save". Close "Editing".</fixtext>
      <check system="N/A">
        <check-content>From the NSX Manager web interface, go to Networking &gt;&gt; Connectivity &gt;&gt; Tier-0 Gateways.

For every Tier-0 Gateway expand the Tier-0 Gateway to view the DHCP configuration.

If a DHCP profile is configured and not in use, this is a finding.</check-content>
      </check>
    </Rule>
  </Group>
  <Group id="V-VCFR-9X-000028">
    <title>SRG-NET-000131-RTR-000083</title>
    <Rule id="SV-VCFR-9X-000028" severity="medium" weight="10.0">
      <version>VCFR-9X-000028</version>
      <title>The router must not be configured to have any feature enabled that calls home to the vendor.</title>
      <description>&lt;VulnDiscussion&gt;Call home services will routinely send data such as configuration and diagnostic information to the vendor for routine or emergency analysis and troubleshooting. There is a risk that transmission of sensitive data sent to unauthorized persons could result in data loss or downtime due to an attack.&lt;/VulnDiscussion&gt;&lt;FalsePositives&gt;&lt;/FalsePositives&gt;&lt;FalseNegatives&gt;&lt;/FalseNegatives&gt;&lt;Documentable&gt;false&lt;/Documentable&gt;&lt;Mitigations&gt;&lt;/Mitigations&gt;&lt;SecurityOverrideGuidance&gt;&lt;/SecurityOverrideGuidance&gt;&lt;PotentialImpacts&gt;&lt;/PotentialImpacts&gt;&lt;ThirdPartyTools&gt;&lt;/ThirdPartyTools&gt;&lt;MitigationControl&gt;&lt;/MitigationControl&gt;&lt;Responsibility&gt;&lt;/Responsibility&gt;&lt;IAControls&gt;&lt;/IAControls&gt;</description>
      <ident system="http://cyber.mil/cci">CCI-002403</ident>
      <fixtext fixref="F-VCFR-9X-000028_fix">Configure the network device to disable the call home service or feature.</fixtext>
      <check system="N/A">
        <check-content>Verify the call home service is disabled on the device.

If a call home service is enabled, this is a finding.</check-content>
      </check>
    </Rule>
  </Group>
  <Group id="V-VCFR-9X-000029">
    <title>SRG-NET-000168-RTR-000077</title>
    <Rule id="SV-VCFR-9X-000029" severity="high" weight="10.0">
      <version>VCFR-9X-000029</version>
      <title>The VMware Cloud Foundation NSX Tier-0 Gateway router must be configured to use encryption for OSPF routing protocol authentication.</title>
      <description>&lt;VulnDiscussion&gt;A rogue router could send a fictitious routing update to convince a site's perimeter router to send traffic to an incorrect or even a rogue destination. This diverted traffic could be analyzed to learn confidential information about the site's network or used to disrupt the network's ability to communicate with other networks. This is known as a "traffic attraction attack" and is prevented by configuring neighbor router authentication for routing updates. However, using clear-text authentication provides little benefit since an attacker can intercept traffic and view the authentication key. This would allow the attacker to use the authentication key in an attack.

This requirement applies to all IPv4 and IPv6 protocols that are used to exchange routing or packet forwarding information; this includes all Interior Gateway Protocols (such as OSPF, EIGRP, and IS-IS) and Exterior Gateway Protocols (such as BGP), MPLS-related protocols (such as LDP), and multicast-related protocols.

Satisfies: SRG-NET-000230-RTR-000001&lt;/VulnDiscussion&gt;&lt;FalsePositives&gt;&lt;/FalsePositives&gt;&lt;FalseNegatives&gt;&lt;/FalseNegatives&gt;&lt;Documentable&gt;false&lt;/Documentable&gt;&lt;Mitigations&gt;&lt;/Mitigations&gt;&lt;SecurityOverrideGuidance&gt;&lt;/SecurityOverrideGuidance&gt;&lt;PotentialImpacts&gt;&lt;/PotentialImpacts&gt;&lt;ThirdPartyTools&gt;&lt;/ThirdPartyTools&gt;&lt;MitigationControl&gt;&lt;/MitigationControl&gt;&lt;Responsibility&gt;&lt;/Responsibility&gt;&lt;IAControls&gt;&lt;/IAControls&gt;</description>
      <ident system="http://cyber.mil/cci">CCI-000803</ident>
      <fixtext fixref="F-VCFR-9X-000029_fix">To set authentication for OSPF Area definitions do the following:

From the NSX Manager web interface, go to Networking &gt;&gt; Connectivity &gt;&gt; Tier-0 Gateways, and expand the target Tier-0 gateway.

Expand "OSPF", click the number next to Area Definition. Select "Edit" on the target OSPF Area Definition.

Change the Authentication drop-down to MD5, enter a Key ID and Password, and then click "Save".

Note: The MD5 password can have a maximum of 16 characters.</fixtext>
      <check system="N/A">
        <check-content>If the Tier-0 Gateway is not using OSPF, this is Not Applicable.

To verify OSPF areas are using authentication with encryption do the following:

From the NSX Manager web interface, go to Networking &gt;&gt; Connectivity &gt;&gt; Tier-0 Gateways.

For every Tier-0 Gateway expand the "Tier-0 Gateway".

Expand "OSPF", click the number next to Area Definition, and view the Authentication field for each area.

If OSPF area definitions do not have the "Authentication" field set to "MD5" and a "Key ID" and "Password" configured, this is a finding.</check-content>
      </check>
    </Rule>
  </Group>
  <Group id="V-VCFR-9X-000051">
    <title>SRG-NET-000205-RTR-000014</title>
    <Rule id="SV-VCFR-9X-000051" severity="high" weight="10.0">
      <version>VCFR-9X-000051</version>
      <title>The VMware Cloud Foundation NSX Tier-0 Gateway must be configured to restrict it from accepting outbound IP packets that contain an illegitimate address in the source address field by enabling Unicast Reverse Path Forwarding (uRPF).</title>
      <description>&lt;VulnDiscussion&gt;A compromised host in an enclave can be used by a malicious platform to launch cyber attacks on third parties. This is a common practice in "botnets", which are a collection of compromised computers using malware to attack other computers or networks. DDoS attacks frequently leverage IP source address spoofing to send packets to multiple hosts that in turn will then send return traffic to the hosts with the IP addresses that were forged. This can generate significant amounts of traffic. Therefore, protection measures to counteract IP source address spoofing must be taken. When uRPF is enabled in strict mode, the packet must be received on the interface that the device would use to forward the return packet; thereby mitigating IP source address spoofing.&lt;/VulnDiscussion&gt;&lt;FalsePositives&gt;&lt;/FalsePositives&gt;&lt;FalseNegatives&gt;&lt;/FalseNegatives&gt;&lt;Documentable&gt;false&lt;/Documentable&gt;&lt;Mitigations&gt;&lt;/Mitigations&gt;&lt;SecurityOverrideGuidance&gt;&lt;/SecurityOverrideGuidance&gt;&lt;PotentialImpacts&gt;&lt;/PotentialImpacts&gt;&lt;ThirdPartyTools&gt;&lt;/ThirdPartyTools&gt;&lt;MitigationControl&gt;&lt;/MitigationControl&gt;&lt;Responsibility&gt;&lt;/Responsibility&gt;&lt;IAControls&gt;&lt;/IAControls&gt;</description>
      <ident system="http://cyber.mil/cci">CCI-001097</ident>
      <fixtext fixref="F-VCFR-9X-000051_fix">Enable strict URPF mode on interfaces by doing the following:

From the NSX Manager web interface, go to Networking &gt;&gt; Connectivity &gt;&gt; Tier-0 Gateways and expand the target Tier-0 gateway.

Expand "Interfaces and GRE Tunnels", click on the number of interfaces present to open the interfaces dialog, and then select "Edit" on the target interface.

From the drop-down, set the URPF mode to "Strict" and then click "Save".</fixtext>
      <check system="N/A">
        <check-content>From the NSX Manager web interface, go to Networking &gt;&gt; Connectivity &gt;&gt; Tier-0 Gateways.

For every Tier-0 Gateway, expand Tier-0 Gateway &gt;&gt; Interfaces and GRE Tunnels, and then click on the number of interfaces present to open the interfaces dialog.

Expand each interface to view the URPF Mode configuration.

If URPF Mode is not set to "Strict" on any interface, this is a finding.</check-content>
      </check>
    </Rule>
  </Group>
  <Group id="V-VCFR-9X-000055">
    <title>SRG-NET-000230-RTR-000002</title>
    <Rule id="SV-VCFR-9X-000055" severity="medium" weight="10.0">
      <version>VCFR-9X-000055</version>
      <title>The VMware Cloud Foundation NSX Tier-0 Gateway must be configured to use a unique password for each autonomous system (AS) with which it peers.</title>
      <description>&lt;VulnDiscussion&gt;If the same keys are used between eBGP neighbors, the chance of a hacker compromising any of the BGP sessions increases. It is possible that a malicious user exists in one autonomous system who would know the key used for the eBGP session. This user would then be able to hijack BGP sessions with other trusted neighbors.&lt;/VulnDiscussion&gt;&lt;FalsePositives&gt;&lt;/FalsePositives&gt;&lt;FalseNegatives&gt;&lt;/FalseNegatives&gt;&lt;Documentable&gt;false&lt;/Documentable&gt;&lt;Mitigations&gt;&lt;/Mitigations&gt;&lt;SecurityOverrideGuidance&gt;&lt;/SecurityOverrideGuidance&gt;&lt;PotentialImpacts&gt;&lt;/PotentialImpacts&gt;&lt;ThirdPartyTools&gt;&lt;/ThirdPartyTools&gt;&lt;MitigationControl&gt;&lt;/MitigationControl&gt;&lt;Responsibility&gt;&lt;/Responsibility&gt;&lt;IAControls&gt;&lt;/IAControls&gt;</description>
      <ident system="http://cyber.mil/cci">CCI-001184</ident>
      <fixtext fixref="F-VCFR-9X-000055_fix">To set authentication for BGP neighbors do the following:

From the NSX Manager web interface, go to Networking &gt;&gt; Connectivity &gt;&gt; Tier-0 Gateways, and expand the target Tier-0 gateway.

Expand BGP. Next to BGP Neighbors, click on the number present to open the dialog, then select "Edit" on the target BGP Neighbor.

Expand "BGP", click the number next to "BGP Neighbors". Select "Edit" on the target BGP neighbor.

Under Timers &amp; Password, enter a password up to 20 characters that is different from other autonomous systems, and then click "Save".</fixtext>
      <check system="N/A">
        <check-content>If the Tier-0 Gateway is not using BGP, this is Not Applicable.

Since the NSX Tier-0 Gateway does not reveal the current password, interview the router administrator to determine if unique passwords are being used.

If unique passwords are not being used for each AS, this is a finding.</check-content>
      </check>
    </Rule>
  </Group>
  <Group id="V-VCFR-9X-000067">
    <title>SRG-NET-000362-RTR-000117</title>
    <Rule id="SV-VCFR-9X-000067" severity="medium" weight="10.0">
      <version>VCFR-9X-000067</version>
      <title>The VMware Cloud Foundation NSX Tier-0 Gateway must be configured to use the BGP maximum prefixes feature to protect against route table flooding and prefix de-aggregation attacks.</title>
      <description>&lt;VulnDiscussion&gt;The effects of prefix de-aggregation can degrade router performance due to the size of routing tables and also result in black-holing legitimate traffic. Initiated by an attacker or a misconfigured router, prefix de-aggregation occurs when the announcement of a large prefix is fragmented into a collection of smaller prefix announcements.

In 1997, misconfigured routers in the Florida Internet Exchange network (AS7007) de-aggregated every prefix in their routing table and started advertising the first /24 block of each of these prefixes as their own. Faced with this additional burden, the internal routers became overloaded and crashed repeatedly. This caused prefixes advertised by these routers to disappear from routing tables and reappear when the routers came back online. As the routers came back after crashing, they were flooded with the routing table information by their neighbors. The flood of information would again overwhelm the routers and cause them to crash. This process of route flapping served to destabilize not only the surrounding network but also the entire Internet. Routers trying to reach those addresses would choose the smaller, more specific /24 blocks first. This caused backbone networks throughout North America and Europe to crash.

Maximum prefix limits on peer connections combined with aggressive prefix-size filtering of customers' reachability advertisements will effectively mitigate the de-aggregation risk. BGP maximum prefix must be used on all eBGP routers to limit the number of prefixes that it should receive from a particular neighbor, whether customer or peering AS. Consider each neighbor and how many routes they should be advertising and set a threshold slightly higher than the number expected.&lt;/VulnDiscussion&gt;&lt;FalsePositives&gt;&lt;/FalsePositives&gt;&lt;FalseNegatives&gt;&lt;/FalseNegatives&gt;&lt;Documentable&gt;false&lt;/Documentable&gt;&lt;Mitigations&gt;&lt;/Mitigations&gt;&lt;SecurityOverrideGuidance&gt;&lt;/SecurityOverrideGuidance&gt;&lt;PotentialImpacts&gt;&lt;/PotentialImpacts&gt;&lt;ThirdPartyTools&gt;&lt;/ThirdPartyTools&gt;&lt;MitigationControl&gt;&lt;/MitigationControl&gt;&lt;Responsibility&gt;&lt;/Responsibility&gt;&lt;IAControls&gt;&lt;/IAControls&gt;</description>
      <ident system="http://cyber.mil/cci">CCI-002385</ident>
      <fixtext fixref="F-VCFR-9X-000067_fix">To set maximum prefixes for BGP neighbors do the following:

From the NSX Manager web interface, go to Networking &gt;&gt; Connectivity &gt;&gt; Tier-0 Gateways and expand the target Tier-0 gateway.

Expand BGP. Next to BGP Neighbors, click on the number present to open the dialog, and then select "Edit" on the target BGP Neighbor.

Click "Router Filter", add or edit an existing router filter, enter a number for Maximum Routes, and then click "Add".

Click "Apply", then click "Save" to finish the configuration.</fixtext>
      <check system="N/A">
        <check-content>If the Tier-0 Gateway is not using BGP, this is Not Applicable.

From the NSX Manager web interface, go to Networking &gt;&gt; Connectivity &gt;&gt; Tier-0 Gateways.

For every Tier-0 Gateway with BGP enabled, expand the Tier-0 Gateway.

Expand BGP, click on the number next to BGP Neighbors, and then view the Router Filters for each neighbor.

If Maximum Routes is not configured or a route filter does not exist for each BGP neighbor, this is a finding.</check-content>
      </check>
    </Rule>
  </Group>
  <Group id="V-VCFR-9X-000091">
    <title>SRG-NET-000512-RTR-000001</title>
    <Rule id="SV-VCFR-9X-000091" severity="low" weight="10.0">
      <version>VCFR-9X-000091</version>
      <title>The VMware Cloud Foundation NSX Tier-0 Gateway must be configured to use its loopback address as the source address for iBGP peering sessions.</title>
      <description>&lt;VulnDiscussion&gt;Using a loopback address as the source address offers a multitude of uses for security, access, management, and scalability of the BGP routers. It is easier to construct appropriate ingress filters for router management plane traffic destined to the network management subnet since the source addresses will be from the range used for loopback interfaces instead of a larger range of addresses used for physical interfaces. Log information recorded by authentication and syslog servers will record the router’s loopback address instead of the numerous physical interface addresses.

When the loopback address is used as the source for eBGP peering, the BGP session will be harder to hijack since the source address to be used is not known globally—making it more difficult for a hacker to spoof an eBGP neighbor. By using traceroute, a hacker can easily determine the addresses for an eBGP speaker when the IP address of an external interface is used as the source address. The routers within the iBGP domain should also use loopback addresses as the source address when establishing BGP sessions.&lt;/VulnDiscussion&gt;&lt;FalsePositives&gt;&lt;/FalsePositives&gt;&lt;FalseNegatives&gt;&lt;/FalseNegatives&gt;&lt;Documentable&gt;false&lt;/Documentable&gt;&lt;Mitigations&gt;&lt;/Mitigations&gt;&lt;SecurityOverrideGuidance&gt;&lt;/SecurityOverrideGuidance&gt;&lt;PotentialImpacts&gt;&lt;/PotentialImpacts&gt;&lt;ThirdPartyTools&gt;&lt;/ThirdPartyTools&gt;&lt;MitigationControl&gt;&lt;/MitigationControl&gt;&lt;Responsibility&gt;&lt;/Responsibility&gt;&lt;IAControls&gt;&lt;/IAControls&gt;</description>
      <ident system="http://cyber.mil/cci">CCI-000366</ident>
      <fixtext fixref="F-VCFR-9X-000091_fix">To configure a loopback interface do the following:

From the NSX Manager web interface, go to Networking &gt;&gt; Connectivity &gt;&gt; Tier-0 Gateways and expand the target Tier-0 gateway.

Expand interfaces and click "Add Interface".

Enter a name, select "Loopback" as the Type, enter an IP address, select an Edge Node for the interface, and then click "Save".

Note: More than one loopback may need to be configured depending on the routing architecture.

To set the source address for BGP neighbors do the following:

From the NSX Manager web interface, go to Networking &gt;&gt; Connectivity &gt;&gt; Tier-0 Gateways &gt;&gt; expand the target Tier-0 gateway.

Expand BGP &gt;&gt; next to BGP Neighbors click on the number present to open the dialog &gt;&gt; select Edit on the target BGP Neighbor.

Under Source Addresses configure the source address with the loopback address and click Save.</fixtext>
      <check system="N/A">
        <check-content>If the Tier-0 Gateway is not using iBGP, this is Not Applicable.

From the NSX Manager web interface, go to Networking &gt;&gt; Connectivity &gt;&gt; Tier-0 Gateways.

For every Tier-0 Gateway with BGP enabled, expand the Tier-0 Gateway.

Expand BGP, click on the number next to BGP Neighbors, then view the source address for each neighbor.

If the Source Address is not configured as the Tier-0 Gateway loopback address for the iBGP session, this is a finding.</check-content>
      </check>
    </Rule>
  </Group>
  <Group id="V-VCFR-9X-000102">
    <title>SRG-NET-000512-RTR-000012</title>
    <Rule id="SV-VCFR-9X-000102" severity="low" weight="10.0">
      <version>VCFR-9X-000102</version>
      <title>The VMware Cloud Foundation NSX Tier-0 Gateway must be configured to advertise a hop limit of at least 32 in Router Advertisement messages for IPv6 stateless auto-configuration deployments.</title>
      <description>&lt;VulnDiscussion&gt;The Neighbor Discovery protocol allows a hop limit value to be advertised by routers in a Router Advertisement message being used by hosts instead of the standardized default value. If a very small value was configured and advertised to hosts on the LAN segment, communications would fail due to the hop limit reaching zero before the packets sent by a host reached its destination.&lt;/VulnDiscussion&gt;&lt;FalsePositives&gt;&lt;/FalsePositives&gt;&lt;FalseNegatives&gt;&lt;/FalseNegatives&gt;&lt;Documentable&gt;false&lt;/Documentable&gt;&lt;Mitigations&gt;&lt;/Mitigations&gt;&lt;SecurityOverrideGuidance&gt;&lt;/SecurityOverrideGuidance&gt;&lt;PotentialImpacts&gt;&lt;/PotentialImpacts&gt;&lt;ThirdPartyTools&gt;&lt;/ThirdPartyTools&gt;&lt;MitigationControl&gt;&lt;/MitigationControl&gt;&lt;Responsibility&gt;&lt;/Responsibility&gt;&lt;IAControls&gt;&lt;/IAControls&gt;</description>
      <ident system="http://cyber.mil/cci">CCI-000366</ident>
      <fixtext fixref="F-VCFR-9X-000102_fix">To configure the Neighbor Discovery hop limit do the following:

From the NSX Manager web interface, go to Networking &gt;&gt; Connectivity &gt;&gt; Tier-0 Gateways &gt;&gt; edit the target Tier-0 gateway.

Expand Additional Settings and select an "ND Profile" from the drop down with a hop limit of 32 or more, then click "Close Editing".

Note: The default ND profile has a hop limit of 64 and cannot be edited. If required create a new or edit another existing ND profile to use.</fixtext>
      <check system="N/A">
        <check-content>If IPv6 forwarding is not enabled, this is Not Applicable.

From the NSX Manager web interface, go to Networking &gt;&gt; Connectivity &gt;&gt; Tier-0 Gateways.

For every Tier-0 Gateway, expand Tier-0 Gateway &gt;&gt;Additional Settings.

Click on the ND profile name to view the hop limit.

If the hop limit is not configured to at least 32, this is a finding.</check-content>
      </check>
    </Rule>
  </Group>
  <Group id="V-VCFR-9X-000109">
    <title>SRG-NET-000131-RTR-000035</title>
    <Rule id="SV-VCFR-9X-000109" severity="low" weight="10.0">
      <version>VCFR-9X-000109</version>
      <title>The VMware Cloud Foundation NSX Tier-0 Gateway must be configured to have routing protocols disabled if not in use.</title>
      <description>&lt;VulnDiscussion&gt;A compromised router introduces risk to the entire network infrastructure, as well as data resources that are accessible via the network. The perimeter defense has no oversight or control of attacks by malicious users within the network. Preventing network breaches from within is dependent on implementing a comprehensive defense-in-depth strategy, including securing each device connected to the network. This is accomplished by following and implementing all security guidance applicable for each node type. A fundamental step in securing each router is to enable only the capabilities required for operation.&lt;/VulnDiscussion&gt;&lt;FalsePositives&gt;&lt;/FalsePositives&gt;&lt;FalseNegatives&gt;&lt;/FalseNegatives&gt;&lt;Documentable&gt;false&lt;/Documentable&gt;&lt;Mitigations&gt;&lt;/Mitigations&gt;&lt;SecurityOverrideGuidance&gt;&lt;/SecurityOverrideGuidance&gt;&lt;PotentialImpacts&gt;&lt;/PotentialImpacts&gt;&lt;ThirdPartyTools&gt;&lt;/ThirdPartyTools&gt;&lt;MitigationControl&gt;&lt;/MitigationControl&gt;&lt;Responsibility&gt;&lt;/Responsibility&gt;&lt;IAControls&gt;&lt;/IAControls&gt;</description>
      <ident system="http://cyber.mil/cci">CCI-000381</ident>
      <fixtext fixref="F-VCFR-9X-000109_fix">To disable BGP do the following:

From the NSX Manager web interface, go to Networking &gt;&gt; Connectivity &gt;&gt; Tier-0 Gateways and edit the target Tier-0 Gateway.

Expand BGP, change from "On" to "Off", and then click "Save".

To disable OSPF do the following:

From the NSX Manager web interface, go to Networking &gt;&gt; Connectivity &gt;&gt; Tier-0 Gateways and edit the target Tier-0 Gateway.

Expand OSPF, change from "Enabled" to "Disabled", and then click "Save".</fixtext>
      <check system="N/A">
        <check-content>From the NSX Manager web interface, go to Networking &gt;&gt; Connectivity &gt;&gt; Tier-0 Gateways.

For every Tier-0 Gateway, expand the Tier-0 Gateway to view if BGP or OSPF is enabled.

If BGP and/or OSPF is enabled and not in use, this is a finding.</check-content>
      </check>
    </Rule>
  </Group>
  <Group id="V-VCFR-9X-000110">
    <title>SRG-NET-000131-RTR-000035</title>
    <Rule id="SV-VCFR-9X-000110" severity="low" weight="10.0">
      <version>VCFR-9X-000110</version>
      <title>The VMware Cloud Foundation NSX Tier-0 Gateway must be configured to have multicast disabled if not in use.</title>
      <description>&lt;VulnDiscussion&gt;A compromised router introduces risk to the entire network infrastructure, as well as data resources that are accessible via the network. The perimeter defense has no oversight or control of attacks by malicious users within the network. Preventing network breaches from within is dependent on implementing a comprehensive defense-in-depth strategy, including securing each device connected to the network. This is accomplished by following and implementing all security guidance applicable for each node type. A fundamental step in securing each router is to enable only the capabilities required for operation.&lt;/VulnDiscussion&gt;&lt;FalsePositives&gt;&lt;/FalsePositives&gt;&lt;FalseNegatives&gt;&lt;/FalseNegatives&gt;&lt;Documentable&gt;false&lt;/Documentable&gt;&lt;Mitigations&gt;&lt;/Mitigations&gt;&lt;SecurityOverrideGuidance&gt;&lt;/SecurityOverrideGuidance&gt;&lt;PotentialImpacts&gt;&lt;/PotentialImpacts&gt;&lt;ThirdPartyTools&gt;&lt;/ThirdPartyTools&gt;&lt;MitigationControl&gt;&lt;/MitigationControl&gt;&lt;Responsibility&gt;&lt;/Responsibility&gt;&lt;IAControls&gt;&lt;/IAControls&gt;</description>
      <ident system="http://cyber.mil/cci">CCI-000381</ident>
      <fixtext fixref="F-VCFR-9X-000110_fix">To disable Multicast do the following:

From the NSX Manager web interface, go to Networking &gt;&gt; Connectivity &gt;&gt; Tier-0 Gateways and edit the target Tier-0 Gateway.

Expand Multicast, change from "Enabled" to "Disabled", and then click "Save".</fixtext>
      <check system="N/A">
        <check-content>From the NSX Manager web interface, go to Networking &gt;&gt; Connectivity &gt;&gt; Tier-0 Gateways.

For every Tier-0 Gateway, expand the Tier-0 Gateway, then expand Multicast to view the Multicast configuration.

If Multicast is enabled and not in use, this is a finding.</check-content>
      </check>
    </Rule>
  </Group>
  <Group id="V-VCFR-9X-000111">
    <title>SRG-NET-000168-RTR-000077</title>
    <Rule id="SV-VCFR-9X-000111" severity="high" weight="10.0">
      <version>VCFR-9X-000111</version>
      <title>The VMware Cloud Foundation NSX Tier-0 Gateway router must be configured to use encryption for BGP routing protocol authentication.</title>
      <description>&lt;VulnDiscussion&gt;A rogue router could send a fictitious routing update to convince a site's perimeter router to send traffic to an incorrect or even a rogue destination. This diverted traffic could be analyzed to learn confidential information about the site's network or used to disrupt the network's ability to communicate with other networks. This is known as a "traffic attraction attack" and is prevented by configuring neighbor router authentication for routing updates. However, using clear-text authentication provides little benefit since an attacker can intercept traffic and view the authentication key. This would allow the attacker to use the authentication key in an attack.

This requirement applies to all IPv4 and IPv6 protocols that are used to exchange routing or packet forwarding information; this includes all Interior Gateway Protocols (such as OSPF, EIGRP, and IS-IS) and Exterior Gateway Protocols (such as BGP), MPLS-related protocols (such as LDP), and multicast-related protocols.&lt;/VulnDiscussion&gt;&lt;FalsePositives&gt;&lt;/FalsePositives&gt;&lt;FalseNegatives&gt;&lt;/FalseNegatives&gt;&lt;Documentable&gt;false&lt;/Documentable&gt;&lt;Mitigations&gt;&lt;/Mitigations&gt;&lt;SecurityOverrideGuidance&gt;&lt;/SecurityOverrideGuidance&gt;&lt;PotentialImpacts&gt;&lt;/PotentialImpacts&gt;&lt;ThirdPartyTools&gt;&lt;/ThirdPartyTools&gt;&lt;MitigationControl&gt;&lt;/MitigationControl&gt;&lt;Responsibility&gt;&lt;/Responsibility&gt;&lt;IAControls&gt;&lt;/IAControls&gt;</description>
      <ident system="http://cyber.mil/cci">CCI-000803</ident>
      <fixtext fixref="F-VCFR-9X-000111_fix">To set authentication for BGP neighbors do the following:

From the NSX Manager web interface, go to Networking &gt;&gt; Connectivity &gt;&gt; Tier-0 Gateways, and expand the target Tier-0 gateway.

Expand BGP. Next to BGP Neighbors, click on the number present to open the dialog, then select "Edit" on the target BGP Neighbor.

Expand "BGP", click the number next to "BGP Neighbors". Select "Edit" on the target BGP neighbor.

Under Timers &amp; Password, enter a password up to 20 characters, and then click "Save".</fixtext>
      <check system="N/A">
        <check-content>If the Tier-0 Gateway is not using BGP, this is Not Applicable.

To verify BGP neighbors are using authentication with encryption do the following:

From the NSX Manager web interface, go to Networking &gt;&gt; Connectivity &gt;&gt; Tier-0 Gateways.

For every Tier-0 Gateway expand the "Tier-0 Gateway".

Expand "BGP", click the number next to "BGP Neighbors" and expand each BGP neighbor.

Expand the "Timers and Password" section and review the Password field.

If any BGP neighbors do not have a password configured, this is a finding.</check-content>
      </check>
    </Rule>
  </Group>
  <Group id="V-VCFR-9X-000112">
    <title>SRG-NET-000019-RTR-000007</title>
    <Rule id="SV-VCFR-9X-000112" severity="low" weight="10.0">
      <version>VCFR-9X-000112</version>
      <title>The VMware Cloud Foundation NSX Tier-1 Gateway must be configured to have all inactive interfaces removed.</title>
      <description>&lt;VulnDiscussion&gt;An inactive interface is rarely monitored or controlled and may expose a network to an undetected attack on that interface. Unauthorized personnel with access to the communication facility could gain access to a router by connecting to a configured interface that is not in use.

If an interface is no longer used, the configuration must be deleted and the interface disabled. For sub-interfaces, delete sub-interfaces that are on inactive interfaces and delete sub-interfaces that are themselves inactive. If the sub-interface is no longer necessary for authorized communications, it must be deleted.&lt;/VulnDiscussion&gt;&lt;FalsePositives&gt;&lt;/FalsePositives&gt;&lt;FalseNegatives&gt;&lt;/FalseNegatives&gt;&lt;Documentable&gt;false&lt;/Documentable&gt;&lt;Mitigations&gt;&lt;/Mitigations&gt;&lt;SecurityOverrideGuidance&gt;&lt;/SecurityOverrideGuidance&gt;&lt;PotentialImpacts&gt;&lt;/PotentialImpacts&gt;&lt;ThirdPartyTools&gt;&lt;/ThirdPartyTools&gt;&lt;MitigationControl&gt;&lt;/MitigationControl&gt;&lt;Responsibility&gt;&lt;/Responsibility&gt;&lt;IAControls&gt;&lt;/IAControls&gt;</description>
      <ident system="http://cyber.mil/cci">CCI-001414</ident>
      <fixtext fixref="F-VCFR-9X-000112_fix">To remove a stale linked segment from a Tier-1 Gateway, do the following:

From the NSX Manager web interface, go to Networking &gt;&gt; Connectivity &gt;&gt; Segments and edit the target segment.

Under Connected Gateway, change to "None" and click "Save".

Note: The stale linked segment can also be deleted if there are no active workloads attached to it.

To remove a stale service interface from a Tier-1 Gateway, do the following:

From the NSX Manager web interface, go to Networking &gt;&gt; Connectivity &gt;&gt; Tier-1 Gateways &gt;&gt; Edit the target Tier-1 Gateway.

Expand Service Interfaces &gt;&gt; click on the number to view the Service Interfaces.

On the stale service interface, select "Delete" and click "Delete" again to confirm.</fixtext>
      <check system="N/A">
        <check-content>From the NSX Manager web interface, go to Networking &gt;&gt; Connectivity &gt;&gt; Tier-1 Gateways.

For every Tier-1 Gateway, expand the Tier-1 Gateway. Click on the number in the Linked Segments to review the currently linked segments.

For every Tier-1 Gateway, expand the Tier-1 Gateway. Expand Service Interfaces, then click on the number to review the Service Interfaces.

Review each interface or linked segment present to determine if they are not in use or inactive.

If there are any linked segments or service interfaces present on a Tier-1 Gateway that are not in use or inactive, this is a finding.</check-content>
      </check>
    </Rule>
  </Group>
  <Group id="V-VCFR-9X-000113">
    <title>SRG-NET-000131-RTR-000035</title>
    <Rule id="SV-VCFR-9X-000113" severity="low" weight="10.0">
      <version>VCFR-9X-000113</version>
      <title>The VMware Cloud Foundation NSX Tier-1 Gateway must be configured to have the DHCP service disabled if not in use.</title>
      <description>&lt;VulnDiscussion&gt;A compromised router introduces risk to the entire network infrastructure, as well as data resources that are accessible via the network. The perimeter defense has no oversight or control of attacks by malicious users within the network. Preventing network breaches from within is dependent on implementing a comprehensive defense-in-depth strategy, including securing each device connected to the network. This is accomplished by following and implementing all security guidance applicable for each node type. A fundamental step in securing each router is to enable only the capabilities required for operation.&lt;/VulnDiscussion&gt;&lt;FalsePositives&gt;&lt;/FalsePositives&gt;&lt;FalseNegatives&gt;&lt;/FalseNegatives&gt;&lt;Documentable&gt;false&lt;/Documentable&gt;&lt;Mitigations&gt;&lt;/Mitigations&gt;&lt;SecurityOverrideGuidance&gt;&lt;/SecurityOverrideGuidance&gt;&lt;PotentialImpacts&gt;&lt;/PotentialImpacts&gt;&lt;ThirdPartyTools&gt;&lt;/ThirdPartyTools&gt;&lt;MitigationControl&gt;&lt;/MitigationControl&gt;&lt;Responsibility&gt;&lt;/Responsibility&gt;&lt;IAControls&gt;&lt;/IAControls&gt;</description>
      <ident system="http://cyber.mil/cci">CCI-000381</ident>
      <fixtext fixref="F-VCFR-9X-000113_fix">From the NSX Manager web interface, go to Networking &gt;&gt; Connectivity &gt;&gt; Tier-1 Gateways and edit the target Tier-1 Gateway.

Click "Set DHCP Configuration", select "No Dynamic IP Address Allocation", click "Save", and then close "Editing".</fixtext>
      <check system="N/A">
        <check-content>From the NSX Manager web interface, go to Networking &gt;&gt; Connectivity &gt;&gt; Tier-1 Gateways.

For every Tier-1 Gateway expand the Tier-1 Gateway to view the DHCP configuration.

If a DHCP profile is configured and not in use, this is a finding.</check-content>
      </check>
    </Rule>
  </Group>
  <Group id="V-VCFR-9X-000114">
    <title>SRG-NET-000512-RTR-000012</title>
    <Rule id="SV-VCFR-9X-000114" severity="low" weight="10.0">
      <version>VCFR-9X-000114</version>
      <title>The VMware Cloud Foundation NSX Tier-1 Gateway must be configured to advertise a hop limit of at least 32 in Router Advertisement messages for IPv6 stateless auto-configuration deployments.</title>
      <description>&lt;VulnDiscussion&gt;The Neighbor Discovery protocol allows a hop limit value to be advertised by routers in a Router Advertisement message being used by hosts instead of the standardized default value. If a very small value was configured and advertised to hosts on the LAN segment, communications would fail due to the hop limit reaching zero before the packets sent by a host reached its destination.&lt;/VulnDiscussion&gt;&lt;FalsePositives&gt;&lt;/FalsePositives&gt;&lt;FalseNegatives&gt;&lt;/FalseNegatives&gt;&lt;Documentable&gt;false&lt;/Documentable&gt;&lt;Mitigations&gt;&lt;/Mitigations&gt;&lt;SecurityOverrideGuidance&gt;&lt;/SecurityOverrideGuidance&gt;&lt;PotentialImpacts&gt;&lt;/PotentialImpacts&gt;&lt;ThirdPartyTools&gt;&lt;/ThirdPartyTools&gt;&lt;MitigationControl&gt;&lt;/MitigationControl&gt;&lt;Responsibility&gt;&lt;/Responsibility&gt;&lt;IAControls&gt;&lt;/IAControls&gt;</description>
      <ident system="http://cyber.mil/cci">CCI-000366</ident>
      <fixtext fixref="F-VCFR-9X-000114_fix">To configure the Neighbor Discovery hop limit do the following:

From the NSX Manager web interface, go to Networking &gt;&gt; Connectivity &gt;&gt; Tier-1 Gateways &gt;&gt; edit the target Tier-1 gateway.

Expand Additional Settings and select an "ND Profile" from the drop down with an appropriate hop limit then click "Close Editing".

Note: The default ND profile has a hop limit of 64 and cannot be edited. If required create a new or edit another existing ND profile to use.</fixtext>
      <check system="N/A">
        <check-content>If IPv6 forwarding is not enabled, this is Not Applicable.

From the NSX Manager web interface, go to Networking &gt;&gt; Connectivity &gt;&gt; Tier-1 Gateways.

For every Tier-1 Gateway, expand Tier-1 Gateway &gt;&gt;Additional Settings.

Click on the ND profile name to view the hop limit.

If the hop limit is not configured to at least 32, this is a finding.</check-content>
      </check>
    </Rule>
  </Group>
  <Group id="V-VCFR-9X-000115">
    <title>SRG-NET-000131-RTR-000035</title>
    <Rule id="SV-VCFR-9X-000115" severity="low" weight="10.0">
      <version>VCFR-9X-000115</version>
      <title>The VMware Cloud Foundation NSX Tier-1 Gateway must be configured to have multicast disabled if not in use.</title>
      <description>&lt;VulnDiscussion&gt;A compromised router introduces risk to the entire network infrastructure, as well as data resources that are accessible via the network. The perimeter defense has no oversight or control of attacks by malicious users within the network. Preventing network breaches from within is dependent on implementing a comprehensive defense-in-depth strategy, including securing each device connected to the network. This is accomplished by following and implementing all security guidance applicable for each node type. A fundamental step in securing each router is to enable only the capabilities required for operation.&lt;/VulnDiscussion&gt;&lt;FalsePositives&gt;&lt;/FalsePositives&gt;&lt;FalseNegatives&gt;&lt;/FalseNegatives&gt;&lt;Documentable&gt;false&lt;/Documentable&gt;&lt;Mitigations&gt;&lt;/Mitigations&gt;&lt;SecurityOverrideGuidance&gt;&lt;/SecurityOverrideGuidance&gt;&lt;PotentialImpacts&gt;&lt;/PotentialImpacts&gt;&lt;ThirdPartyTools&gt;&lt;/ThirdPartyTools&gt;&lt;MitigationControl&gt;&lt;/MitigationControl&gt;&lt;Responsibility&gt;&lt;/Responsibility&gt;&lt;IAControls&gt;&lt;/IAControls&gt;</description>
      <ident system="http://cyber.mil/cci">CCI-000381</ident>
      <fixtext fixref="F-VCFR-9X-000115_fix">If not used, disable Multicast by doing the following:

From the NSX Manager web interface, go to Networking &gt;&gt; Connectivity &gt;&gt; Tier-1 Gateways and edit the target Tier-1 Gateway.

Expand Multicast and change from "Enabled" to "Disabled" and then click "Save".</fixtext>
      <check system="N/A">
        <check-content>From the NSX Manager web interface, go to Networking &gt;&gt; Connectivity &gt;&gt; Tier-1 Gateways.

For every Tier-1 Gateway, expand the Tier-1 Gateway then expand Multicast to view the Multicast configuration.

If Multicast is enabled and not in use, this is a finding.

If a Tier-1 Gateway is not linked to a Tier-0 Gateway, this is Not Applicable.</check-content>
      </check>
    </Rule>
  </Group>
</Benchmark>
