<?xml version="1.0" encoding="UTF-8"?><?xml-stylesheet type="text/xsl" href="STIG_unclass.xsl"?>
<Benchmark xmlns:dc="http://purl.org/dc/elements/1.1/" xmlns:xsi="http://www.w3.org/2001/XMLSchema-instance" xmlns:cpe="http://cpe.mitre.org/language/2.0" xmlns:xhtml="http://www.w3.org/1999/xhtml" xmlns:dsig="http://www.w3.org/2000/09/xmldsig#" xsi:schemaLocation="http://checklists.nist.gov/xccdf/1.1 http://nvd.nist.gov/schema/xccdf-1.1.4.xsdhttp://cpe.mitre.org/dictionary/2.0 http://cpe.mitre.org/files/cpe-dictionary_2.1.xsd" id="VCF Operations HCX Apache HTTPD" xml:lang="en" xmlns="http://checklists.nist.gov/xccdf/1.1">
  <status date="2025-06-17">draft</status>
  <title>VMware Cloud Foundation 9.x Operations HCX Manager Appliance Apache HTTP Server STIG Readiness Guide</title>
  <description>VMware Cloud Foundation 9.x Operations HCX Manager Appliance Apache HTTP Server STIG Readiness Guide</description>
  <notice id="terms-of-use" xml:lang="en"/>
  <front-matter xml:lang="en"/>
  <rear-matter xml:lang="en"/>
  <reference href="">
    <dc:publisher/>
    <dc:source/>
  </reference>
  <plain-text id="release-info">Release: 1 Benchmark Date: 17 June 2025</plain-text>
  <plain-text id="generator">3.2.2.36079</plain-text>
  <plain-text id="conventionsVersion">1.10.0</plain-text>
  <version>1</version>
  <Group id="V-VCFJ-9X-000128">
    <title>SRG-APP-000516-WSR-000174</title>
    <Rule id="SV-VCFJ-9X-000128" severity="medium" weight="10.0">
      <version>VCFJ-9X-000128</version>
      <title>The VMware Cloud Foundation Operations HCX Apache HTTP service must configure the Referrer-Policy header.</title>
      <description>&lt;VulnDiscussion&gt;A Referrer header may expose sensitive data in another web server's log if you use sensitive data in your URL parameters, such as personal information, username, and password or persistent sessions. Ultimately, depending on your application design, not using a properly configured Referrer Policy may allow session hijacking, credential gathering, or sensitive data exposure in a third party's logs.&lt;/VulnDiscussion&gt;&lt;FalsePositives&gt;&lt;/FalsePositives&gt;&lt;FalseNegatives&gt;&lt;/FalseNegatives&gt;&lt;Documentable&gt;false&lt;/Documentable&gt;&lt;Mitigations&gt;&lt;/Mitigations&gt;&lt;SecurityOverrideGuidance&gt;&lt;/SecurityOverrideGuidance&gt;&lt;PotentialImpacts&gt;&lt;/PotentialImpacts&gt;&lt;ThirdPartyTools&gt;&lt;/ThirdPartyTools&gt;&lt;MitigationControl&gt;&lt;/MitigationControl&gt;&lt;Responsibility&gt;&lt;/Responsibility&gt;&lt;IAControls&gt;&lt;/IAControls&gt;</description>
      <ident system="http://cyber.mil/cci">CCI-000366</ident>
      <fixtext fixref="F-VCFJ-9X-000128_fix">Navigate to and open:

/opt/vmware/config/apache-httpd/hcx-virtual-hosts.conf

Find the "VirtualHost" section listening on port 443 and add or update the following line:

Header set Referrer-Policy "no-referrer"

Reload the configuration by running the following command:

# systemctl reload httpd</fixtext>
      <check system="N/A">
        <check-content>Verify a header is configured to set Referrer-Policy.

At the command prompt, run the following:

# cat /opt/vmware/config/apache-httpd/hcx-virtual-hosts.conf | sed -n "/^&lt;VirtualHost\s\*:443&gt;/,/&lt;\/VirtualHost&gt;/p" | grep -i "Header"

Example output:

Header set Referrer-Policy "no-referrer"

If a header directive is not present to configure "Referrer-Policy" as shown in the example, this is a finding.</check-content>
      </check>
    </Rule>
  </Group>
  <Group id="V-VCFJ-9X-000001">
    <title>SRG-APP-000001-WSR-000001</title>
    <Rule id="SV-VCFJ-9X-000001" severity="medium" weight="10.0">
      <version>VCFJ-9X-000001</version>
      <title>The VMware Cloud Foundation Operations HCX Apache HTTP service must limit the number of allowed simultaneous session requests.</title>
      <description>&lt;VulnDiscussion&gt;Web server management includes the ability to control the number of users and user sessions that utilize a web server. Limiting the number of allowed users and sessions per user is helpful in limiting risks related to several types of Denial of Service attacks. 

Although there is some latitude concerning the settings themselves, the settings should follow DoD-recommended values, but the settings should be configurable to allow for future DoD direction. While the DoD will specify recommended values, the values can be adjusted to accommodate the operational requirement of a given system.&lt;/VulnDiscussion&gt;&lt;FalsePositives&gt;&lt;/FalsePositives&gt;&lt;FalseNegatives&gt;&lt;/FalseNegatives&gt;&lt;Documentable&gt;false&lt;/Documentable&gt;&lt;Mitigations&gt;&lt;/Mitigations&gt;&lt;SecurityOverrideGuidance&gt;&lt;/SecurityOverrideGuidance&gt;&lt;PotentialImpacts&gt;&lt;/PotentialImpacts&gt;&lt;ThirdPartyTools&gt;&lt;/ThirdPartyTools&gt;&lt;MitigationControl&gt;&lt;/MitigationControl&gt;&lt;Responsibility&gt;&lt;/Responsibility&gt;&lt;IAControls&gt;&lt;/IAControls&gt;</description>
      <ident system="http://cyber.mil/cci">CCI-000054</ident>
      <fixtext fixref="F-VCFJ-9X-000001_fix">Navigate to and open:

/etc/httpd/conf/httpd.conf

Note: If the offending configuration was found in a different file edit that file instead.

Remove or update the following lines:

KeepAlive On
MaxKeepAliveRequests 100

Reload the configuration by running the following command:

# systemctl reload httpd</fixtext>
      <check system="N/A">
        <check-content>Verify the "KeepAlive" setting is enabled and that the "MaxKeepAliveRequests" is not set to 0, which allows unlimited requests.

At the command prompt, run the following:

# grep -i "KeepAlive" /etc/httpd/conf/httpd.conf /opt/vmware/config/apache-httpd/hcx-ssl.conf /opt/vmware/config/apache-httpd/hcx-virtual-hosts.conf

Example output:

KeepAlive On
MaxKeepAliveRequests 100

If the value of "KeepAlive" is set to "off", this is a finding.

If "KeepAlive" does not exist or is commented out, this is not a finding.

If the value of "MaxKeepAliveRequests" is set to 0, this is a finding.

If "MaxKeepAliveRequests" does not exist or is commented out, this is not a finding.</check-content>
      </check>
    </Rule>
  </Group>
  <Group id="V-VCFJ-9X-000003">
    <title>SRG-APP-000014-WSR-000006</title>
    <Rule id="SV-VCFJ-9X-000003" severity="medium" weight="10.0">
      <version>VCFJ-9X-000003</version>
      <title>The VMware Cloud Foundation Operations HCX Apache HTTP service must use cryptography to protect the integrity of remote sessions.</title>
      <description>&lt;VulnDiscussion&gt;Data exchanged between the user and the Apache web server can range from static display data to credentials used to log on to the hosted application. Even when data appears to be static, the non-displayed logic in a web page may expose business logic or trusted system relationships. The integrity of all the data being exchanged between the user and the Apache web server must always be trusted. To protect the integrity and trust, encryption methods must be used to protect the complete communication session.

Satisfies: SRG-APP-000015-WSR-000014, SRG-APP-000033-WSR-000169, SRG-APP-000172-WSR-000104, SRG-APP-000224-WSR-000139, SRG-APP-000427-WSR-000186, SRG-APP-000439-WSR-000151, SRG-APP-000439-WSR-000152, SRG-APP-000439-WSR-000153, SRG-APP-000439-WSR-000156, SRG-APP-000441-WSR-000181, SRG-APP-000442-WSR-000182&lt;/VulnDiscussion&gt;&lt;FalsePositives&gt;&lt;/FalsePositives&gt;&lt;FalseNegatives&gt;&lt;/FalseNegatives&gt;&lt;Documentable&gt;false&lt;/Documentable&gt;&lt;Mitigations&gt;&lt;/Mitigations&gt;&lt;SecurityOverrideGuidance&gt;&lt;/SecurityOverrideGuidance&gt;&lt;PotentialImpacts&gt;&lt;/PotentialImpacts&gt;&lt;ThirdPartyTools&gt;&lt;/ThirdPartyTools&gt;&lt;MitigationControl&gt;&lt;/MitigationControl&gt;&lt;Responsibility&gt;&lt;/Responsibility&gt;&lt;IAControls&gt;&lt;/IAControls&gt;</description>
      <ident system="http://cyber.mil/cci">CCI-000068</ident>
      <fixtext fixref="F-VCFJ-9X-000003_fix">Navigate to and open:

/opt/vmware/config/apache-httpd/hcx-ssl.conf

Note: If the offending configuration was found in a different file edit that file instead.

Add or update the following lines:

SSLProtocol +TLSv1.2 +TLSv1.3

Reload the configuration by running the following command:

# systemctl reload httpd</fixtext>
      <check system="N/A">
        <check-content>Verify the "ssl_module" is present.

At the command prompt, run the following:

# httpd -M | grep -i "ssl_module"

Example output:

ssl_module (shared)

If the "ssl_module" is not found, this is a finding.

Verify that insecure protocols are disabled.

At the command prompt, run the following:

# grep -i "SSLProtocol" /etc/httpd/conf/httpd.conf /opt/vmware/config/apache-httpd/hcx-ssl.conf /opt/vmware/config/apache-httpd/hcx-virtual-hosts.conf

Example output:

SSLProtocol +TLSv1.2 +TLSv1.3

If the value of "SSLProtocol" includes anything other than "+TLSv1.2" or "+TLSv1.3", this is a finding.</check-content>
      </check>
    </Rule>
  </Group>
  <Group id="V-VCFJ-9X-000034">
    <title>SRG-APP-000141-WSR-000086</title>
    <Rule id="SV-VCFJ-9X-000034" severity="medium" weight="10.0">
      <version>VCFJ-9X-000034</version>
      <title>The VMware Cloud Foundation Operations HCX Apache HTTP service must protect system resources and privileged operations from hosted applications.</title>
      <description>&lt;VulnDiscussion&gt;A web server may host one to many applications.  Each application will need certain system resources and privileged operations to operate correctly.  The web server must be configured to contain and control the applications and protect the system resources and privileged operations from those not needed by the application for operation.  

Limiting the application will confine the potential harm a compromised application could cause to a system.&lt;/VulnDiscussion&gt;&lt;FalsePositives&gt;&lt;/FalsePositives&gt;&lt;FalseNegatives&gt;&lt;/FalseNegatives&gt;&lt;Documentable&gt;false&lt;/Documentable&gt;&lt;Mitigations&gt;&lt;/Mitigations&gt;&lt;SecurityOverrideGuidance&gt;&lt;/SecurityOverrideGuidance&gt;&lt;PotentialImpacts&gt;&lt;/PotentialImpacts&gt;&lt;ThirdPartyTools&gt;&lt;/ThirdPartyTools&gt;&lt;MitigationControl&gt;&lt;/MitigationControl&gt;&lt;Responsibility&gt;&lt;/Responsibility&gt;&lt;IAControls&gt;&lt;/IAControls&gt;</description>
      <ident system="http://cyber.mil/cci">CCI-000381</ident>
      <fixtext fixref="F-VCFJ-9X-000034_fix">Navigate to and open:

/etc/httpd/conf/httpd.conf

Note: If the offending configuration was found in a different file edit that file instead.

Add or update the "User" and/or "Group" directives with a dedicated service account.

User admin
Group secureall

Restart the service by running the following command:

# systemctl restart httpd</fixtext>
      <check system="N/A">
        <check-content>Verify the service is run as a nonprivileged and dedicated service account.

At the command prompt, run the following:

# grep -i -E "User|Group" /etc/httpd/conf/httpd.conf /opt/vmware/config/apache-httpd/hcx-ssl.conf /opt/vmware/config/apache-httpd/hcx-virtual-hosts.conf

Example output:

User admin
Group secureall

If "User" is configured to "root" or "0", this is a finding.

If "Group" is configured to "root" or "0", this is a finding.

If the "User" or "Group" is configured with an account that is not dedicated to running the service or has more privileges than needed, this is a finding.</check-content>
      </check>
    </Rule>
  </Group>
  <Group id="V-VCFJ-9X-000035">
    <title>SRG-APP-000141-WSR-000087</title>
    <Rule id="SV-VCFJ-9X-000035" severity="medium" weight="10.0">
      <version>VCFJ-9X-000035</version>
      <title>The VMware Cloud Foundation Operations HCX Apache HTTP service must constrain users and scripts running on behalf of users to the document root or home directory tree of the web server.</title>
      <description>&lt;VulnDiscussion&gt;A web server is designed to deliver content and execute scripts or applications on the request of a client or user.  Constraining user requests to files in the directory tree of the hosted web application and limiting the execution of scripts and applications guarantees that the user is not accessing information protected outside the application's realm.  

The web server must also prohibit users from jumping outside the hosted application directory tree through access to the user's home directory, symbolic links or shortcuts, or through search paths for missing files.

Satisfies: SRG-APP-000266-WSR-000142&lt;/VulnDiscussion&gt;&lt;FalsePositives&gt;&lt;/FalsePositives&gt;&lt;FalseNegatives&gt;&lt;/FalseNegatives&gt;&lt;Documentable&gt;false&lt;/Documentable&gt;&lt;Mitigations&gt;&lt;/Mitigations&gt;&lt;SecurityOverrideGuidance&gt;&lt;/SecurityOverrideGuidance&gt;&lt;PotentialImpacts&gt;&lt;/PotentialImpacts&gt;&lt;ThirdPartyTools&gt;&lt;/ThirdPartyTools&gt;&lt;MitigationControl&gt;&lt;/MitigationControl&gt;&lt;Responsibility&gt;&lt;/Responsibility&gt;&lt;IAControls&gt;&lt;/IAControls&gt;</description>
      <ident system="http://cyber.mil/cci">CCI-000381</ident>
      <fixtext fixref="F-VCFJ-9X-000035_fix">Navigate to and open:

/etc/httpd/conf/httpd.conf

Find the &lt;Directory /&gt; directive for the default "/" path and add or update it as follows:

&lt;Directory /&gt;
    AllowOverride none
    Require all denied
&lt;/Directory&gt;

Reload the configuration by running the following command:

# systemctl reload httpd</fixtext>
      <check system="N/A">
        <check-content>Verify the "Directory" directive for the root path is restricted.

At the command prompt, run the following:

# cat /etc/httpd/conf/httpd.conf | sed -n "/^&lt;Directory\s\/&gt;/,/&lt;\/Directory&gt;/p"

Example output:

&lt;Directory /&gt;
    AllowOverride none
    Require all denied
&lt;/Directory&gt;

If the output from the command does not match the expected result, this is a finding.</check-content>
      </check>
    </Rule>
  </Group>
  <Group id="V-VCFJ-9X-000081">
    <title>SRG-APP-000383-WSR-000175</title>
    <Rule id="SV-VCFJ-9X-000081" severity="medium" weight="10.0">
      <version>VCFJ-9X-000081</version>
      <title>The VMware Cloud Foundation Operations HCX Apache HTTP service must prohibit or restrict the use of nonsecure or unnecessary ports, protocols, modules, and/or services.</title>
      <description>&lt;VulnDiscussion&gt;Web servers provide numerous processes, features, and functionalities that utilize TCP/IP ports. Some of these processes may be deemed unnecessary or too unsecure to run on a production system. 

The web server must provide the capability to disable or deactivate network-related services that are deemed to be non-essential to the server mission, are too unsecure, or are prohibited by the PPSM CAL and vulnerability assessments.&lt;/VulnDiscussion&gt;&lt;FalsePositives&gt;&lt;/FalsePositives&gt;&lt;FalseNegatives&gt;&lt;/FalseNegatives&gt;&lt;Documentable&gt;false&lt;/Documentable&gt;&lt;Mitigations&gt;&lt;/Mitigations&gt;&lt;SecurityOverrideGuidance&gt;&lt;/SecurityOverrideGuidance&gt;&lt;PotentialImpacts&gt;&lt;/PotentialImpacts&gt;&lt;ThirdPartyTools&gt;&lt;/ThirdPartyTools&gt;&lt;MitigationControl&gt;&lt;/MitigationControl&gt;&lt;Responsibility&gt;&lt;/Responsibility&gt;&lt;IAControls&gt;&lt;/IAControls&gt;</description>
      <ident system="http://cyber.mil/cci">CCI-001762</ident>
      <fixtext fixref="F-VCFJ-9X-000081_fix">Navigate to and open:

/etc/httpd/conf/httpd.conf

Note: If the offending configuration was found in a different file edit that file instead.

Remove any unknown "Listen" directives and/or update the existing directives as shown below.

Listen *:443
Listen 80

Restart the service by running the following command:

# systemctl restart httpd</fixtext>
      <check system="N/A">
        <check-content>Verify the service is only listening on authorized ports and interfaces.

At the command prompt, run the following:

# grep -i "Listen" /etc/httpd/conf/httpd.conf /opt/vmware/config/apache-httpd/hcx-ssl.conf /opt/vmware/config/apache-httpd/hcx-virtual-hosts.conf

Example output:

Listen *:443
Listen 80

If any "Listen" directives are configured other than shown in the example output, this is a finding.</check-content>
      </check>
    </Rule>
  </Group>
  <Group id="V-VCFJ-9X-000101">
    <title>SRG-APP-000516-WSR-000174</title>
    <Rule id="SV-VCFJ-9X-000101" severity="medium" weight="10.0">
      <version>VCFJ-9X-000101</version>
      <title>The VMware Cloud Foundation Operations HCX Apache HTTP service must implement HTTP Strict Transport Security (HSTS) to protect the integrity of remote sessions.</title>
      <description>&lt;VulnDiscussion&gt;HTTP Strict Transport Security (HSTS) instructs web browsers to only use secure connections for all future requests when communicating with a web site. Doing so helps prevent SSL protocol attacks, SSL stripping, cookie hijacking, and other attempts to circumvent SSL protection.&lt;/VulnDiscussion&gt;&lt;FalsePositives&gt;&lt;/FalsePositives&gt;&lt;FalseNegatives&gt;&lt;/FalseNegatives&gt;&lt;Documentable&gt;false&lt;/Documentable&gt;&lt;Mitigations&gt;&lt;/Mitigations&gt;&lt;SecurityOverrideGuidance&gt;&lt;/SecurityOverrideGuidance&gt;&lt;PotentialImpacts&gt;&lt;/PotentialImpacts&gt;&lt;ThirdPartyTools&gt;&lt;/ThirdPartyTools&gt;&lt;MitigationControl&gt;&lt;/MitigationControl&gt;&lt;Responsibility&gt;&lt;/Responsibility&gt;&lt;IAControls&gt;&lt;/IAControls&gt;</description>
      <ident system="http://cyber.mil/cci">CCI-000366</ident>
      <fixtext fixref="F-VCFJ-9X-000101_fix">Navigate to and open:

/opt/vmware/config/apache-httpd/hcx-virtual-hosts.conf

Find the "VirtualHost" section listening on port 443 and add or update the following line:

Header set Strict-Transport-Security "max-age=31536000 ; includeSubDomains"

Reload the configuration by running the following command:

# systemctl reload httpd</fixtext>
      <check system="N/A">
        <check-content>Verify a header is present to configure HSTS.

At the command prompt, run the following:

# cat /opt/vmware/config/apache-httpd/hcx-virtual-hosts.conf | sed -n "/^&lt;VirtualHost\s\*:443&gt;/,/&lt;\/VirtualHost&gt;/p" | grep -i "Header"

Example output:

Header set Strict-Transport-Security "max-age=31536000 ; includeSubDomains"

If a header directive is not present to configure "Strict-Transport-Security", this is a finding.</check-content>
      </check>
    </Rule>
  </Group>
  <Group id="V-VCFJ-9X-000126">
    <title>SRG-APP-000516-WSR-000174</title>
    <Rule id="SV-VCFJ-9X-000126" severity="medium" weight="10.0">
      <version>VCFJ-9X-000126</version>
      <title>The VMware Cloud Foundation Operations HCX Apache HTTP service must protect against MIME sniffing.</title>
      <description>&lt;VulnDiscussion&gt;MIME sniffing was, and still is, a technique used by some web browsers to examine the content of a particular asset. This is done for the purpose of determining an asset's file format. This technique is useful in the event that there is not enough metadata information present for a particular asset, thus leaving the possibility that the browser interprets the asset incorrectly.

Although MIME sniffing can be useful to determine an asset's correct file format, it can also cause a security vulnerability. This vulnerability can be quite dangerous both for site owners as well as site visitors. This is because an attacker can leverage MIME sniffing to send an XSS (Cross Site Scripting) attack.&lt;/VulnDiscussion&gt;&lt;FalsePositives&gt;&lt;/FalsePositives&gt;&lt;FalseNegatives&gt;&lt;/FalseNegatives&gt;&lt;Documentable&gt;false&lt;/Documentable&gt;&lt;Mitigations&gt;&lt;/Mitigations&gt;&lt;SecurityOverrideGuidance&gt;&lt;/SecurityOverrideGuidance&gt;&lt;PotentialImpacts&gt;&lt;/PotentialImpacts&gt;&lt;ThirdPartyTools&gt;&lt;/ThirdPartyTools&gt;&lt;MitigationControl&gt;&lt;/MitigationControl&gt;&lt;Responsibility&gt;&lt;/Responsibility&gt;&lt;IAControls&gt;&lt;/IAControls&gt;</description>
      <ident system="http://cyber.mil/cci">CCI-000366</ident>
      <fixtext fixref="F-VCFJ-9X-000126_fix">Navigate to and open:

/opt/vmware/config/apache-httpd/hcx-virtual-hosts.conf

Find the "VirtualHost" section listening on port 443 and add or update the following line:

Header set X-Content-Type-Options "nosniff"

Reload the configuration by running the following command:

# systemctl reload httpd</fixtext>
      <check system="N/A">
        <check-content>Verify a header is configured to set X-Content-Type-Options.

At the command prompt, run the following:

# cat /opt/vmware/config/apache-httpd/hcx-virtual-hosts.conf | sed -n "/^&lt;VirtualHost\s\*:443&gt;/,/&lt;\/VirtualHost&gt;/p" | grep -i "Header"

Example output:

Header set X-Content-Type-Options "nosniff"

If a header directive is not present to configure "X-Content-Type-Options" as shown in the example, this is a finding.</check-content>
      </check>
    </Rule>
  </Group>
  <Group id="V-VCFJ-9X-000127">
    <title>SRG-APP-000516-WSR-000174</title>
    <Rule id="SV-VCFJ-9X-000127" severity="medium" weight="10.0">
      <version>VCFJ-9X-000127</version>
      <title>The VMware Cloud Foundation Operations HCX Apache HTTP service must enable Content Security Policy.</title>
      <description>&lt;VulnDiscussion&gt;A Content Security Policy (CSP) requires careful tuning and precise definition of the policy. If enabled, CSP has significant impact on the way browsers render pages (e.g., inline JavaScript is disabled by default and must be explicitly allowed in the policy). CSP prevents a wide range of attacks, including cross-site scripting and other cross-site injections.&lt;/VulnDiscussion&gt;&lt;FalsePositives&gt;&lt;/FalsePositives&gt;&lt;FalseNegatives&gt;&lt;/FalseNegatives&gt;&lt;Documentable&gt;false&lt;/Documentable&gt;&lt;Mitigations&gt;&lt;/Mitigations&gt;&lt;SecurityOverrideGuidance&gt;&lt;/SecurityOverrideGuidance&gt;&lt;PotentialImpacts&gt;&lt;/PotentialImpacts&gt;&lt;ThirdPartyTools&gt;&lt;/ThirdPartyTools&gt;&lt;MitigationControl&gt;&lt;/MitigationControl&gt;&lt;Responsibility&gt;&lt;/Responsibility&gt;&lt;IAControls&gt;&lt;/IAControls&gt;</description>
      <ident system="http://cyber.mil/cci">CCI-000366</ident>
      <fixtext fixref="F-VCFJ-9X-000127_fix">Navigate to and open:

/opt/vmware/config/apache-httpd/hcx-virtual-hosts.conf

Find the "VirtualHost" section listening on port 443 and add or update the following line:

Header set Content-Security-Policy "style-src 'self' 'unsafe-inline'; font-src 'self' data:; img-src 'self' data:"

Reload the configuration by running the following command:

# systemctl reload httpd</fixtext>
      <check system="N/A">
        <check-content>Verify a header is configured to set Content-Security-Policy.

At the command prompt, run the following:

# cat /opt/vmware/config/apache-httpd/hcx-virtual-hosts.conf | sed -n "/^&lt;VirtualHost\s\*:443&gt;/,/&lt;\/VirtualHost&gt;/p" | grep -i "Header"

Example output:

Header set Content-Security-Policy "style-src 'self' 'unsafe-inline'; font-src 'self' data:; img-src 'self' data:"

If a header directive is not present to configure "Content-Security-Policy" as shown in the example, this is a finding.</check-content>
      </check>
    </Rule>
  </Group>
  <Group id="V-VCFJ-9X-000125">
    <title>SRG-APP-000516-WSR-000174</title>
    <Rule id="SV-VCFJ-9X-000125" severity="medium" weight="10.0">
      <version>VCFJ-9X-000125</version>
      <title>The VMware Cloud Foundation Operations HCX Apache HTTP service must prevent rendering inside a frame or iframe on another site.</title>
      <description>&lt;VulnDiscussion&gt;Clickjacking, also known as a “UI redress attack”, is when an attacker uses multiple transparent or opaque layers to trick a user into clicking on a button or link on another page when they were intending to click on the top level page. Thus, the attacker is “hijacking” clicks meant for their page and routing them to another page, most likely owned by another application, domain, or both.

Using a similar technique, keystrokes can also be hijacked. With a carefully crafted combination of stylesheets, iframes, and text boxes, a user can be led to believe they are typing in the password to their email or bank account, but are instead typing into an invisible frame controlled by the attacker.&lt;/VulnDiscussion&gt;&lt;FalsePositives&gt;&lt;/FalsePositives&gt;&lt;FalseNegatives&gt;&lt;/FalseNegatives&gt;&lt;Documentable&gt;false&lt;/Documentable&gt;&lt;Mitigations&gt;&lt;/Mitigations&gt;&lt;SecurityOverrideGuidance&gt;&lt;/SecurityOverrideGuidance&gt;&lt;PotentialImpacts&gt;&lt;/PotentialImpacts&gt;&lt;ThirdPartyTools&gt;&lt;/ThirdPartyTools&gt;&lt;MitigationControl&gt;&lt;/MitigationControl&gt;&lt;Responsibility&gt;&lt;/Responsibility&gt;&lt;IAControls&gt;&lt;/IAControls&gt;</description>
      <ident system="http://cyber.mil/cci">CCI-000366</ident>
      <fixtext fixref="F-VCFJ-9X-000125_fix">Navigate to and open:

/opt/vmware/config/apache-httpd/hcx-virtual-hosts.conf

Find the "VirtualHost" section listening on port 443 and add or update the following line:

Header set X-Frame-Options "SAMEORIGIN"

Reload the configuration by running the following command:

# systemctl reload httpd</fixtext>
      <check system="N/A">
        <check-content>Verify a header is present to configure X-Frame-Options.

At the command prompt, run the following:

# cat /opt/vmware/config/apache-httpd/hcx-virtual-hosts.conf | sed -n "/^&lt;VirtualHost\s\*:443&gt;/,/&lt;\/VirtualHost&gt;/p" | grep -i "Header"

Example output:

Header set X-Frame-Options "SAMEORIGIN"

If a header directive is not present to configure "X-Frame-Options" as shown in the example, this is a finding.</check-content>
      </check>
    </Rule>
  </Group>
  <Group id="V-VCFJ-9X-000024">
    <title>SRG-APP-000141-WSR-000015</title>
    <Rule id="SV-VCFJ-9X-000024" severity="medium" weight="10.0">
      <version>VCFJ-9X-000024</version>
      <title>The VMware Cloud Foundation Operations HCX Apache HTTP service must not perform user management for hosted applications.</title>
      <description>&lt;VulnDiscussion&gt;User management and authentication can be an essential part of any application hosted by the web server. Along with authenticating users, the user management function must perform several other tasks like password complexity, locking users after a configurable number of failed logins, and management of temporary and emergency accounts; and all of this must be done enterprise-wide.

The web server contains a minimal user management function, but the web server user management function does not offer enterprise-wide user management, and user management is not the primary function of the web server. User management for the hosted applications should be done through a facility that is built for enterprise-wide user management, like LDAP and Active Directory.&lt;/VulnDiscussion&gt;&lt;FalsePositives&gt;&lt;/FalsePositives&gt;&lt;FalseNegatives&gt;&lt;/FalseNegatives&gt;&lt;Documentable&gt;false&lt;/Documentable&gt;&lt;Mitigations&gt;&lt;/Mitigations&gt;&lt;SecurityOverrideGuidance&gt;&lt;/SecurityOverrideGuidance&gt;&lt;PotentialImpacts&gt;&lt;/PotentialImpacts&gt;&lt;ThirdPartyTools&gt;&lt;/ThirdPartyTools&gt;&lt;MitigationControl&gt;&lt;/MitigationControl&gt;&lt;Responsibility&gt;&lt;/Responsibility&gt;&lt;IAControls&gt;&lt;/IAControls&gt;</description>
      <ident system="http://cyber.mil/cci">CCI-000381</ident>
      <fixtext fixref="F-VCFJ-9X-000024_fix">Navigate to the file found with the "AuthUserFile" directive and remove it.

Reload the configuration by running the following command:

# systemctl reload httpd</fixtext>
      <check system="N/A">
        <check-content>Verify the server is not performing user management functions.

At the command prompt, run the following:

# grep -i "AuthUserFile" /etc/httpd/conf/httpd.conf /opt/vmware/config/apache-httpd/hcx-ssl.conf /opt/vmware/config/apache-httpd/hcx-virtual-hosts.conf

If there is any output indicating the server is performing user management, this is a finding.</check-content>
      </check>
    </Rule>
  </Group>
  <Group id="V-VCFJ-9X-000030">
    <title>SRG-APP-000141-WSR-000081</title>
    <Rule id="SV-VCFJ-9X-000030" severity="medium" weight="10.0">
      <version>VCFJ-9X-000030</version>
      <title>The VMware Cloud Foundation Operations HCX Apache HTTP service must have Multipurpose Internet Mail Extensions (MIME) that invoke OS shell programs disabled.</title>
      <description>&lt;VulnDiscussion&gt;Controlling what a user of a hosted application can access is part of the security posture of the web server. Any time a user can access more functionality than is needed for the operation of the hosted application poses a security issue. A user with too much access can view information that is not needed for the user's job role, or the user could use the function in an unintentional manner.

A MIME tells the web server what type of program various file types and extensions are and what external utilities or programs are needed to execute the file type.

A shell is a program that serves as the basic interface between the user and the operating system, so hosted application users must not have access to these programs. Shell programs may execute shell escapes and can then perform unauthorized activities that could damage the security posture of the web server.

Satisfies: SRG-APP-000141-WSR-000083&lt;/VulnDiscussion&gt;&lt;FalsePositives&gt;&lt;/FalsePositives&gt;&lt;FalseNegatives&gt;&lt;/FalseNegatives&gt;&lt;Documentable&gt;false&lt;/Documentable&gt;&lt;Mitigations&gt;&lt;/Mitigations&gt;&lt;SecurityOverrideGuidance&gt;&lt;/SecurityOverrideGuidance&gt;&lt;PotentialImpacts&gt;&lt;/PotentialImpacts&gt;&lt;ThirdPartyTools&gt;&lt;/ThirdPartyTools&gt;&lt;MitigationControl&gt;&lt;/MitigationControl&gt;&lt;Responsibility&gt;&lt;/Responsibility&gt;&lt;IAControls&gt;&lt;/IAControls&gt;</description>
      <ident system="http://cyber.mil/cci">CCI-000381</ident>
      <fixtext fixref="F-VCFJ-9X-000030_fix">Navigate to and open:

/etc/httpd/conf/httpd.conf

Note: If the offending configuration was found in a different file edit that file instead.

Remove or comment the target "Action" or "AddHandler" directive.

Reload the configuration by running the following command:

# systemctl reload httpd</fixtext>
      <check system="N/A">
        <check-content>Verify that no shell file types are enabled.

At the command prompt, run the following:

# grep -i -E "Action|AddHandler" /etc/httpd/conf/httpd.conf /opt/vmware/config/apache-httpd/hcx-ssl.conf /opt/vmware/config/apache-httpd/hcx-virtual-hosts.conf

If "Action" or "AddHandler" exist and they configure .exe, .dll, .com, .bat, or .csh, this is a finding.</check-content>
      </check>
    </Rule>
  </Group>
  <Group id="V-VCFJ-9X-000033">
    <title>SRG-APP-000141-WSR-000085</title>
    <Rule id="SV-VCFJ-9X-000033" severity="medium" weight="10.0">
      <version>VCFJ-9X-000033</version>
      <title>The VMware Cloud Foundation Operations HCX Apache HTTP service must have Web Distributed Authoring (WebDAV) disabled.</title>
      <description>&lt;VulnDiscussion&gt;A web server can be installed with functionality that, just by its nature, is not secure. Web Distributed Authoring (WebDAV) is an extension to the HTTP protocol that, when developed, was meant to allow users to create, change, and move documents on a server, typically a web server or web share. Allowing this functionality, development, and deployment is much easier for web authors.

WebDAV is not widely used and has serious security concerns because it may allow clients to modify unauthorized files on the web server.&lt;/VulnDiscussion&gt;&lt;FalsePositives&gt;&lt;/FalsePositives&gt;&lt;FalseNegatives&gt;&lt;/FalseNegatives&gt;&lt;Documentable&gt;false&lt;/Documentable&gt;&lt;Mitigations&gt;&lt;/Mitigations&gt;&lt;SecurityOverrideGuidance&gt;&lt;/SecurityOverrideGuidance&gt;&lt;PotentialImpacts&gt;&lt;/PotentialImpacts&gt;&lt;ThirdPartyTools&gt;&lt;/ThirdPartyTools&gt;&lt;MitigationControl&gt;&lt;/MitigationControl&gt;&lt;Responsibility&gt;&lt;/Responsibility&gt;&lt;IAControls&gt;&lt;/IAControls&gt;</description>
      <ident system="http://cyber.mil/cci">CCI-000381</ident>
      <fixtext fixref="F-VCFJ-9X-000033_fix">To remove the WebDAV module, run the following command to find the configuration file that is loading the offending module:

# grep -i "dav_module" /etc/httpd/conf/httpd.conf /opt/vmware/config/apache-httpd/hcx-ssl.conf /opt/vmware/config/apache-httpd/hcx-virtual-hosts.conf

Example output:

LoadModule dav_module /usr/lib/httpd/modules/mod_dav.so

Navigate to and open the target configuration file and comment out the appropriate "LoadModule" line.

Restart the service by running the following command:

# systemctl restart httpd</fixtext>
      <check system="N/A">
        <check-content>Verify the WebDAV module is not loaded.

At the command prompt, run the following:

# httpd -M | grep -i "dav_module"

If the "dav_module" is loaded, this is a finding.</check-content>
      </check>
    </Rule>
  </Group>
  <Group id="V-VCFJ-9X-000066">
    <title>SRG-APP-000266-WSR-000159</title>
    <Rule id="SV-VCFJ-9X-000066" severity="medium" weight="10.0">
      <version>VCFJ-9X-000066</version>
      <title>The VMware Cloud Foundation Operations HCX Apache HTTP service must minimize the identity of the web server.</title>
      <description>&lt;VulnDiscussion&gt;Information needed by an attacker to begin looking for possible vulnerabilities in a web server includes any information about the web server, backend systems being accessed, and plug-ins or modules being used. 

Web servers will often display error messages to client users displaying enough information to aid in the debugging of the error. The information given back in error messages may display the web server type, version, patches installed, plug-ins and modules installed, type of code being used by the hosted application, and any backends being used for data storage. 

This information could be used by an attacker to blueprint what type of attacks might be successful. The information given to users must be minimized to not aid in the blueprinting of the web server.&lt;/VulnDiscussion&gt;&lt;FalsePositives&gt;&lt;/FalsePositives&gt;&lt;FalseNegatives&gt;&lt;/FalseNegatives&gt;&lt;Documentable&gt;false&lt;/Documentable&gt;&lt;Mitigations&gt;&lt;/Mitigations&gt;&lt;SecurityOverrideGuidance&gt;&lt;/SecurityOverrideGuidance&gt;&lt;PotentialImpacts&gt;&lt;/PotentialImpacts&gt;&lt;ThirdPartyTools&gt;&lt;/ThirdPartyTools&gt;&lt;MitigationControl&gt;&lt;/MitigationControl&gt;&lt;Responsibility&gt;&lt;/Responsibility&gt;&lt;IAControls&gt;&lt;/IAControls&gt;</description>
      <ident system="http://cyber.mil/cci">CCI-001312</ident>
      <fixtext fixref="F-VCFJ-9X-000066_fix">Navigate to and open:

/opt/vmware/config/apache-httpd/hcx-ssl.conf

Note: If the offending configuration was found in a different file edit that file instead.

Add or update the following lines:

ServerSignature Off
ServerTokens Prod

Reload the configuration by running the following command:

# systemctl reload httpd</fixtext>
      <check system="N/A">
        <check-content>Verify server information is not displayed on error messages or headers.

At the command prompt, run the following:

# grep -i -E "ServerTokens|ServerSignature" /etc/httpd/conf/httpd.conf /opt/vmware/config/apache-httpd/hcx-ssl.conf /opt/vmware/config/apache-httpd/hcx-virtual-hosts.conf

Example output:

ServerSignature Off
ServerTokens Prod

If the value of "ServerSignature" is set to "On", this is a finding.

If "ServerSignature" does not exist or is commented out, this is not a finding.

If the value of "ServerTokens" is not set to "Prod", this is a finding.</check-content>
      </check>
    </Rule>
  </Group>
  <Group id="V-VCFJ-9X-000067">
    <title>SRG-APP-000266-WSR-000160</title>
    <Rule id="SV-VCFJ-9X-000067" severity="medium" weight="10.0">
      <version>VCFJ-9X-000067</version>
      <title>The VMware Cloud Foundation Operations HCX Apache HTTP service must disable debugging and trace information.</title>
      <description>&lt;VulnDiscussion&gt;Information needed by an attacker to begin looking for possible vulnerabilities in a web server includes any information about the web server and plug-ins or modules being used. When debugging or trace information is enabled in a production web server, information about the web server, such as web server type, version, patches installed, plug-ins and modules installed, type of code being used by the hosted application, and any backends being used for data storage may be displayed. Since this information may be placed in logs and general messages during normal operation of the web server, an attacker does not need to cause an error condition to gain this information.&lt;/VulnDiscussion&gt;&lt;FalsePositives&gt;&lt;/FalsePositives&gt;&lt;FalseNegatives&gt;&lt;/FalseNegatives&gt;&lt;Documentable&gt;false&lt;/Documentable&gt;&lt;Mitigations&gt;&lt;/Mitigations&gt;&lt;SecurityOverrideGuidance&gt;&lt;/SecurityOverrideGuidance&gt;&lt;PotentialImpacts&gt;&lt;/PotentialImpacts&gt;&lt;ThirdPartyTools&gt;&lt;/ThirdPartyTools&gt;&lt;MitigationControl&gt;&lt;/MitigationControl&gt;&lt;Responsibility&gt;&lt;/Responsibility&gt;&lt;IAControls&gt;&lt;/IAControls&gt;</description>
      <ident system="http://cyber.mil/cci">CCI-001312</ident>
      <fixtext fixref="F-VCFJ-9X-000067_fix">Navigate to and open:

/etc/httpd/conf/httpd.conf

Note: If the offending configuration was found in a different file edit that file instead.

Update or remove the following lines:

TraceEnable Extended

Reload the configuration by running the following command:

# systemctl reload httpd</fixtext>
      <check system="N/A">
        <check-content>At the command prompt, run the following:

# grep -i "TraceEnable" /etc/httpd/conf/httpd.conf /opt/vmware/config/apache-httpd/hcx-ssl.conf /opt/vmware/config/apache-httpd/hcx-virtual-hosts.conf

Example output:

TraceEnable Off

If the value of "TraceEnable" is set to "Extended", this is a finding.

If "TraceEnable" does not exist or is commented out, this is not a finding.</check-content>
      </check>
    </Rule>
  </Group>
  <Group id="V-VCFJ-9X-000080">
    <title>SRG-APP-000380-WSR-000072</title>
    <Rule id="SV-VCFJ-9X-000080" severity="medium" weight="10.0">
      <version>VCFJ-9X-000080</version>
      <title>The VMware Cloud Foundation Operations HCX Apache HTTP service configuration files must only be accessible to privileged users.</title>
      <description>&lt;VulnDiscussion&gt;A web server can be modified through parameter modification, patch installation, upgrades to the web server or modules, and security parameter changes. With each of these changes, there is the potential for an adverse effect such as a DoS, web server instability, or hosted application instability.

To limit changes to the web server and limit exposure to any adverse effects from the changes, files such as the web server application files, libraries, and configuration files must have permissions and ownership set properly to only allow privileged users access.

Satisfies: SRG-APP-000340-WSR-000029&lt;/VulnDiscussion&gt;&lt;FalsePositives&gt;&lt;/FalsePositives&gt;&lt;FalseNegatives&gt;&lt;/FalseNegatives&gt;&lt;Documentable&gt;false&lt;/Documentable&gt;&lt;Mitigations&gt;&lt;/Mitigations&gt;&lt;SecurityOverrideGuidance&gt;&lt;/SecurityOverrideGuidance&gt;&lt;PotentialImpacts&gt;&lt;/PotentialImpacts&gt;&lt;ThirdPartyTools&gt;&lt;/ThirdPartyTools&gt;&lt;MitigationControl&gt;&lt;/MitigationControl&gt;&lt;Responsibility&gt;&lt;/Responsibility&gt;&lt;IAControls&gt;&lt;/IAControls&gt;</description>
      <ident system="http://cyber.mil/cci">CCI-001813</ident>
      <fixtext fixref="F-VCFJ-9X-000080_fix">At the command prompt, run the following:

# chmod 644 &lt;file&gt;
# chown root:root &lt;file&gt;

Repeat the command for each file that was returned.

Note: File permissions will vary by file type.</fixtext>
      <check system="N/A">
        <check-content>At the command prompt, run the following:

# find /etc/httpd -xdev -type f -a '(' -perm -o+w -o -not -user root -o -not -group root ')' -exec ls -ld {} \;

If any files are returned in the output, this is a finding.</check-content>
      </check>
    </Rule>
  </Group>
  <Group id="V-VCFJ-9X-000007">
    <title>SRG-APP-000089-WSR-000047</title>
    <Rule id="SV-VCFJ-9X-000007" severity="medium" weight="10.0">
      <version>VCFJ-9X-000007</version>
      <title>The VMware Cloud Foundation Operations HCX Apache HTTP service must generate, at a minimum, log records for system startup and shutdown, system access, and system authentication events.</title>
      <description>&lt;VulnDiscussion&gt;Log records can be generated from various components within the web server (e.g., httpd, plug-ins to external backends, etc.). From a web server perspective, certain specific web server functionalities may be logged as well. The web server must allow the definition of what events are to be logged. As conditions change, the number and types of events to be logged may change, and the web server must be able to facilitate these changes.

The minimum list of logged events should be those pertaining to system startup and shutdown, system access, and system authentication events. If these events are not logged at a minimum, any type of forensic investigation would be missing pertinent information needed to replay what occurred.

Satisfies: SRG-APP-000096-WSR-000057, SRG-APP-000097-WSR-000058, SRG-APP-000098-WSR-000059, SRG-APP-000098-WSR-000060, SRG-APP-000099-WSR-000061, SRG-APP-000100-WSR-000064, SRG-APP-000374-WSR-000172, SRG-APP-000375-WSR-000171&lt;/VulnDiscussion&gt;&lt;FalsePositives&gt;&lt;/FalsePositives&gt;&lt;FalseNegatives&gt;&lt;/FalseNegatives&gt;&lt;Documentable&gt;false&lt;/Documentable&gt;&lt;Mitigations&gt;&lt;/Mitigations&gt;&lt;SecurityOverrideGuidance&gt;&lt;/SecurityOverrideGuidance&gt;&lt;PotentialImpacts&gt;&lt;/PotentialImpacts&gt;&lt;ThirdPartyTools&gt;&lt;/ThirdPartyTools&gt;&lt;MitigationControl&gt;&lt;/MitigationControl&gt;&lt;Responsibility&gt;&lt;/Responsibility&gt;&lt;IAControls&gt;&lt;/IAControls&gt;</description>
      <ident system="http://cyber.mil/cci">CCI-000169</ident>
      <fixtext fixref="F-VCFJ-9X-000007_fix">Navigate to and open:

/etc/httpd/conf/httpd.conf

Note: If the offending configuration was found in a different file edit that file instead.

Update the "LogFormat" definition to include the required elements, for example:

LogFormat "%h %l %u %t \"%r\" %&gt;s %b %{ms}T" common

Reload the configuration by running the following command:

# systemctl reload httpd</fixtext>
      <check system="N/A">
        <check-content>Verify the defined "LogFormat" includes sufficient information to aide in forensic investigation.

At the command prompt, run the following:

# grep -i "LogFormat" /etc/httpd/conf/httpd.conf /opt/vmware/config/apache-httpd/hcx-ssl.conf /opt/vmware/config/apache-httpd/hcx-virtual-hosts.conf

Example output:

LogFormat "%h %l %u %t \"%r\" %&gt;s %b %{ms}T" common

Required elements:

 %h %l %u %t \"%r\" %&gt;s %b

If the value of "LogFormat" is defined and does not contain the required elements in any order, this is a finding.

If "LogFormat" does not exist or is commented out, this is not a finding.

Note: There can be multiple "LogFormat" settings defined.</check-content>
      </check>
    </Rule>
  </Group>
  <Group id="V-VCFJ-9X-000008">
    <title>SRG-APP-000092-WSR-000055</title>
    <Rule id="SV-VCFJ-9X-000008" severity="medium" weight="10.0">
      <version>VCFJ-9X-000008</version>
      <title>The VMware Cloud Foundation Operations HCX Apache HTTP service must initiate session logging upon start up.</title>
      <description>&lt;VulnDiscussion&gt;An attacker can compromise a web server during the startup process. If logging is not initiated until all the web server processes are started, key information may be missed and not be available during a forensic investigation. To ensure all logable events are captured, the web server must begin logging once the first web server process is initiated.

Satisfies: SRG-APP-000358-WSR-000063&lt;/VulnDiscussion&gt;&lt;FalsePositives&gt;&lt;/FalsePositives&gt;&lt;FalseNegatives&gt;&lt;/FalseNegatives&gt;&lt;Documentable&gt;false&lt;/Documentable&gt;&lt;Mitigations&gt;&lt;/Mitigations&gt;&lt;SecurityOverrideGuidance&gt;&lt;/SecurityOverrideGuidance&gt;&lt;PotentialImpacts&gt;&lt;/PotentialImpacts&gt;&lt;ThirdPartyTools&gt;&lt;/ThirdPartyTools&gt;&lt;MitigationControl&gt;&lt;/MitigationControl&gt;&lt;Responsibility&gt;&lt;/Responsibility&gt;&lt;IAControls&gt;&lt;/IAControls&gt;</description>
      <ident system="http://cyber.mil/cci">CCI-001464</ident>
      <fixtext fixref="F-VCFJ-9X-000008_fix">Navigate to and open:

/etc/httpd/conf/httpd.conf

Note: If the offending configuration was found in a different file edit that file instead.

Add or update the "CustomLog" directive, for example:

CustomLog "/common/logs/httpd/access.log" common

Reload the configuration by running the following command:

# systemctl reload httpd</fixtext>
      <check system="N/A">
        <check-content>Verify the "log_config_module" is present.

At the command prompt, run the following:

# httpd -M | grep -i "log_config_module"

Example output:

log_config_module (shared)

If the "log_config_module" is not found, this is a finding.

Verify the "CustomLog" directive is defined.

At the command prompt, run the following:

# grep -i "CustomLog" /etc/httpd/conf/httpd.conf /opt/vmware/config/apache-httpd/hcx-ssl.conf /opt/vmware/config/apache-httpd/hcx-virtual-hosts.conf

Example output:

CustomLog "/common/logs/httpd/access.log" common

If "CustomLog" is not present, this is a finding.

If "CustomLog" does not use a "LogFormat" with the required elements, this is a finding.

Note: The required elements can be found in the "LogFormat" control VCFJ-9X-000007.</check-content>
      </check>
    </Rule>
  </Group>
  <Group id="V-VCFJ-9X-000009">
    <title>SRG-APP-000095-WSR-000056</title>
    <Rule id="SV-VCFJ-9X-000009" severity="medium" weight="10.0">
      <version>VCFJ-9X-000009</version>
      <title>The VMware Cloud Foundation Operations HCX Apache HTTP service must produce log records containing sufficient information to establish what type of events occurred.</title>
      <description>&lt;VulnDiscussion&gt;Web server logging capability is critical for accurate forensic analysis. Without sufficient and accurate information, a correct replay of the events cannot be determined. 

For web servers, events logging includes, but is not limited to, the detection of the following:
•	XSS attacks (detect in server, mproxy, and WAF types logs).
•	Cross Site Request Forgery attacks.
•	Web Cache Poisoning.
•	Instances of Session Hijacking.
•	Instances of Server Side Request Forgery.

Ascertaining the correct type of event that occurred is important during forensic analysis. The correct determination of the event and when it occurred is important in relation to other events that happened at that same time. 

Without sufficient information establishing what type of log event occurred, investigation into the cause of event is severely hindered. Log record content that may be necessary to satisfy the requirement of this control includes, but is not limited to, time stamps, source and destination IP addresses, user/process identifiers, event descriptions, application-specific events, success/fail indications, file names involved, access control, or flow control rules invoked.&lt;/VulnDiscussion&gt;&lt;FalsePositives&gt;&lt;/FalsePositives&gt;&lt;FalseNegatives&gt;&lt;/FalseNegatives&gt;&lt;Documentable&gt;false&lt;/Documentable&gt;&lt;Mitigations&gt;&lt;/Mitigations&gt;&lt;SecurityOverrideGuidance&gt;&lt;/SecurityOverrideGuidance&gt;&lt;PotentialImpacts&gt;&lt;/PotentialImpacts&gt;&lt;ThirdPartyTools&gt;&lt;/ThirdPartyTools&gt;&lt;MitigationControl&gt;&lt;/MitigationControl&gt;&lt;Responsibility&gt;&lt;/Responsibility&gt;&lt;IAControls&gt;&lt;/IAControls&gt;</description>
      <ident system="http://cyber.mil/cci">CCI-000130</ident>
      <fixtext fixref="F-VCFJ-9X-000009_fix">Navigate to and open:

/etc/httpd/conf/httpd.conf

Note: If the offending configuration was found in a different file edit that file instead.

Add or update the following lines:

ErrorLog "/common/logs/httpd/error.log"
LogLevel info

Reload the configuration by running the following command:

# systemctl reload httpd</fixtext>
      <check system="N/A">
        <check-content>Verify that error logs are enabled and logging at a level to produce log records with sufficient information.

At the command prompt, run the following:

# grep -i -E "ErrorLog|LogLevel" /etc/httpd/conf/httpd.conf /opt/vmware/config/apache-httpd/hcx-ssl.conf /opt/vmware/config/apache-httpd/hcx-virtual-hosts.conf

Example output:

ErrorLog "/common/logs/httpd/error.log"
LogLevel info

If the value of "ErrorLog" is not configured to "/common/logs/httpd/error.log", this is a finding.

If the value of "LogLevel" is not configured to "info", this is a finding.</check-content>
      </check>
    </Rule>
  </Group>
  <Group id="V-VCFJ-9X-000018">
    <title>SRG-APP-000118-WSR-000068</title>
    <Rule id="SV-VCFJ-9X-000018" severity="medium" weight="10.0">
      <version>VCFJ-9X-000018</version>
      <title>The VMware Cloud Foundation Operations HCX Apache HTTP service log files must only be accessible by privileged users.</title>
      <description>&lt;VulnDiscussion&gt;Log data is essential in the investigation of events. If log data were to become compromised, then competent forensic analysis and discovery of the true source of potentially malicious system activity would be difficult, if not impossible, to achieve. In addition, access to log records provides information an attacker could potentially use to their advantage since each event record might contain communication ports, protocols, services, trust relationships, user names, etc.

The web server must protect the log data from unauthorized read, write, copy, etc. This can be done by the web server if the web server is also doing the logging function. The web server may also use an external log system. In either case, the logs must be protected from access by non-privileged users.

Satisfies: SRG-APP-000119-WSR-000069, SRG-APP-000120-WSR-000070&lt;/VulnDiscussion&gt;&lt;FalsePositives&gt;&lt;/FalsePositives&gt;&lt;FalseNegatives&gt;&lt;/FalseNegatives&gt;&lt;Documentable&gt;false&lt;/Documentable&gt;&lt;Mitigations&gt;&lt;/Mitigations&gt;&lt;SecurityOverrideGuidance&gt;&lt;/SecurityOverrideGuidance&gt;&lt;PotentialImpacts&gt;&lt;/PotentialImpacts&gt;&lt;ThirdPartyTools&gt;&lt;/ThirdPartyTools&gt;&lt;MitigationControl&gt;&lt;/MitigationControl&gt;&lt;Responsibility&gt;&lt;/Responsibility&gt;&lt;IAControls&gt;&lt;/IAControls&gt;</description>
      <ident system="http://cyber.mil/cci">CCI-000162</ident>
      <fixtext fixref="F-VCFJ-9X-000018_fix">At the command line, run the following:

# chown root:root &lt;log file&gt;
# chmod 640 &lt;log file&gt;

Replace &lt;log file&gt; with the log files found with incorrect permissions or ownership and update user and group as appropriate.</fixtext>
      <check system="N/A">
        <check-content>Verify log permissions are configured appropriately. 

At the command line, run the following:

# find /common/logs/httpd/ -type f -exec stat -c "%n is owned by %U and group %G permissions are %a" {} $1\;

If any log file is not owned by root or an authorized user, this is a finding.

If any log file is not group owned by root or an authorized user, this is a finding.

If any log file is more permissive than 0640, this is a finding.</check-content>
      </check>
    </Rule>
  </Group>
  <Group id="V-VCFJ-9X-000039">
    <title>SRG-APP-000176-WSR-000096</title>
    <Rule id="SV-VCFJ-9X-000039" severity="medium" weight="10.0">
      <version>VCFJ-9X-000039</version>
      <title>The VMware Cloud Foundation Operations HCX Apache HTTP service private keys must be protected from unauthorized access.</title>
      <description>&lt;VulnDiscussion&gt;The web server's private key is used to prove the identity of the server to clients and securely exchange the shared secret key used to encrypt communications between the web server and clients.

By gaining access to the private key, an attacker can pretend to be an authorized server and decrypt the SSL traffic between a client and the web server.

Satisfies: SRG-APP-000915-WSR-000310&lt;/VulnDiscussion&gt;&lt;FalsePositives&gt;&lt;/FalsePositives&gt;&lt;FalseNegatives&gt;&lt;/FalseNegatives&gt;&lt;Documentable&gt;false&lt;/Documentable&gt;&lt;Mitigations&gt;&lt;/Mitigations&gt;&lt;SecurityOverrideGuidance&gt;&lt;/SecurityOverrideGuidance&gt;&lt;PotentialImpacts&gt;&lt;/PotentialImpacts&gt;&lt;ThirdPartyTools&gt;&lt;/ThirdPartyTools&gt;&lt;MitigationControl&gt;&lt;/MitigationControl&gt;&lt;Responsibility&gt;&lt;/Responsibility&gt;&lt;IAControls&gt;&lt;/IAControls&gt;</description>
      <ident system="http://cyber.mil/cci">CCI-000186</ident>
      <fixtext fixref="F-VCFJ-9X-000039_fix">At the command prompt, run the following:

# chmod 600 /common/httpd/.privatekey.pem
# chown admin:secureall /common/httpd/.privatekey.pem</fixtext>
      <check system="N/A">
        <check-content>At the command prompt, run the following:

# stat -c "%n permisions are %a, is owned by %U and group owned by %G" /common/httpd/.privatekey.pem

Example output:

/common/httpd/.privatekey.pem permisions are 600, is owned by admin and group owned by secureall

If the SSL key does not have permissions of 600 or more restrictive and owned by the user/group running the httpd worker process or root, this is a finding.

Note: Substitute the user and group name for the user defined to run the httpd worker processes.</check-content>
      </check>
    </Rule>
  </Group>
  <Group id="V-VCFJ-9X-000043">
    <title>SRG-APP-000211-WSR-000030</title>
    <Rule id="SV-VCFJ-9X-000043" severity="medium" weight="10.0">
      <version>VCFJ-9X-000043</version>
      <title>The VMware Cloud Foundation Operations HCX Apache HTTP service directory tree must only be accessible by authorized accounts.</title>
      <description>&lt;VulnDiscussion&gt;As a rule, accounts on a web server are to be kept to a minimum. Only administrators, web managers, developers, auditors, and web authors require accounts on the machine hosting the web server. The resources to which these accounts have access must also be closely monitored and controlled. Only the system administrator needs access to all the system's capabilities, while the web administrator and associated staff require access and control of the web content and web server configuration files.

Satisfies: SRG-APP-000211-WSR-000031&lt;/VulnDiscussion&gt;&lt;FalsePositives&gt;&lt;/FalsePositives&gt;&lt;FalseNegatives&gt;&lt;/FalseNegatives&gt;&lt;Documentable&gt;false&lt;/Documentable&gt;&lt;Mitigations&gt;&lt;/Mitigations&gt;&lt;SecurityOverrideGuidance&gt;&lt;/SecurityOverrideGuidance&gt;&lt;PotentialImpacts&gt;&lt;/PotentialImpacts&gt;&lt;ThirdPartyTools&gt;&lt;/ThirdPartyTools&gt;&lt;MitigationControl&gt;&lt;/MitigationControl&gt;&lt;Responsibility&gt;&lt;/Responsibility&gt;&lt;IAControls&gt;&lt;/IAControls&gt;</description>
      <ident system="http://cyber.mil/cci">CCI-001082</ident>
      <fixtext fixref="F-VCFJ-9X-000043_fix">At the command prompt, run the following:

# chmod o-w &lt;file&gt;
# chown root:root &lt;file&gt;

Note: Substitute &lt;file&gt; with the listed file.</fixtext>
      <check system="N/A">
        <check-content>Verify directory permissions are configured appropriately. 

At the command line, run the following:

# find /opt/vmware/web/ -xdev -type f -a '(' -perm -o+w -o -not -user root -o -not -group root ')' -exec ls -ld {} \;

If any files are returned, this is a finding.</check-content>
      </check>
    </Rule>
  </Group>
  <Group id="V-VCFJ-9X-000061">
    <title>SRG-APP-000246-WSR-000149</title>
    <Rule id="SV-VCFJ-9X-000061" severity="medium" weight="10.0">
      <version>VCFJ-9X-000061</version>
      <title>The VMware Cloud Foundation Operations HCX Apache HTTP service must restrict the ability of users to launch Denial of Service (DoS) attacks against other information systems or networks.</title>
      <description>&lt;VulnDiscussion&gt;A web server can limit the ability of the web server being used in a DoS attack through several methods. The methods employed will depend upon the hosted applications and their resource needs for proper operation. 

An example setting that could be used to limit the ability of the web server being used in a DoS attack is bandwidth throttling.

Satisfies: SRG-APP-000435-WSR-000148&lt;/VulnDiscussion&gt;&lt;FalsePositives&gt;&lt;/FalsePositives&gt;&lt;FalseNegatives&gt;&lt;/FalseNegatives&gt;&lt;Documentable&gt;false&lt;/Documentable&gt;&lt;Mitigations&gt;&lt;/Mitigations&gt;&lt;SecurityOverrideGuidance&gt;&lt;/SecurityOverrideGuidance&gt;&lt;PotentialImpacts&gt;&lt;/PotentialImpacts&gt;&lt;ThirdPartyTools&gt;&lt;/ThirdPartyTools&gt;&lt;MitigationControl&gt;&lt;/MitigationControl&gt;&lt;Responsibility&gt;&lt;/Responsibility&gt;&lt;IAControls&gt;&lt;/IAControls&gt;</description>
      <ident system="http://cyber.mil/cci">CCI-001094</ident>
      <fixtext fixref="F-VCFJ-9X-000061_fix">Navigate to and open:

/etc/httpd/conf/httpd.conf

Note: If the offending configuration was found in a different file edit that file instead.

Remove or update the following lines:

TimeOut 60

Reload the configuration by running the following command:

# systemctl reload httpd</fixtext>
      <check system="N/A">
        <check-content>Verify a timeout is in place.

At the command prompt, run the following:

# grep -i "Timeout" /etc/httpd/conf/httpd.conf /opt/vmware/config/apache-httpd/hcx-ssl.conf /opt/vmware/config/apache-httpd/hcx-virtual-hosts.conf

Example output:

TimeOut 60

If the value of "TimeOut" is set to 0, this is a finding.

If "TimeOut" does not exist or is commented out, this is not a finding.</check-content>
      </check>
    </Rule>
  </Group>
  <Group id="V-VCFJ-9X-000023">
    <title>SRG-APP-000131-WSR-000073</title>
    <Rule id="SV-VCFJ-9X-000023" severity="medium" weight="10.0">
      <version>VCFJ-9X-000023</version>
      <title>The VMware Cloud Foundation Operations HCX Apache HTTP service must not load modules that have not been fully reviewed, tested, and signed.</title>
      <description>&lt;VulnDiscussion&gt;In the case of a production web server, areas for content development and testing will not exist, as this type of content is only permissible on a development website. The process of developing on a functional production website entails a degree of trial and error and repeated testing. This process is often accomplished in an environment where debugging, sequencing, and formatting of content are the main goals. The opportunity for a malicious user to obtain files that reveal business logic and login schemes is high in this situation. The existence of such immature content on a web server represents a significant security risk that is totally avoidable.

The web server must enforce, internally or through an external utility, the signing of modules before they are implemented into a production environment. By signing modules, the author guarantees that the module has been reviewed and tested before production implementation.

Satisfies: SRG-APP-000141-WSR-000075, SRG-APP-000141-WSR-000080&lt;/VulnDiscussion&gt;&lt;FalsePositives&gt;&lt;/FalsePositives&gt;&lt;FalseNegatives&gt;&lt;/FalseNegatives&gt;&lt;Documentable&gt;false&lt;/Documentable&gt;&lt;Mitigations&gt;&lt;/Mitigations&gt;&lt;SecurityOverrideGuidance&gt;&lt;/SecurityOverrideGuidance&gt;&lt;PotentialImpacts&gt;&lt;/PotentialImpacts&gt;&lt;ThirdPartyTools&gt;&lt;/ThirdPartyTools&gt;&lt;MitigationControl&gt;&lt;/MitigationControl&gt;&lt;Responsibility&gt;&lt;/Responsibility&gt;&lt;IAControls&gt;&lt;/IAControls&gt;</description>
      <ident system="http://cyber.mil/cci">CCI-003992</ident>
      <fixtext fixref="F-VCFJ-9X-000023_fix">To remove any modules, run the following command, replacing the module name, to find the configuration file that is loading the offending module:

# grep -i "&lt;module_name&gt;" /etc/httpd/conf/httpd.conf /opt/vmware/config/apache-httpd/hcx-ssl.conf /opt/vmware/config/apache-httpd/hcx-virtual-hosts.conf

Example output:

/etc/httpd/conf/httpd.conf:LoadModule auth_basic_module /usr/lib/httpd/modules/mod_auth_basic.so

Navigate to and open the target configuration file and comment out the appropriate "LoadModule" line.

Restart the service by running the following command:

# systemctl restart httpd</fixtext>
      <check system="N/A">
        <check-content>Verify only needed and approved modules are loaded.

At the command prompt, run the following:

# httpd -M

Example output:

Loaded Modules:
 core_module (static)
 so_module (static)
 http_module (static)
 mpm_event_module (shared)

If any module is not required for operation, this is a finding.

Required modules:

core_module
so_module
http_module
mpm_event_module
authn_file_module
authn_core_module
authz_host_module
authz_groupfile_module
authz_user_module
authz_core_module
access_compat_module
reqtimeout_module
filter_module
mime_module
log_config_module
env_module
headers_module
usertrack_module
setenvif_module
version_module
proxy_module
proxy_connect_module
proxy_http_module
proxy_wstunnel_module
proxy_balancer_module
proxy_express_module
slotmem_shm_module
ssl_module
unixd_module
status_module
autoindex_module
dir_module
alias_module
rewrite_module</check-content>
      </check>
    </Rule>
  </Group>
  <Group id="V-VCFJ-9X-000040">
    <title>SRG-APP-000179-WSR-000110</title>
    <Rule id="SV-VCFJ-9X-000040" severity="high" weight="10.0">
      <version>VCFJ-9X-000040</version>
      <title>The VMware Cloud Foundation Operations HCX Apache HTTP service must use FIPS validated cryptographic modules.</title>
      <description>&lt;VulnDiscussion&gt;Encryption is only as good as the encryption modules utilized.  Unapproved cryptographic module algorithms cannot be verified, and cannot be relied upon to provide confidentiality or integrity, and DoD data may be compromised due to weak algorithms. 

FIPS 140-2 is the current standard for validating cryptographic modules and NSA Type-X (where X=1, 2, 3, 4) products are NSA-certified, hardware-based encryption modules.

Satisfies: SRG-APP-000179-WSR-000111, SRG-APP-000224-WSR-000135, SRG-APP-000224-WSR-000136, SRG-APP-000416-WSR-000118, SRG-APP-000439-WSR-000188&lt;/VulnDiscussion&gt;&lt;FalsePositives&gt;&lt;/FalsePositives&gt;&lt;FalseNegatives&gt;&lt;/FalseNegatives&gt;&lt;Documentable&gt;false&lt;/Documentable&gt;&lt;Mitigations&gt;&lt;/Mitigations&gt;&lt;SecurityOverrideGuidance&gt;&lt;/SecurityOverrideGuidance&gt;&lt;PotentialImpacts&gt;&lt;/PotentialImpacts&gt;&lt;ThirdPartyTools&gt;&lt;/ThirdPartyTools&gt;&lt;MitigationControl&gt;&lt;/MitigationControl&gt;&lt;Responsibility&gt;&lt;/Responsibility&gt;&lt;IAControls&gt;&lt;/IAControls&gt;</description>
      <ident system="http://cyber.mil/cci">CCI-000803</ident>
      <fixtext fixref="F-VCFJ-9X-000040_fix">Navigate to and open:

/etc/httpd/conf/fips.conf

Note: If the offending configuration was found in a different file edit that instead.

Add or update the following lines:

SSLFIPS ON

Restart the service by running the following command:

# systemctl restart httpd</fixtext>
      <check system="N/A">
        <check-content>Verify the "SSLFIPS" setting is enabled.

At the command prompt, run the following:

# grep -i "SSLFIPS" /etc/httpd/conf/httpd.conf /opt/vmware/config/apache-httpd/hcx-ssl.conf /opt/vmware/config/apache-httpd/hcx-virtual-hosts.conf /etc/httpd/conf/fips.conf

Example output:

SSLFIPS ON

If the value of "SSLFIPS" is set to "off", this is a finding.</check-content>
      </check>
    </Rule>
  </Group>
</Benchmark>
