<?xml version="1.0" encoding="UTF-8"?><?xml-stylesheet type="text/xsl" href="STIG_unclass.xsl"?>
<Benchmark xmlns:dc="http://purl.org/dc/elements/1.1/" xmlns:xsi="http://www.w3.org/2001/XMLSchema-instance" xmlns:cpe="http://cpe.mitre.org/language/2.0" xmlns:xhtml="http://www.w3.org/1999/xhtml" xmlns:dsig="http://www.w3.org/2000/09/xmldsig#" xsi:schemaLocation="http://checklists.nist.gov/xccdf/1.1 http://nvd.nist.gov/schema/xccdf-1.1.4.xsdhttp://cpe.mitre.org/dictionary/2.0 http://cpe.mitre.org/files/cpe-dictionary_2.1.xsd" id="VCF Operations for Networks Platform NGINX" xml:lang="en" xmlns="http://checklists.nist.gov/xccdf/1.1">
  <status date="2025-06-17">draft</status>
  <title>VMware Cloud Foundation 9.x Operations for Networks Platform NGINX Service STIG Readiness Guide</title>
  <description>VMware Cloud Foundation 9.x Operations for Networks Platform NGINX Service STIG Readiness Guide</description>
  <notice id="terms-of-use" xml:lang="en"/>
  <front-matter xml:lang="en"/>
  <rear-matter xml:lang="en"/>
  <reference href="">
    <dc:publisher/>
    <dc:source/>
  </reference>
  <plain-text id="release-info">Release: 1 Benchmark Date: 17 June 2025</plain-text>
  <plain-text id="generator">3.2.2.36079</plain-text>
  <plain-text id="conventionsVersion">1.10.0</plain-text>
  <version>1</version>
  <Group id="V-VCFO-9X-000104">
    <title>SRG-APP-000516-WSR-000174</title>
    <Rule id="SV-VCFO-9X-000104" severity="medium" weight="10.0">
      <version>VCFO-9X-000104</version>
      <title>The VMware Cloud Foundation Operations for Networks Platform NGINX server must protect against MIME sniffing.</title>
      <description>&lt;VulnDiscussion&gt;MIME sniffing was, and still is, a technique used by some web browsers to examine the content of a particular asset. This is done for the purpose of determining an asset's file format. This technique is useful in the event that there is not enough metadata information present for a particular asset, thus leaving the possibility that the browser interprets the asset incorrectly.

Although MIME sniffing can be useful to determine an asset's correct file format, it can also cause a security vulnerability. This vulnerability can be quite dangerous both for site owners as well as site visitors. This is because an attacker can leverage MIME sniffing to send an XSS (Cross Site Scripting) attack.&lt;/VulnDiscussion&gt;&lt;FalsePositives&gt;&lt;/FalsePositives&gt;&lt;FalseNegatives&gt;&lt;/FalseNegatives&gt;&lt;Documentable&gt;false&lt;/Documentable&gt;&lt;Mitigations&gt;&lt;/Mitigations&gt;&lt;SecurityOverrideGuidance&gt;&lt;/SecurityOverrideGuidance&gt;&lt;PotentialImpacts&gt;&lt;/PotentialImpacts&gt;&lt;ThirdPartyTools&gt;&lt;/ThirdPartyTools&gt;&lt;MitigationControl&gt;&lt;/MitigationControl&gt;&lt;Responsibility&gt;&lt;/Responsibility&gt;&lt;IAControls&gt;&lt;/IAControls&gt;</description>
      <ident system="http://cyber.mil/cci">CCI-000366</ident>
      <fixtext fixref="F-VCFO-9X-000104_fix">Navigate to and open:

The nginx.conf (/etc/nginx/nginx.conf by default or the included file where the server is defined) file.

Add an add_header directive in the http context, for example:

add_header X-Content-Type-Options nosniff;

Reload the NGINX configuration by running the following command:

# nginx -s reload

Note: There can be several add_header directives. These directives are inherited from the previous configuration level if and only if there are no add_header directives defined on the current level so care must be taken if add_header is defined at multiple levels to include headers configured at a higher level.</fixtext>
      <check system="N/A">
        <check-content>Verify a header is configured to set X-Content-Type-Options.

View the running configuration by running the following command:

# nginx -T 2&gt;&amp;1 | sed -n "/^http\s{/,/server\s{/p" | grep add_header

Example configuration:

http {
  add_header X-Content-Type-Options nosniff;
}

If a header is not configured as shown in the example in the http, server, or location context, this is a finding.

Note: There can be several add_header directives. These directives are inherited from the previous configuration level if and only if there are no add_header directives defined on the current level so care must be taken if add_header is defined at multiple levels to include headers configured at a higher level.</check-content>
      </check>
    </Rule>
  </Group>
  <Group id="V-VCFO-9X-000102">
    <title>SRG-APP-000516-WSR-000174</title>
    <Rule id="SV-VCFO-9X-000102" severity="medium" weight="10.0">
      <version>VCFO-9X-000102</version>
      <title>The VMware Cloud Foundation Operations for Networks Platform NGINX server must disable SSL session tickets.</title>
      <description>&lt;VulnDiscussion&gt;Perfect forward secrecy is an encryption mechanism that enables past session keys to not be compromised even if the server's private key is compromised. If an attacker recorded all traffic to a server and stored it and then obtained the private key without perfect forward secrecy, all communications would be compromised. With perfect forward secrecy, session keys are generated using Diffie-Hellman for every session a user initiates, which isolates session compromise to only that communication session. Allowing session resumption breaks perfect forward secrecy; this expands the surface area for an attacker to compromise past sessions and communications with a server if they are able to compromise the session.&lt;/VulnDiscussion&gt;&lt;FalsePositives&gt;&lt;/FalsePositives&gt;&lt;FalseNegatives&gt;&lt;/FalseNegatives&gt;&lt;Documentable&gt;false&lt;/Documentable&gt;&lt;Mitigations&gt;&lt;/Mitigations&gt;&lt;SecurityOverrideGuidance&gt;&lt;/SecurityOverrideGuidance&gt;&lt;PotentialImpacts&gt;&lt;/PotentialImpacts&gt;&lt;ThirdPartyTools&gt;&lt;/ThirdPartyTools&gt;&lt;MitigationControl&gt;&lt;/MitigationControl&gt;&lt;Responsibility&gt;&lt;/Responsibility&gt;&lt;IAControls&gt;&lt;/IAControls&gt;</description>
      <ident system="http://cyber.mil/cci">CCI-000366</ident>
      <fixtext fixref="F-VCFO-9X-000102_fix">Navigate to and open:

The nginx.conf (/etc/nginx/nginx.conf by default) file.

Add the "ssl_session_tickets" directive to the http context, for example:

ssl_session_tickets off;

Remove any "ssl_session_tickets" from server and location contexts.

Reload the NGINX configuration by running the following command:

# nginx -s reload</fixtext>
      <check system="N/A">
        <check-content>If TLS 1.3 only is configured, this is NOT applicable.

Verify that SSL session tickets are disabled.

View the running configuration by running the following command:

# nginx -T 2&gt;&amp;1 | grep "ssl_session_tickets"

Example configuration:

http {
  ssl_session_tickets off;
}

If the "ssl_session_tickets" directive is not set to "off" in the http context, this is a finding.

If the "ssl_session_tickets" directive is configured in a server context and set to "on", this is a finding.</check-content>
      </check>
    </Rule>
  </Group>
  <Group id="V-VCFO-9X-000105">
    <title>SRG-APP-000516-WSR-000174</title>
    <Rule id="SV-VCFO-9X-000105" severity="medium" weight="10.0">
      <version>VCFO-9X-000105</version>
      <title>The VMware Cloud Foundation Operations for Networks Platform NGINX server must enable Content Security Policy.</title>
      <description>&lt;VulnDiscussion&gt;A Content Security Policy (CSP) requires careful tuning and precise definition of the policy. If enabled, CSP has significant impact on the way browsers render pages (e.g., inline JavaScript is disabled by default and must be explicitly allowed in the policy). CSP prevents a wide range of attacks, including cross-site scripting and other cross-site injections.&lt;/VulnDiscussion&gt;&lt;FalsePositives&gt;&lt;/FalsePositives&gt;&lt;FalseNegatives&gt;&lt;/FalseNegatives&gt;&lt;Documentable&gt;false&lt;/Documentable&gt;&lt;Mitigations&gt;&lt;/Mitigations&gt;&lt;SecurityOverrideGuidance&gt;&lt;/SecurityOverrideGuidance&gt;&lt;PotentialImpacts&gt;&lt;/PotentialImpacts&gt;&lt;ThirdPartyTools&gt;&lt;/ThirdPartyTools&gt;&lt;MitigationControl&gt;&lt;/MitigationControl&gt;&lt;Responsibility&gt;&lt;/Responsibility&gt;&lt;IAControls&gt;&lt;/IAControls&gt;</description>
      <ident system="http://cyber.mil/cci">CCI-000366</ident>
      <fixtext fixref="F-VCFO-9X-000105_fix">Navigate to and open:

The nginx.conf (/etc/nginx/nginx.conf by default or the included file where the server is defined) file.

Add an add_header directive in the http context, for example:

add_header Content-Security-Policy "default-src 'self'; font-src 'self' data:; img-src 'self' data:; style-src 'self' 'unsafe-inline';";

Note: This can be customized to fit the web server or application requirements.

Reload the NGINX configuration by running the following command:

# nginx -s reload

Note: There can be several add_header directives. These directives are inherited from the previous configuration level if and only if there are no add_header directives defined on the current level so care must be taken if add_header is defined at multiple levels to include headers configured at a higher level.</fixtext>
      <check system="N/A">
        <check-content>Verify a header is configured for Content Security Policy.

View the running configuration by running the following command:

# nginx -T 2&gt;&amp;1 | sed -n "/^http\s{/,/server\s{/p" | grep add_header

Example configuration:

server {
  add_header Content-Security-Policy "default-src 'self'; font-src 'self' data:; img-src 'self' data:; style-src 'self' 'unsafe-inline';";
}

If a header is not configured to define a Content Security Policy header in the http, server, or location context, this is a finding.

Note: There can be several add_header directives. These directives are inherited from the previous configuration level if and only if there are no add_header directives defined on the current level so care must be taken if add_header is defined at multiple levels to include headers configured at a higher level.</check-content>
      </check>
    </Rule>
  </Group>
  <Group id="V-VCFO-9X-000035">
    <title>SRG-APP-000141-WSR-000086</title>
    <Rule id="SV-VCFO-9X-000035" severity="medium" weight="10.0">
      <version>VCFO-9X-000035</version>
      <title>The VMware Cloud Foundation Operations for Networks Platform NGINX server worker process must be run as a nonprivileged user.</title>
      <description>&lt;VulnDiscussion&gt;Running a web server under a nonprivileged, dedicated service account helps mitigate the risk of lateral movement to other services or processes in the event the user account running the web services is compromised. The default user "nobody" is typically used for several processes, and if this account is compromised, it could allow an attacker to have access to all processes running as that user.&lt;/VulnDiscussion&gt;&lt;FalsePositives&gt;&lt;/FalsePositives&gt;&lt;FalseNegatives&gt;&lt;/FalseNegatives&gt;&lt;Documentable&gt;false&lt;/Documentable&gt;&lt;Mitigations&gt;&lt;/Mitigations&gt;&lt;SecurityOverrideGuidance&gt;&lt;/SecurityOverrideGuidance&gt;&lt;PotentialImpacts&gt;&lt;/PotentialImpacts&gt;&lt;ThirdPartyTools&gt;&lt;/ThirdPartyTools&gt;&lt;MitigationControl&gt;&lt;/MitigationControl&gt;&lt;Responsibility&gt;&lt;/Responsibility&gt;&lt;IAControls&gt;&lt;/IAControls&gt;</description>
      <ident system="http://cyber.mil/cci">CCI-000381</ident>
      <fixtext fixref="F-VCFO-9X-000035_fix">Establish a nonprivileged account to run NGINX worker processes.

This account should not be a part of any unneeded groups, have sudo access, or have the ability to login interactively.

Navigate to and open:

The nginx.conf (/etc/nginx/nginx.conf by default) file.

Add the following line in the main context at the top of the file:

user &lt;username&gt;;

Reload the NGINX configuration by running the following command:

# nginx -s reload

Note: If the group is not the same as the user name it can be specified in this format, user &lt;username&gt; &lt;group&gt;;.</fixtext>
      <check system="N/A">
        <check-content>Verify the NGINX server's worker processes are configured to run as a nonprivileged user.

At the command line, run the following:

# nginx -T 2&gt;&amp;1 | grep "^user"

Example result:

user www-data www-data;

Or if no data is returned, run the following to check if the user was specified as an argument when compiled:

# nginx -V 2&gt;&amp;1

Review the output for the "--user" and "--group" arguments.

If the "user" directive is not set to a nonprivileged user, this is a finding.</check-content>
      </check>
    </Rule>
  </Group>
  <Group id="V-VCFO-9X-000090">
    <title>SRG-APP-000439-WSR-000156</title>
    <Rule id="SV-VCFO-9X-000090" severity="medium" weight="10.0">
      <version>VCFO-9X-000090</version>
      <title>The VMware Cloud Foundation Operations for Networks Platform NGINX server must maintain the confidentiality of controlled information during transmission through the use of an approved TLS version.</title>
      <description>&lt;VulnDiscussion&gt;Transport Layer Security (TLS) is a required transmission protocol for a web server hosting controlled information. The use of TLS provides confidentiality of data in transit between the web server and client. FIPS 140-2 approved TLS versions must be enabled and nonFIPS-approved SSL versions must be disabled.

NIST SP 800-52 defines the approved TLS versions for government applications.

Satisfies: SRG-APP-000442-WSR-000182, SRG-APP-000441-WSR-000181, SRG-APP-000439-WSR-000151&lt;/VulnDiscussion&gt;&lt;FalsePositives&gt;&lt;/FalsePositives&gt;&lt;FalseNegatives&gt;&lt;/FalseNegatives&gt;&lt;Documentable&gt;false&lt;/Documentable&gt;&lt;Mitigations&gt;&lt;/Mitigations&gt;&lt;SecurityOverrideGuidance&gt;&lt;/SecurityOverrideGuidance&gt;&lt;PotentialImpacts&gt;&lt;/PotentialImpacts&gt;&lt;ThirdPartyTools&gt;&lt;/ThirdPartyTools&gt;&lt;MitigationControl&gt;&lt;/MitigationControl&gt;&lt;Responsibility&gt;&lt;/Responsibility&gt;&lt;IAControls&gt;&lt;/IAControls&gt;</description>
      <ident system="http://cyber.mil/cci">CCI-002418</ident>
      <fixtext fixref="F-VCFO-9X-000090_fix">Navigate to and open:

The /etc/nginx/sites-available/vnera file.

Add or update the "ssl_protocols" directive for the server context listening on port 443, for example:

ssl_protocols TLSv1.2 TLSv1.3;

Reload the NGINX configuration by running the following command:

# nginx -s reload</fixtext>
      <check system="N/A">
        <check-content>Verify TLS 1.2+ is enabled for each server context.

View the running configuration by running the following command:

# nginx -T 2&gt;&amp;1 | sed -n '/server\s{/{:a;N;/.*location/!ba;/listen.*\sssl/p}' | grep ssl_protocols

Example configuration:

server {
  ssl_protocols TLSv1.2 TLSv1.3;
}

If the "ssl_protocol" directive is not configured to only support TLS 1.2 or 1.3 in each SSL enabled server context, this is a finding.</check-content>
      </check>
    </Rule>
  </Group>
  <Group id="V-VCFO-9X-000060">
    <title>SRG-APP-000246-WSR-000149</title>
    <Rule id="SV-VCFO-9X-000060" severity="medium" weight="10.0">
      <version>VCFO-9X-000060</version>
      <title>The VMware Cloud Foundation Operations for Networks Platform NGINX server must restrict the ability of users to launch Denial of Service (DoS) attacks against other information systems or networks.</title>
      <description>&lt;VulnDiscussion&gt;A web server can limit the ability of the web server being used in a DoS attack through several methods. The methods employed will depend upon the hosted applications and their resource needs for proper operation. 

Satisfies: SRG-APP-000435-WSR-000148&lt;/VulnDiscussion&gt;&lt;FalsePositives&gt;&lt;/FalsePositives&gt;&lt;FalseNegatives&gt;&lt;/FalseNegatives&gt;&lt;Documentable&gt;false&lt;/Documentable&gt;&lt;Mitigations&gt;&lt;/Mitigations&gt;&lt;SecurityOverrideGuidance&gt;&lt;/SecurityOverrideGuidance&gt;&lt;PotentialImpacts&gt;&lt;/PotentialImpacts&gt;&lt;ThirdPartyTools&gt;&lt;/ThirdPartyTools&gt;&lt;MitigationControl&gt;&lt;/MitigationControl&gt;&lt;Responsibility&gt;&lt;/Responsibility&gt;&lt;IAControls&gt;&lt;/IAControls&gt;</description>
      <ident system="http://cyber.mil/cci">CCI-001094</ident>
      <fixtext fixref="F-VCFO-9X-000060_fix">Navigate to and open:

The nginx.conf (/etc/nginx/nginx.conf by default) file.

Add the following or similar line(s) in the http context:

limit_req_zone $binary_remote_addr zone=req_per_ip:10m rate=100r/s;
limit_req zone=req_per_ip burst=100 nodelay;

Note: Substitute values appropriate for the web server.

Reload the NGINX configuration by running the following command:

# nginx -s reload</fixtext>
      <check system="N/A">
        <check-content>Verify a request shared memory zone has been established in the http context to limit requests per IP and is enabled on all SSL enabled server contexts.

View the running configuration by running the following command:

# nginx -T 2&gt;&amp;1 | sed -n "/^http\s{/,/server\s{/p" | grep limit_req

Example configuration:

http {
  limit_req_zone $binary_remote_addr zone=req_per_ip:10m rate=100r/s;
  limit_req zone=req_per_ip burst=100 nodelay;
}

If the "limit_req_zone" directive is not configured in the http context to limit requests per IP , this is a finding.

If the "limit_req" directive is not configured in the http context or in each SSL enabled server context, this is a finding.

Note: "limit_req" directives under server or location contexts are acceptable to modify limits based on application needs as long as they are not disabled.</check-content>
      </check>
    </Rule>
  </Group>
  <Group id="V-VCFO-9X-000137">
    <title>SRG-APP-000001-WSR-000001</title>
    <Rule id="SV-VCFO-9X-000137" severity="medium" weight="10.0">
      <version>VCFO-9X-000137</version>
      <title>The VMware Cloud Foundation Operations for Networks Platform NGINX server must limit the number of concurrent connections per IP.</title>
      <description>&lt;VulnDiscussion&gt;Web server management includes the ability to control the number of users and user sessions that utilize a web server. Limiting the number of allowed users and sessions per user is helpful in limiting risks related to several types of Denial of Service attacks. 

Although there is some latitude concerning the settings themselves, the settings should follow DOD-recommended values, but the settings should be configurable to allow for future DOD direction. While the DOD will specify recommended values, the values can be adjusted to accommodate the operational requirement of a given system.&lt;/VulnDiscussion&gt;&lt;FalsePositives&gt;&lt;/FalsePositives&gt;&lt;FalseNegatives&gt;&lt;/FalseNegatives&gt;&lt;Documentable&gt;false&lt;/Documentable&gt;&lt;Mitigations&gt;&lt;/Mitigations&gt;&lt;SecurityOverrideGuidance&gt;&lt;/SecurityOverrideGuidance&gt;&lt;PotentialImpacts&gt;&lt;/PotentialImpacts&gt;&lt;ThirdPartyTools&gt;&lt;/ThirdPartyTools&gt;&lt;MitigationControl&gt;&lt;/MitigationControl&gt;&lt;Responsibility&gt;&lt;/Responsibility&gt;&lt;IAControls&gt;&lt;/IAControls&gt;</description>
      <ident system="http://cyber.mil/cci">CCI-000054</ident>
      <fixtext fixref="F-VCFO-9X-000137_fix">Navigate to and open:

The nginx.conf (/etc/nginx/nginx.conf by default) file.

Add the following or similar line(s) in the http context:

limit_conn_zone $binary_remote_addr zone=per_ip:10m;
limit_conn per_ip 100;

Reload the NGINX configuration by running the following command:

# nginx -s reload</fixtext>
      <check system="N/A">
        <check-content>Verify a shared memory zone has been established in the http context to track connections per IP.

View the running configuration by running the following command:

# nginx -T 2&gt;&amp;1 | sed -n "/^http\s{/,/server\s{/p" | grep limit_conn

Example configuration:

http {
  limit_conn_zone $binary_remote_addr zone=per_ip:10m;
  limit_conn per_ip 100;
}

If the "limit_conn_zone" directive is not configured in the http context to limit connections per IP, this is a finding.

If the "limit_conn" directive is not configured in the http context to limit connections per IP, this is a finding.

Note: "limit_conn" directives under server or location contexts are acceptable to modify limits based on application needs as long as they are not disabled.</check-content>
      </check>
    </Rule>
  </Group>
  <Group id="V-VCFO-9X-000111">
    <title>SRG-APP-000439-WSR-000192</title>
    <Rule id="SV-VCFO-9X-000111" severity="medium" weight="10.0">
      <version>VCFO-9X-000111</version>
      <title>The VMware Cloud Foundation Operations for Networks Platform NGINX server must enable HTTP/2. </title>
      <description>&lt;VulnDiscussion&gt;HTTP/2, like HTTPS, enhances security compared to HTTP/1.x by minimizing the risk of header-based attacks (e.g., header injection and manipulation).

Websites that fully utilize HTTP/2 are inherently protected and defend against smuggling attacks. HTTP/2 provides the method for specifying the length of a request, which removes any potential for ambiguity that can be leveraged by an attacker. 

This is applicable to all web architectures such as load balancing/proxy use cases. 
- The front-end and back-end servers should both be configured to use HTTP/2.
- HTTP/2 must be used for communications between web servers.
- Browser vendors have agreed to only support HTTP/2 only in HTTPS mode, thus TLS must be configured to meet this requirement. TLS configuration is out of scope for this requirement.

Satisfies: SRG-APP-000251-WSR-000194, SRG-APP-000251-WSR-000195&lt;/VulnDiscussion&gt;&lt;FalsePositives&gt;&lt;/FalsePositives&gt;&lt;FalseNegatives&gt;&lt;/FalseNegatives&gt;&lt;Documentable&gt;false&lt;/Documentable&gt;&lt;Mitigations&gt;&lt;/Mitigations&gt;&lt;SecurityOverrideGuidance&gt;&lt;/SecurityOverrideGuidance&gt;&lt;PotentialImpacts&gt;&lt;/PotentialImpacts&gt;&lt;ThirdPartyTools&gt;&lt;/ThirdPartyTools&gt;&lt;MitigationControl&gt;&lt;/MitigationControl&gt;&lt;Responsibility&gt;&lt;/Responsibility&gt;&lt;IAControls&gt;&lt;/IAControls&gt;</description>
      <ident system="http://cyber.mil/cci">CCI-002418</ident>
      <fixtext fixref="F-VCFO-9X-000111_fix">Navigate to and open:

The /etc/nginx/sites-available/vnera file.

Add or update the "http2" directive for the server context listening on port 443, for example:

http2 on;

Reload the NGINX configuration by running the following command:

# nginx -s reload</fixtext>
      <check system="N/A">
        <check-content>If a server context does not have "ssl" enabled on any listener directives, this is Not Applicable for that server context.

Verify http2 is enabled for each server context or in the http context.

View the running configuration by running the following command:

# nginx -T 2&gt;&amp;1 | sed -n '/server\s{/{:a;N;/.*location/!ba;/listen.*\sssl/p}' | grep http2

Example configuration:

server {
  http2 on;
}

If the "http2" directive is not configured to "on" for a server context that has "ssl" enabled or is not inherited from the http context, this is a finding.

Note: "http2" can be defined on the listen directive but this method is deprecated.</check-content>
      </check>
    </Rule>
  </Group>
  <Group id="V-VCFO-9X-000037">
    <title>SRG-APP-000142-WSR-000089</title>
    <Rule id="SV-VCFO-9X-000037" severity="medium" weight="10.0">
      <version>VCFO-9X-000037</version>
      <title>The VMware Cloud Foundation Operations for Networks Platform NGINX server must be configured to use a specified IP address and port.</title>
      <description>&lt;VulnDiscussion&gt;The web server must be configured to listen on a specified IP address and port.  Without specifying an IP address and port for the web server to utilize, the web server will listen on all IP addresses available to the hosting server.  If the web server has multiple IP addresses, i.e., a management IP address, the web server will also accept connections on the management IP address.  

Accessing the hosted application through an IP address normally used for nonapplication functions opens the possibility of user access to resources, utilities, files, ports, and protocols that are protected on the desired application IP address.

Satisfies: SRG-APP-000383-WSR-000175&lt;/VulnDiscussion&gt;&lt;FalsePositives&gt;&lt;/FalsePositives&gt;&lt;FalseNegatives&gt;&lt;/FalseNegatives&gt;&lt;Documentable&gt;false&lt;/Documentable&gt;&lt;Mitigations&gt;&lt;/Mitigations&gt;&lt;SecurityOverrideGuidance&gt;&lt;/SecurityOverrideGuidance&gt;&lt;PotentialImpacts&gt;&lt;/PotentialImpacts&gt;&lt;ThirdPartyTools&gt;&lt;/ThirdPartyTools&gt;&lt;MitigationControl&gt;&lt;/MitigationControl&gt;&lt;Responsibility&gt;&lt;/Responsibility&gt;&lt;IAControls&gt;&lt;/IAControls&gt;</description>
      <ident system="http://cyber.mil/cci">CCI-000382</ident>
      <fixtext fixref="F-VCFO-9X-000037_fix">SSL enabled server contexts intended to listen on all interfaces are acceptable. Server contexts without ssl enabled that are proxied locally should define "localhost" or "127.0.0.1" for the address.

Navigate to and open:

The /etc/nginx/sites-available/vnera file.

Update the server's listen directive, for example:

# nginx -T 2&gt;&amp;1 | sed -n '/server\s{/{:a;N;/.*location/!ba;/listen.*/p}' | grep listen | grep -vE '80|#'

Example configuration:

listen localhost:6060;
listen localhost:3100;
listen localhost:7070;
listen localhost:7071;
listen localhost:7074;
listen localhost:7072;

Reload the NGINX configuration by running the following command:

# nginx -s reload</fixtext>
      <check system="N/A">
        <check-content>Verify the listen directive for each server context.

View the running configuration by running the following command:

# nginx -T 2&gt;&amp;1 | sed -n '/server\s{/{:a;N;/.*location/!ba;/listen.*/p}' | grep listen | grep -vE '80|#'

Example configuration:

listen localhost:6060;
listen localhost:3100;
listen 443 ssl http2;
listen localhost:7070;
listen localhost:7071;
listen localhost:7074;
listen localhost:7072;

If the configured "listen" directives do not define a specified IP/hostname and port, this is a finding.

If the configured "listen" directives for ssl enabled server contexts do not have an address specified, this is NOT a finding.</check-content>
      </check>
    </Rule>
  </Group>
  <Group id="V-VCFO-9X-000098">
    <title>SRG-APP-000439-WSR-000188</title>
    <Rule id="SV-VCFO-9X-000098" severity="medium" weight="10.0">
      <version>VCFO-9X-000098</version>
      <title>The VMware Cloud Foundation Operations for Networks Platform NGINX server must prefer server ciphers over client ciphers when using SSL/TLS.</title>
      <description>&lt;VulnDiscussion&gt;During the initial setup of a Transport Layer Security (TLS) connection to the web server, the client sends a list of supported cipher suites in order of preference.  The web server will reply with the cipher suite it will use for communication from the client list.  If an attacker can intercept the submission of cipher suites to the web server and place, as the preferred cipher suite, a weak export suite, the encryption used for the session becomes easy for the attacker to break, often within minutes to hours.&lt;/VulnDiscussion&gt;&lt;FalsePositives&gt;&lt;/FalsePositives&gt;&lt;FalseNegatives&gt;&lt;/FalseNegatives&gt;&lt;Documentable&gt;false&lt;/Documentable&gt;&lt;Mitigations&gt;&lt;/Mitigations&gt;&lt;SecurityOverrideGuidance&gt;&lt;/SecurityOverrideGuidance&gt;&lt;PotentialImpacts&gt;&lt;/PotentialImpacts&gt;&lt;ThirdPartyTools&gt;&lt;/ThirdPartyTools&gt;&lt;MitigationControl&gt;&lt;/MitigationControl&gt;&lt;Responsibility&gt;&lt;/Responsibility&gt;&lt;IAControls&gt;&lt;/IAControls&gt;</description>
      <ident system="http://cyber.mil/cci">CCI-002418</ident>
      <fixtext fixref="F-VCFO-9X-000098_fix">Navigate to and open:

The /etc/nginx/sites-available/vnera file.

Add or update the "ssl_prefer_server_ciphers" directive for the server context listening on port 443, for example:

ssl_prefer_server_ciphers on;

Reload the NGINX configuration by running the following command:

# nginx -s reload</fixtext>
      <check system="N/A">
        <check-content>Verify the NGINX is configured to prefer server TLS ciphers.

View the running configuration by running the following command:

# nginx -T 2&gt;&amp;1 | sed -n '/server\s{/{:a;N;/.*location/!ba;/listen.*\sssl/p}' | grep ssl_prefer_server_ciphers

Example configuration:

http {
   ssl_prefer_server_ciphers on;
}

If the "ssl_prefer_server_ciphers" directive is not configured in the http context or set to "off", this is a finding.

If the "ssl_prefer_server_ciphers" directive is configured in a server context and set to "off", this is a finding.</check-content>
      </check>
    </Rule>
  </Group>
  <Group id="V-VCFO-9X-000019">
    <title>SRG-APP-000118-WSR-000068</title>
    <Rule id="SV-VCFO-9X-000019" severity="medium" weight="10.0">
      <version>VCFO-9X-000019</version>
      <title>The VMware Cloud Foundation Operations for Networks Platform NGINX server log files must only be accessible by privileged users.</title>
      <description>&lt;VulnDiscussion&gt;Log data is essential in the investigation of events. If log data were to become compromised, then competent forensic analysis and discovery of the true source of potentially malicious system activity would be difficult, if not impossible, to achieve. In addition, access to log records provides information an attacker could potentially use to their advantage since each event record might contain communication ports, protocols, services, trust relationships, user names, etc.

The web server must protect the log data from unauthorized read, write, copy, etc. This can be done by the web server if the web server is also doing the logging function. The web server may also use an external log system. In either case, the logs must be protected from access by nonprivileged users.

Satisfies: SRG-APP-000119-WSR-000069, SRG-APP-000120-WSR-000070&lt;/VulnDiscussion&gt;&lt;FalsePositives&gt;&lt;/FalsePositives&gt;&lt;FalseNegatives&gt;&lt;/FalseNegatives&gt;&lt;Documentable&gt;false&lt;/Documentable&gt;&lt;Mitigations&gt;&lt;/Mitigations&gt;&lt;SecurityOverrideGuidance&gt;&lt;/SecurityOverrideGuidance&gt;&lt;PotentialImpacts&gt;&lt;/PotentialImpacts&gt;&lt;ThirdPartyTools&gt;&lt;/ThirdPartyTools&gt;&lt;MitigationControl&gt;&lt;/MitigationControl&gt;&lt;Responsibility&gt;&lt;/Responsibility&gt;&lt;IAControls&gt;&lt;/IAControls&gt;</description>
      <ident system="http://cyber.mil/cci">CCI-000162</ident>
      <fixtext fixref="F-VCFO-9X-000019_fix">At the command line, run the following:

# chown www-data:adm &lt;log file&gt;
# chmod 640 &lt;log file&gt;

Replace &lt;log file&gt; with the log files found with incorrect permissions or ownership and update user and group as appropriate.</fixtext>
      <check system="N/A">
        <check-content>Verify NGINX log permissions are configured appropriately. 

At the command line, run the following:

# find /var/log/nginx/* -type f -exec stat -c "%n is owned by %U and group %G permissions are %a" {} $1\;

If any NGINX log file is not owned by root or www-data, this is a finding.

If any NGINX log file is not group owned by root or adm, this is a finding.

If any NGINX log file is more permissive than 0640, this is a finding.

Note: Replace the log directory path to reflect the current location for log files.</check-content>
      </check>
    </Rule>
  </Group>
  <Group id="V-VCFO-9X-000009">
    <title>SRG-APP-000093-WSR-000053</title>
    <Rule id="SV-VCFO-9X-000009" severity="medium" weight="10.0">
      <version>VCFO-9X-000009</version>
      <title>The VMware Cloud Foundation Operations for Networks Platform NGINX server must capture, record, and log all content related to a user session.</title>
      <description>&lt;VulnDiscussion&gt;A user session to a web server is in the context of a user accessing a hosted application that extends to any plug-ins/modules and services that may execute on behalf of the user.

The web server must be capable of enabling a setting for troubleshooting, debugging, or forensic gathering purposes which will log all user session information related to the hosted application session. Without the capability to capture, record, and log all content related to a user session, investigations into suspicious user activity would be hampered.&lt;/VulnDiscussion&gt;&lt;FalsePositives&gt;&lt;/FalsePositives&gt;&lt;FalseNegatives&gt;&lt;/FalseNegatives&gt;&lt;Documentable&gt;false&lt;/Documentable&gt;&lt;Mitigations&gt;&lt;/Mitigations&gt;&lt;SecurityOverrideGuidance&gt;&lt;/SecurityOverrideGuidance&gt;&lt;PotentialImpacts&gt;&lt;/PotentialImpacts&gt;&lt;ThirdPartyTools&gt;&lt;/ThirdPartyTools&gt;&lt;MitigationControl&gt;&lt;/MitigationControl&gt;&lt;Responsibility&gt;&lt;/Responsibility&gt;&lt;IAControls&gt;&lt;/IAControls&gt;</description>
      <ident system="http://iase.disa.mil/cci">CCI-001462</ident>
      <fixtext fixref="F-VCFO-9X-000009_fix">Navigate to and open:

The nginx.conf (/etc/nginx/nginx.conf by default) file.

Add the following or similar in the http context:

access_log /var/log/nginx/access.log main_json;

Reload the NGINX configuration by running the following command:

# nginx -s reload</fixtext>
      <check system="N/A">
        <check-content>Verify access logging has been enabled in the http context.

View the running configuration by running the following command:

# nginx -T 2&gt;&amp;1 | sed -n "/^http\s{/,/server\s{/p" | grep access_log

Example configuration:

http {
  access_log /var/log/nginx/access.log main_json;
}

If the access_log directive is not configured in the http context, this is a finding.</check-content>
      </check>
    </Rule>
  </Group>
  <Group id="V-VCFO-9X-000034">
    <title>SRG-APP-000141-WSR-000085</title>
    <Rule id="SV-VCFO-9X-000034" severity="medium" weight="10.0">
      <version>VCFO-9X-000034</version>
      <title>The VMware Cloud Foundation Operations for Networks Platform NGINX server must have Web Distributed Authoring (WebDAV) disabled.</title>
      <description>&lt;VulnDiscussion&gt;A web server can be installed with functionality that, just by its nature, is not secure. Web Distributed Authoring (WebDAV) is an extension to the HTTP protocol that, when developed, was meant to allow users to create, change, and move documents on a server, typically a web server or web share. Allowing this functionality, development, and deployment is much easier for web authors.

WebDAV is not widely used and has serious security concerns because it may allow clients to modify unauthorized files on the web server.&lt;/VulnDiscussion&gt;&lt;FalsePositives&gt;&lt;/FalsePositives&gt;&lt;FalseNegatives&gt;&lt;/FalseNegatives&gt;&lt;Documentable&gt;false&lt;/Documentable&gt;&lt;Mitigations&gt;&lt;/Mitigations&gt;&lt;SecurityOverrideGuidance&gt;&lt;/SecurityOverrideGuidance&gt;&lt;PotentialImpacts&gt;&lt;/PotentialImpacts&gt;&lt;ThirdPartyTools&gt;&lt;/ThirdPartyTools&gt;&lt;MitigationControl&gt;&lt;/MitigationControl&gt;&lt;Responsibility&gt;&lt;/Responsibility&gt;&lt;IAControls&gt;&lt;/IAControls&gt;</description>
      <ident system="http://cyber.mil/cci">CCI-000381</ident>
      <fixtext fixref="F-VCFO-9X-000034_fix">NGINX does not support removing static modules and must be recompiled without them in order to remove.

To remove a dynamic module, do the following:

Navigate to and open:

The nginx.conf (/etc/nginx/nginx.conf by default) file.

Remove or comment out the offending "load_module" directive, for example:

# load_module modules/ngx_http_dav_module.so;

Reload the NGINX configuration by running the following command:

# nginx -s reload</fixtext>
      <check system="N/A">
        <check-content>NGINX modules can be static or dynamic. Static modules are compiled into the NGINX binary and cannot be removed. Dynamic modules must be loaded in the configuration with the "load_module" directive to be used.

Verify NGINX is not compiled with the WebDAV module by running the following command:

# nginx -V 2&gt;&amp;1 | grep -P 'http_dav_module(?!=dynamic)'

View the running configuration to verify the WebDAV module is not dynamically loaded by running the following command:

# nginx -T 2&gt;&amp;1 | grep "^load_module"

Example output:

load_module modules/ngx_http_dav_module.so;

If either command returns any output indicating the WebDAV module is present, this is a finding.</check-content>
      </check>
    </Rule>
  </Group>
  <Group id="V-VCFO-9X-000001">
    <title>SRG-APP-000001-WSR-000001</title>
    <Rule id="SV-VCFO-9X-000001" severity="medium" weight="10.0">
      <version>VCFO-9X-000001</version>
      <title>The VMware Cloud Foundation Operations for Networks Platform NGINX server must limit the number of concurrent connections per server.</title>
      <description>&lt;VulnDiscussion&gt;Web server management includes the ability to control the number of users and user sessions that utilize a web server. Limiting the number of allowed users and sessions per user is helpful in limiting risks related to several types of Denial of Service attacks. 

Although there is some latitude concerning the settings themselves, the settings should follow DOD-recommended values, but the settings should be configurable to allow for future DOD direction. While the DOD will specify recommended values, the values can be adjusted to accommodate the operational requirement of a given system.&lt;/VulnDiscussion&gt;&lt;FalsePositives&gt;&lt;/FalsePositives&gt;&lt;FalseNegatives&gt;&lt;/FalseNegatives&gt;&lt;Documentable&gt;false&lt;/Documentable&gt;&lt;Mitigations&gt;&lt;/Mitigations&gt;&lt;SecurityOverrideGuidance&gt;&lt;/SecurityOverrideGuidance&gt;&lt;PotentialImpacts&gt;&lt;/PotentialImpacts&gt;&lt;ThirdPartyTools&gt;&lt;/ThirdPartyTools&gt;&lt;MitigationControl&gt;&lt;/MitigationControl&gt;&lt;Responsibility&gt;&lt;/Responsibility&gt;&lt;IAControls&gt;&lt;/IAControls&gt;</description>
      <ident system="http://cyber.mil/cci">CCI-000054</ident>
      <fixtext fixref="F-VCFO-9X-000001_fix">Navigate to and open:

The nginx.conf (/etc/nginx/nginx.conf by default) file.

Add the following or similar line(s) in the http context:

limit_conn_zone $server_name zone=per_server:10m;
limit_conn per_server 1000;

Reload the NGINX configuration by running the following command:

# nginx -s reload</fixtext>
      <check system="N/A">
        <check-content>Verify a shared memory zone has been established in the http context to track connections per server.

View the running configuration by running the following command:

# nginx -T 2&gt;&amp;1 | sed -n "/^http\s{/,/server\s{/p" | grep limit_conn

Example configuration:

http {
  limit_conn_zone $server_name zone=per_server:10m;
  limit_conn per_server 1000;
}

If the "limit_conn_zone" directive is not configured in the http context to limit connections per server, this is a finding.

If the "limit_conn" directive is not configured in the http context to limit connections per server, this is a finding.

Note: "limit_conn" directives under server or location contexts are acceptable to modify limits based on application needs as long as they are not disabled.</check-content>
      </check>
    </Rule>
  </Group>
  <Group id="V-VCFO-9X-000026">
    <title>SRG-APP-000141-WSR-000075</title>
    <Rule id="SV-VCFO-9X-000026" severity="medium" weight="10.0">
      <version>VCFO-9X-000026</version>
      <title>The VMware Cloud Foundation Operations for Networks Platform NGINX server must only contain modules necessary for operation.</title>
      <description>&lt;VulnDiscussion&gt;A web server can provide many features, services, and processes. Some of these may be deemed unnecessary or too unsecure to run on a production DOD system. 

The web server must provide the capability to disable, uninstall, or deactivate functionality and services that are deemed to be nonessential to the web server mission or can adversely impact server performance.

Satisfies: SRG-APP-000141-WSR-000080&lt;/VulnDiscussion&gt;&lt;FalsePositives&gt;&lt;/FalsePositives&gt;&lt;FalseNegatives&gt;&lt;/FalseNegatives&gt;&lt;Documentable&gt;false&lt;/Documentable&gt;&lt;Mitigations&gt;&lt;/Mitigations&gt;&lt;SecurityOverrideGuidance&gt;&lt;/SecurityOverrideGuidance&gt;&lt;PotentialImpacts&gt;&lt;/PotentialImpacts&gt;&lt;ThirdPartyTools&gt;&lt;/ThirdPartyTools&gt;&lt;MitigationControl&gt;&lt;/MitigationControl&gt;&lt;Responsibility&gt;&lt;/Responsibility&gt;&lt;IAControls&gt;&lt;/IAControls&gt;</description>
      <ident system="http://cyber.mil/cci">CCI-000381</ident>
      <fixtext fixref="F-VCFO-9X-000026_fix">NGINX does not support removing static modules and must be recompiled without them in order to remove.

To remove a dynamic module, do the following:

Navigate to and open:

The nginx.conf (/etc/nginx/nginx.conf by default) file.

Remove or comment out the offending "load_module" directive, for example:

# load_module modules/ngx_http_headers_more_filter_module.so;

Reload the NGINX configuration by running the following command:

# nginx -s reload</fixtext>
      <check system="N/A">
        <check-content>NGINX modules can be static or dynamic. Static modules are compiled into the NGINX binary and cannot be removed. Dynamic modules must be loaded in the configuration with the "load_module" directive to be used.

Verify NGINX is not compiled with unapproved modules.

View the compiled configuration by running the following command:

# nginx -V

Example output:

configure arguments: --with-compat --prefix=/usr/share/nginx --conf-path=/etc/nginx/nginx.conf --modules-path=/usr/share/nginx/modules --sbin-path=/usr/bin/nginx --user=www-data --http-client-body-temp-path=/tmp/client_body_temp --http-proxy-temp-path=/tmp/proxy_temp --http-fastcgi-temp-path=/tmp/fastcgi_temp --group=www-data --add-dynamic-module=/home/ubuntu/nginx-root/headers-more-nginx-module-0.34 --add-dynamic-module=/home/ubuntu/nginx-root/nginx-fips-check-module-master --without-http_scgi_module --without-http_uwsgi_module --without-http_fastcgi_module --with-http_auth_request_module --with-http_v2_module --with-perl=/usr/bin/perl --with-stream --with-http_ssl_module --with-http_stub_status_module --with-http_realip_module --with-openssl=/home/ubuntu/nginx-root/openssl-src/openssl-3.0.8 --with-openssl-opt='enable-fips --libdir=lib' --with-cc=/usr/bin/gcc --with-cpp=/usr/bin/g++ --error-log-path=/var/log/nginx/error.log --http-log-path=/var/log/nginx/access.log

Review the arguments that match "--with-&lt;module_name&gt;_module" for statically compiled modules. This does not include arguments appended with "=dynamic".

View the running configuration by running the following command:

# nginx -T 2&gt;&amp;1 | grep "^load_module"

Example output:

load_module modules/ngx_http_headers_more_filter_module.so;

The following modules are shipped with VCF Operations for Networks and can be considered the approved baseline:

"http_ssl", "http_auth_request", "http_stub_status", "http_v2", "http_realip","http_headers_more_filter"

If any modules are present that are not in the approved baseline, this is a finding.</check-content>
      </check>
    </Rule>
  </Group>
  <Group id="V-VCFO-9X-000040">
    <title>SRG-APP-000176-WSR-000096</title>
    <Rule id="SV-VCFO-9X-000040" severity="medium" weight="10.0">
      <version>VCFO-9X-000040</version>
      <title>The VMware Cloud Foundation Operations for Networks Platform NGINX server private keys must be protected from unauthorized access.</title>
      <description>&lt;VulnDiscussion&gt;The web server's private key is used to prove the identity of the server to clients and securely exchange the shared secret key used to encrypt communications between the web server and clients.

By gaining access to the private key, an attacker can pretend to be an authorized server and decrypt the SSL traffic between a client and the web server.

Satisfies: SRG-APP-000915-WSR-000310&lt;/VulnDiscussion&gt;&lt;FalsePositives&gt;&lt;/FalsePositives&gt;&lt;FalseNegatives&gt;&lt;/FalseNegatives&gt;&lt;Documentable&gt;false&lt;/Documentable&gt;&lt;Mitigations&gt;&lt;/Mitigations&gt;&lt;SecurityOverrideGuidance&gt;&lt;/SecurityOverrideGuidance&gt;&lt;PotentialImpacts&gt;&lt;/PotentialImpacts&gt;&lt;ThirdPartyTools&gt;&lt;/ThirdPartyTools&gt;&lt;MitigationControl&gt;&lt;/MitigationControl&gt;&lt;Responsibility&gt;&lt;/Responsibility&gt;&lt;IAControls&gt;&lt;/IAControls&gt;</description>
      <ident system="http://cyber.mil/cci">CCI-000186</ident>
      <fixtext fixref="F-VCFO-9X-000040_fix">At the command prompt, run the following:

# chmod 640 /etc/nginx/ssl/vnera.com.key
# chown root:root /etc/nginx/ssl/vnera.com.key</fixtext>
      <check system="N/A">
        <check-content>Verify file permissions on private keys.

View the defined SSL certificate keys by running the following command:

# nginx -T 2&gt;&amp;1 | grep ssl_certificate_key | grep -v "#"

Example output:

ssl_certificate_key /etc/nginx/ssl/vnera.com.key;

For each ssl_certificate_key returned, run the following command:

# stat -c "%n permisions are %a, is owned by %U and group owned by %G" /etc/nginx/ssl/vnera.com.key

Example output:

/etc/nginx/ssl/vnera.com.key permisions are 640, is owned by root and group owned by root

If any SSL key in use does not have permissions of 640 or more restrictive and owned by root and group owned by root, this is a finding.</check-content>
      </check>
    </Rule>
  </Group>
  <Group id="V-VCFO-9X-000062">
    <title>SRG-APP-000266-WSR-000142</title>
    <Rule id="SV-VCFO-9X-000062" severity="medium" weight="10.0">
      <version>VCFO-9X-000062</version>
      <title>The VMware Cloud Foundation Operations for Networks Platform NGINX server must disable directory listings.</title>
      <description>&lt;VulnDiscussion&gt;The goal is to completely control the web user's experience in navigating any portion of the web document root directories. Ensuring all web content directories have at least the equivalent of an index.html file is a significant factor to accomplish this end.

Enumeration techniques, such as URL parameter manipulation, rely upon being able to obtain information about the web server's directory structure by locating directories without default pages. In the scenario, the web server will display to the user a listing of the files in the directory being accessed. By having a default hosted application web page, the anonymous web user will not obtain directory browsing information or an error message that reveals the server type and version.

Satisfies: SRG-APP-000266-WSR-000142&lt;/VulnDiscussion&gt;&lt;FalsePositives&gt;&lt;/FalsePositives&gt;&lt;FalseNegatives&gt;&lt;/FalseNegatives&gt;&lt;Documentable&gt;false&lt;/Documentable&gt;&lt;Mitigations&gt;&lt;/Mitigations&gt;&lt;SecurityOverrideGuidance&gt;&lt;/SecurityOverrideGuidance&gt;&lt;PotentialImpacts&gt;&lt;/PotentialImpacts&gt;&lt;ThirdPartyTools&gt;&lt;/ThirdPartyTools&gt;&lt;MitigationControl&gt;&lt;/MitigationControl&gt;&lt;Responsibility&gt;&lt;/Responsibility&gt;&lt;IAControls&gt;&lt;/IAControls&gt;</description>
      <ident system="http://cyber.mil/cci">CCI-001312</ident>
      <fixtext fixref="F-VCFO-9X-000062_fix">Navigate to and open:

The nginx.conf (/etc/nginx/nginx.conf by default) file.

Remove any "autoindex" directives.

Reload the NGINX configuration by running the following command:

# nginx -s reload</fixtext>
      <check system="N/A">
        <check-content>Verify that no "autoindex" directives have been defined.

At the command line, run the following:

# nginx -T 2&gt;&amp;1 | grep "autoindex"

If the output includes any statements setting "autoindex" to "on", this is a finding.</check-content>
      </check>
    </Rule>
  </Group>
  <Group id="V-VCFO-9X-000007">
    <title>SRG-APP-000089-WSR-000047</title>
    <Rule id="SV-VCFO-9X-000007" severity="medium" weight="10.0">
      <version>VCFO-9X-000007</version>
      <title>The VMware Cloud Foundation Operations for Networks Platform NGINX server must generate log records for system events.</title>
      <description>&lt;VulnDiscussion&gt;Log records can be generated from various components within the web server (e.g., httpd, plug-ins to external backends, etc.). From a web server perspective, certain specific web server functionalities may be logged as well. The web server must allow the definition of what events are to be logged. As conditions change, the number and types of events to be logged may change, and the web server must be able to facilitate these changes.

The minimum list of logged events should be those pertaining to system startup and shutdown, system access, and system authentication events. If these events are not logged at a minimum, any type of forensic investigation would be missing pertinent information needed to replay what occurred.

Satisfies: SRG-APP-000092-WSR-000055&lt;/VulnDiscussion&gt;&lt;FalsePositives&gt;&lt;/FalsePositives&gt;&lt;FalseNegatives&gt;&lt;/FalseNegatives&gt;&lt;Documentable&gt;false&lt;/Documentable&gt;&lt;Mitigations&gt;&lt;/Mitigations&gt;&lt;SecurityOverrideGuidance&gt;&lt;/SecurityOverrideGuidance&gt;&lt;PotentialImpacts&gt;&lt;/PotentialImpacts&gt;&lt;ThirdPartyTools&gt;&lt;/ThirdPartyTools&gt;&lt;MitigationControl&gt;&lt;/MitigationControl&gt;&lt;Responsibility&gt;&lt;/Responsibility&gt;&lt;IAControls&gt;&lt;/IAControls&gt;</description>
      <ident system="http://cyber.mil/cci">CCI-000169</ident>
      <fixtext fixref="F-VCFO-9X-000007_fix">Navigate to and open:

The nginx.conf (/etc/nginx/nginx.conf by default) file.

Add the following line in the main context at the top of the file:

error_log /var/log/nginx/error.log info;

Reload the NGINX configuration by running the following command:

# nginx -s reload</fixtext>
      <check system="N/A">
        <check-content>View the running configuration by running the following command:

# nginx -T 2&gt;&amp;1 | grep "^error_log"

Example result:

error_log /var/log/nginx/error.log info;

If the output does not include the "error_log" directive in the main context and set to at least "info", this is a finding.</check-content>
      </check>
    </Rule>
  </Group>
  <Group id="V-VCFO-9X-000106">
    <title>SRG-APP-000516-WSR-000174</title>
    <Rule id="SV-VCFO-9X-000106" severity="medium" weight="10.0">
      <version>VCFO-9X-000106</version>
      <title>The VMware Cloud Foundation Operations for Networks Platform NGINX server must configure the Referrer-Policy header.</title>
      <description>&lt;VulnDiscussion&gt;A Referrer header may expose sensitive data in another web server's log if you use sensitive data in your URL parameters, such as personal information, username, and password or persistent sessions. Ultimately, depending on your application design, not using a properly configured Referrer Policy may allow session hijacking, credential gathering, or sensitive data exposure in a third party's logs.&lt;/VulnDiscussion&gt;&lt;FalsePositives&gt;&lt;/FalsePositives&gt;&lt;FalseNegatives&gt;&lt;/FalseNegatives&gt;&lt;Documentable&gt;false&lt;/Documentable&gt;&lt;Mitigations&gt;&lt;/Mitigations&gt;&lt;SecurityOverrideGuidance&gt;&lt;/SecurityOverrideGuidance&gt;&lt;PotentialImpacts&gt;&lt;/PotentialImpacts&gt;&lt;ThirdPartyTools&gt;&lt;/ThirdPartyTools&gt;&lt;MitigationControl&gt;&lt;/MitigationControl&gt;&lt;Responsibility&gt;&lt;/Responsibility&gt;&lt;IAControls&gt;&lt;/IAControls&gt;</description>
      <ident system="http://cyber.mil/cci">CCI-000366</ident>
      <fixtext fixref="F-VCFO-9X-000106_fix">Navigate to and open:

The nginx.conf (/etc/nginx/nginx.conf by default or the included file where the server is defined) file.

Add an add_header directive in the http context, for example:

add_header Referrer-Policy "no-referrer";

Reload the NGINX configuration by running the following command:

# nginx -s reload

Note: There can be several add_header directives. These directives are inherited from the previous configuration level if and only if there are no add_header directives defined on the current level so care must be taken if add_header is defined at multiple levels to include headers configured at a higher level.</fixtext>
      <check system="N/A">
        <check-content>Verify a header is configured to set a Referrer-Policy.

View the running configuration by running the following command:

# nginx -T 2&gt;&amp;1 | sed -n "/^http\s{/,/server\s{/p" | grep add_header

Example configuration:

server {
  add_header Referrer-Policy "no-referrer";
}

If a header is not configured as shown in the example in the http, server, or location context, this is a finding.

Note: There can be several add_header directives. These directives are inherited from the previous configuration level if and only if there are no add_header directives defined on the current level so care must be taken if add_header is defined at multiple levels to include headers configured at a higher level.</check-content>
      </check>
    </Rule>
  </Group>
  <Group id="V-VCFO-9X-000099">
    <title>SRG-APP-000516-WSR-000174</title>
    <Rule id="SV-VCFO-9X-000099" severity="medium" weight="10.0">
      <version>VCFO-9X-000099</version>
      <title>The VMware Cloud Foundation Operations for Networks Platform NGINX server must disable server side includes.</title>
      <description>&lt;VulnDiscussion&gt;Disabling server side includes prevents the exploitation of the web server by preventing the potential injection of scripts and remote code execution through the SSI functionality.&lt;/VulnDiscussion&gt;&lt;FalsePositives&gt;&lt;/FalsePositives&gt;&lt;FalseNegatives&gt;&lt;/FalseNegatives&gt;&lt;Documentable&gt;false&lt;/Documentable&gt;&lt;Mitigations&gt;&lt;/Mitigations&gt;&lt;SecurityOverrideGuidance&gt;&lt;/SecurityOverrideGuidance&gt;&lt;PotentialImpacts&gt;&lt;/PotentialImpacts&gt;&lt;ThirdPartyTools&gt;&lt;/ThirdPartyTools&gt;&lt;MitigationControl&gt;&lt;/MitigationControl&gt;&lt;Responsibility&gt;&lt;/Responsibility&gt;&lt;IAControls&gt;&lt;/IAControls&gt;</description>
      <ident system="http://cyber.mil/cci">CCI-000366</ident>
      <fixtext fixref="F-VCFO-9X-000099_fix">Navigate to and open:

The nginx.conf (/etc/nginx/nginx.conf by default or the included file where the directive was configured) file.

Remove the "ssi on;" statement.

Reload the NGINX configuration by running the following command:

# nginx -s reload</fixtext>
      <check system="N/A">
        <check-content>Verify server side includes are off.

View the running configuration by running the following command:

# nginx -T 2&gt;&amp;1 | grep "ssi"

Example configuration:

http {
  ssi off;
}

If the directive "ssi" is configured and set to on, this is a finding.

If the directive "ssi" is not configured, this is NOT a finding.

Note: The "ssi" directive is off by default if not explicitly defined.</check-content>
      </check>
    </Rule>
  </Group>
  <Group id="V-VCFO-9X-000100">
    <title>SRG-APP-000516-WSR-000174</title>
    <Rule id="SV-VCFO-9X-000100" severity="medium" weight="10.0">
      <version>VCFO-9X-000100</version>
      <title>The VMware Cloud Foundation Operations for Networks Platform NGINX server must not disable keep alive timeouts.</title>
      <description>&lt;VulnDiscussion&gt;The keep alive timeout sets a timeout during which a keep-alive client connection will stay open on the server side.

Setting a keep alive timeout on the server side helps mitigate denial of service attacks that establish too many persistent connections, exhausting server resources.&lt;/VulnDiscussion&gt;&lt;FalsePositives&gt;&lt;/FalsePositives&gt;&lt;FalseNegatives&gt;&lt;/FalseNegatives&gt;&lt;Documentable&gt;false&lt;/Documentable&gt;&lt;Mitigations&gt;&lt;/Mitigations&gt;&lt;SecurityOverrideGuidance&gt;&lt;/SecurityOverrideGuidance&gt;&lt;PotentialImpacts&gt;&lt;/PotentialImpacts&gt;&lt;ThirdPartyTools&gt;&lt;/ThirdPartyTools&gt;&lt;MitigationControl&gt;&lt;/MitigationControl&gt;&lt;Responsibility&gt;&lt;/Responsibility&gt;&lt;IAControls&gt;&lt;/IAControls&gt;</description>
      <ident system="http://cyber.mil/cci">CCI-000366</ident>
      <fixtext fixref="F-VCFO-9X-000100_fix">Navigate to and open:

The nginx.conf (/etc/nginx/nginx.conf by default or the included file where the directive was configured) file.

Remove or update the "keepalive_timeout" directive to a value &gt; 0 and &lt;= 75, for example:

keepalive_timeout 60s;

Reload the NGINX configuration by running the following command:

# nginx -s reload</fixtext>
      <check system="N/A">
        <check-content>Verify the keep alive timeout is not disabled.

View the running configuration by running the following command:

# nginx -T 2&gt;&amp;1 | grep "keepalive_timeout"

Example configuration:

http {
  keepalive_timeout 60s;
}

If the directive "keepalive_timeout" is configured and set to 0 or more than the default of 75, this is a finding.

If the directive "keepalive_timeout" is not configured, this is NOT a finding.</check-content>
      </check>
    </Rule>
  </Group>
  <Group id="V-VCFO-9X-000048">
    <title>SRG-APP-000223-WSR-000011</title>
    <Rule id="SV-VCFO-9X-000048" severity="medium" weight="10.0">
      <version>VCFO-9X-000048</version>
      <title>The VMware Cloud Foundation Operations for Networks Platform NGINX server must secure session cookies exchanged between NGINX and the client.</title>
      <description>&lt;VulnDiscussion&gt;Cookies are used to exchange data between the web server and the client. Cookies, such as a session cookie, may contain session information and user credentials used to maintain a persistent connection between the user and the hosted application since HTTP/HTTPS is a stateless protocol. 

When the cookie parameters are not set properly (i.e., domain and path parameters), cookies can be shared within hosted applications residing on the same web server or to applications hosted on different web servers residing on the same domain.

Satisfies: SRG-APP-000439-WSR-000155, SRG-APP-000439-WSR-000154&lt;/VulnDiscussion&gt;&lt;FalsePositives&gt;&lt;/FalsePositives&gt;&lt;FalseNegatives&gt;&lt;/FalseNegatives&gt;&lt;Documentable&gt;false&lt;/Documentable&gt;&lt;Mitigations&gt;&lt;/Mitigations&gt;&lt;SecurityOverrideGuidance&gt;&lt;/SecurityOverrideGuidance&gt;&lt;PotentialImpacts&gt;&lt;/PotentialImpacts&gt;&lt;ThirdPartyTools&gt;&lt;/ThirdPartyTools&gt;&lt;MitigationControl&gt;&lt;/MitigationControl&gt;&lt;Responsibility&gt;&lt;/Responsibility&gt;&lt;IAControls&gt;&lt;/IAControls&gt;</description>
      <ident system="http://cyber.mil/cci">CCI-001664</ident>
      <fixtext fixref="F-VCFO-9X-000048_fix">Navigate to and open:

The /etc/nginx/sites-available/vnera file.

Add or update the "add_header Set-Cookie" directive for the server context listening on port 443, for example:

server {
    listen 443 ssl;
    http2 on;

    add_header Set-Cookie "Path=/; HttpOnly; Secure";
}

Reload the NGINX configuration by running the following command:

# nginx -s reload

Note: There can be several add_header directives. These directives are inherited from the previous configuration level if and only if there are no add_header directives defined on the current level so care must be taken if add_header is defined at multiple levels to include headers configured at a higher level.</fixtext>
      <check system="N/A">
        <check-content>Verify a header is configured to configure session cookie security. This can be done by specifying the "HttpOnly" and "Secure" cookie options through the Set-Cookie header.

View the running configuration by running the following command:

# nginx -T 2&gt;&amp;1 | sed -n '/server\s{/{:a;N;/.*location/!ba;/listen.*\sssl/p}' | grep add_header

Example configuration:

server {
  add_header Set-Cookie "Path=/; HttpOnly; Secure";
}

If a "Set-Cookie" header is not configured for all servers and locations with the "HttpOnly" and "Secure" parameters, this is a finding.

Note: There can be several add_header directives. These directives are inherited from the previous configuration level if and only if there are no add_header directives defined on the current level so care must be taken if add_header is defined at multiple levels to include headers configured at a higher level.</check-content>
      </check>
    </Rule>
  </Group>
  <Group id="V-VCFO-9X-000078">
    <title>SRG-APP-000380-WSR-000072</title>
    <Rule id="SV-VCFO-9X-000078" severity="medium" weight="10.0">
      <version>VCFO-9X-000078</version>
      <title>The VMware Cloud Foundation Operations for Networks Platform NGINX server configuration files must only be accessible to privileged users.</title>
      <description>&lt;VulnDiscussion&gt;A web server can be modified through parameter modification, patch installation, upgrades to the web server or modules, and security parameter changes. With each of these changes, there is the potential for an adverse effect such as a DoS, web server instability, or hosted application instability.

To limit changes to the web server and limit exposure to any adverse effects from the changes, files such as the web server application files, libraries, and configuration files must have permissions and ownership set properly to only allow privileged users access.

Satisfies: SRG-APP-000340-WSR-000029, SRG-APP-000211-WSR-000030&lt;/VulnDiscussion&gt;&lt;FalsePositives&gt;&lt;/FalsePositives&gt;&lt;FalseNegatives&gt;&lt;/FalseNegatives&gt;&lt;Documentable&gt;false&lt;/Documentable&gt;&lt;Mitigations&gt;&lt;/Mitigations&gt;&lt;SecurityOverrideGuidance&gt;&lt;/SecurityOverrideGuidance&gt;&lt;PotentialImpacts&gt;&lt;/PotentialImpacts&gt;&lt;ThirdPartyTools&gt;&lt;/ThirdPartyTools&gt;&lt;MitigationControl&gt;&lt;/MitigationControl&gt;&lt;Responsibility&gt;&lt;/Responsibility&gt;&lt;IAControls&gt;&lt;/IAControls&gt;</description>
      <ident system="http://cyber.mil/cci">CCI-001813</ident>
      <fixtext fixref="F-VCFO-9X-000078_fix">At the command prompt, run the following:

# chmod 644 &lt;file&gt;
# chown root:root &lt;file&gt;

Repeat the command for each file that was returned.

Note: File permissions will vary by file type.</fixtext>
      <check system="N/A">
        <check-content>At the command prompt, run the following:

# find /etc/nginx -xdev -type f -a '(' -perm -o+w -o -not -user root -o -not -group root ')' -exec ls -ld {} \;

If any files are returned in the output, this is a finding.</check-content>
      </check>
    </Rule>
  </Group>
  <Group id="V-VCFO-9X-000103">
    <title>SRG-APP-000516-WSR-000174</title>
    <Rule id="SV-VCFO-9X-000103" severity="medium" weight="10.0">
      <version>VCFO-9X-000103</version>
      <title>The VMware Cloud Foundation Operations for Networks Platform NGINX server must prevent rendering inside a frame or iframe on another site.</title>
      <description>&lt;VulnDiscussion&gt;Clickjacking, also known as a “UI redress attack”, is when an attacker uses multiple transparent or opaque layers to trick a user into clicking on a button or link on another page when they were intending to click on the top level page. Thus, the attacker is “hijacking” clicks meant for their page and routing them to another page, most likely owned by another application, domain, or both.

Using a similar technique, keystrokes can also be hijacked. With a carefully crafted combination of stylesheets, iframes, and text boxes, a user can be led to believe they are typing in the password to their email or bank account, but are instead typing into an invisible frame controlled by the attacker.&lt;/VulnDiscussion&gt;&lt;FalsePositives&gt;&lt;/FalsePositives&gt;&lt;FalseNegatives&gt;&lt;/FalseNegatives&gt;&lt;Documentable&gt;false&lt;/Documentable&gt;&lt;Mitigations&gt;&lt;/Mitigations&gt;&lt;SecurityOverrideGuidance&gt;&lt;/SecurityOverrideGuidance&gt;&lt;PotentialImpacts&gt;&lt;/PotentialImpacts&gt;&lt;ThirdPartyTools&gt;&lt;/ThirdPartyTools&gt;&lt;MitigationControl&gt;&lt;/MitigationControl&gt;&lt;Responsibility&gt;&lt;/Responsibility&gt;&lt;IAControls&gt;&lt;/IAControls&gt;</description>
      <ident system="http://cyber.mil/cci">CCI-000366</ident>
      <fixtext fixref="F-VCFO-9X-000103_fix">Navigate to and open:

The nginx.conf (/etc/nginx/nginx.conf by default or the included file where the server is defined) file.

Add an add_header directive in the http context, for example:

add_header X-Frame-Options "SAMEORIGIN";

Reload the NGINX configuration by running the following command:

# nginx -s reload

Note: There can be several add_header directives. These directives are inherited from the previous configuration level if and only if there are no add_header directives defined on the current level so care must be taken if add_header is defined at multiple levels to include headers configured at a higher level.</fixtext>
      <check system="N/A">
        <check-content>Verify a header is configured to set X-Frame-Options.

View the running configuration by running the following command:

# nginx -T 2&gt;&amp;1 | sed -n "/^http\s{/,/server\s{/p" | grep add_header

Example configuration:

http {
  add_header X-Frame-Options "SAMEORIGIN";
}

If a header is not configured as shown in the example in the http, server, or location context, this is a finding.

Note: There can be several add_header directives. These directives are inherited from the previous configuration level if and only if there are no add_header directives defined on the current level so care must be taken if add_header is defined at multiple levels to include headers configured at a higher level.</check-content>
      </check>
    </Rule>
  </Group>
  <Group id="V-VCFO-9X-000025">
    <title>SRG-APP-000141-WSR-000015</title>
    <Rule id="SV-VCFO-9X-000025" severity="medium" weight="10.0">
      <version>VCFO-9X-000025</version>
      <title>The VMware Cloud Foundation Operations for Networks Platform NGINX server must not perform user management for hosted applications.</title>
      <description>&lt;VulnDiscussion&gt;User management and authentication can be an essential part of any application hosted by the web server. Along with authenticating users, the user management function must perform several other tasks like password complexity, locking users after a configurable number of failed logins, and management of temporary and emergency accounts; and all of this must be done enterprise-wide.

The web server contains a minimal user management function, but the web server user management function does not offer enterprise-wide user management, and user management is not the primary function of the web server. User management for the hosted applications should be done through a facility that is built for enterprise-wide user management, like LDAP and Active Directory.&lt;/VulnDiscussion&gt;&lt;FalsePositives&gt;&lt;/FalsePositives&gt;&lt;FalseNegatives&gt;&lt;/FalseNegatives&gt;&lt;Documentable&gt;false&lt;/Documentable&gt;&lt;Mitigations&gt;&lt;/Mitigations&gt;&lt;SecurityOverrideGuidance&gt;&lt;/SecurityOverrideGuidance&gt;&lt;PotentialImpacts&gt;&lt;/PotentialImpacts&gt;&lt;ThirdPartyTools&gt;&lt;/ThirdPartyTools&gt;&lt;MitigationControl&gt;&lt;/MitigationControl&gt;&lt;Responsibility&gt;&lt;/Responsibility&gt;&lt;IAControls&gt;&lt;/IAControls&gt;</description>
      <ident system="http://cyber.mil/cci">CCI-000381</ident>
      <fixtext fixref="F-VCFO-9X-000025_fix">Determine if the "auth_basic" and "auth_basic_user_file" directives are needed or can be safely removed.

If they can be safely removed navigate to and open:

The nginx.conf (/etc/nginx/nginx.conf by default or the included file where the server is defined) file.

Remove the auth_basic* directives where defined.

Reload the NGINX configuration by running the following command:

# nginx -s reload

If they cannot be safely removed without affecting the web site then a migration plan to a more suitable authentication strategy must be devised and implemented that offloads user management functionality to an enterprise-wide solution.</fixtext>
      <check system="N/A">
        <check-content>Verify basic authentication is not enabled.

View the running configuration by running the following command:

#  nginx -T 2&gt;&amp;1 | grep -E "^\s+auth_basic"

If any lines are returned indicating basic authentication is enabled, this is a finding.</check-content>
      </check>
    </Rule>
  </Group>
  <Group id="V-VCFO-9X-000003">
    <title>SRG-APP-000014-WSR-000006</title>
    <Rule id="SV-VCFO-9X-000003" severity="medium" weight="10.0">
      <version>VCFO-9X-000003</version>
      <title>The VMware Cloud Foundation Operations for Networks Platform NGINX server must enable SSL on external server contexts.</title>
      <description>&lt;VulnDiscussion&gt;The web server has several remote communications channels. Examples are user requests via http/https, communication to a backend database, or communication to authenticate users. The encryption used to communicate must match the data that is being retrieved or presented.

Methods of communication are http for publicly displayed information, https to encrypt when user data is being transmitted, VPN tunneling, or other encryption methods to a database.

Satisfies: SRG-APP-000439-WSR-000152, SRG-APP-000172-WSR-000104&lt;/VulnDiscussion&gt;&lt;FalsePositives&gt;&lt;/FalsePositives&gt;&lt;FalseNegatives&gt;&lt;/FalseNegatives&gt;&lt;Documentable&gt;false&lt;/Documentable&gt;&lt;Mitigations&gt;&lt;/Mitigations&gt;&lt;SecurityOverrideGuidance&gt;&lt;/SecurityOverrideGuidance&gt;&lt;PotentialImpacts&gt;&lt;/PotentialImpacts&gt;&lt;ThirdPartyTools&gt;&lt;/ThirdPartyTools&gt;&lt;MitigationControl&gt;&lt;/MitigationControl&gt;&lt;Responsibility&gt;&lt;/Responsibility&gt;&lt;IAControls&gt;&lt;/IAControls&gt;</description>
      <ident system="http://cyber.mil/cci">CCI-000068</ident>
      <fixtext fixref="F-VCFO-9X-000003_fix">Navigate to and open:

The /etc/nginx/sites-available/vnera file.

Add the ssl option to the server's listen directive, for example:

listen 443 ssl;

Reload the NGINX configuration by running the following command:

# nginx -s reload

Note: The ssl_certificate and ssl_certificate_key also need to be defined in order for SSL to work.</fixtext>
      <check system="N/A">
        <check-content>If a server context is not listening on an externally accessible interface, this is Not Applicable for that server context.

Verify ssl is enabled for each server context.

View the running configuration by running the following command:

# nginx -T 2&gt;&amp;1 | sed -n '/server\s{/{:a;N;/.*location/!ba;/listen.*/p}' | grep listen | grep -vE '80|#'

Example configuration:

listen localhost:6060;
listen localhost:3100;
listen 443 ssl http2;
listen localhost:7070;
listen localhost:7071;
listen localhost:7074;
listen localhost:7072;

If the "ssl" option is not specified on the listen directive for a server context that is externally accessible, this is a finding.</check-content>
      </check>
    </Rule>
  </Group>
  <Group id="V-VCFO-9X-000004">
    <title>SRG-APP-000015-WSR-000014</title>
    <Rule id="SV-VCFO-9X-000004" severity="medium" weight="10.0">
      <version>VCFO-9X-000004</version>
      <title>The VMware Cloud Foundation Operations for Networks Platform NGINX server must implement HTTP Strict Transport Security (HSTS) to protect the integrity of remote sessions of external server contexts.</title>
      <description>&lt;VulnDiscussion&gt;HTTP Strict Transport Security (HSTS) instructs web browsers to only use secure connections for all future requests when communicating with a web site. Doing so helps prevent SSL protocol attacks, SSL stripping, cookie hijacking, and other attempts to circumvent SSL protection.&lt;/VulnDiscussion&gt;&lt;FalsePositives&gt;&lt;/FalsePositives&gt;&lt;FalseNegatives&gt;&lt;/FalseNegatives&gt;&lt;Documentable&gt;false&lt;/Documentable&gt;&lt;Mitigations&gt;&lt;/Mitigations&gt;&lt;SecurityOverrideGuidance&gt;&lt;/SecurityOverrideGuidance&gt;&lt;PotentialImpacts&gt;&lt;/PotentialImpacts&gt;&lt;ThirdPartyTools&gt;&lt;/ThirdPartyTools&gt;&lt;MitigationControl&gt;&lt;/MitigationControl&gt;&lt;Responsibility&gt;&lt;/Responsibility&gt;&lt;IAControls&gt;&lt;/IAControls&gt;</description>
      <ident system="http://cyber.mil/cci">CCI-001453</ident>
      <fixtext fixref="F-VCFO-9X-000004_fix">Navigate to and open:

The nginx.conf (/etc/nginx/nginx.conf by default or the included file where the server is defined) file.

Add a add_header directive, for example:

add_header Strict-Transport-Security "max-age=31536000" always;

Reload the NGINX configuration by running the following command:

# nginx -s reload

Note: There can be several add_header directives. These directives are inherited from the previous configuration level if and only if there are no add_header directives defined on the current level so care must be taken if add_header is defined at multiple levels to include headers configured at a higher level.</fixtext>
      <check system="N/A">
        <check-content>Verify a header is present to configure HSTS.

View the running configuration by running the following command:

# nginx -T 2&gt;&amp;1 | sed -n '/server\s{/{:a;N;/.*location/!ba;/listen.*\sssl/p}'

Example configuration:

server {
  add_header Strict-Transport-Security max-age=15768000;
}

or

server {
   add_header Strict-Transport-Security "max-age=31536000" always;
}

If an HSTS header is not configured for all servers and locations with SSL enabled, this is a finding.

Note: There can be several add_header directives. These directives are inherited from the previous configuration level if and only if there are no add_header directives defined on the current level so care must be taken if add_header is defined at multiple levels to include headers configured at a higher level.</check-content>
      </check>
    </Rule>
  </Group>
  <Group id="V-VCFO-9X-000010">
    <title>SRG-APP-000095-WSR-000056</title>
    <Rule id="SV-VCFO-9X-000010" severity="medium" weight="10.0">
      <version>VCFO-9X-000010</version>
      <title>The VMware Cloud Foundation Operations for Networks Platform NGINX server must produce log records containing sufficient information to establish what type of events occurred.</title>
      <description>&lt;VulnDiscussion&gt;Web server logging capability is critical for accurate forensic analysis. Without sufficient and accurate information, a correct replay of the events cannot be determined. 

Ascertaining the correct type of event that occurred is important during forensic analysis. The correct determination of the event and when it occurred is important in relation to other events that happened at that same time. 

Without sufficient information establishing what type of log event occurred, investigation into the cause of event is severely hindered. Log record content that may be necessary to satisfy the requirement of this control includes, but is not limited to, time stamps, source and destination IP addresses, user/process identifiers, event descriptions, application-specific events, success/fail indications, file names involved, access control, or flow control rules invoked.

Satisfies: SRG-APP-000098-WSR-000059, SRG-APP-000375-WSR-000171, SRG-APP-000100-WSR-000064, SRG-APP-000096-WSR-000057, SRG-APP-000098-WSR-000060, SRG-APP-000099-WSR-000061, SRG-APP-000097-WSR-000058&lt;/VulnDiscussion&gt;&lt;FalsePositives&gt;&lt;/FalsePositives&gt;&lt;FalseNegatives&gt;&lt;/FalseNegatives&gt;&lt;Documentable&gt;false&lt;/Documentable&gt;&lt;Mitigations&gt;&lt;/Mitigations&gt;&lt;SecurityOverrideGuidance&gt;&lt;/SecurityOverrideGuidance&gt;&lt;PotentialImpacts&gt;&lt;/PotentialImpacts&gt;&lt;ThirdPartyTools&gt;&lt;/ThirdPartyTools&gt;&lt;MitigationControl&gt;&lt;/MitigationControl&gt;&lt;Responsibility&gt;&lt;/Responsibility&gt;&lt;IAControls&gt;&lt;/IAControls&gt;</description>
      <ident system="http://cyber.mil/cci">CCI-000130</ident>
      <fixtext fixref="F-VCFO-9X-000010_fix">Navigate to and open:

The nginx.conf (/etc/nginx/nginx.conf by default) file.

Add the following or similar in the http context:

log_format main_json '{"time": "$time_iso8601", '
	'"remote_addr": "$remote_addr", '
	'"remote_user": "$remote_user", '
	'"request": "$request", '
	'"request_length(bytes)": "$request_length", '
	'"request_time(s)": "$request_time", '
	'"bytes_sent": "$bytes_sent", '
	'"body_bytes_sent": "$body_bytes_sent", '
	'"upstream_response_time(s)": "$upstream_response_time", '
	'"status": "$status", '
	'"http_referrer": "$http_referer", '
	'"http_user_agent": "$http_user_agent", '
	'"http_x_forwarded_for": "$http_x_forwarded_for", '
	'"http_x_originating_url": "$http_x_originating_url", '
	'"host": "$host", '
	'"proxy_host": "$proxy_host", '
	'"gzip_ratio": "$gzip_ratio"}';

Reload the NGINX configuration by running the following command:

# nginx -s reload</fixtext>
      <check system="N/A">
        <check-content>Verify the log format has been enabled in the http context.

View the running configuration by running the following command:

# nginx -T 2&gt;&amp;1 | sed -n "/^http\s{/,/server\s{/p" | sed -n "/log_format\s.*/,/;/p"

Example configuration:

http {
    log_format main_json '{"time": "$time_iso8601", '
	'"remote_addr": "$remote_addr", '
	'"remote_user": "$remote_user", '
	'"request": "$request", '
	'"request_length(bytes)": "$request_length", '
	'"request_time(s)": "$request_time", '
	'"bytes_sent": "$bytes_sent", '
	'"body_bytes_sent": "$body_bytes_sent", '
	'"upstream_response_time(s)": "$upstream_response_time", '
	'"status": "$status", '
	'"http_referrer": "$http_referer", '
	'"http_user_agent": "$http_user_agent", '
	'"http_x_forwarded_for": "$http_x_forwarded_for", '
	'"http_x_originating_url": "$http_x_originating_url", '
	'"host": "$host", '
	'"proxy_host": "$proxy_host", '
	'"gzip_ratio": "$gzip_ratio"}';
}

If the log_format directive is not configured in the http context and contain at least the variables shown in the example, this is a finding.

Note: "$time_iso8601" is also acceptable instead of "$time_local".</check-content>
      </check>
    </Rule>
  </Group>
  <Group id="V-VCFO-9X-000047">
    <title>SRG-APP-000220-WSR-000201</title>
    <Rule id="SV-VCFO-9X-000047" severity="medium" weight="10.0">
      <version>VCFO-9X-000047</version>
      <title>The VMware Cloud Foundation Operations for Networks Platform NGINX server must invalidate session identifiers upon hosted application user logout or other session termination.</title>
      <description>&lt;VulnDiscussion&gt;Captured sessions can be reused in "replay" attacks. This requirement limits the ability of adversaries from capturing and continuing to employ previously valid session IDs.

Session IDs are tokens generated by web applications to uniquely identify an application user's session. Unique session IDs help to reduce predictability of said identifiers. When a user logs out, or when any other session termination event occurs, the web server must terminate the user session to minimize the potential for an attacker to hijack that particular user session.

Satisfies: SRG-APP-000295-WSR-000134, SRG-APP-000295-WSR-000012&lt;/VulnDiscussion&gt;&lt;FalsePositives&gt;&lt;/FalsePositives&gt;&lt;FalseNegatives&gt;&lt;/FalseNegatives&gt;&lt;Documentable&gt;false&lt;/Documentable&gt;&lt;Mitigations&gt;&lt;/Mitigations&gt;&lt;SecurityOverrideGuidance&gt;&lt;/SecurityOverrideGuidance&gt;&lt;PotentialImpacts&gt;&lt;/PotentialImpacts&gt;&lt;ThirdPartyTools&gt;&lt;/ThirdPartyTools&gt;&lt;MitigationControl&gt;&lt;/MitigationControl&gt;&lt;Responsibility&gt;&lt;/Responsibility&gt;&lt;IAControls&gt;&lt;/IAControls&gt;</description>
      <ident system="http://cyber.mil/cci">CCI-001185</ident>
      <fixtext fixref="F-VCFO-9X-000047_fix">Navigate to and open:

The nginx.conf (/etc/nginx/nginx.conf by default) file.

Update the following line in the http/server context where defined or remove it completely from any http/server contexts:

ssl_session_timeout 5m;

Reload the NGINX configuration by running the following command:

# nginx -s reload</fixtext>
      <check system="N/A">
        <check-content>Verify a session timeout is configured in the http context.

View the running configuration by running the following command:

# nginx -T 2&gt;&amp;1 | grep ssl_session_timeout

Example configuration:

http {
  ssl_session_timeout 5m;
}

If the "ssl_session_timeout" directive is configured in the http context and not 10 minutes or less, this is a finding.

If the "ssl_session_timeout" directive is NOT configured in the http context and any server contexts, this is NOT a finding.

Note: The default value of "ssl_session_timeout" if not specified is 5 minutes.</check-content>
      </check>
    </Rule>
  </Group>
  <Group id="V-VCFO-9X-000063">
    <title>SRG-APP-000266-WSR-000159</title>
    <Rule id="SV-VCFO-9X-000063" severity="medium" weight="10.0">
      <version>VCFO-9X-000063</version>
      <title>The VMware Cloud Foundation Operations for Networks Platform NGINX server must minimize the identity of the web server in information displayed to clients.</title>
      <description>&lt;VulnDiscussion&gt;Information needed by an attacker to begin looking for possible vulnerabilities in a web server includes any information about the web server, backend systems being accessed, and plug-ins or modules being used. 

Web servers will often display error messages to client users displaying enough information to aid in the debugging of the error. The information given back in error messages may display the web server type, version, patches installed, plug-ins and modules installed, type of code being used by the hosted application, and any backends being used for data storage. 

This information could be used by an attacker to blueprint what type of attacks might be successful. The information given to users must be minimized to not aid in the blueprinting of the web server.

Satisfies: SRG-APP-000266-WSR-000160&lt;/VulnDiscussion&gt;&lt;FalsePositives&gt;&lt;/FalsePositives&gt;&lt;FalseNegatives&gt;&lt;/FalseNegatives&gt;&lt;Documentable&gt;false&lt;/Documentable&gt;&lt;Mitigations&gt;&lt;/Mitigations&gt;&lt;SecurityOverrideGuidance&gt;&lt;/SecurityOverrideGuidance&gt;&lt;PotentialImpacts&gt;&lt;/PotentialImpacts&gt;&lt;ThirdPartyTools&gt;&lt;/ThirdPartyTools&gt;&lt;MitigationControl&gt;&lt;/MitigationControl&gt;&lt;Responsibility&gt;&lt;/Responsibility&gt;&lt;IAControls&gt;&lt;/IAControls&gt;</description>
      <ident system="http://cyber.mil/cci">CCI-001312</ident>
      <fixtext fixref="F-VCFO-9X-000063_fix">Navigate to and open:

The nginx.conf (/etc/nginx/nginx.conf by default) file.

Add or update the following line in the http context:

server_tokens off;

Remove any "server_token" lines that are present in server or location contexts.

Reload the NGINX configuration by running the following command:

# nginx -s reload</fixtext>
      <check system="N/A">
        <check-content>Verify NGINX is configured to minimize the identity of server information displayed to clients.

View the running configuration by running the following command:

# nginx -T 2&gt;&amp;1 | sed -n "/^http\s{/,/server\s{/p" | grep server_tokens

Example configuration:

http {
  server_tokens off;
}

If "server_tokens" is not configured to "off" in the http context, this is a finding.

If any server or location contexts configure "server_tokens" to "on", this is a finding.</check-content>
      </check>
    </Rule>
  </Group>
  <Group id="V-VCFO-9X-000096">
    <title>SRG-APP-000516-WSR-000174</title>
    <Rule id="SV-VCFO-9X-000096" severity="medium" weight="10.0">
      <version>VCFO-9X-000096</version>
      <title>The VMware Cloud Foundation Operations for Networks Platform NGINX server must remove the default web site configuration.</title>
      <description>&lt;VulnDiscussion&gt;After installation, an NGINX default website is configured to listen on port 80 and serves a generic page indicating that the NGINX server is working. This page contains information that reveals details about the server, is over an insecure connection, and must be removed.&lt;/VulnDiscussion&gt;&lt;FalsePositives&gt;&lt;/FalsePositives&gt;&lt;FalseNegatives&gt;&lt;/FalseNegatives&gt;&lt;Documentable&gt;false&lt;/Documentable&gt;&lt;Mitigations&gt;&lt;/Mitigations&gt;&lt;SecurityOverrideGuidance&gt;&lt;/SecurityOverrideGuidance&gt;&lt;PotentialImpacts&gt;&lt;/PotentialImpacts&gt;&lt;ThirdPartyTools&gt;&lt;/ThirdPartyTools&gt;&lt;MitigationControl&gt;&lt;/MitigationControl&gt;&lt;Responsibility&gt;&lt;/Responsibility&gt;&lt;IAControls&gt;&lt;/IAControls&gt;</description>
      <ident system="http://cyber.mil/cci">CCI-000366</ident>
      <fixtext fixref="F-VCFO-9X-000096_fix">At the command prompt, run the following:

# rm /etc/nginx/sites-enabled/default

Reload the NGINX configuration by running the following command:

# nginx -s reload</fixtext>
      <check system="N/A">
        <check-content>Verify the default NGINX web site configuration is not enabled.

At the command prompt, run the following:

# ls -la /etc/nginx/sites-enabled/

Example output:

lrwxrwxrwx 1 root root   34 Mar  1 15:18 default -&gt; /etc/nginx/sites-enabled/default

If the output shows that the default web site is enabled, this is a finding.</check-content>
      </check>
    </Rule>
  </Group>
</Benchmark>
