<?xml version="1.0" encoding="UTF-8"?><?xml-stylesheet type="text/xsl" href="STIG_unclass.xsl"?>
<Benchmark xmlns:dc="http://purl.org/dc/elements/1.1/" xmlns:xsi="http://www.w3.org/2001/XMLSchema-instance" xmlns:cpe="http://cpe.mitre.org/language/2.0" xmlns:xhtml="http://www.w3.org/1999/xhtml" xmlns:dsig="http://www.w3.org/2000/09/xmldsig#" xsi:schemaLocation="http://checklists.nist.gov/xccdf/1.1 http://nvd.nist.gov/schema/xccdf-1.1.4.xsdhttp://cpe.mitre.org/dictionary/2.0 http://cpe.mitre.org/files/cpe-dictionary_2.1.xsd" id="Controller" xml:lang="en" xmlns="http://checklists.nist.gov/xccdf/1.1">
  <status date="2023-10-10">draft</status>
  <title>VMware NSX Advanced Load Balancer Controller STIG Readiness Guide</title>
  <description>VMware NSX Advanced Load Balancer Controller STIG Readiness Guide</description>
  <notice id="terms-of-use" xml:lang="en"/>
  <front-matter xml:lang="en"/>
  <rear-matter xml:lang="en"/>
  <reference href="">
    <dc:publisher/>
    <dc:source/>
  </reference>
  <plain-text id="release-info">Release: 1 Benchmark Date: 10 Oct 2023</plain-text>
  <plain-text id="generator">3.2.2.36079</plain-text>
  <plain-text id="conventionsVersion">1.10.0</plain-text>
  <version>1</version>
  <Group id="V-NALB-CO-000079">
    <title>SRG-APP-000435-NDM-000315</title>
    <Rule id="SV-NALB-CO-000079" severity="medium" weight="10.0">
      <version>NALB-CO-000079</version>
      <title>The NSX Advanced Load Balancer Controller must be configured to protect against known types of denial-of-service (DoS) attacks by configuring an account lock timeout.</title>
      <description>&lt;VulnDiscussion&gt;DoS is a condition when a resource is not available for legitimate users. When this occurs, the organization either cannot accomplish its mission or must operate at degraded capacity.

This requirement addresses the configuration of network devices to mitigate the impact of DoS attacks that have occurred or are ongoing on device availability. For each network device, known and potential DoS attacks must be identified and solutions for each type implemented. A variety of technologies exist to limit or, in some cases, eliminate the effects of DoS attacks (e.g., limiting processes or restricting the number of sessions the device opens at one time). Employing increased capacity and bandwidth, combined with service redundancy, may reduce the susceptibility to some DoS attacks.

The security safeguards cannot be defined at the DoD level because they vary according to the capabilities of the individual network devices and the security controls applied on the adjacent networks (for example, firewalls performing packet filtering to block DoS attacks).&lt;/VulnDiscussion&gt;&lt;FalsePositives&gt;&lt;/FalsePositives&gt;&lt;FalseNegatives&gt;&lt;/FalseNegatives&gt;&lt;Documentable&gt;false&lt;/Documentable&gt;&lt;Mitigations&gt;&lt;/Mitigations&gt;&lt;SecurityOverrideGuidance&gt;&lt;/SecurityOverrideGuidance&gt;&lt;PotentialImpacts&gt;&lt;/PotentialImpacts&gt;&lt;ThirdPartyTools&gt;&lt;/ThirdPartyTools&gt;&lt;MitigationControl&gt;&lt;/MitigationControl&gt;&lt;Responsibility&gt;&lt;/Responsibility&gt;&lt;IAControls&gt;&lt;/IAControls&gt;</description>
      <ident system="http://cyber.mil/cci">CCI-002385</ident>
      <fixtext fixref="F-NALB-CO-000079_fix">To update the "Default-User-Account-Profile" profile do the following:

From the NSX ALB Controller web interface go to Administration &gt;&gt; Accounts &gt;&gt; User Profiles.

Click the edit icon next to the "Default-User-Account-Profile" profile.

Update the "Account Lock Timeout" value to 0 and click Save.

To update a user to use the "Default-User-Account-Profile" profile do the following:

From the NSX ALB Controller web interface go to Administration &gt;&gt; Accounts &gt;&gt; Users.

Click the edit icon next to the user.

Update the "User Profile" setting to "Default-User-Account-Profile" and click Save.</fixtext>
      <check system="N/A">
        <check-content>Review the default user account profile to verify account lock timeout is set to 0 and verify it is applied to all local users.

From the NSX ALB Controller web interface go to Administration &gt;&gt; Accounts &gt;&gt; User Profiles.

Select edit on the "Default-User-Account-Profile" to view the configuration.

If "Account Lock Timeout" is not set to 0, this is a finding.

From the NSX ALB Controller web interface go to Administration &gt;&gt; Accounts &gt;&gt; Users.

Verify each user has the "Default-User-Account-Profile" applied.

If the "Default-User-Account-Profile" is not applied to all users, this is a finding.</check-content>
      </check>
    </Rule>
  </Group>
  <Group id="V-NALB-CO-000001">
    <title>SRG-APP-000001-NDM-000200</title>
    <Rule id="SV-NALB-CO-000001" severity="medium" weight="10.0">
      <version>NALB-CO-000001</version>
      <title>The NSX Advanced Load Balancer Controller must limit the number of concurrent sessions to 5 for each administrator account and/or administrator account type.</title>
      <description>&lt;VulnDiscussion&gt;Device management includes the ability to control the number of administrators and management sessions that manage a device. Limiting the number of allowed administrators and sessions per administrator based on account type, role, or access type is helpful in limiting risks related to DoS attacks.

This requirement addresses concurrent sessions for administrative accounts and does not address concurrent sessions by a single administrator via multiple administrative accounts.&lt;/VulnDiscussion&gt;&lt;FalsePositives&gt;&lt;/FalsePositives&gt;&lt;FalseNegatives&gt;&lt;/FalseNegatives&gt;&lt;Documentable&gt;false&lt;/Documentable&gt;&lt;Mitigations&gt;&lt;/Mitigations&gt;&lt;SecurityOverrideGuidance&gt;&lt;/SecurityOverrideGuidance&gt;&lt;PotentialImpacts&gt;&lt;/PotentialImpacts&gt;&lt;ThirdPartyTools&gt;&lt;/ThirdPartyTools&gt;&lt;MitigationControl&gt;&lt;/MitigationControl&gt;&lt;Responsibility&gt;&lt;/Responsibility&gt;&lt;IAControls&gt;&lt;/IAControls&gt;</description>
      <ident system="http://cyber.mil/cci">CCI-000054</ident>
      <fixtext fixref="F-NALB-CO-000001_fix">To update the "Default-User-Account-Profile" profile do the following:

From the NSX ALB Controller web interface go to Administration &gt;&gt; Accounts &gt;&gt; User Profiles.

Click the edit icon next to the "Default-User-Account-Profile" profile.

Update the "Max Concurrent Sessions" value to 5 and click Save.

To update a user to use the "Default-User-Account-Profile" profile do the following:

From the NSX ALB Controller web interface go to Administration &gt;&gt; Accounts &gt;&gt; Users.

Click the edit icon next to the user.

Update the "User Profile" setting to "Default-User-Account-Profile" and click Save.</fixtext>
      <check system="N/A">
        <check-content>Review the default user account profile to verify max concurrent sessions is set to 5 and verify it is applied to all local users.

From the NSX ALB Controller web interface go to Administration &gt;&gt; Accounts &gt;&gt; User Profiles.

Select edit on the "Default-User-Account-Profile" to view the configuration.

If "Max Concurrent Sessions" is not set to 5 or less, this is a finding.

From the NSX ALB Controller web interface go to Administration &gt;&gt; Accounts &gt;&gt; Users.

Verify each user has the "Default-User-Account-Profile" applied.

If the "Default-User-Account-Profile" is not applied to all users, this is a finding.</check-content>
      </check>
    </Rule>
  </Group>
  <Group id="V-NALB-CO-000094">
    <title>SRG-APP-000516-NDM-000344</title>
    <Rule id="SV-NALB-CO-000094" severity="medium" weight="10.0">
      <version>NALB-CO-000094</version>
      <title>The NSX Advanced Load Balancer Controller must obtain its public key certificates from an approved certificate authority.</title>
      <description>&lt;VulnDiscussion&gt;For user certificates, each organization obtains certificates from an approved, shared service provider, as required by OMB policy. For federal agencies operating a legacy public key infrastructure cross-certified with the Federal Bridge Certification Authority at medium assurance or higher, this Certification Authority will suffice.&lt;/VulnDiscussion&gt;&lt;FalsePositives&gt;&lt;/FalsePositives&gt;&lt;FalseNegatives&gt;&lt;/FalseNegatives&gt;&lt;Documentable&gt;false&lt;/Documentable&gt;&lt;Mitigations&gt;&lt;/Mitigations&gt;&lt;SecurityOverrideGuidance&gt;&lt;/SecurityOverrideGuidance&gt;&lt;PotentialImpacts&gt;&lt;/PotentialImpacts&gt;&lt;ThirdPartyTools&gt;&lt;/ThirdPartyTools&gt;&lt;MitigationControl&gt;&lt;/MitigationControl&gt;&lt;Responsibility&gt;&lt;/Responsibility&gt;&lt;IAControls&gt;&lt;/IAControls&gt;</description>
      <ident system="http://cyber.mil/cci">CCI-000366</ident>
      <fixtext fixref="F-NALB-CO-000094_fix">To update the certificate used for the NSX ALB Controller web interface do the following:

If an approved certificate has not been imported, from the NSX ALB Controller web interface go to Templates &gt;&gt; Security &gt;&gt; SSL/TLS Certificates.

Click Create.

Select either CSR to generate a certificate request to get signed or Import to import a new certificate and click Save.

Note: To avoid any certificate trust issue, make sure the certificate chain is complete on the NSX ALB Controller and on the client browser. Install the complete certificate chain (the root and the intermediate certificates) on the NSX ALB Controller and on the client browser.

From the NSX ALB Controller web interface go to Administration &gt;&gt; System Settings.

Click the edit icon next to "System Settings".

Update the "SSL/TLS Certificate" field and select the appropriate certificate imported in the previous steps and click Save.</fixtext>
      <check system="N/A">
        <check-content>Determine if the NSX ALB obtains public key certificates from an appropriate certificate policy through an approved certificate authority.

From the NSX ALB Controller web interface go to Administration &gt;&gt; System Settings &gt;&gt; Access.

Note the value in the "SSL/TLS Certificate" field then go to Templates &gt;&gt; Security &gt;&gt; SSL/TLS Certificates.

Review the SSL/TLS Certificate noted in the previous step and it's Issuer.

If the certificate being used for portal access is not issued by an approved certificate authority, then this is a finding.</check-content>
      </check>
    </Rule>
  </Group>
  <Group id="V-NALB-CO-000010">
    <title>SRG-APP-000033-NDM-000212</title>
    <Rule id="SV-NALB-CO-000010" severity="high" weight="10.0">
      <version>NALB-CO-000010</version>
      <title>The NSX Advanced Load Balancer Controller must be configured to assign appropriate user roles.</title>
      <description>&lt;VulnDiscussion&gt;In NSX-ALB, each user is associated with a role. The role defines the type of access the user has to each area of the NSX-ALB System.

Roles provide granular Role-Based Access Control (RBAC) within NSX-ALB. Failure to provide logical access restrictions associated with changes to device configuration may have significant effects on the overall security of the system. 

Successful identification and authentication must not automatically give an entity full access to a network device or security domain. The lack of authorization-based access control could result in the immediate compromise and unauthorized access to sensitive information. All DoD systems must be properly configured to incorporate access control methods that do not rely solely on authentication for authorized access.

Authorization is the process of determining whether an entity, once authenticated, is permitted to access a specific asset or set of resources. Information systems use access control policies and enforcement mechanisms to implement this requirement. Authorization procedures and controls must be implemented to ensure each authenticated entity also has a validated and current authorization.

Some network devices are pre-configured with security groups. Other network devices enable operators to create custom security groups with custom permissions. For example, an ISSM may require read-only access to audit the network device. Operators may create an audit security group, define permissions and access levels for members of the group, and then assign the ISSM’s user persona to the audit security group. This is still considered privileged access, but the ISSM’s security group is more restrictive than the network administrator’s security group.

Network devices that rely on AAA brokers for authentication and authorization services may need to identify the available security groups or access levels available on the network devices and convey that information to the AAA operator. Once the AAA broker identifies the user persona on the centralized directory service, the user’s security group memberships can be retrieved. The AAA operator may need to create a mapping that links target security groups from the directory service to the appropriate security groups or access levels on the network device. Once these mappings are configured, authorizations can happen dynamically, based on each user’s directory service group membership.


Satisfies: SRG-APP-000329-NDM-000287, SRG-APP-000340-NDM-000288, SRG-APP-000378-NDM-000302, SRG-APP-000380-NDM-000304&lt;/VulnDiscussion&gt;&lt;FalsePositives&gt;&lt;/FalsePositives&gt;&lt;FalseNegatives&gt;&lt;/FalseNegatives&gt;&lt;Documentable&gt;false&lt;/Documentable&gt;&lt;Mitigations&gt;&lt;/Mitigations&gt;&lt;SecurityOverrideGuidance&gt;&lt;/SecurityOverrideGuidance&gt;&lt;PotentialImpacts&gt;&lt;/PotentialImpacts&gt;&lt;ThirdPartyTools&gt;&lt;/ThirdPartyTools&gt;&lt;MitigationControl&gt;&lt;/MitigationControl&gt;&lt;Responsibility&gt;&lt;/Responsibility&gt;&lt;IAControls&gt;&lt;/IAControls&gt;</description>
      <ident system="http://cyber.mil/cci">CCI-000213</ident>
      <fixtext fixref="F-NALB-CO-000010_fix">To update local user roles and tenant access do the following:

From the NSX ALB Controller web interface go to Administration &gt;&gt; Accounts &gt;&gt; Users.

Select the target user and click edit.

Update the users tenant and/or role and click Save.

To update remote users update the Auth Profile policy used to import users and adjust appropriately.</fixtext>
      <check system="N/A">
        <check-content>Review the roles and permissions assigned to users.

From the NSX ALB Controller web interface go to Administration &gt;&gt; Accounts &gt;&gt; Users.

If any user is assigned a tenant and/or role that is not authorized, this is a finding.</check-content>
      </check>
    </Rule>
  </Group>
  <Group id="V-NALB-CO-000015">
    <title>SRG-APP-000080-NDM-000220</title>
    <Rule id="SV-NALB-CO-000015" severity="medium" weight="10.0">
      <version>NALB-CO-000015</version>
      <title>The NSX Advanced Load Balancer Controller must protect against an individual (or process acting on behalf of an individual) falsely denying having performed organization-defined actions to be covered by non-repudiation.</title>
      <description>&lt;VulnDiscussion&gt;This requirement supports non-repudiation of actions taken by an administrator and is required in order to maintain the integrity of the configuration management process. All configuration changes to the network device are logged, and administrators authenticate with two-factor authentication before gaining administrative access. Together, these processes will ensure the administrators can be held accountable for the configuration changes they implement.

To meet this requirement, the network device must log administrator access and activity.

Satisfies: SRG-APP-000516-NDM-000336, SRG-APP-000149-NDM-000247&lt;/VulnDiscussion&gt;&lt;FalsePositives&gt;&lt;/FalsePositives&gt;&lt;FalseNegatives&gt;&lt;/FalseNegatives&gt;&lt;Documentable&gt;false&lt;/Documentable&gt;&lt;Mitigations&gt;&lt;/Mitigations&gt;&lt;SecurityOverrideGuidance&gt;&lt;/SecurityOverrideGuidance&gt;&lt;PotentialImpacts&gt;&lt;/PotentialImpacts&gt;&lt;ThirdPartyTools&gt;&lt;/ThirdPartyTools&gt;&lt;MitigationControl&gt;&lt;/MitigationControl&gt;&lt;Responsibility&gt;&lt;/Responsibility&gt;&lt;IAControls&gt;&lt;/IAControls&gt;</description>
      <ident system="http://cyber.mil/cci">CCI-000166</ident>
      <fixtext fixref="F-NALB-CO-000015_fix">To configure remote authentication to an identity provider that enables multi-factor authentication, do the following:

From the NSX ALB Controller web interface go to Administration &gt;&gt; System Settings.

Click the edit icon next to "System Settings".

Select the "Remote" radio button and add or create an "Auth Profile" and "Mapping Profile" then click Save.

Note: The NSX ALB Controller supports LDAP, SAML, and TACACS_PLUS as a remote identity source.</fixtext>
      <check system="N/A">
        <check-content>Review access and authorization to verify a remote identity provider is used that enables multi-factor authentication to the controller. 

From the NSX ALB Controller web interface go to Administration &gt;&gt; System Settings &gt;&gt; Authentication.

If the authentication type is not "Remote" and the identity source does not provide multi-factor authentication, this is a finding.</check-content>
      </check>
    </Rule>
  </Group>
  <Group id="V-NALB-CO-000067">
    <title>SRG-APP-000373-NDM-000298</title>
    <Rule id="SV-NALB-CO-000067" severity="medium" weight="10.0">
      <version>NALB-CO-000067</version>
      <title>The NSX Advanced Load Balancer Controller must be configured to synchronize internal information system clocks using redundant authoritative time sources.</title>
      <description>&lt;VulnDiscussion&gt;In NSX-ALB Clustered environment, the loss of connectivity to a particular authoritative time source will result in the loss of time synchronization (free-run mode) and increasingly inaccurate time stamps on audit events and other functions. 

Multiple time sources provide redundancy by including a secondary source. Time synchronization is usually a hierarchy; clients synchronize time to a local source while that source synchronizes its time to a more accurate source. The network device must utilize an authoritative time server and/or be configured to use redundant authoritative time sources. This requirement is related to the comparison done in CCI-001891.

DoD-approved solutions consist of a combination of a primary and secondary time source using a combination or multiple instances of the following: a time server designated for the appropriate DoD network (NIPRNet/SIPRNet); United States Naval Observatory (USNO) time servers; and/or the Global Positioning System (GPS). The secondary time source must be located in a different geographic region than the primary time source.&lt;/VulnDiscussion&gt;&lt;FalsePositives&gt;&lt;/FalsePositives&gt;&lt;FalseNegatives&gt;&lt;/FalseNegatives&gt;&lt;Documentable&gt;false&lt;/Documentable&gt;&lt;Mitigations&gt;&lt;/Mitigations&gt;&lt;SecurityOverrideGuidance&gt;&lt;/SecurityOverrideGuidance&gt;&lt;PotentialImpacts&gt;&lt;/PotentialImpacts&gt;&lt;ThirdPartyTools&gt;&lt;/ThirdPartyTools&gt;&lt;MitigationControl&gt;&lt;/MitigationControl&gt;&lt;Responsibility&gt;&lt;/Responsibility&gt;&lt;IAControls&gt;&lt;/IAControls&gt;</description>
      <ident system="http://cyber.mil/cci">CCI-001893</ident>
      <fixtext fixref="F-NALB-CO-000067_fix">From the NSX ALB Controller web interface go to Administration &gt;&gt; System Settings.

Click the edit icon next to "System Settings".

Under DNS/NTP, add or update the NTP Servers with authoritative sources for the environment and click Save.</fixtext>
      <check system="N/A">
        <check-content>Verify the configured NTP servers are authoritative time sources.

From the NSX ALB Controller web interface go to Administration &gt;&gt; System Settings &gt;&gt; DNS/NTP.

If two or more authoritative time sources are not configured, this is a finding.

If nonauthoritative time sources are configured, this is a finding.</check-content>
      </check>
    </Rule>
  </Group>
  <Group id="V-NALB-CO-000040">
    <title>SRG-APP-000166-NDM-000254</title>
    <Rule id="SV-NALB-CO-000040" severity="medium" weight="10.0">
      <version>NALB-CO-000040</version>
      <title>The NSX Advanced Load Balancer Controller must enforce password complexity requirements.</title>
      <description>&lt;VulnDiscussion&gt;Use of a complex passwords helps to increase the time and resources required to compromise the password. Password complexity, or strength, is a measure of the effectiveness of a password in resisting attempts at guessing and brute-force attacks.

Password complexity is one factor of several that determine how long it takes to crack a password. The more complex the password is, the greater the number of possible combinations that need to be tested before the password is compromised.

Multifactor authentication (MFA) is required for all administrative and user accounts on network devices, except for an account of last resort and (where applicable) a root account. Passwords should only be used when MFA using PKI is not available, and for the account of last resort and root account.

Satisfies: SRG-APP-000167-NDM-000255, SRG-APP-000168-NDM-000256, SRG-APP-000169-NDM-000257&lt;/VulnDiscussion&gt;&lt;FalsePositives&gt;&lt;/FalsePositives&gt;&lt;FalseNegatives&gt;&lt;/FalseNegatives&gt;&lt;Documentable&gt;false&lt;/Documentable&gt;&lt;Mitigations&gt;&lt;/Mitigations&gt;&lt;SecurityOverrideGuidance&gt;&lt;/SecurityOverrideGuidance&gt;&lt;PotentialImpacts&gt;&lt;/PotentialImpacts&gt;&lt;ThirdPartyTools&gt;&lt;/ThirdPartyTools&gt;&lt;MitigationControl&gt;&lt;/MitigationControl&gt;&lt;Responsibility&gt;&lt;/Responsibility&gt;&lt;IAControls&gt;&lt;/IAControls&gt;</description>
      <ident system="http://cyber.mil/cci">CCI-000192</ident>
      <fixtext fixref="F-NALB-CO-000040_fix">From the NSX ALB Controller shell, run the following commands to enable password_strength_check:

&gt; configure systemconfiguration
&gt; systemconfiguration&gt; portal_configuration
&gt; systemconfiguration:portal_configuration&gt; password_strength_check
&gt; systemconfiguration:portal_configuration&gt; exit
&gt; systemconfiguration&gt; exit</fixtext>
      <check system="N/A">
        <check-content>From the NSX ALB Controller shell, run the following command:

&gt; show systemconfiguration | grep password_strength_check

Expected result:
|   password_strength_check        | True 

If "password_strength_check" is not set to True, this is a finding. </check-content>
      </check>
    </Rule>
  </Group>
  <Group id="V-NALB-CO-000013">
    <title>SRG-APP-000068-NDM-000215</title>
    <Rule id="SV-NALB-CO-000013" severity="medium" weight="10.0">
      <version>NALB-CO-000013</version>
      <title>The NSX Advanced Load Balancer Controller must display the Standard Mandatory DoD Notice and Consent Banner before granting access to the device.</title>
      <description>&lt;VulnDiscussion&gt;Display of the DoD-approved use notification before granting access to the network device ensures privacy and security notification verbiage used is consistent with applicable federal laws, Executive Orders, directives, policies, regulations, standards, and guidance.

System use notifications are required only for access via logon interfaces with human users.&lt;/VulnDiscussion&gt;&lt;FalsePositives&gt;&lt;/FalsePositives&gt;&lt;FalseNegatives&gt;&lt;/FalseNegatives&gt;&lt;Documentable&gt;false&lt;/Documentable&gt;&lt;Mitigations&gt;&lt;/Mitigations&gt;&lt;SecurityOverrideGuidance&gt;&lt;/SecurityOverrideGuidance&gt;&lt;PotentialImpacts&gt;&lt;/PotentialImpacts&gt;&lt;ThirdPartyTools&gt;&lt;/ThirdPartyTools&gt;&lt;MitigationControl&gt;&lt;/MitigationControl&gt;&lt;Responsibility&gt;&lt;/Responsibility&gt;&lt;IAControls&gt;&lt;/IAControls&gt;</description>
      <ident system="http://cyber.mil/cci">CCI-000048</ident>
      <fixtext fixref="F-NALB-CO-000013_fix">To configure the "Login Banner", do the following:

From the NSX ALB Controller web interface go to Administration &gt;&gt; System Settings.

Click the edit icon next to "System Settings".

Update the "Login Banner" field under "Access" with the below text and click Save.

You are accessing a U.S. Government (USG) Information System (IS) that is provided for USG-authorized use only. By using this IS (which includes any device attached to this IS), you consent to the following conditions:
-The USG routinely intercepts and monitors communications on this IS for purposes including, but not limited to, penetration testing, COMSEC monitoring, network operations and defense, personnel misconduct (PM), law enforcement (LE), and counterintelligence (CI) investigations.
-At any time, the USG may inspect and seize data stored on this IS.
-Communications using, or data stored on, this IS are not private, are subject to routine monitoring, interception, and search, and may be disclosed or used for any USG-authorized purpose.
-This IS includes security measures (e.g., authentication and access controls) to protect USG interests--not for your personal benefit or privacy.
-Notwithstanding the above, using this IS does not constitute consent to PM, LE or CI investigative searching or monitoring of the content of privileged communications, or work product, related to personal representation or services by attorneys, psychotherapists, or clergy, and their assistants. Such communications and work product are private and confidential.
See User Agreement for details.</fixtext>
      <check system="N/A">
        <check-content>Review the access settings to verify if the DoD-approved banner has been configured.

From the NSX ALB Controller web interface go to Administration &gt;&gt; System Settings &gt;&gt; Access &gt;&gt; Banners.

If the "Login Banner" is not configured with the Standard Mandatory DoD Notice and Consent Banner, this is a finding. </check-content>
      </check>
    </Rule>
  </Group>
  <Group id="V-NALB-CO-000035">
    <title>SRG-APP-000148-NDM-000346</title>
    <Rule id="SV-NALB-CO-000035" severity="medium" weight="10.0">
      <version>NALB-CO-000035</version>
      <title>The NSX Advanced Load Balancer Controller must be configured with only one local account to be used as the account of last resort in the event the authentication server is unavailable.</title>
      <description>&lt;VulnDiscussion&gt;Authentication for administrative (privileged level) access to the device is required at all times. An account can be created on the device's local database for use when the authentication server is down or connectivity between the device and the authentication server is not operable. This account is referred to as the account of last resort since it is intended to be used as a last resort and when immediate administrative access is absolutely necessary.

The account of last resort logon credentials must be stored in a sealed envelope and kept in a safe. The safe must be periodically audited to verify the envelope remains sealed. The signature of the auditor and the date of the audit should be added to the envelope as a record. Administrators should secure the credentials and disable the root account (if possible) when not needed for system administration functions.&lt;/VulnDiscussion&gt;&lt;FalsePositives&gt;&lt;/FalsePositives&gt;&lt;FalseNegatives&gt;&lt;/FalseNegatives&gt;&lt;Documentable&gt;false&lt;/Documentable&gt;&lt;Mitigations&gt;&lt;/Mitigations&gt;&lt;SecurityOverrideGuidance&gt;&lt;/SecurityOverrideGuidance&gt;&lt;PotentialImpacts&gt;&lt;/PotentialImpacts&gt;&lt;ThirdPartyTools&gt;&lt;/ThirdPartyTools&gt;&lt;MitigationControl&gt;&lt;/MitigationControl&gt;&lt;Responsibility&gt;&lt;/Responsibility&gt;&lt;IAControls&gt;&lt;/IAControls&gt;</description>
      <ident system="http://cyber.mil/cci">CCI-001358</ident>
      <fixtext fixref="F-NALB-CO-000035_fix">To delete local users other than admin, do the following:

From the NSX ALB Controller web interface go to Administration &gt;&gt; Accounts &gt;&gt; Users.

Select the user and click Delete.</fixtext>
      <check system="N/A">
        <check-content>Review the user accounts to verify if only the default local user "admin" account exists.

From the NSX ALB Controller web interface go to Administration &gt;&gt; Accounts &gt;&gt; Users.

If there are any local accounts other than "admin", this is a finding. </check-content>
      </check>
    </Rule>
  </Group>
  <Group id="V-NALB-CO-000052">
    <title>SRG-APP-000190-NDM-000267</title>
    <Rule id="SV-NALB-CO-000052" severity="high" weight="10.0">
      <version>NALB-CO-000052</version>
      <title>The NSX Advanced Load Balancer Controller must terminate all network connections associated with a device management session after 10 minutes of inactivity.</title>
      <description>&lt;VulnDiscussion&gt;Terminating an idle session within a short time period reduces the window of opportunity for unauthorized personnel to take control of a management session enabled on the console or console port that has been left unattended. In addition, quickly terminating an idle session will also free up resources committed by the managed network element. 

Terminating network connections associated with communications sessions includes, for example, de-allocating associated TCP/IP address/port pairs at the operating system level, or de-allocating networking assignments at the application level if multiple application sessions are using a single, operating system-level network connection. This does not mean that the device terminates all sessions or network access; it only ends the inactive session and releases the resources associated with that session.

Satisfies: SRG-APP-000186-NDM-000266, SRG-APP-000400-NDM-000313&lt;/VulnDiscussion&gt;&lt;FalsePositives&gt;&lt;/FalsePositives&gt;&lt;FalseNegatives&gt;&lt;/FalseNegatives&gt;&lt;Documentable&gt;false&lt;/Documentable&gt;&lt;Mitigations&gt;&lt;/Mitigations&gt;&lt;SecurityOverrideGuidance&gt;&lt;/SecurityOverrideGuidance&gt;&lt;PotentialImpacts&gt;&lt;/PotentialImpacts&gt;&lt;ThirdPartyTools&gt;&lt;/ThirdPartyTools&gt;&lt;MitigationControl&gt;&lt;/MitigationControl&gt;&lt;Responsibility&gt;&lt;/Responsibility&gt;&lt;IAControls&gt;&lt;/IAControls&gt;</description>
      <ident system="http://cyber.mil/cci">CCI-001133</ident>
      <fixtext fixref="F-NALB-CO-000052_fix">To modify the global value "Session Timeout" do the following.

From the NSX ALB Controller web interface on top right-hand side, click on the User Icon &gt;&gt; My Account.

Update the "Session Timeout" value to 10 and click Save.</fixtext>
      <check system="N/A">
        <check-content>Review if the NSX-ALB terminates the connection associated with a device management session after 10 minutes of inactivity.  

From the NSX ALB Controller web interface on top right-hand side, click on the User Icon &gt;&gt; My Account.

If "Session Timeout" value is not set to 10 or less, this is a finding. </check-content>
      </check>
    </Rule>
  </Group>
  <Group id="V-NALB-CO-000039">
    <title>SRG-APP-000164-NDM-000252</title>
    <Rule id="SV-NALB-CO-000039" severity="medium" weight="10.0">
      <version>NALB-CO-000039</version>
      <title>The NSX Advanced Load Balancer Controller must enforce a minimum 15-character password length.</title>
      <description>&lt;VulnDiscussion&gt;Password complexity, or strength, is a measure of the effectiveness of a password in resisting attempts at guessing and brute-force attacks. Password length is one factor of several that helps to determine strength and how long it takes to crack a password.

The shorter the password, the lower the number of possible combinations that need to be tested before the password is compromised. Use of more characters in a password helps to exponentially increase the time and/or resources required to compromise the password.&lt;/VulnDiscussion&gt;&lt;FalsePositives&gt;&lt;/FalsePositives&gt;&lt;FalseNegatives&gt;&lt;/FalseNegatives&gt;&lt;Documentable&gt;false&lt;/Documentable&gt;&lt;Mitigations&gt;&lt;/Mitigations&gt;&lt;SecurityOverrideGuidance&gt;&lt;/SecurityOverrideGuidance&gt;&lt;PotentialImpacts&gt;&lt;/PotentialImpacts&gt;&lt;ThirdPartyTools&gt;&lt;/ThirdPartyTools&gt;&lt;MitigationControl&gt;&lt;/MitigationControl&gt;&lt;Responsibility&gt;&lt;/Responsibility&gt;&lt;IAControls&gt;&lt;/IAControls&gt;</description>
      <ident system="http://cyber.mil/cci">CCI-000205</ident>
      <fixtext fixref="F-NALB-CO-000039_fix">From the NSX ALB Controller shell, run the following commands to modify minimum_password_length value:

&gt; configure systemconfiguration
&gt; systemconfiguration&gt; portal_configuration
&gt; systemconfiguration:portal_configuration&gt; minimum_password_length 15
&gt; systemconfiguration:portal_configuration&gt; exit
&gt; systemconfiguration&gt; exit</fixtext>
      <check system="N/A">
        <check-content>From the NSX ALB Controller shell, run the following command:

 &gt; show systemconfiguration | grep minimum_password_length

Example Result:
|   minimum_password_length        | 15                                 |

If the minimum password length is not 15 or greater, this is a finding. </check-content>
      </check>
    </Rule>
  </Group>
  <Group id="V-NALB-CO-000092">
    <title>SRG-APP-000516-NDM-000340</title>
    <Rule id="SV-NALB-CO-000092" severity="medium" weight="10.0">
      <version>NALB-CO-000092</version>
      <title>The NSX Advanced Load Balancer Controller must be configured to to conduct backups.</title>
      <description>&lt;VulnDiscussion&gt;System-level information includes default and customized settings and security attributes, including ACLs that relate to the network device configuration, as well as software required for the execution and operation of the device. Information system backup is a critical step in ensuring system integrity and availability. If the system fails and there is no backup of the system-level information, a denial of service condition is possible for all who utilize this critical network component.

This control requires the network device to support the organizational central backup process for system-level information associated with the network device. This function may be provided by the network device itself; however, the preferred best practice is a centralized backup rather than each network device performing discrete backups.

Satisfies: SRG-APP-000516-NDM-000341&lt;/VulnDiscussion&gt;&lt;FalsePositives&gt;&lt;/FalsePositives&gt;&lt;FalseNegatives&gt;&lt;/FalseNegatives&gt;&lt;Documentable&gt;false&lt;/Documentable&gt;&lt;Mitigations&gt;&lt;/Mitigations&gt;&lt;SecurityOverrideGuidance&gt;&lt;/SecurityOverrideGuidance&gt;&lt;PotentialImpacts&gt;&lt;/PotentialImpacts&gt;&lt;ThirdPartyTools&gt;&lt;/ThirdPartyTools&gt;&lt;MitigationControl&gt;&lt;/MitigationControl&gt;&lt;Responsibility&gt;&lt;/Responsibility&gt;&lt;IAControls&gt;&lt;/IAControls&gt;</description>
      <ident system="http://cyber.mil/cci">CCI-000366</ident>
      <fixtext fixref="F-NALB-CO-000092_fix">From the NSX ALB Controller web interface navigate to Administration &gt;&gt; Controller &gt;&gt; Configuration Backup.

Click Edit.

Check the "Enable Configuration Backup" box.

Provide a passphrase and frequency for the backups to occur.

Check the "Enable Remote Server Backup" box and enter the remote server connection information then click Save.</fixtext>
      <check system="N/A">
        <check-content>Review the NSX ALB configuration to determine if the device is configured to conduct backups.

From the NSX ALB Controller web interface navigate to Administration &gt;&gt; Controller &gt;&gt; Configuration Backup.

If configuration backups are not enabled, this is a finding.

If a remote backup server is not configured and enabled, this is a finding.</check-content>
      </check>
    </Rule>
  </Group>
  <Group id="V-NALB-CO-000034">
    <title>SRG-APP-000142-NDM-000245</title>
    <Rule id="SV-NALB-CO-000034" severity="high" weight="10.0">
      <version>NALB-CO-000034</version>
      <title>The NSX Advanced Load Balancer Controller must disable HTTP access.</title>
      <description>&lt;VulnDiscussion&gt;In order to prevent unauthorized connection of devices, unauthorized transfer of information, or unauthorized tunneling (i.e., embedding of data types within data types), organizations must disable unused or unnecessary physical and logical ports/protocols on information systems.

Network devices are capable of providing a wide variety of functions and services. Some of the functions and services provided by default may not be necessary to support essential organizational operations. Additionally, it is sometimes convenient to provide multiple services from a single component (e.g., email and web services); however, doing so increases risk over limiting the services provided by any one component. 

To support the requirements and principles of least functionality, the network device must support the organizational requirements providing only essential capabilities and limiting the use of ports, protocols, and/or services to only those required, authorized, and approved. Some network devices have capabilities enabled by default; if these capabilities are not necessary, they must be disabled. If a particular capability is used, then it must be documented and approved.&lt;/VulnDiscussion&gt;&lt;FalsePositives&gt;&lt;/FalsePositives&gt;&lt;FalseNegatives&gt;&lt;/FalseNegatives&gt;&lt;Documentable&gt;false&lt;/Documentable&gt;&lt;Mitigations&gt;&lt;/Mitigations&gt;&lt;SecurityOverrideGuidance&gt;&lt;/SecurityOverrideGuidance&gt;&lt;PotentialImpacts&gt;&lt;/PotentialImpacts&gt;&lt;ThirdPartyTools&gt;&lt;/ThirdPartyTools&gt;&lt;MitigationControl&gt;&lt;/MitigationControl&gt;&lt;Responsibility&gt;&lt;/Responsibility&gt;&lt;IAControls&gt;&lt;/IAControls&gt;</description>
      <ident system="http://cyber.mil/cci">CCI-000382</ident>
      <fixtext fixref="F-NALB-CO-000034_fix">From the NSX ALB Controller web interface go to Administration &gt;&gt; System Settings.

Click the edit icon next to "System Settings".

Under Access, uncheck the box next to "Enable HTTP Access to System" and click Save.</fixtext>
      <check system="N/A">
        <check-content>Review the system access settings to verify HTTP access is disabled to the controller.

From the NSX ALB Controller web interface go to Administration &gt;&gt; System Settings &gt;&gt; Access.

If "HTTP Access" is enabled, this is a finding.</check-content>
      </check>
    </Rule>
  </Group>
  <Group id="V-NALB-CO-000012">
    <title>SRG-APP-000065-NDM-000214</title>
    <Rule id="SV-NALB-CO-000012" severity="medium" weight="10.0">
      <version>NALB-CO-000012</version>
      <title>The NSX Advanced Load Balancer Controller must be configured to enforce the limit of three consecutive invalid logon attempts.</title>
      <description>&lt;VulnDiscussion&gt;By limiting the number of failed login attempts, the risk of unauthorized system access via user password guessing, otherwise known as brute-forcing, is reduced.&lt;/VulnDiscussion&gt;&lt;FalsePositives&gt;&lt;/FalsePositives&gt;&lt;FalseNegatives&gt;&lt;/FalseNegatives&gt;&lt;Documentable&gt;false&lt;/Documentable&gt;&lt;Mitigations&gt;&lt;/Mitigations&gt;&lt;SecurityOverrideGuidance&gt;&lt;/SecurityOverrideGuidance&gt;&lt;PotentialImpacts&gt;&lt;/PotentialImpacts&gt;&lt;ThirdPartyTools&gt;&lt;/ThirdPartyTools&gt;&lt;MitigationControl&gt;&lt;/MitigationControl&gt;&lt;Responsibility&gt;&lt;/Responsibility&gt;&lt;IAControls&gt;&lt;/IAControls&gt;</description>
      <ident system="http://cyber.mil/cci">CCI-000044</ident>
      <fixtext fixref="F-NALB-CO-000012_fix">To update the "Default-User-Account-Profile" profile do the following:

From the NSX ALB Controller web interface go to Administration &gt;&gt; Accounts &gt;&gt; User Profiles.

Click the edit icon next to the "Default-User-Account-Profile" profile.

Update the "Max Login Failure Count" value to 3 and click Save.

To update a user to use the "Default-User-Account-Profile" profile do the following:

From the NSX ALB Controller web interface go to Administration &gt;&gt; Accounts &gt;&gt; Users.

Click the edit icon next to the user.

Update the "User Profile" setting to "Default-User-Account-Profile" and click Save.</fixtext>
      <check system="N/A">
        <check-content>Review the default user account profile to verify that it enforces the limit of three consecutive invalid login attempts and is applied to all local users.

From the NSX ALB Controller web interface go to Administration &gt;&gt; Accounts &gt;&gt; User Profiles.

Select edit on the "Default-User-Account-Profile" to view the configuration.

If "Max Login Failure Count" is not set to 3 or less, this is a finding.

From the NSX ALB Controller web interface go to Administration &gt;&gt; Accounts &gt;&gt; Users.

Verify each user has the "Default-User-Account-Profile" applied.

If the "Default-User-Account-Profile" is not applied to all users, this is a finding.</check-content>
      </check>
    </Rule>
  </Group>
  <Group id="V-NALB-CO-000074">
    <title>SRG-APP-000395-NDM-000347</title>
    <Rule id="SV-NALB-CO-000074" severity="medium" weight="10.0">
      <version>NALB-CO-000074</version>
      <title>The NSX Advanced Load Balancer Controller must authenticate Network Time Protocol sources using authentication that is cryptographically based.</title>
      <description>&lt;VulnDiscussion&gt;If Network Time Protocol is not authenticated, an attacker can introduce a rogue NTP server. This rogue server can then be used to send incorrect time information to network devices, which will make log timestamps inaccurate and affect scheduled actions. NTP authentication is used to prevent this tampering by authenticating the time source.&lt;/VulnDiscussion&gt;&lt;FalsePositives&gt;&lt;/FalsePositives&gt;&lt;FalseNegatives&gt;&lt;/FalseNegatives&gt;&lt;Documentable&gt;false&lt;/Documentable&gt;&lt;Mitigations&gt;&lt;/Mitigations&gt;&lt;SecurityOverrideGuidance&gt;&lt;/SecurityOverrideGuidance&gt;&lt;PotentialImpacts&gt;&lt;/PotentialImpacts&gt;&lt;ThirdPartyTools&gt;&lt;/ThirdPartyTools&gt;&lt;MitigationControl&gt;&lt;/MitigationControl&gt;&lt;Responsibility&gt;&lt;/Responsibility&gt;&lt;IAControls&gt;&lt;/IAControls&gt;</description>
      <ident system="http://cyber.mil/cci">CCI-001967</ident>
      <fixtext fixref="F-NALB-CO-000074_fix">From the NSX ALB Controller web interface go to Administration &gt;&gt; System Settings &gt;&gt; DNS/NTP.

Click the edit icon next to "System Settings".

Add or update an NTP server and provide the key number from the list of trusted keys to be used to authentication the time server and click Save.</fixtext>
      <check system="N/A">
        <check-content>Review the network device configuration to determine if the network device authenticates NTP endpoints before establishing a local, remote, or network connection using authentication that is cryptographically based.

From the NSX ALB Controller web interface go to Administration &gt;&gt; System Settings &gt;&gt; DNS/NTP.

If the NSX ALB Controller is not configured to authenticate NTP sources, this is a finding.</check-content>
      </check>
    </Rule>
  </Group>
  <Group id="V-NALB-CO-000087">
    <title>SRG-APP-000515-NDM-000325</title>
    <Rule id="SV-NALB-CO-000087" severity="medium" weight="10.0">
      <version>NALB-CO-000087</version>
      <title>The NSX Advanced Load Balancer Controller must off-load audit records onto a different system or media than the system being audited.</title>
      <description>&lt;VulnDiscussion&gt;Information stored in one location is vulnerable to accidental or incidental deletion or alteration.

Off-loading is a common process in information systems with limited audit storage capacity.

Satisfies: SRG-APP-000516-NDM-000350&lt;/VulnDiscussion&gt;&lt;FalsePositives&gt;&lt;/FalsePositives&gt;&lt;FalseNegatives&gt;&lt;/FalseNegatives&gt;&lt;Documentable&gt;false&lt;/Documentable&gt;&lt;Mitigations&gt;&lt;/Mitigations&gt;&lt;SecurityOverrideGuidance&gt;&lt;/SecurityOverrideGuidance&gt;&lt;PotentialImpacts&gt;&lt;/PotentialImpacts&gt;&lt;ThirdPartyTools&gt;&lt;/ThirdPartyTools&gt;&lt;MitigationControl&gt;&lt;/MitigationControl&gt;&lt;Responsibility&gt;&lt;/Responsibility&gt;&lt;IAControls&gt;&lt;/IAControls&gt;</description>
      <ident system="http://cyber.mil/cci">CCI-001851</ident>
      <fixtext fixref="F-NALB-CO-000087_fix">To configure a new syslog notification configuration, perform the following steps:

From the NSX ALB Controller web Interface go to Operations &gt;&gt; Notification &gt;&gt; Syslog.

Click the create button or edit an existing syslog configuration.

Enter a name and add the appropriate syslog servers and click Save.

To configure the alert actions to use the syslog configuration, perform the following steps:

From the NSX ALB Controller web Interface go to Operations &gt;&gt; Alerts &gt;&gt; Alert Actions.

Edit the "Syslog-Config" alert action and select the previously configure syslog notification profile and click Save.

Repeat for the "Syslog-System" alert action.

To configure the alert config to use the alert action, perform the following steps:

From the NSX ALB Controller web Interface go to Operations &gt;&gt; Alerts &gt;&gt; Alert Config.

Edit the "Syslog-Config-Events" alert configuration and select the "Syslog-Config" alert action as the alert action and click Save.

Repeat for the "Syslog-System-Events" alert configuration.</fixtext>
      <check system="N/A">
        <check-content>Verify the NSX ALB controller is configured to send log data to a syslog server.

From the NSX ALB Controller web interface go to Operations &gt;&gt; Notifications &gt;&gt; Syslog.

If no syslog servers are defined or unapproved syslog servers are configured, this is a finding.

From the NSX ALB Controller web interface go to Operations &gt;&gt; Alerts &gt;&gt; Alert Actions.

If the "Syslog-Config" and "Syslog-System" alert actions do not a syslog server profile set, this is a finding.

From the NSX ALB Controller web interface go to Operations &gt;&gt; Alerts &gt;&gt; Alert Config.

If the "Syslog-Config-Events" alert configuration is not configured to use the "Syslog-Config" alert action, this is a finding.

If the "Syslog-System-Events" alert configuration is not configured to use the "Syslog-System" alert action, this is a finding.</check-content>
      </check>
    </Rule>
  </Group>
  <Group id="V-NALB-CO-000099">
    <title>SRG-APP-000516-NDM-000317</title>
    <Rule id="SV-NALB-CO-000099" severity="medium" weight="10.0">
      <version>NALB-CO-000099</version>
      <title>The NSX Advanced Load Balancer Controller must expire credentials after 90 days.</title>
      <description>&lt;VulnDiscussion&gt;The admin can choose to expire user credentials after a configurable number of days. Once credentials have expired, all API calls are going to error out. Only API/user account is supported at this point, to enable the user to change the password. If the user has configured an email address, the “Forgot Password” workflow can also be followed at this point to reset the password.&lt;/VulnDiscussion&gt;&lt;FalsePositives&gt;&lt;/FalsePositives&gt;&lt;FalseNegatives&gt;&lt;/FalseNegatives&gt;&lt;Documentable&gt;false&lt;/Documentable&gt;&lt;Mitigations&gt;&lt;/Mitigations&gt;&lt;SecurityOverrideGuidance&gt;&lt;/SecurityOverrideGuidance&gt;&lt;PotentialImpacts&gt;&lt;/PotentialImpacts&gt;&lt;ThirdPartyTools&gt;&lt;/ThirdPartyTools&gt;&lt;MitigationControl&gt;&lt;/MitigationControl&gt;&lt;Responsibility&gt;&lt;/Responsibility&gt;&lt;IAControls&gt;&lt;/IAControls&gt;</description>
      <ident system="http://cyber.mil/cci">CCI-000366</ident>
      <fixtext fixref="F-NALB-CO-000099_fix">To update the "Default-User-Account-Profile" profile do the following:

From the NSX ALB Controller web interface go to Administration &gt;&gt; Accounts &gt;&gt; User Profiles.

Click the edit icon next to the "Default-User-Account-Profile" profile.

Update the "Credential Timeout Threshold" value to 90 and click Save.

To update a user to use the "Default-User-Account-Profile" profile do the following:

From the NSX ALB Controller web interface go to Administration &gt;&gt; Accounts &gt;&gt; Users.

Click the edit icon next to the user.

Update the "User Profile" setting to "Default-User-Account-Profile" and click Save.</fixtext>
      <check system="N/A">
        <check-content>Review the default user account profile to verify the credential timeout threshold is set to 90 and verify it is applied to all local users.

From the NSX ALB Controller web interface go to Administration &gt;&gt; Accounts &gt;&gt; User Profiles.

Select edit on the "Default-User-Account-Profile" to view the configuration.

If "Credential Timeout Threshold" is not set to 90 or less, this is a finding.

From the NSX ALB Controller web interface go to Administration &gt;&gt; Accounts &gt;&gt; Users.

Verify each user has the "Default-User-Account-Profile" applied.

If the "Default-User-Account-Profile" is not applied to all users, this is a finding.</check-content>
      </check>
    </Rule>
  </Group>
  <Group id="V-NALB-CO-000088">
    <title>SRG-APP-000516-NDM-000317</title>
    <Rule id="SV-NALB-CO-000088" severity="medium" weight="10.0">
      <version>NALB-CO-000088</version>
      <title>The NSX Advanced Load Balancer Controller must disable basic authentication to the API.</title>
      <description>&lt;VulnDiscussion&gt;API calls from a client to the NSX ALB Controller must first be authenticated, either by HTTP session-based auth or HTTP basic auth. The use of HTTP basic authentication for API access is unrelated to the use of basic auth for clients accessing a virtual service in which the Service Engine is proxying the authentication.

Authenticated API calls are still subject to normal auth settings, regardless of the method used. The user account used for authentication may be validated by the Controller via a local database or remote (such as LDAP), may be limited to a specific tenant, or have limited roles or access levels.&lt;/VulnDiscussion&gt;&lt;FalsePositives&gt;&lt;/FalsePositives&gt;&lt;FalseNegatives&gt;&lt;/FalseNegatives&gt;&lt;Documentable&gt;false&lt;/Documentable&gt;&lt;Mitigations&gt;&lt;/Mitigations&gt;&lt;SecurityOverrideGuidance&gt;&lt;/SecurityOverrideGuidance&gt;&lt;PotentialImpacts&gt;&lt;/PotentialImpacts&gt;&lt;ThirdPartyTools&gt;&lt;/ThirdPartyTools&gt;&lt;MitigationControl&gt;&lt;/MitigationControl&gt;&lt;Responsibility&gt;&lt;/Responsibility&gt;&lt;IAControls&gt;&lt;/IAControls&gt;</description>
      <ident system="http://cyber.mil/cci">CCI-000366</ident>
      <fixtext fixref="F-NALB-CO-000088_fix">To configure "Basic Authentication", do the following:

From the NSX ALB Controller web interface go to Administration &gt;&gt; System Settings.

Click the edit icon next to "System Settings".

Uncheck the box next to "Allow Basic Authentication" and click Save.</fixtext>
      <check system="N/A">
        <check-content>Review the access settings to verify basic authentication to the API is disabled.

From the NSX ALB Controller web interface go to Administration &gt;&gt; System Settings &gt;&gt; Access.

If "Basic Authentication" is enabled, this is a finding.</check-content>
      </check>
    </Rule>
  </Group>
  <Group id="V-NALB-CO-000078">
    <title>SRG-APP-000412-NDM-000331</title>
    <Rule id="SV-NALB-CO-000078" severity="high" weight="10.0">
      <version>NALB-CO-000078</version>
      <title>The NSX Advanced Load Balancer Controller must enable FIPS mode to protect the confidentiality of remote sessions.</title>
      <description>&lt;VulnDiscussion&gt;This requires the use of secure protocols instead of their unsecured counterparts, such as SSH instead of telnet, SCP instead of FTP, and HTTPS instead of HTTP. If unsecured protocols (lacking cryptographic mechanisms) are used for sessions, the contents of those sessions will be susceptible to eavesdropping, potentially putting sensitive data (including administrator passwords) at risk of compromise and potentially allowing hijacking of maintenance sessions.

Satisfies: SRG-APP-000224-NDM-000270, SRG-APP-000411-NDM-000330, SRG-APP-000179-NDM-000265&lt;/VulnDiscussion&gt;&lt;FalsePositives&gt;&lt;/FalsePositives&gt;&lt;FalseNegatives&gt;&lt;/FalseNegatives&gt;&lt;Documentable&gt;false&lt;/Documentable&gt;&lt;Mitigations&gt;&lt;/Mitigations&gt;&lt;SecurityOverrideGuidance&gt;&lt;/SecurityOverrideGuidance&gt;&lt;PotentialImpacts&gt;&lt;/PotentialImpacts&gt;&lt;ThirdPartyTools&gt;&lt;/ThirdPartyTools&gt;&lt;MitigationControl&gt;&lt;/MitigationControl&gt;&lt;Responsibility&gt;&lt;/Responsibility&gt;&lt;IAControls&gt;&lt;/IAControls&gt;</description>
      <ident system="http://cyber.mil/cci">CCI-003123</ident>
      <fixtext fixref="F-NALB-CO-000078_fix">In order to enable FIPS an administrator must update the controller.pkg file.

To download the controller.pkg, navigate to VMware Customer Connect Portal &gt;&gt; VMware NSX Advanced Load Balancer &gt;&gt; click Download Now.

From the different versions of NSX ALB, click on the version of NSX ALB installed then download the Upgrade(VMware/OpenStack/AWS/KVM/CSP).

Navigate to Administration &gt;&gt; Controller &gt;&gt; Software.

Click on Upload From Computer and choose the NSX ALB controller.pkg file downloaded then click on Open to upload the upgrade package to the image catalog.

From the NSX ALB Controller web interface go to Administration &gt;&gt; Controller &gt;&gt; System Update.

Click "Compliance Mode".

Check the box next to "Enable FIPS" and click "Yes, Continue".

Note: FIPS mode cannot be enabled if any service engines are present and cannot be turned off.</fixtext>
      <check system="N/A">
        <check-content>Review the FIPS mode enablement status.

From the NSX ALB Controller web interface go to Administration &gt;&gt; Controller &gt;&gt; System Update.

If FIPS is not enabled, this is a finding.</check-content>
      </check>
    </Rule>
  </Group>
  <Group id="V-NALB-CO-000097">
    <title>SRG-APP-000516-NDM-000317</title>
    <Rule id="SV-NALB-CO-000097" severity="medium" weight="10.0">
      <version>NALB-CO-000097</version>
      <title>The NSX Advanced Load Balancer Controller must disable insecure SSH ciphers.</title>
      <description>&lt;VulnDiscussion&gt;Without cryptographic integrity protections, information can be altered by unauthorized users without detection.&lt;/VulnDiscussion&gt;&lt;FalsePositives&gt;&lt;/FalsePositives&gt;&lt;FalseNegatives&gt;&lt;/FalseNegatives&gt;&lt;Documentable&gt;false&lt;/Documentable&gt;&lt;Mitigations&gt;&lt;/Mitigations&gt;&lt;SecurityOverrideGuidance&gt;&lt;/SecurityOverrideGuidance&gt;&lt;PotentialImpacts&gt;&lt;/PotentialImpacts&gt;&lt;ThirdPartyTools&gt;&lt;/ThirdPartyTools&gt;&lt;MitigationControl&gt;&lt;/MitigationControl&gt;&lt;Responsibility&gt;&lt;/Responsibility&gt;&lt;IAControls&gt;&lt;/IAControls&gt;</description>
      <ident system="http://cyber.mil/cci">CCI-000366</ident>
      <fixtext fixref="F-NALB-CO-000097_fix">To configure the "Allowed Ciphers", do the following:

From the NSX ALB Controller web interface go to Administration &gt;&gt; System Settings.

Click the edit icon next to the "System Settings".

Update the "Allowed Ciphers" field to "aes128-ctr,aes256-ctr" and click Save.</fixtext>
      <check system="N/A">
        <check-content>Review the access settings to verify insecure SSH ciphers are disabled.

From the NSX ALB Controller web interface go to Administration &gt;&gt; System Settings &gt;&gt; Access.

If "Allowed Ciphers" is configured to "aes128-ctr,aes256-ctr" or a subset thereof, this is not a finding.

If "Allowed Ciphers" contains any ciphers not in "aes128-ctr,aes256-ctr", this is a finding.</check-content>
      </check>
    </Rule>
  </Group>
  <Group id="V-NALB-CO-000073">
    <title>SRG-APP-000395-NDM-000310</title>
    <Rule id="SV-NALB-CO-000073" severity="medium" weight="10.0">
      <version>NALB-CO-000073</version>
      <title>The NSX Advanced Load Balancer Controller must be configured to authenticate SNMP messages using a FIPS-validated Keyed-Hash Message Authentication Code (HMAC).</title>
      <description>&lt;VulnDiscussion&gt;NSX ALB supports SNMPv2c and SNMPv3. SNMPv3 enables user authentication with the server and payload encryption for the messages exchanged with the Avi Controller. 

Without authenticating devices, unidentified or unknown devices may be introduced, thereby facilitating the malicious activity. Bidirectional authentication provides stronger safeguards to validate the identity of other devices for connections that are of greater risk.

A local connection is any connection with a device communicating without the use of a network. A network connection is any connection with a device that communicates through a network (e.g., local area or wide area network, Internet). A remote connection is any connection with a device communicating through an external network (e.g., the Internet).

Because of the challenges of applying this requirement on a large scale, organizations are encouraged to only apply the requirement to those limited number (and type) of devices that truly need to support this capability.&lt;/VulnDiscussion&gt;&lt;FalsePositives&gt;&lt;/FalsePositives&gt;&lt;FalseNegatives&gt;&lt;/FalseNegatives&gt;&lt;Documentable&gt;false&lt;/Documentable&gt;&lt;Mitigations&gt;&lt;/Mitigations&gt;&lt;SecurityOverrideGuidance&gt;&lt;/SecurityOverrideGuidance&gt;&lt;PotentialImpacts&gt;&lt;/PotentialImpacts&gt;&lt;ThirdPartyTools&gt;&lt;/ThirdPartyTools&gt;&lt;MitigationControl&gt;&lt;/MitigationControl&gt;&lt;Responsibility&gt;&lt;/Responsibility&gt;&lt;IAControls&gt;&lt;/IAControls&gt;</description>
      <ident system="http://cyber.mil/cci">CCI-001967</ident>
      <fixtext fixref="F-NALB-CO-000073_fix">From the NSX ALB Controller web interface go to Administration &gt;&gt; System Settings.

Click the pencil icon to open the System Settings editor. 

To update the SNMP Version to SNMP_V3, navigate to the SNMP Section.  

Click on the radio button adjacent to SNMP V3.

Provide the mandatory inputs for Username and Engine ID.

Select an "Auth Type" other than "MD5" from the drop-down and provide the required passphrases and click Save.</fixtext>
      <check system="N/A">
        <check-content>If SNMP is not configured, this is Not Applicable.

From the NSX ALB Controller web interface go to Administration &gt;&gt; System Settings &gt;&gt; SNMP.

If SNMP_V2 is configured, this is a finding.

If SNMP_V3 is configured and "Auth Type" is not configured or set to "MD5", this is a finding.</check-content>
      </check>
    </Rule>
  </Group>
</Benchmark>
