<?xml version="1.0" encoding="UTF-8"?><?xml-stylesheet type="text/xsl" href="STIG_unclass.xsl"?>
<Benchmark xmlns:dc="http://purl.org/dc/elements/1.1/" xmlns:xsi="http://www.w3.org/2001/XMLSchema-instance" xmlns:cpe="http://cpe.mitre.org/language/2.0" xmlns:xhtml="http://www.w3.org/1999/xhtml" xmlns:dsig="http://www.w3.org/2000/09/xmldsig#" xsi:schemaLocation="http://checklists.nist.gov/xccdf/1.1 http://nvd.nist.gov/schema/xccdf-1.1.4.xsdhttp://cpe.mitre.org/dictionary/2.0 http://cpe.mitre.org/files/cpe-dictionary_2.1.xsd" id="Service Engine" xml:lang="en" xmlns="http://checklists.nist.gov/xccdf/1.1">
  <status date="2023-10-10">draft</status>
  <title>VMware NSX Advanced Load Balancer Service Engine STIG Readiness Guide</title>
  <description>VMware NSX Advanced Load Balancer Service Engine STIG Readiness Guide</description>
  <notice id="terms-of-use" xml:lang="en"/>
  <front-matter xml:lang="en"/>
  <rear-matter xml:lang="en"/>
  <reference href="">
    <dc:publisher/>
    <dc:source/>
  </reference>
  <plain-text id="release-info">Release: 1 Benchmark Date: 10 Oct 2023</plain-text>
  <plain-text id="generator">3.2.2.36079</plain-text>
  <plain-text id="conventionsVersion">1.10.0</plain-text>
  <version>1</version>
  <Group id="V-NALB-SE-000004">
    <title>SRG-NET-000019-ALG-000019</title>
    <Rule id="SV-NALB-SE-000004" severity="medium" weight="10.0">
      <version>NALB-SE-000004</version>
      <title>The NSX Advanced Load Balancer must immediately use updates made to WAF signatures.</title>
      <description>&lt;VulnDiscussion&gt;Information flow policies regarding dynamic information flow control include, for example, allowing or disallowing information flows based on changes to the PPSM CAL, vulnerability assessments, or mission conditions. Changing conditions include changes in the threat environment and detection of potentially harmful or adverse events.

Changes to the ALG must take effect when made by an authorized administrator and the new configuration is put in place or committed, including upon restart or the application or reboot of the system. With some devices, the changes take effect as the configuration is changed, while with others, the new configuration must be submitted to the device. In any case, the behavior of the ALG must immediately be affected to reflect the configuration change.&lt;/VulnDiscussion&gt;&lt;FalsePositives&gt;&lt;/FalsePositives&gt;&lt;FalseNegatives&gt;&lt;/FalseNegatives&gt;&lt;Documentable&gt;false&lt;/Documentable&gt;&lt;Mitigations&gt;&lt;/Mitigations&gt;&lt;SecurityOverrideGuidance&gt;&lt;/SecurityOverrideGuidance&gt;&lt;PotentialImpacts&gt;&lt;/PotentialImpacts&gt;&lt;ThirdPartyTools&gt;&lt;/ThirdPartyTools&gt;&lt;MitigationControl&gt;&lt;/MitigationControl&gt;&lt;Responsibility&gt;&lt;/Responsibility&gt;&lt;IAControls&gt;&lt;/IAControls&gt;</description>
      <ident system="http://iase.disa.mil/cci">CCI-001414</ident>
      <fixtext fixref="F-NALB-SE-000004_fix">To apply a "WAF Policy" to a virtual service, do the following:

From the NSX ALB Controller web interface go to Applications &gt;&gt; Virtual Services.

Select edit on the target "Virtual Service".

Go to Settings &gt;&gt; Profiles &gt;&gt; WAF Policy &gt;&gt; Select or Create an appropriate WAF Policy.

Under Signatures &gt;&gt; CRS Groups enable "Enable CRS auto-update" and click Save to apply the configuration.

Note: The Enable CRS auto-update option when selected keeps the CRS version used in this policy updated. If a newer CRS object is available on the Controller, the system initiates the CRS upgrade process for this WAF Policy. It will not update polices if the current CRS version is set as CRS-VERSION-NOT-APPLICABLE.</fixtext>
      <check system="N/A">
        <check-content>Review the NSX ALB Virtual Services to verify WAF CRS group signature updates are enabled when updates are available.

From the NSX ALB Controller web interface go to Applications &gt;&gt; Virtual Services.

For each virtual service, select edit on the "Virtual Service" to view the configuration.

Select edit on the "WAF Policy" and under "Signatures" review the CRS groups.

If the "WAF Policy" assigned does not have "Enable CRS auto-update" enabled, this is a finding.

If the virtual service is not configured with an application profile of type "HTTP", this is not a finding.</check-content>
      </check>
    </Rule>
  </Group>
  <Group id="V-NALB-SE-000018">
    <title>SRG-NET-000062-ALG-000150</title>
    <Rule id="SV-NALB-SE-000018" severity="high" weight="10.0">
      <version>NALB-SE-000018</version>
      <title>The NSX Advanced Load Balancer must use secure versions of TLS.</title>
      <description>&lt;VulnDiscussion&gt;SP 800-52 provides guidance on using the most secure version and configuration of the TLS/SSL protocol. Using older unauthorized versions or incorrectly configuring protocol negotiation makes the gateway vulnerable to known and unknown attacks which exploit vulnerabilities in this protocol.

This requirement applies to TLS gateways (also known as SSL gateways) and is not applicable to VPN devices. Application protocols such as HTTPS and DNSSEC use TLS as the underlying security protocol thus are in scope for this requirement. NIS SP 800-52r2 provides guidance.

SP 800-52r2 sets TLS version 1.2 as a minimum version.

Satisfies: SRG-NET-000230-ALG-000113&lt;/VulnDiscussion&gt;&lt;FalsePositives&gt;&lt;/FalsePositives&gt;&lt;FalseNegatives&gt;&lt;/FalseNegatives&gt;&lt;Documentable&gt;false&lt;/Documentable&gt;&lt;Mitigations&gt;&lt;/Mitigations&gt;&lt;SecurityOverrideGuidance&gt;&lt;/SecurityOverrideGuidance&gt;&lt;PotentialImpacts&gt;&lt;/PotentialImpacts&gt;&lt;ThirdPartyTools&gt;&lt;/ThirdPartyTools&gt;&lt;MitigationControl&gt;&lt;/MitigationControl&gt;&lt;Responsibility&gt;&lt;/Responsibility&gt;&lt;IAControls&gt;&lt;/IAControls&gt;</description>
      <ident system="http://iase.disa.mil/cci">CCI-000068</ident>
      <fixtext fixref="F-NALB-SE-000018_fix">To update a virtual service SSL Profile, do the following:

From the NSX ALB Controller web interface go to Applications &gt;&gt; Virtual Services.

Select edit on the target "Virtual Service".

Under "SSL Profile" either select a profile with only the required protocols enabled, update the existing profile, or create a new profile then click Save.</fixtext>
      <check system="N/A">
        <check-content>Review virtual services that have SSL profiles applied to determine what TLS versions are enforced.

From the NSX ALB Controller web interface go to Applications &gt;&gt; Virtual Services.

For each virtual service, select edit on the "Virtual Service" to view the configuration.

Under "SSL Settings" click Edit on the SSL Profile and review the "Accepted Versions" field.

If anything other than TLS 1.2 or 1.3 is enabled, this is a finding.

If a virtual service does NOT have SSL enabled, this is Not Applicable.</check-content>
      </check>
    </Rule>
  </Group>
  <Group id="V-NALB-SE-000035">
    <title>SRG-NET-000131-ALG-000086</title>
    <Rule id="SV-NALB-SE-000035" severity="medium" weight="10.0">
      <version>NALB-SE-000035</version>
      <title>The NSX Advanced Load Balancer must be configured to remove or disable unrelated or unneeded application proxy services.</title>
      <description>&lt;VulnDiscussion&gt;Unrelated or unneeded proxy services increase the attack vector and add excessive complexity to the securing of the ALG. Multiple application proxies can be installed on many ALGs. However, proxy types must be limited to related functions. At a minimum, the web and email gateway represent different security domains/trust levels. Organizations should also consider the separation of gateways that service the DMZ and the trusted network.&lt;/VulnDiscussion&gt;&lt;FalsePositives&gt;&lt;/FalsePositives&gt;&lt;FalseNegatives&gt;&lt;/FalseNegatives&gt;&lt;Documentable&gt;false&lt;/Documentable&gt;&lt;Mitigations&gt;&lt;/Mitigations&gt;&lt;SecurityOverrideGuidance&gt;&lt;/SecurityOverrideGuidance&gt;&lt;PotentialImpacts&gt;&lt;/PotentialImpacts&gt;&lt;ThirdPartyTools&gt;&lt;/ThirdPartyTools&gt;&lt;MitigationControl&gt;&lt;/MitigationControl&gt;&lt;Responsibility&gt;&lt;/Responsibility&gt;&lt;IAControls&gt;&lt;/IAControls&gt;</description>
      <ident system="http://iase.disa.mil/cci">CCI-000381</ident>
      <fixtext fixref="F-NALB-SE-000035_fix">To disable an unwanted virtual service, from NSX ALB UI, navigate to Applications &gt;&gt; Virtual Services &gt;&gt; select the Virtual Service.

Click on the pencil icon to edit the configuration.

Click on the enable tab to disable a virtual service and save. The virtual service will be disabled.</fixtext>
      <check system="N/A">
        <check-content>In NSX ALB, virtual services are the core of the load-balancing and proxy functionality. A virtual service advertises an IP address and ports to the external world and listens for client traffic. When a virtual service receives traffic, it may be configured to:

1. Proxy the client's network connection.
2. Perform security, acceleration, load balancing, gathering traffic statistics, and other tasks.
3. Forward the client's requested data to the destination pool for load balancing.

From NSX ALB UI, go to Applications &gt;&gt; Virtual Services.

Review the configured virtual services and determine if they are still actively in use or can be disabled/removed.

If any virtual services exist that are not actively in use and are enabled, this is a finding.</check-content>
      </check>
    </Rule>
  </Group>
  <Group id="V-NALB-SE-000042">
    <title>SRG-NET-000164-ALG-000100</title>
    <Rule id="SV-NALB-SE-000042" severity="medium" weight="10.0">
      <version>NALB-SE-000042</version>
      <title>The NSX Advanced Load Balancer that provides intermediary services for TLS must validate certificates used for TLS functions by performing RFC 5280-compliant certification path validation.</title>
      <description>&lt;VulnDiscussion&gt;A certificate's certification path is the path from the end entity certificate to a trusted root certification authority (CA). Certification path validation is necessary for a relying party to make an informed decision regarding acceptance of an end entity certificate. 

Certification path validation includes checks such as certificate issuer trust, time validity and revocation status for each certificate in the certification path. Revocation status information for CA and subject certificates in a certification path is commonly provided via certificate revocation lists (CRLs) or online certificate status protocol (OCSP) responses.&lt;/VulnDiscussion&gt;&lt;FalsePositives&gt;&lt;/FalsePositives&gt;&lt;FalseNegatives&gt;&lt;/FalseNegatives&gt;&lt;Documentable&gt;false&lt;/Documentable&gt;&lt;Mitigations&gt;&lt;/Mitigations&gt;&lt;SecurityOverrideGuidance&gt;&lt;/SecurityOverrideGuidance&gt;&lt;PotentialImpacts&gt;&lt;/PotentialImpacts&gt;&lt;ThirdPartyTools&gt;&lt;/ThirdPartyTools&gt;&lt;MitigationControl&gt;&lt;/MitigationControl&gt;&lt;Responsibility&gt;&lt;/Responsibility&gt;&lt;IAControls&gt;&lt;/IAControls&gt;</description>
      <ident system="http://iase.disa.mil/cci">CCI-000185</ident>
      <fixtext fixref="F-NALB-SE-000042_fix">To enable the "OCSP Stapling" do the following:

From the NSX ALB Controller web interface go to Templates &gt;&gt; Security &gt;&gt; SSL/TLS Certificates &gt;&gt; Under Root/Intermediate CA.

Click the edit on the available "Certificate Authority".

Select "Enable OCSP Stapling" and click Save.</fixtext>
      <check system="N/A">
        <check-content>If OCSP is not available in the environment, this is Not Applicable.
 
Review each "Root/Intermediate CA" to ensure OCSP Stapling is enabled.

From the NSX ALB Controller web interface go to Templates &gt;&gt; Security &gt;&gt; SSL/TLS Certificates.

Select the edit icon for each certificate listed under "Root/Intermediate CA" to view the configuration under the OCSP section.

If "Enable OCSP Stapling" is not enabled, this is a finding.

Note: OCSP stapling cannot be enabled for self-signed certificates.</check-content>
      </check>
    </Rule>
  </Group>
  <Group id="V-NALB-SE-000047">
    <title>SRG-NET-000213-ALG-000107</title>
    <Rule id="SV-NALB-SE-000047" severity="medium" weight="10.0">
      <version>NALB-SE-000047</version>
      <title>The NSX Advanced Load Balancer must terminate all network connections associated with a communications session at the end of the session or after 10 minutes of inactivity.</title>
      <description>&lt;VulnDiscussion&gt;Terminating an idle session within a short time period reduces the window of opportunity for unauthorized personnel to take control of a management session enabled on the console or console port that has been left unattended. In addition, quickly terminating an idle session will also free up resources committed by the managed network element.

Terminating network connections associated with communications sessions includes, for example, de-allocating associated TCP/IP address/port pairs at the operating system level, and de-allocating networking assignments at the application level if multiple application sessions are using a single operating system level network connection.

ALGs may provide session control functionality as part of content filtering, load balancing, or proxy services.&lt;/VulnDiscussion&gt;&lt;FalsePositives&gt;&lt;/FalsePositives&gt;&lt;FalseNegatives&gt;&lt;/FalseNegatives&gt;&lt;Documentable&gt;false&lt;/Documentable&gt;&lt;Mitigations&gt;&lt;/Mitigations&gt;&lt;SecurityOverrideGuidance&gt;&lt;/SecurityOverrideGuidance&gt;&lt;PotentialImpacts&gt;&lt;/PotentialImpacts&gt;&lt;ThirdPartyTools&gt;&lt;/ThirdPartyTools&gt;&lt;MitigationControl&gt;&lt;/MitigationControl&gt;&lt;Responsibility&gt;&lt;/Responsibility&gt;&lt;IAControls&gt;&lt;/IAControls&gt;</description>
      <ident system="http://iase.disa.mil/cci">CCI-001133</ident>
      <fixtext fixref="F-NALB-SE-000047_fix">Configure the NSX ALB Virtual Service TCP Proxy "Idle Duration" setting.

From the NSX ALB Controller web interface go to Applications &gt;&gt; Virtual Services.

For each virtual service, select Edit on the "Virtual Service" to update the configuration.

Under Settings &gt;&gt; Profiles &gt;&gt; TCP/UDP Profile &gt;&gt; Create or Edit an appropriate TCP/UDP Profile.

Under TCP Proxy, choose Custom.

Ensure the idle duration is set to a value less than or equal to 600, and not zero.

Click "Save", then "Save".</fixtext>
      <check system="N/A">
        <check-content>Review the NSX ALB Virtual Service TCP Proxy "Idle Duration" setting.

From the NSX ALB Controller web interface go to Applications &gt;&gt; Virtual Services.

For each virtual service, select Edit on the "Virtual Service" to view the configuration.

For each profile listed in the TCP/UDP profile dropdown, click Edit to view the profile details.

If the configured TCP/UDP profile is not of type "TCP Proxy", this is not applicable.

If "TCP Proxy" is configured to "Auto Learn", this is not a finding.

If "TCP Proxy" is set to Custom, and "Idle Duration" is set to a value greater than 600, or is set to zero, this is a finding.</check-content>
      </check>
    </Rule>
  </Group>
  <Group id="V-NALB-SE-000072">
    <title>SRG-NET-000318-ALG-000014</title>
    <Rule id="SV-NALB-SE-000072" severity="medium" weight="10.0">
      <version>NALB-SE-000072</version>
      <title>The NSX Advanced Load Balancer must enable WAF policy signatures to detect and prevent code injection attacks.</title>
      <description>&lt;VulnDiscussion&gt;Data mining is the analysis of large quantities of data to discover patterns and is used in intelligence gathering. Failure to prevent attacks launched against organizational information from unauthorized data mining may result in the compromise of information.

Injection attacks allow an attacker to inject code into a program or query or inject malware onto a computer to execute remote commands that can read or modify a database, or change data on a website. Web applications frequently access databases to store, retrieve, and update information. An attacker can construct inputs that the database will execute. This is most commonly referred to as a code injection attack. This type of attack includes XPath and LDAP injections.

These attacks also include buffer overrun, XML, JavaScript, and HTML injections.

Compliance requires the ALG to have the capability to prevent code injections. Examples include a Web Application Firewalls (WAFs) or database application gateways.

Satisfies: SRG-NET-000318-ALG-000152, SRG-NET-000319-ALG-000015, SRG-NET-000319-ALG-000020, SRG-NET-000380-ALG-000128, SRG-NET-000401-ALG-000127, SRG-NET-000512-ALG-000066&lt;/VulnDiscussion&gt;&lt;FalsePositives&gt;&lt;/FalsePositives&gt;&lt;FalseNegatives&gt;&lt;/FalseNegatives&gt;&lt;Documentable&gt;false&lt;/Documentable&gt;&lt;Mitigations&gt;&lt;/Mitigations&gt;&lt;SecurityOverrideGuidance&gt;&lt;/SecurityOverrideGuidance&gt;&lt;PotentialImpacts&gt;&lt;/PotentialImpacts&gt;&lt;ThirdPartyTools&gt;&lt;/ThirdPartyTools&gt;&lt;MitigationControl&gt;&lt;/MitigationControl&gt;&lt;Responsibility&gt;&lt;/Responsibility&gt;&lt;IAControls&gt;&lt;/IAControls&gt;</description>
      <ident system="http://iase.disa.mil/cci">CCI-002346</ident>
      <fixtext fixref="F-NALB-SE-000072_fix">To apply a "WAF Policy" to a virtual service, do the following:

From the NSX ALB Controller web interface go to Applications &gt;&gt; Virtual Services.

Select edit on the target "Virtual Service".

Go to Settings &gt;&gt; Profiles &gt;&gt; WAF Policy &gt;&gt; Select or Create an appropriate WAF Policy with the following CRS groups enabled at a minimum:

CRS_920_Protocol_Validation
CRS_931_Application_Attack_RFI
CRS_932_Application_Attack_RCE
CRS_942_Application_Attack_SQLi

Click Save to apply the configuration.</fixtext>
      <check system="N/A">
        <check-content>Review the NSX ALB Virtual Services to verify WAF CRS groups are enabled.

From the NSX ALB Controller web interface go to Applications &gt;&gt; Virtual Services.

For each virtual service, select edit on the "Virtual Service" to view the configuration.

Select edit on the "WAF Policy" and under "Signatures" review the CRS groups.

If the "WAF Policy" assigned does not have the "CRS_920_Protocol_Validation", "CRS_931_Application_Attack_RFI", "CRS_932_Application_Attack_RCE", and "CRS_942_Application_Attack_SQLi" CRS groups enabled, this is a finding.

If the virtual service is not configured with an application profile of type "HTTP", this is not a finding.</check-content>
      </check>
    </Rule>
  </Group>
  <Group id="V-NALB-SE-000073">
    <title>SRG-NET-000318-ALG-000151</title>
    <Rule id="SV-NALB-SE-000073" severity="medium" weight="10.0">
      <version>NALB-SE-000073</version>
      <title>The NSX Advanced Load Balancer must enable a WAF policy in enforcement mode on virtual services to prevent attacks.</title>
      <description>&lt;VulnDiscussion&gt;Data mining is the analysis of large quantities of data to discover patterns and is used in intelligence gathering. Failure to prevent attacks launched against organizational information from unauthorized data mining may result in the compromise of information.

Injection attacks allow an attacker to inject code into a program or query or inject malware onto a computer to execute remote commands that can read or modify a database, or change data on a website. These attacks include buffer overrun, XML, JavaScript, and HTML injections.
 
Compliance requires the ALG to have the capability to prevent code injections. Examples include a Web Application Firewalls (WAFs) or database application gateways.

Satisfies: SRG-NET-000019-ALG-000018&lt;/VulnDiscussion&gt;&lt;FalsePositives&gt;&lt;/FalsePositives&gt;&lt;FalseNegatives&gt;&lt;/FalseNegatives&gt;&lt;Documentable&gt;false&lt;/Documentable&gt;&lt;Mitigations&gt;&lt;/Mitigations&gt;&lt;SecurityOverrideGuidance&gt;&lt;/SecurityOverrideGuidance&gt;&lt;PotentialImpacts&gt;&lt;/PotentialImpacts&gt;&lt;ThirdPartyTools&gt;&lt;/ThirdPartyTools&gt;&lt;MitigationControl&gt;&lt;/MitigationControl&gt;&lt;Responsibility&gt;&lt;/Responsibility&gt;&lt;IAControls&gt;&lt;/IAControls&gt;</description>
      <ident system="http://iase.disa.mil/cci">CCI-002346</ident>
      <fixtext fixref="F-NALB-SE-000073_fix">To apply a "WAF Policy" to a virtual service, do the following:

From the NSX ALB Controller web interface go to Applications &gt;&gt; Virtual Services.

Select edit on the target "Virtual Service".

Go to Settings &gt;&gt; Profiles &gt;&gt; WAF Policy &gt;&gt; Select or Create an appropriate WAF Policy with enforcement mode enabled and then click Save.</fixtext>
      <check system="N/A">
        <check-content>Review the NSX ALB Virtual Services to verify if a WAF policy is enabled.

From the NSX ALB Controller web interface go to Applications &gt;&gt; Virtual Services.

For each virtual service, select edit on the "Virtual Service" to view the configuration.

Select edit on the "WAF Policy" to view the configuration.

If the "WAF Policy" assigned is not in enforcement mode, this is a finding.

If the virtual service is not configured with an application profile of type "HTTP", this is not a finding.</check-content>
      </check>
    </Rule>
  </Group>
  <Group id="V-NALB-SE-000077">
    <title>SRG-NET-000319-ALG-000153</title>
    <Rule id="SV-NALB-SE-000077" severity="medium" weight="10.0">
      <version>NALB-SE-000077</version>
      <title>The NSX Advanced Load Balancer must enable a WAF policy on virtual services to detect attacks.</title>
      <description>&lt;VulnDiscussion&gt;Data mining is the analysis of large quantities of data to discover patterns and is used in intelligence gathering. Failure to detect attacks launched against organizational applications may result in the compromise of information.

Injection attacks allow an attacker to inject code into a program or query or inject malware onto a computer to execute remote commands that can read or modify a database, or change data on a website. These attacks include buffer overrun, XML, JavaScript, and HTML injections.

ALGs with anomaly detection must be configured to protect against unauthorized code injections. These devices must include rules and anomaly detection algorithms to monitor for atypical database queries or accesses. Examples include a Web Application Firewalls (WAFs) or database application gateways.

Satisfies: SRG-NET-000061-ALG-000009&lt;/VulnDiscussion&gt;&lt;FalsePositives&gt;&lt;/FalsePositives&gt;&lt;FalseNegatives&gt;&lt;/FalseNegatives&gt;&lt;Documentable&gt;false&lt;/Documentable&gt;&lt;Mitigations&gt;&lt;/Mitigations&gt;&lt;SecurityOverrideGuidance&gt;&lt;/SecurityOverrideGuidance&gt;&lt;PotentialImpacts&gt;&lt;/PotentialImpacts&gt;&lt;ThirdPartyTools&gt;&lt;/ThirdPartyTools&gt;&lt;MitigationControl&gt;&lt;/MitigationControl&gt;&lt;Responsibility&gt;&lt;/Responsibility&gt;&lt;IAControls&gt;&lt;/IAControls&gt;</description>
      <ident system="http://iase.disa.mil/cci">CCI-002347</ident>
      <fixtext fixref="F-NALB-SE-000077_fix">To apply a "WAF Policy" to a virtual service, do the following:

From the NSX ALB Controller web interface go to Applications &gt;&gt; Virtual Services.

Select edit on the target "Virtual Service".

Go to Settings &gt;&gt; Profiles &gt;&gt; WAF Policy &gt;&gt; Select or Create an appropriate WAF Policy and then click Save.</fixtext>
      <check system="N/A">
        <check-content>Review the NSX ALB Virtual Services to verify if a WAF policy is enabled.

From the NSX ALB Controller web interface go to Applications &gt;&gt; Virtual Services.

For each virtual service, select edit on the "Virtual Service" to view the configuration.

If there is no "WAF Policy" assigned, this is a finding.

If the virtual service is not configured with an application profile of type "HTTP", this is not a finding.</check-content>
      </check>
    </Rule>
  </Group>
</Benchmark>
