<?xml version="1.0" encoding="UTF-8"?><?xml-stylesheet type="text/xsl" href="STIG_unclass.xsl"?>
<Benchmark xmlns:dc="http://purl.org/dc/elements/1.1/" xmlns:xsi="http://www.w3.org/2001/XMLSchema-instance" xmlns:cpe="http://cpe.mitre.org/language/2.0" xmlns:xhtml="http://www.w3.org/1999/xhtml" xmlns:dsig="http://www.w3.org/2000/09/xmldsig#" xsi:schemaLocation="http://checklists.nist.gov/xccdf/1.1 http://nvd.nist.gov/schema/xccdf-1.1.4.xsdhttp://cpe.mitre.org/dictionary/2.0 http://cpe.mitre.org/files/cpe-dictionary_2.1.xsd" id="AAA" xml:lang="en" xmlns="http://checklists.nist.gov/xccdf/1.1">
  <status date="2024-01-17">draft</status>
  <title>VMware Identity Manager 3.3.x AAA STIG Readiness Guide</title>
  <description>VMware Identity Manager 3.3.x AAA STIG Readiness Guide</description>
  <notice id="terms-of-use" xml:lang="en"/>
  <front-matter xml:lang="en"/>
  <rear-matter xml:lang="en"/>
  <reference href="">
    <dc:publisher/>
    <dc:source/>
  </reference>
  <plain-text id="release-info">Release: 3 Benchmark Date: 17 Jan 2024</plain-text>
  <plain-text id="generator">3.2.2.36079</plain-text>
  <plain-text id="conventionsVersion">1.10.0</plain-text>
  <version>1</version>
  <Group id="V-WOAA-3X-000022">
    <title>SRG-APP-000141-AAA-000670</title>
    <Rule id="SV-WOAA-3X-000022" severity="medium" weight="10.0">
      <version>WOAA-3X-000022</version>
      <title>Workspace ONE Access must be configured to disable non-essential modules.</title>
      <description>&lt;VulnDiscussion&gt;It is detrimental for applications to provide, or install by default, functionality exceeding requirements or mission objectives. These unnecessary capabilities or services are often overlooked and therefore may remain unsecured. They increase the risk to the platform by providing additional attack vectors.

Applications are capable of providing a wide variety of functions and services. Some of the functions and services, provided by default, may not be necessary to support essential organizational operations (e.g., key missions, functions). 

Examples of non-essential capabilities include, but are not limited to, advertising software or browser plug-ins not related to requirements or providing a wide array of functionality not required for every mission, but cannot be disabled.&lt;/VulnDiscussion&gt;&lt;FalsePositives&gt;&lt;/FalsePositives&gt;&lt;FalseNegatives&gt;&lt;/FalseNegatives&gt;&lt;Documentable&gt;false&lt;/Documentable&gt;&lt;Mitigations&gt;&lt;/Mitigations&gt;&lt;SecurityOverrideGuidance&gt;&lt;/SecurityOverrideGuidance&gt;&lt;PotentialImpacts&gt;&lt;/PotentialImpacts&gt;&lt;ThirdPartyTools&gt;&lt;/ThirdPartyTools&gt;&lt;MitigationControl&gt;&lt;/MitigationControl&gt;&lt;Responsibility&gt;&lt;/Responsibility&gt;&lt;IAControls&gt;&lt;/IAControls&gt;</description>
      <ident system="http://iase.disa.mil/cci">CCI-000381</ident>
      <fixtext fixref="F-WOAA-3X-000022_fix">Login to the Workspace ONE Access admin console at "https://&lt;hostname&gt;/SAAS/admin" using administrative credentials. 

On the VMware Identity Manager console Identity &amp; Access Management tab, select Setup.

On the Connectors page, select the Worker link for the connector that is being configured.

Click Auth Adapters and click on the one to be disabled.

Uncheck the Enable box and click Save.</fixtext>
      <check system="N/A">
        <check-content>Login to the Workspace ONE Access admin console at "https://&lt;hostname&gt;/SAAS/admin" using administrative credentials. 

On the VMware Identity Manager console Identity &amp; Access Management tab, select Setup.

On the Connectors page, select the Worker link for the connector that is being configured.

Click Auth Adapters and check the status.

If any auth adaptor isn't being used but is enabled, this is a finding.</check-content>
      </check>
    </Rule>
  </Group>
  <Group id="V-WOAA-3X-000023">
    <title>SRG-APP-000142-AAA-000010</title>
    <Rule id="SV-WOAA-3X-000023" severity="high" weight="10.0">
      <version>WOAA-3X-000023</version>
      <title>Workspace ONE Access must be configured to use secure protocols when connecting to directory services.</title>
      <description>&lt;VulnDiscussion&gt;Authenticity protection provides protection against man-in-the-middle attacks/session hijacking and the insertion of false information into sessions.

Application communication sessions are protected utilizing transport encryption protocols, such as TLS. TLS provides a means to authenticate sessions and encrypt application traffic. Session authentication can be single (one-way) or mutual (two-way) in nature. Single authentication authenticates the server for the client, whereas mutual authentication provides a means for both the client and the server to authenticate each other. 

This requirement addresses communications protection at the application session, versus the network packet, and establishes grounds for confidence at both ends of communications sessions in ongoing identities of other parties and in the validity of information transmitted.&lt;/VulnDiscussion&gt;&lt;FalsePositives&gt;&lt;/FalsePositives&gt;&lt;FalseNegatives&gt;&lt;/FalseNegatives&gt;&lt;Documentable&gt;false&lt;/Documentable&gt;&lt;Mitigations&gt;&lt;/Mitigations&gt;&lt;SecurityOverrideGuidance&gt;&lt;/SecurityOverrideGuidance&gt;&lt;PotentialImpacts&gt;&lt;/PotentialImpacts&gt;&lt;ThirdPartyTools&gt;&lt;/ThirdPartyTools&gt;&lt;MitigationControl&gt;&lt;/MitigationControl&gt;&lt;Responsibility&gt;&lt;/Responsibility&gt;&lt;IAControls&gt;&lt;/IAControls&gt;</description>
      <ident system="http://iase.disa.mil/cci">CCI-000382</ident>
      <fixtext fixref="F-WOAA-3X-000023_fix">Login to the Workspace ONE Access admin console at "https://&lt;hostname&gt;/SAAS/admin" using administrative credentials. 

On the VMware Identity Manager console Identity &amp; Access Management tab, select Manage.

Click on the name of the directory that needs to be configured.

If the directory is of type "Active Directory over LDAP/IWA" enable the "This Directory requires all connections to use STARTTLS" setting and supply the necessary certificate then click save.

If the directory is of type "LDAP" enable the "This Directory requires all connections to use SSL" setting and supply the necessary certificate then click save.</fixtext>
      <check system="N/A">
        <check-content>Login to the Workspace ONE Access admin console at "https://&lt;hostname&gt;/SAAS/admin" using administrative credentials. 

On the VMware Identity Manager console Identity &amp; Access Management tab, select Manage.

For each Directory that is of type "Active Directory over LDAP/IWA" verify the setting "This Directory requires all connections to use STARTTLS" is configured.

For each Directory that is of type "LDAP" verify the setting "This Directory requires all connections to use SSL" is configured.

If either directory type is not configured to use secure connection, this is a finding.</check-content>
      </check>
    </Rule>
  </Group>
  <Group id="V-WOAA-3X-000030">
    <title>SRG-APP-000164-AAA-000450</title>
    <Rule id="SV-WOAA-3X-000030" severity="medium" weight="10.0">
      <version>WOAA-3X-000030</version>
      <title>Workspace ONE Access must be configured to enforce a minimum 15-character password length.</title>
      <description>&lt;VulnDiscussion&gt;Password complexity, or strength, is a measure of the effectiveness of a password in resisting attempts at guessing and brute-force attacks. Password length is one factor of several that helps to determine strength and how long it takes to crack a password. The shorter the password, the lower the number of possible combinations that need to be tested before the password is compromised. Use of more characters in a password helps to exponentially increase the time and/or resources required to compromise the password.&lt;/VulnDiscussion&gt;&lt;FalsePositives&gt;&lt;/FalsePositives&gt;&lt;FalseNegatives&gt;&lt;/FalseNegatives&gt;&lt;Documentable&gt;false&lt;/Documentable&gt;&lt;Mitigations&gt;&lt;/Mitigations&gt;&lt;SecurityOverrideGuidance&gt;&lt;/SecurityOverrideGuidance&gt;&lt;PotentialImpacts&gt;&lt;/PotentialImpacts&gt;&lt;ThirdPartyTools&gt;&lt;/ThirdPartyTools&gt;&lt;MitigationControl&gt;&lt;/MitigationControl&gt;&lt;Responsibility&gt;&lt;/Responsibility&gt;&lt;IAControls&gt;&lt;/IAControls&gt;</description>
      <ident system="http://iase.disa.mil/cci">CCI-000205</ident>
      <fixtext fixref="F-WOAA-3X-000030_fix">Login to the Workspace ONE Access admin console at "https://&lt;hostname&gt;/SAAS/admin" using administrative credentials.

Click the "Users and Groups" tab then "Settings".
 
Set "Minimum length for passwords" to at least "15" and click Save.</fixtext>
      <check system="N/A">
        <check-content>Login to the Workspace ONE Access admin console at "https://&lt;hostname&gt;/SAAS/admin" using administrative credentials.

Click the "Users and Groups" tab then "Settings" to view the password policies.
 
If "Minimum length for passwords" is not set to at least "15", this is a finding.</check-content>
      </check>
    </Rule>
  </Group>
  <Group id="V-WOAA-3X-000037">
    <title>SRG-APP-000171-AAA-000510</title>
    <Rule id="SV-WOAA-3X-000037" severity="high" weight="10.0">
      <version>WOAA-3X-000037</version>
      <title>Workspace ONE Access must be configured to encrypt locally stored credentials using a FIPS-validated cryptographic module.</title>
      <description>&lt;VulnDiscussion&gt;Passwords need to be protected at all times, and encryption is the standard method for protecting passwords. If passwords are not encrypted, they can be plainly read (i.e., clear text) and easily compromised.

AAA Services must enforce cryptographic representations of passwords when storing passwords in databases, configuration files, and log files. Passwords must be protected at all times; using a strong one-way hashing encryption algorithm with a salt is the standard method for providing a means to validate a password without having to store the actual password.

Performance and time required to access are factors that must be considered, and the one-way hash is the most feasible means of securing the password and providing an acceptable measure of password security. If passwords are stored in clear text, they can be plainly read and easily compromised.&lt;/VulnDiscussion&gt;&lt;FalsePositives&gt;&lt;/FalsePositives&gt;&lt;FalseNegatives&gt;&lt;/FalseNegatives&gt;&lt;Documentable&gt;false&lt;/Documentable&gt;&lt;Mitigations&gt;Shubham,

To check encryption algo used to encrypt locally stored passwords is picked from BC-FJA-1.0.2? or OpenSSL?

Based on the answer, we can change this to AC and provide settings to check FIPS mode flag which can be enabled/ disabled.

MW: Shubham confirmed it's BC-FJA-1.0.2&lt;/Mitigations&gt;&lt;SecurityOverrideGuidance&gt;&lt;/SecurityOverrideGuidance&gt;&lt;PotentialImpacts&gt;&lt;/PotentialImpacts&gt;&lt;ThirdPartyTools&gt;&lt;/ThirdPartyTools&gt;&lt;MitigationControl&gt;&lt;/MitigationControl&gt;&lt;Responsibility&gt;&lt;/Responsibility&gt;&lt;IAControls&gt;&lt;/IAControls&gt;</description>
      <ident system="http://iase.disa.mil/cci">CCI-000196</ident>
      <fixtext fixref="F-WOAA-3X-000037_fix">FIPs Mode cannot be enabled post-deployment and must be enabled at deployment.

To install VMware Identity Manager in FIPS mode whether from vRSLCM or stand alone select the enable FIPS Mode option at time of deployment.

Note: You cannot enable FIPS mode later if FIPS mode is disabled at the time of installation.

Note: You cannot disable FIPS mode after you enable FIPS mode during the VMware Identity Manager installation.

Note: Installing VMware Identity Manager Connector automatically activates FIPS mode. Use VMware Identity Manager Connector 3.3.5. If you deploy an older connector version, an error occurs.

Note: For Active Directory over Integrated Windows Authentication (IWA), the minimum password length requirement for Active Directory users is 14 characters. The best practice is to implement the 14-character minimum before you install VMware Identity Manager in FIPS mode.

Note: Enabling the Change Password feature for Active Directory users requires a minimum password length of 14 characters.</fixtext>
      <check system="N/A">
        <check-content>Log into the Workspace ONE Access admin Console at "https://&lt;hostname&gt;/SAAS/admin" using administrative credentials. 

Click on the 'Dashboard' Tab.

From the drop down select "System Diagnostics Dashboard".

Search for "FIPS Mode" to view status of the deployment.

If FIPS Mode is not enabled, this is a finding.

Note: FIPs Mode is only supported in Workspace ONE Access 3.3.5+.</check-content>
      </check>
    </Rule>
  </Group>
  <Group id="V-WOAA-3X-000040">
    <title>SRG-APP-000174-AAA-000540</title>
    <Rule id="SV-WOAA-3X-000040" severity="medium" weight="10.0">
      <version>WOAA-3X-000040</version>
      <title>Workspace ONE Access must be configured to enforce a 60-day maximum password lifetime restriction.</title>
      <description>&lt;VulnDiscussion&gt;Any password, no matter how complex, can eventually be cracked. Therefore, passwords need to be changed at specific intervals. 

One method of minimizing this risk is to use complex passwords and periodically change them. If the application does not limit the lifetime of passwords and force users to change their passwords, there is the risk that the system and/or application passwords could be compromised. 

This requirement does not include emergency administration accounts that are meant for access to the application in case of failure. These accounts are not required to have maximum password lifetime restrictions.&lt;/VulnDiscussion&gt;&lt;FalsePositives&gt;&lt;/FalsePositives&gt;&lt;FalseNegatives&gt;&lt;/FalseNegatives&gt;&lt;Documentable&gt;false&lt;/Documentable&gt;&lt;Mitigations&gt;&lt;/Mitigations&gt;&lt;SecurityOverrideGuidance&gt;&lt;/SecurityOverrideGuidance&gt;&lt;PotentialImpacts&gt;&lt;/PotentialImpacts&gt;&lt;ThirdPartyTools&gt;&lt;/ThirdPartyTools&gt;&lt;MitigationControl&gt;&lt;/MitigationControl&gt;&lt;Responsibility&gt;&lt;/Responsibility&gt;&lt;IAControls&gt;&lt;/IAControls&gt;</description>
      <ident system="http://iase.disa.mil/cci">CCI-000199</ident>
      <fixtext fixref="F-WOAA-3X-000040_fix">Login to the Workspace ONE Access admin console at "https://&lt;hostname&gt;/SAAS/admin" using administrative credentials.

Click the "Users and Groups" tab then "Settings".

Set "Password Lifetime" to a value lesser than "60" but geater than "1" and click Save.</fixtext>
      <check system="N/A">
        <check-content>Login to the Workspace ONE Access admin console at "https://&lt;hostname&gt;/SAAS/admin" using administrative credentials.

Click the "Users and Groups" tab then "Settings" to view the password policies.

If "Password Lifetime" is  set to a value greater than "60", this is a finding.</check-content>
      </check>
    </Rule>
  </Group>
  <Group id="V-WOAA-3X-000042">
    <title>SRG-APP-000175-AAA-000580</title>
    <Rule id="SV-WOAA-3X-000042" severity="high" weight="10.0">
      <version>WOAA-3X-000042</version>
      <title>Workspace ONE Access must be configured to not accept certificates that have been revoked for PKI-based authentication.</title>
      <description>&lt;VulnDiscussion&gt;Without path validation, an informed trust decision by the relying party cannot be made when presented with any certificate not already explicitly trusted.

A trust anchor is an authoritative entity represented via a public key and associated data. It is used in the context of public key infrastructures, X.509 digital certificates, and DNSSEC. 

When there is a chain of trust, usually the top entity to be trusted becomes the trust anchor; it can be, for example, a Certification Authority (CA). A certification path starts with the subject certificate and proceeds through a number of intermediate certificates up to a trusted root certificate, typically issued by a trusted CA. 

This requirement verifies that a certification path to an accepted trust anchor is used to for certificate validation and that the path includes status information. Path validation is necessary for a relying party to make an informed trust decision when presented with any certificate not already explicitly trusted. Status information for certification paths includes certificate revocation lists or online certificate status protocol responses.&lt;/VulnDiscussion&gt;&lt;FalsePositives&gt;&lt;/FalsePositives&gt;&lt;FalseNegatives&gt;&lt;/FalseNegatives&gt;&lt;Documentable&gt;false&lt;/Documentable&gt;&lt;Mitigations&gt;&lt;/Mitigations&gt;&lt;SecurityOverrideGuidance&gt;&lt;/SecurityOverrideGuidance&gt;&lt;PotentialImpacts&gt;&lt;/PotentialImpacts&gt;&lt;ThirdPartyTools&gt;&lt;/ThirdPartyTools&gt;&lt;MitigationControl&gt;&lt;/MitigationControl&gt;&lt;Responsibility&gt;&lt;/Responsibility&gt;&lt;IAControls&gt;&lt;/IAControls&gt;</description>
      <ident system="http://iase.disa.mil/cci">CCI-000185</ident>
      <fixtext fixref="F-WOAA-3X-000042_fix">Login to the Workspace ONE Access admin console at "https://&lt;hostname&gt;/SAAS/admin" using administrative credentials. 

On the VMware Identity Manager console Identity &amp; Access Management tab, select Setup.

On the Connectors page, select the Worker link for the connector being checked.

Click Auth Adapters and then Certificate Adapter.

To enable CRL Revocation checking:

Check the "Enable Cert Revocation" box and configure the CRL settings as required then click Save.

To enable OCSP Revocation checking:

Check the "Enable OCSP Revocation" box and configure the OCSP URL and other settings as required then click Save.</fixtext>
      <check system="N/A">
        <check-content>Login to the Workspace ONE Access admin console at "https://&lt;hostname&gt;/SAAS/admin" using administrative credentials. 

On the VMware Identity Manager console Identity &amp; Access Management tab, select Setup.

On the Connectors page, select the Worker link for the connector being checked.

Click Auth Adapters and then Certificate Adapter.

If neither "Cert Revocation" or "OCSP Revocation" are enabled, this is a finding.</check-content>
      </check>
    </Rule>
  </Group>
  <Group id="V-WOAA-3X-000056">
    <title>SRG-APP-000358-AAA-000280</title>
    <Rule id="SV-WOAA-3X-000056" severity="medium" weight="10.0">
      <version>WOAA-3X-000056</version>
      <title>Workspace ONE Access must be configured to send audit records to a centralized audit server.</title>
      <description>&lt;VulnDiscussion&gt;Information stored in one location is vulnerable to accidental or incidental deletion or alteration. Off-loading is a common process in information systems with limited audit storage capacity.&lt;/VulnDiscussion&gt;&lt;FalsePositives&gt;&lt;/FalsePositives&gt;&lt;FalseNegatives&gt;&lt;/FalseNegatives&gt;&lt;Documentable&gt;false&lt;/Documentable&gt;&lt;Mitigations&gt;&lt;/Mitigations&gt;&lt;SecurityOverrideGuidance&gt;&lt;/SecurityOverrideGuidance&gt;&lt;PotentialImpacts&gt;&lt;/PotentialImpacts&gt;&lt;ThirdPartyTools&gt;&lt;/ThirdPartyTools&gt;&lt;MitigationControl&gt;&lt;/MitigationControl&gt;&lt;Responsibility&gt;&lt;/Responsibility&gt;&lt;IAControls&gt;&lt;/IAControls&gt;</description>
      <ident system="http://iase.disa.mil/cci">CCI-001851</ident>
      <fixtext fixref="F-WOAA-3X-000056_fix">Login to the Workspace ONE Access admin console at "https://&lt;hostname&gt;:8443/cfg" using administrative credentials. 

Click "Configure Syslog" in the left pane.

Select Enable and specify a syslog server destination and protocol then click Save.</fixtext>
      <check system="N/A">
        <check-content>Login to the Workspace ONE Access admin console at "https://&lt;hostname&gt;:8443/cfg" using administrative credentials. 

Click "Configure Syslog" in the left pane to view the current syslog configuration. 

If syslog is not enabled, this is a finding.</check-content>
      </check>
    </Rule>
  </Group>
  <Group id="V-WOAA-3X-000031">
    <title>SRG-APP-000165-AAA-000550</title>
    <Rule id="SV-WOAA-3X-000031" severity="medium" weight="10.0">
      <version>WOAA-3X-000031</version>
      <title>Workspace ONE Access must be configured to prohibit password reuse for a minimum of five generations.</title>
      <description>&lt;VulnDiscussion&gt;Password complexity, or strength, is a measure of the effectiveness of a password in resisting attempts at guessing and brute-force attacks. 

To meet password policy requirements, passwords need to be changed at specific policy-based intervals. 

If the information system or application allows the user to consecutively reuse their password when that password has exceeded its defined lifetime, the end result is a password that is not changed as per policy requirements.&lt;/VulnDiscussion&gt;&lt;FalsePositives&gt;&lt;/FalsePositives&gt;&lt;FalseNegatives&gt;&lt;/FalseNegatives&gt;&lt;Documentable&gt;false&lt;/Documentable&gt;&lt;Mitigations&gt;&lt;/Mitigations&gt;&lt;SecurityOverrideGuidance&gt;&lt;/SecurityOverrideGuidance&gt;&lt;PotentialImpacts&gt;&lt;/PotentialImpacts&gt;&lt;ThirdPartyTools&gt;&lt;/ThirdPartyTools&gt;&lt;MitigationControl&gt;&lt;/MitigationControl&gt;&lt;Responsibility&gt;&lt;/Responsibility&gt;&lt;IAControls&gt;&lt;/IAControls&gt;</description>
      <ident system="http://iase.disa.mil/cci">CCI-000200</ident>
      <fixtext fixref="F-WOAA-3X-000031_fix">Login to the Workspace ONE Access admin console at "https://&lt;hostname&gt;/SAAS/admin" using administrative credentials.

Click the "Users and Groups" tab then "Settings".

Set "Password history" to at least "5" and click Save.</fixtext>
      <check system="N/A">
        <check-content>Login to the Workspace ONE Access admin console at "https://&lt;hostname&gt;/SAAS/admin" using administrative credentials.

Click the "Users and Groups" tab then "Settings" to view the password policies.
 
If "Password history" is not set to at least "5", this is a finding.</check-content>
      </check>
    </Rule>
  </Group>
  <Group id="V-WOAA-3X-000035">
    <title>SRG-APP-000169-AAA-000490</title>
    <Rule id="SV-WOAA-3X-000035" severity="medium" weight="10.0">
      <version>WOAA-3X-000035</version>
      <title>Workspace ONE Access must be configured to enforce password complexity by requiring that at least one special character be used.</title>
      <description>&lt;VulnDiscussion&gt;Password complexity, or strength, is a measure of the effectiveness of a password in resisting attempts at guessing and brute-force attacks. Use of a complex password helps to increase the time and resources required to compromise the password. The more complex the password is, the greater the number of possible combinations that need to be tested before the password is compromised. Special characters are those characters that are not alphanumeric. Examples include: ~ ! @ # $ % ^ *.&lt;/VulnDiscussion&gt;&lt;FalsePositives&gt;&lt;/FalsePositives&gt;&lt;FalseNegatives&gt;&lt;/FalseNegatives&gt;&lt;Documentable&gt;false&lt;/Documentable&gt;&lt;Mitigations&gt;&lt;/Mitigations&gt;&lt;SecurityOverrideGuidance&gt;&lt;/SecurityOverrideGuidance&gt;&lt;PotentialImpacts&gt;&lt;/PotentialImpacts&gt;&lt;ThirdPartyTools&gt;&lt;/ThirdPartyTools&gt;&lt;MitigationControl&gt;&lt;/MitigationControl&gt;&lt;Responsibility&gt;&lt;/Responsibility&gt;&lt;IAControls&gt;&lt;/IAControls&gt;</description>
      <ident system="http://iase.disa.mil/cci">CCI-001619</ident>
      <fixtext fixref="F-WOAA-3X-000035_fix">Login to the Workspace ONE Access admin console at "https://&lt;hostname&gt;/SAAS/admin" using administrative credentials.

Click the "Users and Groups" tab then "Settings".

Set "Special characters" to "1" and click Save.</fixtext>
      <check system="N/A">
        <check-content>Login to the Workspace ONE Access admin console at "https://&lt;hostname&gt;/SAAS/admin" using administrative credentials.

Click the "Users and Groups" tab then "Settings" to view the password policies.

If "Special characters" is not set to at least "1", this is a finding.</check-content>
      </check>
    </Rule>
  </Group>
  <Group id="V-WOAA-3X-000034">
    <title>SRG-APP-000168-AAA-000480</title>
    <Rule id="SV-WOAA-3X-000034" severity="medium" weight="10.0">
      <version>WOAA-3X-000034</version>
      <title>Workspace ONE Access must be configured to enforce password complexity by requiring that at least one numeric character be used.</title>
      <description>&lt;VulnDiscussion&gt;Password complexity, or strength, is a measure of the effectiveness of a password in resisting attempts at guessing and brute-force attacks. Use of a complex password helps to increase the time and resources required to compromise the password. The more complex the password is, the greater the number of possible combinations that need to be tested before the password is compromised. Special characters are those characters that are not alphanumeric. Examples include: ~ ! @ # $ % ^ *.&lt;/VulnDiscussion&gt;&lt;FalsePositives&gt;&lt;/FalsePositives&gt;&lt;FalseNegatives&gt;&lt;/FalseNegatives&gt;&lt;Documentable&gt;false&lt;/Documentable&gt;&lt;Mitigations&gt;&lt;/Mitigations&gt;&lt;SecurityOverrideGuidance&gt;&lt;/SecurityOverrideGuidance&gt;&lt;PotentialImpacts&gt;&lt;/PotentialImpacts&gt;&lt;ThirdPartyTools&gt;&lt;/ThirdPartyTools&gt;&lt;MitigationControl&gt;&lt;/MitigationControl&gt;&lt;Responsibility&gt;&lt;/Responsibility&gt;&lt;IAControls&gt;&lt;/IAControls&gt;</description>
      <ident system="http://iase.disa.mil/cci">CCI-000194</ident>
      <fixtext fixref="F-WOAA-3X-000034_fix">Login to the Workspace ONE Access admin console at "https://&lt;hostname&gt;/SAAS/admin" using administrative credentials.

Click the "Users and Groups" tab then "Settings".

Set "Numerical characters" to "1" and click Save.</fixtext>
      <check system="N/A">
        <check-content>Login to the Workspace ONE Access admin console at "https://&lt;hostname&gt;/SAAS/admin" using administrative credentials.

Click the "Users and Groups" tab then "Settings" to view the password policies.

If "Numerical characters" is not set to at least "1", this is a finding.</check-content>
      </check>
    </Rule>
  </Group>
  <Group id="V-WOAA-3X-000028">
    <title>SRG-APP-000150-AAA-000410</title>
    <Rule id="SV-WOAA-3X-000028" severity="medium" weight="10.0">
      <version>WOAA-3X-000028</version>
      <title>Workspace ONE Access must be configured to require multifactor authentication using Common Access Card (CAC) for authenticating user accounts.</title>
      <description>&lt;VulnDiscussion&gt;To assure accountability and prevent unauthenticated access, users must utilize multifactor authentication to prevent potential misuse and compromise of the system. 

Multifactor authentication uses two or more factors to achieve authentication. 

Factors include:
(i) Something you know (e.g., password/PIN); 
(ii) Something you have (e.g., cryptographic identification device, token); or 
(iii) Something you are (e.g., biometric). 

Network access is any access to an application by a user (or process acting on behalf of a user) where said access is obtained through a network connection.

Applications integrating with the DoD Active Directory and using the DoD CAC are examples of compliant multifactor authentication solutions.&lt;/VulnDiscussion&gt;&lt;FalsePositives&gt;&lt;/FalsePositives&gt;&lt;FalseNegatives&gt;&lt;/FalseNegatives&gt;&lt;Documentable&gt;false&lt;/Documentable&gt;&lt;Mitigations&gt;&lt;/Mitigations&gt;&lt;SecurityOverrideGuidance&gt;&lt;/SecurityOverrideGuidance&gt;&lt;PotentialImpacts&gt;&lt;/PotentialImpacts&gt;&lt;ThirdPartyTools&gt;&lt;/ThirdPartyTools&gt;&lt;MitigationControl&gt;&lt;/MitigationControl&gt;&lt;Responsibility&gt;&lt;/Responsibility&gt;&lt;IAControls&gt;&lt;/IAControls&gt;</description>
      <ident system="http://iase.disa.mil/cci">CCI-000766</ident>
      <fixtext fixref="F-WOAA-3X-000028_fix">See the accompanying Smart Card configuraiton guide for Workspace ONE Access.</fixtext>
      <check system="N/A">
        <check-content>Navigate to the Workspace ONE Access login page in a new browser session.

If your CAC is inserted but you are not prompted to select a certificate or enter your PIN, this is a finding.</check-content>
      </check>
    </Rule>
  </Group>
  <Group id="V-WOAA-3X-000009">
    <title>SRG-APP-000065-AAA-000200</title>
    <Rule id="SV-WOAA-3X-000009" severity="medium" weight="10.0">
      <version>WOAA-3X-000009</version>
      <title>Workspace ONE Access must be configured to automatically lock user accounts after three consecutive invalid logon attempts within a 15-minute time period.</title>
      <description>&lt;VulnDiscussion&gt;By limiting the number of failed logon attempts, the risk of unauthorized system access via user password guessing, otherwise known as brute forcing, is reduced. Limits are imposed by locking the account.&lt;/VulnDiscussion&gt;&lt;FalsePositives&gt;&lt;/FalsePositives&gt;&lt;FalseNegatives&gt;&lt;/FalseNegatives&gt;&lt;Documentable&gt;false&lt;/Documentable&gt;&lt;Mitigations&gt;&lt;/Mitigations&gt;&lt;SecurityOverrideGuidance&gt;&lt;/SecurityOverrideGuidance&gt;&lt;PotentialImpacts&gt;&lt;/PotentialImpacts&gt;&lt;ThirdPartyTools&gt;&lt;/ThirdPartyTools&gt;&lt;MitigationControl&gt;&lt;/MitigationControl&gt;&lt;Responsibility&gt;&lt;/Responsibility&gt;&lt;IAControls&gt;&lt;/IAControls&gt;</description>
      <ident system="http://iase.disa.mil/cci">CCI-000044</ident>
      <fixtext fixref="F-WOAA-3X-000009_fix">Login to the Workspace ONE Access admin console at "https://&lt;hostname&gt;/SAAS/admin" using administrative credentials.

Click the "Users and Groups" tab. Click on "Settings", in the top right.

Set "Failed password attempts" to "3". 

Set "Failed authentication attempts interval" to "15" minutes.

Click "Save".</fixtext>
      <check system="N/A">
        <check-content>Login to the Workspace ONE Access admin console at "https://&lt;hostname&gt;/SAAS/admin" using administrative credentials.

Click the "Users and Groups" tab. Click on "Settings", in the top right.
 
If "Failed password attempts" is not "3", this is a finding.

If "Failed authentication attempts interval" is not set to "15" minutes, this is a finding.</check-content>
      </check>
    </Rule>
  </Group>
  <Group id="V-WOAA-3X-000067">
    <title>SRG-APP-000516-AAA-000640</title>
    <Rule id="SV-WOAA-3X-000067" severity="medium" weight="10.0">
      <version>WOAA-3X-000067</version>
      <title>Workspace ONE Access must be configured to use a unique shared secret when configuring the RADIUS authentication adapter.</title>
      <description>&lt;VulnDiscussion&gt;Using standardized authentication protocols such as RADIUS, TACACS+, and Kerberos, an authentication server provides centralized and robust authentication services for the management of network components. An authentication server is very scalable as it supports many user accounts and authentication sessions with the network components.&lt;/VulnDiscussion&gt;&lt;FalsePositives&gt;&lt;/FalsePositives&gt;&lt;FalseNegatives&gt;&lt;/FalseNegatives&gt;&lt;Documentable&gt;false&lt;/Documentable&gt;&lt;Mitigations&gt;&lt;/Mitigations&gt;&lt;SecurityOverrideGuidance&gt;&lt;/SecurityOverrideGuidance&gt;&lt;PotentialImpacts&gt;&lt;/PotentialImpacts&gt;&lt;ThirdPartyTools&gt;&lt;/ThirdPartyTools&gt;&lt;MitigationControl&gt;&lt;/MitigationControl&gt;&lt;Responsibility&gt;&lt;/Responsibility&gt;&lt;IAControls&gt;&lt;/IAControls&gt;</description>
      <ident system="http://iase.disa.mil/cci">CCI-000366</ident>
      <fixtext fixref="F-WOAA-3X-000067_fix">Login to the Workspace ONE Access admin console at "https://&lt;hostname&gt;/SAAS/admin" using administrative credentials. 

On the VMware Identity Manager console Identity &amp; Access Management tab, select Setup.

On the Connectors page, select the Worker link for the connector tp be configured.

Click Auth Adapters and then Radius Adapter.

Enter a unique shared secret and click Save.</fixtext>
      <check system="N/A">
        <check-content>If the RADIUS adapter is not configured on any connectors, this is Not Applicable.

Login to the Workspace ONE Access admin console at "https://&lt;hostname&gt;/SAAS/admin" using administrative credentials. 

On the VMware Identity Manager console Identity &amp; Access Management tab, select Setup.

On the Connectors page, select the Worker link for the connector being checked.

Click Auth Adapters and then Radius Adapter.

If the shared secret is not unique, this is a finding.</check-content>
      </check>
    </Rule>
  </Group>
  <Group id="V-WOAA-3X-000036">
    <title>SRG-APP-000170-AAA-000500</title>
    <Rule id="SV-WOAA-3X-000036" severity="medium" weight="10.0">
      <version>WOAA-3X-000036</version>
      <title>Workspace ONE Access must be configured to require the change of at least eight of the total number of characters when passwords are changed.</title>
      <description>&lt;VulnDiscussion&gt;Password complexity, or strength, is a measure of the effectiveness of a password in resisting attempts at guessing and brute-force attacks. Use of a complex password helps to increase the time and resources required to compromise the password. The more complex the password is, the greater the number of possible combinations that need to be tested before the password is compromised.&lt;/VulnDiscussion&gt;&lt;FalsePositives&gt;&lt;/FalsePositives&gt;&lt;FalseNegatives&gt;&lt;/FalseNegatives&gt;&lt;Documentable&gt;false&lt;/Documentable&gt;&lt;Mitigations&gt;&lt;/Mitigations&gt;&lt;SecurityOverrideGuidance&gt;&lt;/SecurityOverrideGuidance&gt;&lt;PotentialImpacts&gt;&lt;/PotentialImpacts&gt;&lt;ThirdPartyTools&gt;&lt;/ThirdPartyTools&gt;&lt;MitigationControl&gt;&lt;/MitigationControl&gt;&lt;Responsibility&gt;&lt;/Responsibility&gt;&lt;IAControls&gt;&lt;/IAControls&gt;</description>
      <ident system="http://iase.disa.mil/cci">CCI-000195</ident>
      <fixtext fixref="F-WOAA-3X-000036_fix">Login to the Workspace ONE Access admin console at "https://&lt;hostname&gt;/SAAS/admin" using administrative credentials.

Click the "Users and Groups" tab then "Settings".

Set "Number of characters from previous password allowed" to "8" and click Save.</fixtext>
      <check system="N/A">
        <check-content>Login to the Workspace ONE Access admin console at "https://&lt;hostname&gt;/SAAS/admin" using administrative credentials.

Click the "Users and Groups" tab then "Settings" to view the password policies.

If "Number of characters from previous password allowed" is not set to at least "8", this is a finding.</check-content>
      </check>
    </Rule>
  </Group>
  <Group id="V-WOAA-3X-000070">
    <title>SRG-APP-000516-AAA-000690</title>
    <Rule id="SV-WOAA-3X-000070" severity="medium" weight="10.0">
      <version>WOAA-3X-000070</version>
      <title>Workspace ONE Access must display the Standard Mandatory DoD Notice and Consent Banner before granting access to the system.</title>
      <description>&lt;VulnDiscussion&gt;Application servers are required to display the Standard Mandatory DoD Notice and Consent Banner before granting access to the system management interface. &lt;/VulnDiscussion&gt;&lt;FalsePositives&gt;&lt;/FalsePositives&gt;&lt;FalseNegatives&gt;&lt;/FalseNegatives&gt;&lt;Documentable&gt;false&lt;/Documentable&gt;&lt;Mitigations&gt;&lt;/Mitigations&gt;&lt;SecurityOverrideGuidance&gt;&lt;/SecurityOverrideGuidance&gt;&lt;PotentialImpacts&gt;&lt;/PotentialImpacts&gt;&lt;ThirdPartyTools&gt;&lt;/ThirdPartyTools&gt;&lt;MitigationControl&gt;&lt;/MitigationControl&gt;&lt;Responsibility&gt;&lt;/Responsibility&gt;&lt;IAControls&gt;&lt;/IAControls&gt;</description>
      <ident system="http://iase.disa.mil/cci">CCI-000366</ident>
      <fixtext fixref="F-WOAA-3X-000070_fix">Login to the Workspace ONE Access admin console at "https://&lt;hostname&gt;/SAAS/admin" using administrative credentials. 

Navigate to the "Identity &amp; Access Management" tab.

Click the "Setup" button.

Click the Worker link for the connector that is being configured.

Click "Auth Adapters" then Click "CertificateAuthAdapter".

Check the box next to "Enable Consent Form before Authentication".

In the "Consent Form Content" field, supply the Standard Mandatory DoD Notice and Consent Banner text.

"You are accessing a U.S. Government (USG) Information System (IS) that is provided for USG-authorized use only.
By using this IS (which includes any device attached to this IS), you consent to the following conditions:
-The USG routinely intercepts and monitors communications on this IS for purposes including, but not limited to, penetration testing, COMSEC monitoring, network operations and defense, personnel misconduct (PM), law enforcement (LE), and counterintelligence (CI) investigations.
-At any time, the USG may inspect and seize data stored on this IS.
-Communications using, or data stored on, this IS are not private, are subject to routine monitoring, interception, and search, and may be disclosed or used for any USG-authorized purpose.
-This IS includes security measures (e.g., authentication and access controls) to protect USG interests--not for your personal benefit or privacy.
-Notwithstanding the above, using this IS does not constitute consent to PM, LE or CI investigative searching or monitoring of the content of privileged communications, or work product, related to personal representation or services by attorneys, psychotherapists, or clergy, and their assistants. Such communications and work product are private and confidential. See User Agreement for details."

Click "Save".

Note: The certificate authentication configuration must be completed before this will be display which is covered by a separate control.</fixtext>
      <check system="N/A">
        <check-content>Login to the Workspace ONE Access admin console at "https://&lt;hostname&gt;/SAAS/admin" using administrative credentials. 

Navigate to the "Identity &amp; Access Management" tab.

Click the "Setup" button.

Click the Worker link for each connector that is being configured.

Click "Auth Adapters" then Click "CertificateAuthAdapter".

If "Enable Consent Form before Authentication" is not checked, this is a finding.

If the "Consent Form Content" field does not contain the Standard Mandatory DoD Notice and Consent Banner text, this is a finding.</check-content>
      </check>
    </Rule>
  </Group>
  <Group id="V-WOAA-3X-000032">
    <title>SRG-APP-000166-AAA-000460</title>
    <Rule id="SV-WOAA-3X-000032" severity="medium" weight="10.0">
      <version>WOAA-3X-000032</version>
      <title>Workspace ONE Access must be configured to enforce password complexity by requiring that at least one upper-case character be used.</title>
      <description>&lt;VulnDiscussion&gt;Password complexity, or strength, is a measure of the effectiveness of a password in resisting attempts at guessing and brute-force attacks. Use of a complex password helps to increase the time and resources required to compromise the password. The more complex the password is, the greater the number of possible combinations that need to be tested before the password is compromised.&lt;/VulnDiscussion&gt;&lt;FalsePositives&gt;&lt;/FalsePositives&gt;&lt;FalseNegatives&gt;&lt;/FalseNegatives&gt;&lt;Documentable&gt;false&lt;/Documentable&gt;&lt;Mitigations&gt;&lt;/Mitigations&gt;&lt;SecurityOverrideGuidance&gt;&lt;/SecurityOverrideGuidance&gt;&lt;PotentialImpacts&gt;&lt;/PotentialImpacts&gt;&lt;ThirdPartyTools&gt;&lt;/ThirdPartyTools&gt;&lt;MitigationControl&gt;&lt;/MitigationControl&gt;&lt;Responsibility&gt;&lt;/Responsibility&gt;&lt;IAControls&gt;&lt;/IAControls&gt;</description>
      <ident system="http://iase.disa.mil/cci">CCI-000192</ident>
      <fixtext fixref="F-WOAA-3X-000032_fix">Login to the Workspace ONE Access admin console at "https://&lt;hostname&gt;/SAAS/admin" using administrative credentials.

Click the "Users and Groups" tab then "Settings".

Set "Uppercase characters" to "1" and click Save.</fixtext>
      <check system="N/A">
        <check-content>Login to the Workspace ONE Access admin console at "https://&lt;hostname&gt;/SAAS/admin" using administrative credentials.

Click the "Users and Groups" tab then "Settings" to view the password policies.

If "Uppercase characters" is not set to at least "1", this is a finding.</check-content>
      </check>
    </Rule>
  </Group>
  <Group id="V-WOAA-3X-000033">
    <title>SRG-APP-000167-AAA-000470</title>
    <Rule id="SV-WOAA-3X-000033" severity="medium" weight="10.0">
      <version>WOAA-3X-000033</version>
      <title>Workspace ONE Access must be configured to enforce password complexity by requiring that at least one lower-case character be used.</title>
      <description>&lt;VulnDiscussion&gt;Password complexity, or strength, is a measure of the effectiveness of a password in resisting attempts at guessing and brute-force attacks. Use of a complex password helps to increase the time and resources required to compromise the password. The more complex the password is, the greater the number of possible combinations that need to be tested before the password is compromised. Special characters are those characters that are not alphanumeric. Examples include: ~ ! @ # $ % ^ *.&lt;/VulnDiscussion&gt;&lt;FalsePositives&gt;&lt;/FalsePositives&gt;&lt;FalseNegatives&gt;&lt;/FalseNegatives&gt;&lt;Documentable&gt;false&lt;/Documentable&gt;&lt;Mitigations&gt;&lt;/Mitigations&gt;&lt;SecurityOverrideGuidance&gt;&lt;/SecurityOverrideGuidance&gt;&lt;PotentialImpacts&gt;&lt;/PotentialImpacts&gt;&lt;ThirdPartyTools&gt;&lt;/ThirdPartyTools&gt;&lt;MitigationControl&gt;&lt;/MitigationControl&gt;&lt;Responsibility&gt;&lt;/Responsibility&gt;&lt;IAControls&gt;&lt;/IAControls&gt;</description>
      <ident system="http://iase.disa.mil/cci">CCI-000193</ident>
      <fixtext fixref="F-WOAA-3X-000033_fix">Login to the Workspace ONE Access admin console at "https://&lt;hostname&gt;/SAAS/admin" using administrative credentials.

Click the "Users and Groups" tab then "Settings".

Set "Lowercase characters" to "1" and click Save.</fixtext>
      <check system="N/A">
        <check-content>Login to the Workspace ONE Access admin console at "https://&lt;hostname&gt;/SAAS/admin" using administrative credentials.

Click the "Users and Groups" tab then "Settings" to view the password policies.

If "Lowercase characters" is not set to at least "1", this is a finding.</check-content>
      </check>
    </Rule>
  </Group>
  <Group id="V-WOAA-3X-000061">
    <title>SRG-APP-000516-AAA-000350</title>
    <Rule id="SV-WOAA-3X-000061" severity="low" weight="10.0">
      <version>WOAA-3X-000061</version>
      <title>Workspace ONE Access must be configured to use NTP to synchronize time.</title>
      <description>&lt;VulnDiscussion&gt;Inaccurate time stamps make it more difficult to correlate events and can lead to an inaccurate analysis. Determining the correct time a particular event occurred on a system is critical when conducting forensic analysis and investigating system events. Sources outside of the configured acceptable allowance (drift) may be inaccurate. Additionally, unnecessary synchronization may have an adverse impact on system performance and may indicate malicious activity. 

If the internal clock is not used, the system may not be able to provide time stamps for log messages. Additionally, externally generated time stamps may not be accurate. Applications can use the capability of an operating system or purpose-built module for this purpose. Synchronizing the internal clock using NTP provides uniformity for all system clocks over a network. NTP provides an efficient and scalable method for network devices to synchronize to an accurate time source.&lt;/VulnDiscussion&gt;&lt;FalsePositives&gt;&lt;/FalsePositives&gt;&lt;FalseNegatives&gt;&lt;/FalseNegatives&gt;&lt;Documentable&gt;false&lt;/Documentable&gt;&lt;Mitigations&gt;&lt;/Mitigations&gt;&lt;SecurityOverrideGuidance&gt;&lt;/SecurityOverrideGuidance&gt;&lt;PotentialImpacts&gt;&lt;/PotentialImpacts&gt;&lt;ThirdPartyTools&gt;&lt;/ThirdPartyTools&gt;&lt;MitigationControl&gt;&lt;/MitigationControl&gt;&lt;Responsibility&gt;&lt;/Responsibility&gt;&lt;IAControls&gt;&lt;/IAControls&gt;</description>
      <ident system="http://iase.disa.mil/cci">CCI-000366, CCI-001891</ident>
      <fixtext fixref="F-WOAA-3X-000061_fix">Login to the Workspace ONE Access admin console at "https://&lt;hostname&gt;:8443/cfg" using administrative credentials. 

Click "Time Synchronization" in the left pane.

Select NTP for the Time Sync method then enter the NTP server FQDN in the NTP Server field then click Save.</fixtext>
      <check system="N/A">
        <check-content>Login to the Workspace ONE Access admin console at "https://&lt;hostname&gt;:8443/cfg" using administrative credentials. 

Click "Time Synchronization" in the left pane to view the current NTP configuration. 

If "Time Sync" is not set to "NTP, this is a finding.

If "NTP Server" is not set to an authoritative DoD time source, this is a finding.</check-content>
      </check>
    </Rule>
  </Group>
  <Group id="V-WOAA-3X-000071">
    <title>SRG-APP-000516-AAA-000690</title>
    <Rule id="SV-WOAA-3X-000071" severity="medium" weight="10.0">
      <version>WOAA-3X-000071</version>
      <title>Workspace ONE Access must not provide environment information to third parties.</title>
      <description>&lt;VulnDiscussion&gt;Providing technical details about an environments infrastructure to third parties could unknowningly expose sensitive information to bad actors if intercepted.&lt;/VulnDiscussion&gt;&lt;FalsePositives&gt;&lt;/FalsePositives&gt;&lt;FalseNegatives&gt;&lt;/FalseNegatives&gt;&lt;Documentable&gt;false&lt;/Documentable&gt;&lt;Mitigations&gt;&lt;/Mitigations&gt;&lt;SecurityOverrideGuidance&gt;&lt;/SecurityOverrideGuidance&gt;&lt;PotentialImpacts&gt;&lt;/PotentialImpacts&gt;&lt;ThirdPartyTools&gt;&lt;/ThirdPartyTools&gt;&lt;MitigationControl&gt;&lt;/MitigationControl&gt;&lt;Responsibility&gt;&lt;/Responsibility&gt;&lt;IAControls&gt;&lt;/IAControls&gt;</description>
      <ident system="http://iase.disa.mil/cci">CCI-000366</ident>
      <fixtext fixref="F-WOAA-3X-000071_fix">Login to the Workspace ONE Access admin console at "https://&lt;hostname&gt;/SAAS/admin" using administrative credentials. 

Navigate to the "Appliance Settings" tab and select Telemetry.

Uncheck the box next to "Join the VMware Customer Experience Improvement Program" and click Save.</fixtext>
      <check system="N/A">
        <check-content>Login to the Workspace ONE Access admin console at "https://&lt;hostname&gt;/SAAS/admin" using administrative credentials. 

Navigate to the "Appliance Settings" tab and select Telemetry.

If the box is checked next to "Join the VMware Customer Experience Improvement Program", this is a finding.</check-content>
      </check>
    </Rule>
  </Group>
</Benchmark>
