<?xml version="1.0" encoding="UTF-8"?><?xml-stylesheet type="text/xsl" href="STIG_unclass.xsl"?>
<Benchmark xmlns:dc="http://purl.org/dc/elements/1.1/" xmlns:xsi="http://www.w3.org/2001/XMLSchema-instance" xmlns:cpe="http://cpe.mitre.org/language/2.0" xmlns:xhtml="http://www.w3.org/1999/xhtml" xmlns:dsig="http://www.w3.org/2000/09/xmldsig#" xsi:schemaLocation="http://checklists.nist.gov/xccdf/1.1 http://nvd.nist.gov/schema/xccdf-1.1.4.xsdhttp://cpe.mitre.org/dictionary/2.0 http://cpe.mitre.org/files/cpe-dictionary_2.1.xsd" id="VMware Aria Operations for Logs 8.x - Application" xml:lang="en" xmlns="http://checklists.nist.gov/xccdf/1.1">
  <status date="2023-10-27">draft</status>
  <title>VMware Aria Operations for Logs 8.x - Application - STIG Readiness Guide</title>
  <description>Target: v8.12</description>
  <notice id="terms-of-use" xml:lang="en"/>
  <front-matter xml:lang="en"/>
  <rear-matter xml:lang="en"/>
  <reference href="">
    <dc:publisher/>
    <dc:source/>
  </reference>
  <plain-text id="release-info">Release: 2 Benchmark Date: 27 Oct 2023</plain-text>
  <plain-text id="generator">3.2.2.36079</plain-text>
  <plain-text id="conventionsVersion">1.10.0</plain-text>
  <version>1</version>
  <Group id="V-VLIA-8X-000001">
    <title>SRG-APP-000068-AU-000035</title>
    <Rule id="SV-VLIA-8X-000001" severity="low" weight="10.0">
      <version>VLIA-8X-000001</version>
      <title>VMware Aria Operations for Logs must display the standard DoD notice and consent banner before granting access to the system.</title>
      <description>&lt;VulnDiscussion&gt;Display of the DoD-approved use notification before granting access to the application ensures privacy and security notification verbiage used is consistent with applicable federal laws, Executive Orders, directives, policies, regulations, standards, and guidance.

System use notifications are required only for access via logon interfaces with human users and are not required when such human interfaces do not exist.

The banner must be formatted in accordance with DTM-08-060. Use the following verbiage for applications that can accommodate banners of 1300 characters:

"You are accessing a U.S. Government (USG) Information System (IS) that is provided for USG-authorized use only.

By using this IS (which includes any device attached to this IS), you consent to the following conditions:

-The USG routinely intercepts and monitors communications on this IS for purposes including, but not limited to, penetration testing, COMSEC monitoring, network operations and defense, personnel misconduct (PM), law enforcement (LE), and counterintelligence (CI) investigations.

-At any time, the USG may inspect and seize data stored on this IS.

-Communications using, or data stored on, this IS are not private, are subject to routine monitoring, interception, and search, and may be disclosed or used for any USG-authorized purpose.

-This IS includes security measures (e.g., authentication and access controls) to protect USG interests--not for your personal benefit or privacy.

-Notwithstanding the above, using this IS does not constitute consent to PM, LE or CI investigative searching or monitoring of the content of privileged communications, or work product, related to personal representation or services by attorneys, psychotherapists, or clergy, and their assistants. Such communications and work product are private and confidential. See User Agreement for details."

Satisfies: SRG-APP-000069-AU-000420&lt;/VulnDiscussion&gt;&lt;FalsePositives&gt;&lt;/FalsePositives&gt;&lt;FalseNegatives&gt;&lt;/FalseNegatives&gt;&lt;Documentable&gt;false&lt;/Documentable&gt;&lt;Mitigations&gt;sshd can be configured with a banner but not the UI. We have a prioritized feature request to implement this in the near term.&lt;/Mitigations&gt;&lt;SecurityOverrideGuidance&gt;&lt;/SecurityOverrideGuidance&gt;&lt;PotentialImpacts&gt;&lt;/PotentialImpacts&gt;&lt;ThirdPartyTools&gt;&lt;/ThirdPartyTools&gt;&lt;MitigationControl&gt;&lt;/MitigationControl&gt;&lt;Responsibility&gt;&lt;/Responsibility&gt;&lt;IAControls&gt;&lt;/IAControls&gt;</description>
      <ident system="http://cyber.mil/cci">CCI-000048</ident>
      <fixtext fixref="F-VLIA-8X-000001_fix">Login to VMware Aria Operations for Logs as an administrator.

In the slide-out menu on the left, choose Configuration &gt;&gt; General.

Under the "SECURITY TECHNICAL IMPLEMENTATION GUIDE" section, ensure that the "DoD Consent Agreement" toggle is enabled.

Ensure that the "Login Message Type" is set to "Consent Dialog".

In the "Consent Description" field, supply the Standard Mandatory DoD Notice and Consent Banner text.

"You are accessing a U.S. Government (USG) Information System (IS) that is provided for USG-authorized use only.
By using this IS (which includes any device attached to this IS), you consent to the following conditions:
-The USG routinely intercepts and monitors communications on this IS for purposes including, but not limited to, penetration testing, COMSEC monitoring, network operations and defense, personnel misconduct (PM), law enforcement (LE), and counterintelligence (CI) investigations.
-At any time, the USG may inspect and seize data stored on this IS.
-Communications using, or data stored on, this IS are not private, are subject to routine monitoring, interception, and search, and may be disclosed or used for any USG-authorized purpose.
-This IS includes security measures (e.g., authentication and access controls) to protect USG interests--not for your personal benefit or privacy.
-Notwithstanding the above, using this IS does not constitute consent to PM, LE or CI investigative searching or monitoring of the content of privileged communications, or work product, related to personal representation or services by attorneys, psychotherapists, or clergy, and their assistants. Such communications and work product are private and confidential. See User Agreement for details."

Click "Save".</fixtext>
      <check system="N/A">
        <check-content>Login to VMware Aria Operations for Logs as an administrator to verify that it is configured to show the logon consent banner.

In the slide-out menu on the left, choose Configuration &gt;&gt; General.

Under the "SECURITY TECHNICAL IMPLEMENTATION GUIDE" section, verify that the "DoD Consent Agreement" toggle is enabled.

Verify that "Login Message Type" is set to "Consent Dialog", and that the "Consent Description" field contains the Standard Mandatory DoD Notice and Consent Banner text.

If the "DoD Consent Agreement" toggle is not enabled, or the "Consent Description" field does not contain the Standard Mandatory DoD Notice and Consent Banner text, this is a finding.</check-content>
      </check>
    </Rule>
  </Group>
  <Group id="V-VLIA-8X-000002">
    <title>SRG-APP-000086-AU-000030</title>
    <Rule id="SV-VLIA-8X-000002" severity="low" weight="10.0">
      <version>VLIA-8X-000002</version>
      <title>VMware Aria Operations for Logs must be configured to synchronize time with an authoritative source.</title>
      <description>&lt;VulnDiscussion&gt;If the application is not configured to collate records based on the time when the events occurred, the ability to perform forensic analysis and investigations across multiple components is significantly degraded. If the SIEM or other Central Log Server is out of sync with the host and devices for which it stores event logs, this may impact the accuracy of the records stored.

Log records are time correlated if the time stamps in the individual log records can be reliably related to the time stamps in other log records to achieve a time ordering of the records within an organization-defined level of tolerance.

This requirement applies only to applications that compile system-wide log records for multiple systems or system components.

Note: The actual configuration and security requirements for NTP is handled in the host OS or NDM STIGs that are also required as part of a Central Log Server review.&lt;/VulnDiscussion&gt;&lt;FalsePositives&gt;&lt;/FalsePositives&gt;&lt;FalseNegatives&gt;&lt;/FalseNegatives&gt;&lt;Documentable&gt;false&lt;/Documentable&gt;&lt;Mitigations&gt;&lt;/Mitigations&gt;&lt;SecurityOverrideGuidance&gt;&lt;/SecurityOverrideGuidance&gt;&lt;PotentialImpacts&gt;&lt;/PotentialImpacts&gt;&lt;ThirdPartyTools&gt;&lt;/ThirdPartyTools&gt;&lt;MitigationControl&gt;&lt;/MitigationControl&gt;&lt;Responsibility&gt;&lt;/Responsibility&gt;&lt;IAControls&gt;&lt;/IAControls&gt;</description>
      <ident system="http://cyber.mil/cci">CCI-000174</ident>
      <fixtext fixref="F-VLIA-8X-000002_fix">Login to VMware Aria Operations for Logs as an administrator.

In the slide-out menu on the left, choose Configuration &gt;&gt; Time.

Ensure "Sync Server Time With" is set to "NTP Server (recommended)".

In the "NTP Servers (comma-separated)" field, supply at least one valid DoD time source.

Click "Save".</fixtext>
      <check system="N/A">
        <check-content>Login to VMware Aria Operations for Logs as an administrator.

In the slide-out menu on the left, choose Configuration &gt;&gt; Time.

If "Sync Server Time With" is not set to "NTP Server (recommended)", this is a finding.

If "NTP Servers (comma-separated)" is not set to at least one valid DoD time source, this is a finding.</check-content>
      </check>
    </Rule>
  </Group>
  <Group id="V-VLIA-8X-000003">
    <title>SRG-APP-000092-AU-000670</title>
    <Rule id="SV-VLIA-8X-000003" severity="low" weight="10.0">
      <version>VLIA-8X-000003</version>
      <title>VMware Aria Operations for Logs must initiate session auditing upon startup.</title>
      <description>&lt;VulnDiscussion&gt;If auditing is enabled late in the startup process, the actions of some start-up processes may not be audited. Some audit systems also maintain state information which is only available if auditing is enabled before a given process is created.&lt;/VulnDiscussion&gt;&lt;FalsePositives&gt;&lt;/FalsePositives&gt;&lt;FalseNegatives&gt;&lt;/FalseNegatives&gt;&lt;Documentable&gt;false&lt;/Documentable&gt;&lt;Mitigations&gt;We have a prioritized feature request to implement this in the near term. .&lt;/Mitigations&gt;&lt;SecurityOverrideGuidance&gt;&lt;/SecurityOverrideGuidance&gt;&lt;PotentialImpacts&gt;&lt;/PotentialImpacts&gt;&lt;ThirdPartyTools&gt;&lt;/ThirdPartyTools&gt;&lt;MitigationControl&gt;&lt;/MitigationControl&gt;&lt;Responsibility&gt;&lt;/Responsibility&gt;&lt;IAControls&gt;&lt;/IAControls&gt;</description>
      <ident system="http://cyber.mil/cci">CCI-001464</ident>
      <fixtext fixref="F-VLIA-8X-000003_fix">Navigate to and open:

/usr/lib/loginsight/application/etc/loginsight-config-base.xml

Navigate to the &lt;config&gt;/&lt;logging&gt;/&lt;configuration&gt;/&lt;loggers&gt; section.

Add or update the following logger and parameters to match below:

&lt;logger name="com.vmware.loginsight.web.bootstrap.Bootstrapper.audit" level="info" additivity="false"&gt;&lt;appenderRef ref="AUDIT"/&gt;&lt;/logger&gt;</fixtext>
      <check system="N/A">
        <check-content>At the command prompt, execute the following command:

# xmllint --format --xpath '/config/logging/configuration/loggers/logger[@name="com.vmware.loginsight.web.bootstrap.Bootstrapper.audit"]' /usr/lib/loginsight/application/etc/loginsight-config-base.xml

Expected result:

&lt;logger name="com.vmware.loginsight.web.bootstrap.Bootstrapper.audit" level="info" additivity="false"&gt;&lt;appenderRef ref="AUDIT"/&gt;&lt;/logger&gt;

If the output does not match the expected result, this is a finding.</check-content>
      </check>
    </Rule>
  </Group>
  <Group id="V-VLIA-8X-000004">
    <title>SRG-APP-000118-AU-000100</title>
    <Rule id="SV-VLIA-8X-000004" severity="medium" weight="10.0">
      <version>VLIA-8X-000004</version>
      <title>VMware Aria Operations for Logs must protect audit information from unauthorized read access.</title>
      <description>&lt;VulnDiscussion&gt;If audit data were to become compromised, then competent forensic analysis and discovery of the true source of potentially malicious system activity is difficult if not impossible to achieve. In addition, access to audit records provides information attackers could potentially use to their advantage.

To ensure the validity of audit data, the information system and/or the application must protect audit information from any and all unauthorized access. This includes read, write, and copy access.

This requirement can be achieved through multiple methods, which will depend upon system architecture and design. Commonly employed methods for protecting audit information include least privilege permissions, controlling number of log files and repositories, and restricting access to the location of log file repositories.

Additionally, applications with user interfaces to audit records should not allow for the unfettered manipulation of or access to those records via the application. If the application provides access to the audit data, the application becomes accountable for ensuring audit information is protected from unauthorized access.

Audit information includes all information (e.g., audit records, audit settings, and audit reports) needed to successfully audit information system activity.

Satisfies: SRG-APP-000119-AU-000110, SRG-APP-000120-AU-000120, SRG-APP-000121-AU-000130, SRG-APP-000122-AU-000140, SRG-APP-000123-AU-000150&lt;/VulnDiscussion&gt;&lt;FalsePositives&gt;&lt;/FalsePositives&gt;&lt;FalseNegatives&gt;&lt;/FalseNegatives&gt;&lt;Documentable&gt;false&lt;/Documentable&gt;&lt;Mitigations&gt;&lt;/Mitigations&gt;&lt;SecurityOverrideGuidance&gt;&lt;/SecurityOverrideGuidance&gt;&lt;PotentialImpacts&gt;&lt;/PotentialImpacts&gt;&lt;ThirdPartyTools&gt;&lt;/ThirdPartyTools&gt;&lt;MitigationControl&gt;&lt;/MitigationControl&gt;&lt;Responsibility&gt;&lt;/Responsibility&gt;&lt;IAControls&gt;&lt;/IAControls&gt;</description>
      <ident system="http://cyber.mil/cci">CCI-000162</ident>
      <fixtext fixref="F-VLIA-8X-000004_fix">At the command line, execute the following command(s):

# chown root:root /var/log/loginsight/audit.log

# chmod 640 /var/log/loginsight/audit.log</fixtext>
      <check system="N/A">
        <check-content>At the command prompt, execute the following command:

# stat -c "%a:%U:%G" /var/log/loginsight/audit.log

Expected result:

640:root:root

If the output does not match the expected result, this is a finding.</check-content>
      </check>
    </Rule>
  </Group>
  <Group id="V-VLIA-8X-000005">
    <title>SRG-APP-000149-AU-002280</title>
    <Rule id="SV-VLIA-8X-000005" severity="medium" weight="10.0">
      <version>VLIA-8X-000005</version>
      <title>VMware Aria Operations for Logs must enable multifactor authentication.</title>
      <description>&lt;VulnDiscussion&gt;Without the use of multifactor authentication, the ease of access to privileged functions is greatly increased. 

Multifactor authentication requires using two or more factors to achieve authentication. 

Factors include: 
(i) something a user knows (e.g., password/PIN); 
(ii) something a user has (e.g., cryptographic identification device, token); or 
(iii) something a user is (e.g., biometric). 

A privileged account is defined as an information system account with authorizations of a privileged user. 

Network access is defined as access to an information system by a user (or a process acting on behalf of a user) communicating through a network (e.g., local area network, wide area network, or the Internet).

Satisfies: SRG-APP-000148-AU-002270, SRG-APP-000150-AU-002320, SRG-APP-000151-AU-002330, SRG-APP-000391-AU-002290&lt;/VulnDiscussion&gt;&lt;FalsePositives&gt;&lt;/FalsePositives&gt;&lt;FalseNegatives&gt;&lt;/FalseNegatives&gt;&lt;Documentable&gt;false&lt;/Documentable&gt;&lt;Mitigations&gt;Can be achieved by integrating with vIDM.

See SRG-APP-000148-AU-002270

Consider extending support for other SAML and oAuth systems.&lt;/Mitigations&gt;&lt;SecurityOverrideGuidance&gt;&lt;/SecurityOverrideGuidance&gt;&lt;PotentialImpacts&gt;&lt;/PotentialImpacts&gt;&lt;ThirdPartyTools&gt;&lt;/ThirdPartyTools&gt;&lt;MitigationControl&gt;&lt;/MitigationControl&gt;&lt;Responsibility&gt;&lt;/Responsibility&gt;&lt;IAControls&gt;&lt;/IAControls&gt;</description>
      <ident system="http://cyber.mil/cci">CCI-000765</ident>
      <fixtext fixref="F-VLIA-8X-000005_fix">Enable Single Sign-On authentication in VMware Aria Operations for Logs.

Login to VMware Aria Operations for Logs as an administrator.

In the slide-out menu on the left, choose Configuration &gt;&gt; Authentication.

Navigate to the "Workspace ONE Access" tab, ensure the "Enable Single Sign-On" radio button is enabled and the details of your Workspace ONE Access instance are correct, then click "Save".

Workspace ONE Access must also be configured to support Smart Card authentication.

See the accompanying Smart Card configuration guide for Workspace ONE Access.</fixtext>
      <check system="N/A">
        <check-content>Navigate to the VMware Aria Operations for Logs login page in a new browser session.

If your Common Access Card (CAC) is inserted but you are not prompted to select a certificate or enter your PIN, this is a finding.</check-content>
      </check>
    </Rule>
  </Group>
  <Group id="V-VLIA-8X-000006">
    <title>SRG-APP-000163-AU-002470</title>
    <Rule id="SV-VLIA-8X-000006" severity="medium" weight="10.0">
      <version>VLIA-8X-000006</version>
      <title>VMware Aria Operations for Logs must disable local accounts after 35 days of inactivity.</title>
      <description>&lt;VulnDiscussion&gt;Inactive identifiers pose a risk to systems and applications. Attackers that are able to exploit an inactive identifier can potentially obtain and maintain undetected access to the application. Owners of inactive accounts will not notice if unauthorized access to their user account has been obtained. 

Applications need to track periods of inactivity and disable application identifiers after 35 days of inactivity. 

Management of user identifiers is not applicable to shared information system accounts (e.g., guest and anonymous accounts). It is commonly the case that a user account is the name of an information system account associated with an individual.

To avoid having to build complex user management capabilities directly into their application, wise developers leverage the underlying OS or other user account management infrastructure (AD, LDAP) that is already in place within the organization and meets organizational user account management requirements.

Satisfies: SRG-APP-000164-AU-002480, SRG-APP-000165-AU-002580, SRG-APP-000166-AU-002490, SRG-APP-000167-AU-002500, SRG-APP-000168-AU-002510, SRG-APP-000169-AU-002520, SRG-APP-000170-AU-002530, SRG-APP-000173-AU-002560, SRG-APP-000174-AU-002570&lt;/VulnDiscussion&gt;&lt;FalsePositives&gt;&lt;/FalsePositives&gt;&lt;FalseNegatives&gt;&lt;/FalseNegatives&gt;&lt;Documentable&gt;false&lt;/Documentable&gt;&lt;Mitigations&gt;We have a prioritized feature request to implement this in the near term. .&lt;/Mitigations&gt;&lt;SecurityOverrideGuidance&gt;&lt;/SecurityOverrideGuidance&gt;&lt;PotentialImpacts&gt;&lt;/PotentialImpacts&gt;&lt;ThirdPartyTools&gt;&lt;/ThirdPartyTools&gt;&lt;MitigationControl&gt;&lt;/MitigationControl&gt;&lt;Responsibility&gt;&lt;/Responsibility&gt;&lt;IAControls&gt;&lt;/IAControls&gt;</description>
      <ident system="http://cyber.mil/cci">CCI-000795</ident>
      <fixtext fixref="F-VLIA-8X-000006_fix">Login to VMware Aria Operations for Logs as an administrator.

In the slide-out menu on the left, choose Configuration &gt;&gt; General.

Enable the radio button next to "Password Policy Restriction" and click Save.</fixtext>
      <check system="N/A">
        <check-content>Login to VMware Aria Operations for Logs as an administrator.

In the slide-out menu on the left, choose Configuration &gt;&gt; General.

If "Password Policy Restriction" is not enabled, this is a finding.</check-content>
      </check>
    </Rule>
  </Group>
  <Group id="V-VLIA-8X-000056">
    <title>SRG-APP-000172-AU-002550</title>
    <Rule id="SV-VLIA-8X-000056" severity="high" weight="10.0">
      <version>VLIA-8X-000056</version>
      <title>The application server must utilize FIPS 140-2 approved encryption modules.</title>
      <description>&lt;VulnDiscussion&gt;Encryption is only as good as the encryption modules utilized.  Unapproved cryptographic module algorithms cannot be verified and cannot be relied upon to provide confidentiality or integrity, and DoD data may be compromised due to weak algorithms.  The use of TLS provides confidentiality of data in transit between the application server and client.  

TLS must be enabled and non-FIPS-approved SSL versions must be disabled.  NIST SP 800-52 specifies the preferred configurations for government systems.

Satisfies: SRG-APP-000156-AU-002380, SRG-APP-000179-AU-002670, SRG-APP-000514-AU-002890, SRG-APP-000610-AU-000050&lt;/VulnDiscussion&gt;&lt;FalsePositives&gt;&lt;/FalsePositives&gt;&lt;FalseNegatives&gt;&lt;/FalseNegatives&gt;&lt;Documentable&gt;false&lt;/Documentable&gt;&lt;Mitigations&gt;We have a prioritized feature request to implement this in the near term. .&lt;/Mitigations&gt;&lt;SecurityOverrideGuidance&gt;&lt;/SecurityOverrideGuidance&gt;&lt;PotentialImpacts&gt;&lt;/PotentialImpacts&gt;&lt;ThirdPartyTools&gt;&lt;/ThirdPartyTools&gt;&lt;MitigationControl&gt;&lt;/MitigationControl&gt;&lt;Responsibility&gt;&lt;/Responsibility&gt;&lt;IAControls&gt;&lt;/IAControls&gt;</description>
      <ident system="http://cyber.mil/cci">CCI-000197</ident>
      <fixtext fixref="F-VLIA-8X-000056_fix">Login to the vRealize Operations for Logs admin portal (/admin/) as an administrator.

In the menu on the left, choose "Configuration", then "General".

On the "General Configuration" page, under "FIPS MODE", ensure "Activate FIPS Mode" is enabled, then click "Save".

Note: Once FIPS mode is activated, it can never be de-activated.</fixtext>
      <check system="N/A">
        <check-content>Login to the vRealize Operations for Logs admin portal (/admin/) as an administrator.

In the menu on the left, choose "Configuration", then "General".

On the "General Configuration" page, under "FIPS MODE", if "Activate FIPS Mode" is not enabled, this is a finding.</check-content>
      </check>
    </Rule>
  </Group>
  <Group id="V-VLIA-8X-000007">
    <title>SRG-APP-000295-AU-000190</title>
    <Rule id="SV-VLIA-8X-000007" severity="medium" weight="10.0">
      <version>VLIA-8X-000007</version>
      <title>VMware Aria Operations for Logs must terminate user sessions after a period of inactivity.</title>
      <description>&lt;VulnDiscussion&gt;Automatic session termination addresses the termination of user-initiated logical sessions in contrast to the termination of network connections that are associated with communications sessions (i.e., network disconnect). A logical session (for local, network, and remote access) is initiated whenever a user (or process acting on behalf of a user) accesses an organizational information system. Such user sessions can be terminated (and thus terminate user access) without terminating network sessions.

Session termination terminates all processes associated with a user's logical session except those processes that are specifically created by the user (i.e., session owner) to continue after the session is terminated. 

Conditions or trigger events requiring automatic session termination can include, for example, organization-defined periods of user inactivity, targeted responses to certain types of incidents, and time-of-day restrictions on information system use.

This capability is typically reserved for specific application system functionality where the system owner, data owner, or organization requires additional assurance. Based upon requirements and events specified by the data or application owner, the application developer must incorporate logic into the application that will provide a control mechanism that disconnects users upon the defined event trigger. The methods for incorporating this requirement will be determined and specified on a case by case basis during the application design and development stages.

Satisfies: SRG-APP-000389-AU-000180&lt;/VulnDiscussion&gt;&lt;FalsePositives&gt;&lt;/FalsePositives&gt;&lt;FalseNegatives&gt;&lt;/FalseNegatives&gt;&lt;Documentable&gt;false&lt;/Documentable&gt;&lt;Mitigations&gt;&lt;/Mitigations&gt;&lt;SecurityOverrideGuidance&gt;&lt;/SecurityOverrideGuidance&gt;&lt;PotentialImpacts&gt;&lt;/PotentialImpacts&gt;&lt;ThirdPartyTools&gt;&lt;/ThirdPartyTools&gt;&lt;MitigationControl&gt;&lt;/MitigationControl&gt;&lt;Responsibility&gt;&lt;/Responsibility&gt;&lt;IAControls&gt;&lt;/IAControls&gt;</description>
      <ident system="http://cyber.mil/cci">CCI-002361</ident>
      <fixtext fixref="F-VLIA-8X-000007_fix">Login to VMware Aria Operations for Logs as an administrator.

In the slide-out menu on the left, choose Configuration &gt;&gt; General.

In the "BROWSER SESSION" section set the "Session Timeout" value to 30 and click Save.</fixtext>
      <check system="N/A">
        <check-content>Login to VMware Aria Operations for Logs as an administrator.

In the slide-out menu on the left, choose Configuration &gt;&gt; General.

In the "BROWSER SESSION" section, if the "Session Timeout" is not set to 30 minutes, this is a finding.</check-content>
      </check>
    </Rule>
  </Group>
  <Group id="V-VLIA-8X-000008">
    <title>SRG-APP-000359-AU-000120</title>
    <Rule id="SV-VLIA-8X-000008" severity="low" weight="10.0">
      <version>VLIA-8X-000008</version>
      <title>VMware Aria Operations for Logs must notify the SA and ISSO when log record retention capacity is low.</title>
      <description>&lt;VulnDiscussion&gt;If security personnel are not notified immediately upon storage volume utilization is high, they are unable to plan for storage capacity expansion. 

Although this may be part of the operating system function, for the enterprise events management system, this is most often a function managed through the application since it is a critical function and requires the use of a large amount of external storage.&lt;/VulnDiscussion&gt;&lt;FalsePositives&gt;&lt;/FalsePositives&gt;&lt;FalseNegatives&gt;&lt;/FalseNegatives&gt;&lt;Documentable&gt;false&lt;/Documentable&gt;&lt;Mitigations&gt;We have a prioritized feature request to implement this in the near term. .&lt;/Mitigations&gt;&lt;SecurityOverrideGuidance&gt;&lt;/SecurityOverrideGuidance&gt;&lt;PotentialImpacts&gt;&lt;/PotentialImpacts&gt;&lt;ThirdPartyTools&gt;&lt;/ThirdPartyTools&gt;&lt;MitigationControl&gt;&lt;/MitigationControl&gt;&lt;Responsibility&gt;&lt;/Responsibility&gt;&lt;IAControls&gt;&lt;/IAControls&gt;</description>
      <ident system="http://cyber.mil/cci">CCI-001855</ident>
      <fixtext fixref="F-VLIA-8X-000008_fix">Login to VMware Aria Operations for Logs as an administrator.

In the slide-out menu on the left, choose Configuration &gt;&gt; General.

Check the box next to "Retention Notification Threshold" and set the value to 1 month or more.

Note: SMTP must be configured if using email notifications.</fixtext>
      <check system="N/A">
        <check-content>Login to VMware Aria Operations for Logs as an administrator.

In the slide-out menu on the left, choose Configuration &gt;&gt; General.

If the "Retention Notification Threshold" is not enabled and set to 1 month or more, this is a finding.</check-content>
      </check>
    </Rule>
  </Group>
  <Group id="V-VLIA-8X-000009">
    <title>SRG-APP-000360-AU-000130</title>
    <Rule id="SV-VLIA-8X-000009" severity="low" weight="10.0">
      <version>VLIA-8X-000009</version>
      <title>VMware Aria Operations for Logs must alert administrators of audit failure events.</title>
      <description>&lt;VulnDiscussion&gt;It is critical for the appropriate personnel to be aware if a system is at risk of failing to process audit logs as required. Without a real-time alert, security personnel may be unaware of an impending failure of the audit function and application operation may be adversely affected. 

Alerts provide organizations with urgent messages. Real-time alerts provide these messages immediately (i.e., the time from event detection to alert occurs in seconds or less). User-configurable controls on the Central Log Server help avoid generating excessive numbers of alert messages. Define realistic alerting limits and thresholds to avoid creating excessive numbers of alerts for noncritical events.

This requirement must be mapped to the severity levels used by the system to denote a failure, active attack, attack involving multiple systems, and other critical notifications, at a minimum. However, note that the IDS/IDPS and other monitoring systems may already be configured for direct notification of many types of critical security alerts.

Satisfies: SRG-APP-000361-AU-000140&lt;/VulnDiscussion&gt;&lt;FalsePositives&gt;&lt;/FalsePositives&gt;&lt;FalseNegatives&gt;&lt;/FalseNegatives&gt;&lt;Documentable&gt;false&lt;/Documentable&gt;&lt;Mitigations&gt;&lt;/Mitigations&gt;&lt;SecurityOverrideGuidance&gt;&lt;/SecurityOverrideGuidance&gt;&lt;PotentialImpacts&gt;&lt;/PotentialImpacts&gt;&lt;ThirdPartyTools&gt;&lt;/ThirdPartyTools&gt;&lt;MitigationControl&gt;&lt;/MitigationControl&gt;&lt;Responsibility&gt;&lt;/Responsibility&gt;&lt;IAControls&gt;&lt;/IAControls&gt;</description>
      <ident system="http://cyber.mil/cci">CCI-001858</ident>
      <fixtext fixref="F-VLIA-8X-000009_fix">Login to VMware Aria Operations for Logs as an administrator.

In the slide-out menu on the left, choose Management &gt;&gt; Hosts.

Click the checkbox next to "Inactive hosts notification" and configure an alerting threshold for notifications according to organizational policies.</fixtext>
      <check system="N/A">
        <check-content>Login to VMware Aria Operations for Logs as an administrator.

In the slide-out menu on the left, choose Management &gt;&gt; Hosts.

If the "Inactive hosts notification" is not enabled, this is a finding.</check-content>
      </check>
    </Rule>
  </Group>
  <Group id="V-VLIA-8X-000010">
    <title>SRG-APP-000427-AU-000040</title>
    <Rule id="SV-VLIA-8X-000010" severity="medium" weight="10.0">
      <version>VLIA-8X-000010</version>
      <title>VMware Aria Operations for Logs must use only DoD PKI-established certificate authorities for verification of the establishment of protected sessions.</title>
      <description>&lt;VulnDiscussion&gt;Untrusted Certificate Authorities (CA) can issue certificates, but they may be issued by organizations or individuals that seek to compromise DoD systems or by organizations with insufficient security controls. If the CA used for verifying the certificate is not a DoD-approved CA, trust of this CA has not been established.

The DoD will only accept PKI certificates obtained from a DoD-approved internal or external certificate authority. Reliance on CAs for the establishment of secure sessions includes, for example, the use of TLS certificates. 

This requirement focuses on communications protection for the application session rather than for the network packet.

This requirement applies to applications that utilize communications sessions. This includes, but is not limited to, web-based applications and Service-Oriented Architectures (SOA).&lt;/VulnDiscussion&gt;&lt;FalsePositives&gt;&lt;/FalsePositives&gt;&lt;FalseNegatives&gt;&lt;/FalseNegatives&gt;&lt;Documentable&gt;false&lt;/Documentable&gt;&lt;Mitigations&gt;&lt;/Mitigations&gt;&lt;SecurityOverrideGuidance&gt;&lt;/SecurityOverrideGuidance&gt;&lt;PotentialImpacts&gt;&lt;/PotentialImpacts&gt;&lt;ThirdPartyTools&gt;&lt;/ThirdPartyTools&gt;&lt;MitigationControl&gt;&lt;/MitigationControl&gt;&lt;Responsibility&gt;&lt;/Responsibility&gt;&lt;IAControls&gt;&lt;/IAControls&gt;</description>
      <ident system="http://cyber.mil/cci">CCI-002470</ident>
      <fixtext fixref="F-VLIA-8X-000010_fix">Generate or request a new certificate from a trusted certificate authority based on the following requirements.

Requirements for the custom certificate file:
-The certificate file contains both a valid private key and a valid certificate chain.
-The private key is generated by the RSA or the DSA algorithm.
-The private key is not encrypted by a pass phrase.
-If the certificate is signed by a chain of other certificates, all other certificates must be included in the certificate file that you plan to import.
-All the certificates and the private key that are included in the certificate file must be PEM-encoded. DER-encoded certificates and private keys are not supported.
-All the certificates and the private key that are included in the certificate file must be in the PEM format. Certificates in the PFX, PKCS12, PKCS7, or other formats are not supported.

Note: If this is a clustered deployment then the certificate should be valid for all cluster nodes and the virtual IP/name.

Login to VMware Aria Operations for Logs as an administrator. 

In the slide-out menu on the left, choose Configuration &gt;&gt; SSL.

Click "Choose File" next to "New Certificate File", select the new certificate file, then click Save.

You may be prompted to restart for this to take effect.</fixtext>
      <check system="N/A">
        <check-content>Login to VMware Aria Operations for Logs as an administrator.

In the slide-out menu on the left, choose Configuration &gt;&gt; SSL.

Next to "Existing Certificate" click "View Details" to see the details for the certificate currently installed.

If the certificate currently installed is not issued by a trusted certificate authority, this is a finding.</check-content>
      </check>
    </Rule>
  </Group>
  <Group id="V-VLIA-8X-000011">
    <title>SRG-APP-000439-AU-004310</title>
    <Rule id="SV-VLIA-8X-000011" severity="high" weight="10.0">
      <version>VLIA-8X-000011</version>
      <title>VMware Aria Operations for Logs must protect API SSL connections.</title>
      <description>&lt;VulnDiscussion&gt;Without protection of the transmitted information, confidentiality and integrity may be compromised since unprotected communications can be intercepted and either read or altered. 

This requirement applies only to those applications that are either distributed or can allow access to data non-locally. Use of this requirement will be limited to situations where the data owner has a strict requirement for ensuring data integrity and confidentiality is maintained at every step of the data transfer and handling process. When transmitting data, applications need to leverage transmission protection mechanisms, such as TLS, SSL VPNs, or IPSEC.

Communication paths outside the physical protection of a controlled boundary are exposed to the possibility of interception and modification. Protecting the confidentiality and integrity of organizational information can be accomplished by physical means (e.g., employing physical distribution systems) or by logical means (e.g., employing cryptographic techniques). If physical means of protection are employed, then logical means (cryptography) do not have to be employed, and vice versa.&lt;/VulnDiscussion&gt;&lt;FalsePositives&gt;&lt;/FalsePositives&gt;&lt;FalseNegatives&gt;&lt;/FalseNegatives&gt;&lt;Documentable&gt;false&lt;/Documentable&gt;&lt;Mitigations&gt;The vRLI applicancer currently uses certificates to very confidentialty of transmitted information. This has beenvalidated as a requirement in later versions in 8.2&lt;/Mitigations&gt;&lt;SecurityOverrideGuidance&gt;&lt;/SecurityOverrideGuidance&gt;&lt;PotentialImpacts&gt;&lt;/PotentialImpacts&gt;&lt;ThirdPartyTools&gt;&lt;/ThirdPartyTools&gt;&lt;MitigationControl&gt;&lt;/MitigationControl&gt;&lt;Responsibility&gt;&lt;/Responsibility&gt;&lt;IAControls&gt;&lt;/IAControls&gt;</description>
      <ident system="http://cyber.mil/cci">CCI-002418</ident>
      <fixtext fixref="F-VLIA-8X-000011_fix">Login to VMware Aria Operations for Logs as an administrator.

In the slide-out menu on the left, choose Configuration &gt;&gt; SSL.

Ensure "Require SSL Connection" is enabled  and click save.</fixtext>
      <check system="N/A">
        <check-content>Login to VMware Aria Operations for Logs as an administrator.

In the slide-out menu on the left, choose Configuration &gt;&gt; SSL.

If "Require SSL Connection" is not enabled under "API SERVER SSL", this is a finding.</check-content>
      </check>
    </Rule>
  </Group>
  <Group id="V-VLIA-8X-000012">
    <title>SRG-APP-000516-AU-000410</title>
    <Rule id="SV-VLIA-8X-000012" severity="medium" weight="10.0">
      <version>VLIA-8X-000012</version>
      <title>VMware Aria Operations for Logs must not provide environment information to third parties.</title>
      <description>&lt;VulnDiscussion&gt;Providing technical details regarding environment infrastructure to third parties could unknowingly expose sensitive information to bad actors if intercepted.&lt;/VulnDiscussion&gt;&lt;FalsePositives&gt;&lt;/FalsePositives&gt;&lt;FalseNegatives&gt;&lt;/FalseNegatives&gt;&lt;Documentable&gt;false&lt;/Documentable&gt;&lt;Mitigations&gt;&lt;/Mitigations&gt;&lt;SecurityOverrideGuidance&gt;&lt;/SecurityOverrideGuidance&gt;&lt;PotentialImpacts&gt;&lt;/PotentialImpacts&gt;&lt;ThirdPartyTools&gt;&lt;/ThirdPartyTools&gt;&lt;MitigationControl&gt;&lt;/MitigationControl&gt;&lt;Responsibility&gt;&lt;/Responsibility&gt;&lt;IAControls&gt;&lt;/IAControls&gt;</description>
      <ident system="http://cyber.mil/cci">CCI-000366</ident>
      <fixtext fixref="F-VLIA-8X-000012_fix">Login to VMware Aria Operations for Logs as an administrator.

In the slide-out menu on the left, choose Configuration &gt;&gt; General.

Uncheck the box next to "Usage Reporting" and click Save.</fixtext>
      <check system="N/A">
        <check-content>Login to VMware Aria Operations for Logs as an administrator.

In the slide-out menu on the left, choose Configuration &gt;&gt; General.

If "Usage Reporting" is not disabled, this is a finding.</check-content>
      </check>
    </Rule>
  </Group>
</Benchmark>
