<?xml version="1.0" encoding="UTF-8"?><?xml-stylesheet type="text/xsl" href="STIG_unclass.xsl"?>
<Benchmark xmlns:dc="http://purl.org/dc/elements/1.1/" xmlns:xsi="http://www.w3.org/2001/XMLSchema-instance" xmlns:cpe="http://cpe.mitre.org/language/2.0" xmlns:xhtml="http://www.w3.org/1999/xhtml" xmlns:dsig="http://www.w3.org/2000/09/xmldsig#" xsi:schemaLocation="http://checklists.nist.gov/xccdf/1.1 http://nvd.nist.gov/schema/xccdf-1.1.4.xsdhttp://cpe.mitre.org/dictionary/2.0 http://cpe.mitre.org/files/cpe-dictionary_2.1.xsd" id="VMware Aria Operations for Logs 8.x - Cassandra" xml:lang="en" xmlns="http://checklists.nist.gov/xccdf/1.1">
  <status date="2023-10-27">draft</status>
  <title>VMware Aria Operations for Logs 8.x - Cassandra - DRAFT STIG Readiness Guide</title>
  <description>Target: v8.12</description>
  <notice id="terms-of-use" xml:lang="en"/>
  <front-matter xml:lang="en"/>
  <rear-matter xml:lang="en"/>
  <reference href="">
    <dc:publisher/>
    <dc:source/>
  </reference>
  <plain-text id="release-info">Release: 2 Benchmark Date: 27 Oct 2023</plain-text>
  <plain-text id="generator">3.2.2.36079</plain-text>
  <plain-text id="conventionsVersion">1.10.0</plain-text>
  <version>1</version>
  <Group id="V-VLIC-8X-000003">
    <title>SRG-APP-000089-DB-000064</title>
    <Rule id="SV-VLIC-8X-000003" severity="medium" weight="10.0">
      <version>VLIC-8X-000003</version>
      <title>The Aria Operations for Logs Cassandra database must provide audit record generation capability for DoD-defined auditable events within all database components.</title>
      <description>&lt;VulnDiscussion&gt;Without the capability to generate audit records, it would be difficult to establish, correlate, and investigate the events relating to an incident or identify those responsible for one. 

Audit records can be generated from various components within the DBMS (e.g., process, module). Certain specific application functionalities may be audited as well. The list of audited events is the set of events for which audits are to be generated. This set of events is typically a subset of the list of all events for which the system is capable of generating audit records.

DoD has defined the list of events for which the DBMS will provide an audit record generation capability as the following: 

(i) Successful and unsuccessful attempts to access, modify, or delete privileges, security objects, security levels, or categories of information (e.g., classification levels);

(ii) Access actions, such as successful and unsuccessful logon attempts, privileged activities, or other system-level access, starting and ending time for user access to the system, concurrent logons from different workstations, successful and unsuccessful accesses to objects, all program initiations, and all direct access to the information system; and

(iii) All account creation, modification, disabling, and termination actions.

Organizations may define additional events requiring continuous or ad hoc auditing.

Satisfies: SRG-APP-000508-DB-000358&lt;/VulnDiscussion&gt;&lt;FalsePositives&gt;&lt;/FalsePositives&gt;&lt;FalseNegatives&gt;&lt;/FalseNegatives&gt;&lt;Documentable&gt;false&lt;/Documentable&gt;&lt;Mitigations&gt;&lt;/Mitigations&gt;&lt;SecurityOverrideGuidance&gt;&lt;/SecurityOverrideGuidance&gt;&lt;PotentialImpacts&gt;&lt;/PotentialImpacts&gt;&lt;ThirdPartyTools&gt;&lt;/ThirdPartyTools&gt;&lt;MitigationControl&gt;&lt;/MitigationControl&gt;&lt;Responsibility&gt;&lt;/Responsibility&gt;&lt;IAControls&gt;&lt;/IAControls&gt;</description>
      <ident system="http://cyber.mil/cci">CCI-000169</ident>
      <fixtext fixref="F-VLIC-8X-000003_fix">Navigate to and open:

/storage/core/loginsight/cidata/cassandra/config/logback.xml

Under the &lt;configuration&gt; node, find the &lt;appender&gt; named "SYSTEMLOG". Under that appender's &lt;filter&gt; node, set the following:

&lt;level&gt;INFO&lt;/level&gt;</fixtext>
      <check system="N/A">
        <check-content>At the command prompt, run the following command:

# xmllint --xpath '/configuration/appender[@name="SYSTEMLOG"]/filter/level' /storage/core/loginsight/cidata/cassandra/config/logback.xml

Expected result:

&lt;level&gt;INFO&lt;/level&gt;

If the output does not match the expected result, this is a finding.</check-content>
      </check>
    </Rule>
  </Group>
  <Group id="V-VLIC-8X-000032">
    <title>SRG-APP-000109-DB-000321</title>
    <Rule id="SV-VLIC-8X-000032" severity="low" weight="10.0">
      <version>VLIC-8X-000032</version>
      <title>The DBMS must be configurable to overwrite audit log records, oldest first (First-In-First-Out - FIFO), in the event of unavailability of space for more audit log records.</title>
      <description>&lt;VulnDiscussion&gt;It is critical that when the DBMS is at risk of failing to process audit logs as required, it take action to mitigate the failure. Audit processing failures include: software/hardware errors; failures in the audit capturing mechanisms; and audit storage capacity being reached or exceeded. Responses to audit failure depend upon the nature of the failure mode. 

When availability is an overriding concern, approved actions in response to an audit failure are as follows: 

(i) If the failure was caused by the lack of audit record storage capacity, the DBMS must continue generating audit records, if possible (automatically restarting the audit service if necessary), overwriting the oldest audit records in a first-in-first-out manner.

(ii) If audit records are sent to a centralized collection server and communication with this server is lost or the server fails, the DBMS must queue audit records locally until communication is restored or until the audit records are retrieved manually. Upon restoration of the connection to the centralized collection server, action should be taken to synchronize the local audit data with the collection server.

Systems where availability is paramount will most likely be MAC I; the final determination is the prerogative of the application owner, subject to Authorizing Official concurrence. In any case, sufficient auditing resources must be allocated to avoid audit data loss in all but the most extreme situations.&lt;/VulnDiscussion&gt;&lt;FalsePositives&gt;&lt;/FalsePositives&gt;&lt;FalseNegatives&gt;&lt;/FalseNegatives&gt;&lt;Documentable&gt;false&lt;/Documentable&gt;&lt;Mitigations&gt;disks are sized appropriately during product deployment. 

Logs are configured with max sizes and rotation schedules.

Syslog makes local logs a backup rather than a primary source.&lt;/Mitigations&gt;&lt;SecurityOverrideGuidance&gt;&lt;/SecurityOverrideGuidance&gt;&lt;PotentialImpacts&gt;&lt;/PotentialImpacts&gt;&lt;ThirdPartyTools&gt;&lt;/ThirdPartyTools&gt;&lt;MitigationControl&gt;&lt;/MitigationControl&gt;&lt;Responsibility&gt;&lt;/Responsibility&gt;&lt;IAControls&gt;&lt;/IAControls&gt;</description>
      <ident system="http://cyber.mil/cci">CCI-000140</ident>
      <fixtext fixref="F-VLIC-8X-000032_fix">This requirement is a permanent finding and cannot be fixed. An appropriate mitigation for the system must be implemented, but this finding cannot be considered fixed.</fixtext>
      <check system="N/A">
        <check-content>The technology does not support this requirement. This is an applicable-does not meet finding.</check-content>
      </check>
    </Rule>
  </Group>
  <Group id="V-VLIC-8X-000010">
    <title>SRG-APP-000356-DB-000314</title>
    <Rule id="SV-VLIC-8X-000010" severity="medium" weight="10.0">
      <version>VLIC-8X-000010</version>
      <title>The Aria Operations for Logs Cassandra database must utilize centralized management of the content captured in audit records generated by all components of the system.</title>
      <description>&lt;VulnDiscussion&gt;Without the ability to centrally manage the content captured in the audit records, identification, troubleshooting, and correlation of suspicious behavior would be difficult and could lead to a delayed or incomplete analysis of an ongoing attack.

The content captured in audit records must be managed from a central location (necessitating automation). Centralized management of audit records and logs provides for efficiency in maintenance and management of records, as well as the backup and archiving of those records. 

The DBMS may write audit records to database tables, to files in the file system, to other kinds of local repository, or directly to a centralized log management system. Whatever the method used, it must be compatible with off-loading the records to the centralized system.

Satisfies: SRG-APP-000515-DB-000318&lt;/VulnDiscussion&gt;&lt;FalsePositives&gt;&lt;/FalsePositives&gt;&lt;FalseNegatives&gt;&lt;/FalseNegatives&gt;&lt;Documentable&gt;false&lt;/Documentable&gt;&lt;Mitigations&gt;&lt;/Mitigations&gt;&lt;SecurityOverrideGuidance&gt;&lt;/SecurityOverrideGuidance&gt;&lt;PotentialImpacts&gt;&lt;/PotentialImpacts&gt;&lt;ThirdPartyTools&gt;&lt;/ThirdPartyTools&gt;&lt;MitigationControl&gt;&lt;/MitigationControl&gt;&lt;Responsibility&gt;&lt;/Responsibility&gt;&lt;IAControls&gt;&lt;/IAControls&gt;</description>
      <ident system="http://cyber.mil/cci">CCI-001844</ident>
      <fixtext fixref="F-VLIC-8X-000010_fix">Log in to Aria Operations for Logs as an administrator.

Update the URL to https://&lt;Aria Operations for Logs hostname&gt;/internal/config to display the internal server configuration.

Check the box next to "Show all settings"

Under the &lt;cassandra&gt; section and find the "syslog-host" property.

Configure the value to a suitable syslog server and click save.</fixtext>
      <check system="N/A">
        <check-content>Log in to Aria Operations for Logs as an administrator.

Update the URL to https://&lt;Aria Operations for Logs hostname&gt;/internal/config to display the internal server configuration.

Check the box next to "Show all settings"

Under the &lt;cassandra&gt; section and find the "syslog-host" property.

If there is no suitable external destination for Aria Operations for Logs logs, this is Not Applicable.

If the cassandra syslog-host is blank or is not a valid syslog server, this is a finding.</check-content>
      </check>
    </Rule>
  </Group>
  <Group id="V-VLIC-8X-000011">
    <title>SRG-APP-000357-DB-000316</title>
    <Rule id="SV-VLIC-8X-000011" severity="medium" weight="10.0">
      <version>VLIC-8X-000011</version>
      <title>The Aria Operations for Logs Cassandra database must allocate audit record storage capacity in accordance with organization-defined audit record storage requirements.</title>
      <description>&lt;VulnDiscussion&gt;In order to ensure sufficient storage capacity for the audit logs, the DBMS must be able to allocate audit record storage capacity. Although another requirement (SRG-APP-000515-DB-000318) mandates that audit data be off-loaded to a centralized log management system, it remains necessary to provide space on the database server to serve as a buffer against outages and capacity limits of the off-loading mechanism.

The task of allocating audit record storage capacity is usually performed during initial installation of the DBMS and is closely associated with the DBA and system administrator roles. The DBA or system administrator will usually coordinate the allocation of physical drive space with the application owner/installer and the application will prompt the installer to provide the capacity information, the physical location of the disk, or both.

In determining the capacity requirements, consider such factors as: total number of users; expected number of concurrent users during busy periods; number and type of events being monitored; types and amounts of data being captured; the frequency/speed with which audit records are off-loaded to the central log management system; and any limitations that exist on the DBMS's ability to reuse the space formerly occupied by off-loaded records.&lt;/VulnDiscussion&gt;&lt;FalsePositives&gt;&lt;/FalsePositives&gt;&lt;FalseNegatives&gt;&lt;/FalseNegatives&gt;&lt;Documentable&gt;false&lt;/Documentable&gt;&lt;Mitigations&gt;&lt;/Mitigations&gt;&lt;SecurityOverrideGuidance&gt;&lt;/SecurityOverrideGuidance&gt;&lt;PotentialImpacts&gt;&lt;/PotentialImpacts&gt;&lt;ThirdPartyTools&gt;&lt;/ThirdPartyTools&gt;&lt;MitigationControl&gt;&lt;/MitigationControl&gt;&lt;Responsibility&gt;&lt;/Responsibility&gt;&lt;IAControls&gt;&lt;/IAControls&gt;</description>
      <ident system="http://cyber.mil/cci">CCI-001849</ident>
      <fixtext fixref="F-VLIC-8X-000011_fix">Navigate to and open:

/storage/core/loginsight/cidata/cassandra/config/logback.xml

Under the &lt;configuration&gt; node, find the &lt;appender&gt; named "SYSTEMLOG".

Under that appender, ensure that the following nodes are configured:

&lt;rollingPolicy class="ch.qos.logback.core.rolling.FixedWindowRollingPolicy"&gt;
      &lt;fileNamePattern&gt;/storage/core/loginsight/var/cassandra.log.%i.zip&lt;/fileNamePattern&gt;
      &lt;minIndex&gt;1&lt;/minIndex&gt;
      &lt;maxIndex&gt;20&lt;/maxIndex&gt;
    &lt;/rollingPolicy&gt;
    &lt;triggeringPolicy class="ch.qos.logback.core.rolling.SizeBasedTriggeringPolicy"&gt;
      &lt;maxFileSize&gt;20MB&lt;/maxFileSize&gt;
    &lt;/triggeringPolicy&gt;</fixtext>
      <check system="N/A">
        <check-content>At the command prompt, run the following command(s):

# xmllint --format --xpath '/configuration/appender[@name="SYSTEMLOG"]/rollingPolicy' /storage/core/loginsight/cidata/cassandra/config/logback.xml

Expected result:

&lt;rollingPolicy class="ch.qos.logback.core.rolling.FixedWindowRollingPolicy"&gt;&lt;fileNamePattern&gt;/storage/core/loginsight/var/cassandra.log.%i.zip&lt;/fileNamePattern&gt;&lt;minIndex&gt;1&lt;/minIndex&gt;&lt;maxIndex&gt;20&lt;/maxIndex&gt;&lt;/rollingPolicy&gt;

If the output does not match the expected result, this is a finding.

# xmllint --xpath '/configuration/appender[@name="SYSTEMLOG"]/triggeringPolicy/maxFileSize' /storage/core/loginsight/cidata/cassandra/config/logback.xml

Expected result:

&lt;maxFileSize&gt;20MB&lt;/maxFileSize&gt;

If the output does not match the expected result, this is a finding.</check-content>
      </check>
    </Rule>
  </Group>
  <Group id="V-VLIC-8X-000015">
    <title>SRG-APP-000516-DB-000363</title>
    <Rule id="SV-VLIC-8X-000015" severity="medium" weight="10.0">
      <version>VLIC-8X-000015</version>
      <title>The Aria Operations for Logs Cassandra database must only listen on the servers primary interface.</title>
      <description>&lt;VulnDiscussion&gt;In order to prevent unauthorized connection of devices, unauthorized transfer of information, or unauthorized tunneling (i.e., embedding of data types within data types), organizations must disable or restrict unused or unnecessary physical and logical ports/protocols/services on information systems.

Applications are capable of providing a wide variety of functions and services. Some of the functions and services provided by default may not be necessary to support essential organizational operations. Additionally, it is sometimes convenient to provide multiple services from a single component (e.g., email and web services); however, doing so increases risk over limiting the services provided by any one component. 

To support the requirements and principles of least functionality, the application must support the organizational requirements providing only essential capabilities and limiting the use of ports, protocols, and/or services to only those required, authorized, and approved to conduct official business or to address authorized quality of life issues.

Database Management Systems using ports, protocols, and services deemed unsafe are open to attack through those ports, protocols, and services. This can allow unauthorized access to the database and through the database to other components of the information system.&lt;/VulnDiscussion&gt;&lt;FalsePositives&gt;&lt;/FalsePositives&gt;&lt;FalseNegatives&gt;&lt;/FalseNegatives&gt;&lt;Documentable&gt;false&lt;/Documentable&gt;&lt;Mitigations&gt;&lt;/Mitigations&gt;&lt;SecurityOverrideGuidance&gt;&lt;/SecurityOverrideGuidance&gt;&lt;PotentialImpacts&gt;&lt;/PotentialImpacts&gt;&lt;ThirdPartyTools&gt;&lt;/ThirdPartyTools&gt;&lt;MitigationControl&gt;&lt;/MitigationControl&gt;&lt;Responsibility&gt;&lt;/Responsibility&gt;&lt;IAControls&gt;&lt;/IAControls&gt;</description>
      <ident system="http://cyber.mil/cci">CCI-000366</ident>
      <fixtext fixref="F-VLIC-8X-000015_fix">Navigate to and open:

/storage/core/loginsight/cidata/cassandra/config/cassandra.yaml

Add or modify the following line:

listen_address: &lt;IP Address&gt;

Note: &lt;IP Address&gt; will be the IP of the server, such as 10.11.12.13.</fixtext>
      <check system="N/A">
        <check-content>At the command prompt, run the following command:

# grep '^\s*listen_address' /storage/core/loginsight/cidata/cassandra/config/cassandra.yaml

Expected result:

listen_address: &lt;IP Address&gt;

If the output does not match the expected result, this is a finding.

Note: &lt;IP Address&gt; will be the IP of the server, such as 10.11.12.13.</check-content>
      </check>
    </Rule>
  </Group>
  <Group id="V-VLIC-8X-000001">
    <title>SRG-APP-000033-DB-000084</title>
    <Rule id="SV-VLIC-8X-000001" severity="medium" weight="10.0">
      <version>VLIC-8X-000001</version>
      <title>The Aria Operations for Logs Cassandra database must enforce approved authorizations for logical access to information and system resources in accordance with applicable access control policies.</title>
      <description>&lt;VulnDiscussion&gt;Authentication with a DoD-approved PKI certificate does not necessarily imply authorization to access the DBMS.  To mitigate the risk of unauthorized access to sensitive information by entities that have been issued certificates by DoD-approved PKIs, all DoD systems, including databases, must be properly configured to implement access control policies.

Successful authentication must not automatically give an entity access to an asset or security boundary. Authorization procedures and controls must be implemented to ensure each authenticated entity also has a validated and current authorization. Authorization is the process of determining whether an entity, once authenticated, is permitted to access a specific asset. Information systems use access control policies and enforcement mechanisms to implement this requirement.

Access control policies include identity-based policies, role-based policies, and attribute-based policies. Access enforcement mechanisms include access control lists, access control matrices, and cryptography. These policies and mechanisms must be employed by the application to control access between users (or processes acting on behalf of users) and objects (e.g., devices, files, records, processes, programs, and domains) in the information system.

This requirement is applicable to access control enforcement applications, a category that includes database management systems.  If the DBMS does not follow applicable policy when approving access, it may be in conflict with networks or other applications in the information system. This may result in users either gaining or being denied access inappropriately and in conflict with applicable policy.

Satisfies: SRG-APP-000243-DB-000373&lt;/VulnDiscussion&gt;&lt;FalsePositives&gt;&lt;/FalsePositives&gt;&lt;FalseNegatives&gt;&lt;/FalseNegatives&gt;&lt;Documentable&gt;false&lt;/Documentable&gt;&lt;Mitigations&gt;&lt;/Mitigations&gt;&lt;SecurityOverrideGuidance&gt;&lt;/SecurityOverrideGuidance&gt;&lt;PotentialImpacts&gt;&lt;/PotentialImpacts&gt;&lt;ThirdPartyTools&gt;&lt;/ThirdPartyTools&gt;&lt;MitigationControl&gt;&lt;/MitigationControl&gt;&lt;Responsibility&gt;&lt;/Responsibility&gt;&lt;IAControls&gt;&lt;/IAControls&gt;</description>
      <ident system="http://cyber.mil/cci">CCI-000213</ident>
      <fixtext fixref="F-VLIC-8X-000001_fix">Navigate to and open:

/storage/core/loginsight/cidata/cassandra/config/cassandra.yaml

Add or modify the following line:

authenticator: PasswordAuthenticator</fixtext>
      <check system="N/A">
        <check-content>At the command prompt, run the following command:

# grep '^\s*authenticator:' /storage/core/loginsight/cidata/cassandra/config/cassandra.yaml

Expected result:

authenticator: PasswordAuthenticator

If the output does not match the expected result, this is a finding.</check-content>
      </check>
    </Rule>
  </Group>
  <Group id="V-VLIC-8X-000002">
    <title>SRG-APP-000089-DB-000064</title>
    <Rule id="SV-VLIC-8X-000002" severity="medium" weight="10.0">
      <version>VLIC-8X-000002</version>
      <title>The Aria Operations for Logs Cassandra database must provide audit record generation capability for DoD-defined auditable events within all database components.</title>
      <description>&lt;VulnDiscussion&gt;Without the capability to generate audit records, it would be difficult to establish, correlate, and investigate the events relating to an incident or identify those responsible for one.

Audit records can be generated from various components within the DBMS (e.g., process, module). Certain specific application functionalities may be audited as well. The list of audited events is the set of events for which audits are to be generated. This set of events is typically a subset of the list of all events for which the system is capable of generating audit records.

DoD has defined the list of events for which the DBMS will provide an audit record generation capability as the following:

(i) Successful and unsuccessful attempts to access, modify, or delete privileges, security objects, security levels, or categories of information (e.g., classification levels);

(ii) Access actions, such as successful and unsuccessful logon attempts, privileged activities, or other system-level access, starting and ending time for user access to the system, concurrent logons from different workstations, successful and unsuccessful accesses to objects, all program initiations, and all direct access to the information system; and

(iii) All account creation, modification, disabling, and termination actions.

Organizations may define additional events requiring continuous or ad hoc auditing.

Satisfies: SRG-APP-000091-DB-000066, SRG-APP-000091-DB-000325, SRG-APP-000092-DB-000208&lt;/VulnDiscussion&gt;&lt;FalsePositives&gt;&lt;/FalsePositives&gt;&lt;FalseNegatives&gt;&lt;/FalseNegatives&gt;&lt;Documentable&gt;false&lt;/Documentable&gt;&lt;Mitigations&gt;&lt;/Mitigations&gt;&lt;SecurityOverrideGuidance&gt;&lt;/SecurityOverrideGuidance&gt;&lt;PotentialImpacts&gt;&lt;/PotentialImpacts&gt;&lt;ThirdPartyTools&gt;&lt;/ThirdPartyTools&gt;&lt;MitigationControl&gt;&lt;/MitigationControl&gt;&lt;Responsibility&gt;&lt;/Responsibility&gt;&lt;IAControls&gt;&lt;/IAControls&gt;</description>
      <ident system="http://cyber.mil/cci">CCI-000169</ident>
      <fixtext fixref="F-VLIC-8X-000002_fix">Navigate to and open:

/storage/core/loginsight/cidata/cassandra/config/logback.xml

Under the &lt;configuration&gt; node, find the &lt;root&gt; node head and set is as follows:

&lt;root level="ALL"&gt;</fixtext>
      <check system="N/A">
        <check-content>At the command prompt, run the following command:

# /usr/lib/loginsight/application/lib/apache-cassandra-3.11.6/bin/nodetool getlogginglevels | grep ROOT | tr -s " "

Expected result:

ROOT ALL

If the output does not match the expected result, this is a finding.</check-content>
      </check>
    </Rule>
  </Group>
  <Group id="V-VLIC-8X-000004">
    <title>SRG-APP-000090-DB-000065</title>
    <Rule id="SV-VLIC-8X-000004" severity="medium" weight="10.0">
      <version>VLIC-8X-000004</version>
      <title>The Aria Operations for Logs Cassandra database must allow only the ISSM (or individuals or roles appointed by the ISSM) to select which auditable events are to be audited.</title>
      <description>&lt;VulnDiscussion&gt;Without the capability to restrict which roles and individuals can select which events are audited, unauthorized personnel may be able to prevent or interfere with the auditing of critical events.

Suppression of auditing could permit an adversary to evade detection.

Misconfigured audits can degrade the system's performance by overwhelming the audit log. Misconfigured audits may also make it more difficult to establish, correlate, and investigate the events relating to an incident or identify those responsible for one.

Satisfies: SRG-APP-000122-DB-000203, SRG-APP-000123-DB-000204&lt;/VulnDiscussion&gt;&lt;FalsePositives&gt;&lt;/FalsePositives&gt;&lt;FalseNegatives&gt;&lt;/FalseNegatives&gt;&lt;Documentable&gt;false&lt;/Documentable&gt;&lt;Mitigations&gt;&lt;/Mitigations&gt;&lt;SecurityOverrideGuidance&gt;&lt;/SecurityOverrideGuidance&gt;&lt;PotentialImpacts&gt;&lt;/PotentialImpacts&gt;&lt;ThirdPartyTools&gt;&lt;/ThirdPartyTools&gt;&lt;MitigationControl&gt;&lt;/MitigationControl&gt;&lt;Responsibility&gt;&lt;/Responsibility&gt;&lt;IAControls&gt;&lt;/IAControls&gt;</description>
      <ident system="http://cyber.mil/cci">CCI-000171</ident>
      <fixtext fixref="F-VLIC-8X-000004_fix">At the command line, run the following command(s):

# chown root:root /storage/core/loginsight/cidata/cassandra/config/logback.xml

# chmod 640 /storage/core/loginsight/cidata/cassandra/config/logback.xml</fixtext>
      <check system="N/A">
        <check-content>At the command prompt, run the following command:

# stat -c "%a:%U:%G" /storage/core/loginsight/cidata/cassandra/config/logback.xml 

Expected result:

640:root:root

If the output does not match the expected result, this is a finding.</check-content>
      </check>
    </Rule>
  </Group>
  <Group id="V-VLIC-8X-000005">
    <title>SRG-APP-000095-DB-000039</title>
    <Rule id="SV-VLIC-8X-000005" severity="medium" weight="10.0">
      <version>VLIC-8X-000005</version>
      <title>The Aria Operations for Logs Cassandra database must produce audit records containing sufficient information to establish what type of events occurred.</title>
      <description>&lt;VulnDiscussion&gt;Information system auditing capability is critical for accurate forensic analysis. Without establishing what type of event occurred, it would be difficult to establish, correlate, and investigate the events relating to an incident or identify those responsible for one. 

Audit record content that may be necessary to satisfy the requirement of this policy includes, for example, time stamps, user/process identifiers, event descriptions, success/fail indications, filenames involved, and access control or flow control rules invoked.

Associating event types with detected events in the application and audit logs provides a means of investigating an attack; recognizing resource utilization or capacity thresholds; or identifying an improperly configured application. 

Database software is capable of a range of actions on data stored within the database. It is important, for accurate forensic analysis, to know exactly what actions were performed. This requires specific information regarding the event type an audit record is referring to. If event type information is not recorded and stored with the audit record, the record itself is of very limited use.

Satisfies: SRG-APP-000099-DB-000043, SRG-APP-000101-DB-000044, SRG-APP-000492-DB-000333, SRG-APP-000495-DB-000326, SRG-APP-000495-DB-000327, SRG-APP-000495-DB-000328, SRG-APP-000495-DB-000329, SRG-APP-000496-DB-000334, SRG-APP-000496-DB-000335, SRG-APP-000499-DB-000330, SRG-APP-000499-DB-000331, SRG-APP-000501-DB-000336, SRG-APP-000501-DB-000337, SRG-APP-000096-DB-000040, SRG-APP-000374-DB-000322, SRG-APP-000375-DB-000323&lt;/VulnDiscussion&gt;&lt;FalsePositives&gt;&lt;/FalsePositives&gt;&lt;FalseNegatives&gt;&lt;/FalseNegatives&gt;&lt;Documentable&gt;false&lt;/Documentable&gt;&lt;Mitigations&gt;&lt;/Mitigations&gt;&lt;SecurityOverrideGuidance&gt;&lt;/SecurityOverrideGuidance&gt;&lt;PotentialImpacts&gt;&lt;/PotentialImpacts&gt;&lt;ThirdPartyTools&gt;&lt;/ThirdPartyTools&gt;&lt;MitigationControl&gt;&lt;/MitigationControl&gt;&lt;Responsibility&gt;&lt;/Responsibility&gt;&lt;IAControls&gt;&lt;/IAControls&gt;</description>
      <ident system="http://cyber.mil/cci">CCI-000130</ident>
      <fixtext fixref="F-VLIC-8X-000005_fix">Navigate to and open:

/storage/core/loginsight/cidata/cassandra/config/logback.xml

Navigate to the &lt;appender&gt; node with the name="SYSTEMLOG" attribute.

Navigate to &lt;encoder&gt; node.

Edit the &lt;pattern&gt; to the following:

&lt;pattern&gt;%-5level [%thread] %date{ISO8601, UTC} %F:%L - %msg%n&lt;/pattern&gt;</fixtext>
      <check system="N/A">
        <check-content>At the command prompt, run the following command:

# xmllint --xpath '/configuration/appender[@name="SYSTEMLOG"]/encoder/pattern' /storage/core/loginsight/cidata/cassandra/config/logback.xml

Expected result:

&lt;pattern&gt;%-5level [%thread] %date{ISO8601, UTC} %F:%L - %msg%n&lt;/pattern&gt;

If the output does not match the expected result, this is a finding.</check-content>
      </check>
    </Rule>
  </Group>
  <Group id="V-VLIC-8X-000006">
    <title>SRG-APP-000118-DB-000059</title>
    <Rule id="SV-VLIC-8X-000006" severity="medium" weight="10.0">
      <version>VLIC-8X-000006</version>
      <title>The Aria Operations for Logs Cassandra database logs must be protected from unauthorized read access.</title>
      <description>&lt;VulnDiscussion&gt;If audit data were to become compromised, then competent forensic analysis and discovery of the true source of potentially malicious system activity is difficult, if not impossible, to achieve. In addition, access to audit records provides information an attacker could potentially use to his or her advantage.

To ensure the veracity of audit data, the information system and/or the application must protect audit information from any and all unauthorized access. This includes read, write, copy, etc.

This requirement can be achieved through multiple methods which will depend upon system architecture and design. Some commonly employed methods include ensuring log files enjoy the proper file system permissions utilizing file system protections and limiting log data location. 

Additionally, applications with user interfaces to audit records should not allow for the unfettered manipulation of or access to those records via the application. If the application provides access to the audit data, the application becomes accountable for ensuring that audit information is protected from unauthorized access.

Audit information includes all information (e.g., audit records, audit settings, and audit reports) needed to successfully audit information system activity.

Satisfies: SRG-APP-000119-DB-000060, SRG-APP-000120-DB-000061&lt;/VulnDiscussion&gt;&lt;FalsePositives&gt;&lt;/FalsePositives&gt;&lt;FalseNegatives&gt;&lt;/FalseNegatives&gt;&lt;Documentable&gt;false&lt;/Documentable&gt;&lt;Mitigations&gt;This requirement is being reviewed for content and possible PR to be submitted for the seperation  of duties. This is log forward2 will provided feature where we can pass acessabiliyt and regeneration with access persmission planned for Q4. &lt;/Mitigations&gt;&lt;SecurityOverrideGuidance&gt;&lt;/SecurityOverrideGuidance&gt;&lt;PotentialImpacts&gt;&lt;/PotentialImpacts&gt;&lt;ThirdPartyTools&gt;&lt;/ThirdPartyTools&gt;&lt;MitigationControl&gt;&lt;/MitigationControl&gt;&lt;Responsibility&gt;&lt;/Responsibility&gt;&lt;IAControls&gt;&lt;/IAControls&gt;</description>
      <ident system="http://cyber.mil/cci">CCI-000162</ident>
      <fixtext fixref="F-VLIC-8X-000006_fix">At the command prompt, run the following command(s):

# chmod 640 /storage/var/loginsight/cassandra.log

# chown root:root /storage/var/loginsight/cassandra.log</fixtext>
      <check system="N/A">
        <check-content>At the command prompt, run the following command:

# stat -c "%a:%U:%G" /storage/var/loginsight/cassandra.log

Expected result:

640:root:root

If the output of the command does not match the expected result, this is a finding.</check-content>
      </check>
    </Rule>
  </Group>
  <Group id="V-VLIC-8X-000007">
    <title>SRG-APP-000121-DB-000202</title>
    <Rule id="SV-VLIC-8X-000007" severity="medium" weight="10.0">
      <version>VLIC-8X-000007</version>
      <title>The Aria Operations for Logs Cassandra database log configuration file must be protected from unauthorized read access.</title>
      <description>&lt;VulnDiscussion&gt;Protecting audit data also includes identifying and protecting the tools used to view and manipulate log data. 

Depending upon the log format and application, system and application log tools may provide the only means to manipulate and manage application and system log data. It is, therefore, imperative that access to audit tools be controlled and protected from unauthorized access. 

Applications providing tools to interface with audit data will leverage user permissions and roles identifying the user accessing the tools and the corresponding rights the user enjoys in order make access decisions regarding the access to audit tools.

Audit tools include, but are not limited to, OS-provided audit tools, vendor-provided audit tools, and open source audit tools needed to successfully view and manipulate audit information system activity and records. 

If an attacker were to gain access to audit tools, he could analyze audit logs for system weaknesses or weaknesses in the auditing itself. An attacker could also manipulate logs to hide evidence of malicious activity.&lt;/VulnDiscussion&gt;&lt;FalsePositives&gt;&lt;/FalsePositives&gt;&lt;FalseNegatives&gt;&lt;/FalseNegatives&gt;&lt;Documentable&gt;false&lt;/Documentable&gt;&lt;Mitigations&gt;This requirement is being reviewed for content and possible PR to be submitted for the seperation  of duties. This is log forward2 will provided feature where we can pass acessabiliyt and regeneration with access persmission planned for Q4. &lt;/Mitigations&gt;&lt;SecurityOverrideGuidance&gt;&lt;/SecurityOverrideGuidance&gt;&lt;PotentialImpacts&gt;&lt;/PotentialImpacts&gt;&lt;ThirdPartyTools&gt;&lt;/ThirdPartyTools&gt;&lt;MitigationControl&gt;&lt;/MitigationControl&gt;&lt;Responsibility&gt;&lt;/Responsibility&gt;&lt;IAControls&gt;&lt;/IAControls&gt;</description>
      <ident system="http://cyber.mil/cci">CCI-001493</ident>
      <fixtext fixref="F-VLIC-8X-000007_fix">At the command prompt, run the following command(s):

# chmod 640 /usr/lib/loginsight/application/lib/apache-cassandra-&lt;VERSION&gt;/conf/cassandra.yaml

# chown root:root /usr/lib/loginsight/application/lib/apache-cassandra-&lt;VERSION&gt;/conf/cassandra.yaml</fixtext>
      <check system="N/A">
        <check-content>At the command prompt, run the following command:

# stat -c "%a:%U:%G" /usr/lib/loginsight/application/lib/apache-cassandra-&lt;VERSION&gt;/conf/cassandra.yaml

Expected result:

640:root:root

If the output of the command does not match the expected result, this is a finding.</check-content>
      </check>
    </Rule>
  </Group>
  <Group id="V-VLIC-8X-000008">
    <title>SRG-APP-000142-DB-000094</title>
    <Rule id="SV-VLIC-8X-000008" severity="medium" weight="10.0">
      <version>VLIC-8X-000008</version>
      <title>The Aria Operations for Logs Cassandra database must be configured to prohibit or restrict the use of organization-defined functions, ports, protocols, and/or services, as defined in the PPSM CAL and vulnerability assessments.</title>
      <description>&lt;VulnDiscussion&gt;In order to prevent unauthorized connection of devices, unauthorized transfer of information, or unauthorized tunneling (i.e., embedding of data types within data types), organizations must disable or restrict unused or unnecessary physical and logical ports/protocols/services on information systems.

Applications are capable of providing a wide variety of functions and services. Some of the functions and services provided by default may not be necessary to support essential organizational operations. Additionally, it is sometimes convenient to provide multiple services from a single component (e.g., email and web services); however, doing so increases risk over limiting the services provided by any one component. 

To support the requirements and principles of least functionality, the application must support the organizational requirements providing only essential capabilities and limiting the use of ports, protocols, and/or services to only those required, authorized, and approved to conduct official business or to address authorized quality of life issues.

Database Management Systems using ports, protocols, and services deemed unsafe are open to attack through those ports, protocols, and services. This can allow unauthorized access to the database and through the database to other components of the information system.

Satisfies: SRG-APP-000383-DB-000364&lt;/VulnDiscussion&gt;&lt;FalsePositives&gt;&lt;/FalsePositives&gt;&lt;FalseNegatives&gt;&lt;/FalseNegatives&gt;&lt;Documentable&gt;false&lt;/Documentable&gt;&lt;Mitigations&gt;&lt;/Mitigations&gt;&lt;SecurityOverrideGuidance&gt;&lt;/SecurityOverrideGuidance&gt;&lt;PotentialImpacts&gt;&lt;/PotentialImpacts&gt;&lt;ThirdPartyTools&gt;&lt;/ThirdPartyTools&gt;&lt;MitigationControl&gt;&lt;/MitigationControl&gt;&lt;Responsibility&gt;&lt;/Responsibility&gt;&lt;IAControls&gt;&lt;/IAControls&gt;</description>
      <ident system="http://cyber.mil/cci">CCI-000382</ident>
      <fixtext fixref="F-VLIC-8X-000008_fix">Navigate to and open:

/storage/core/loginsight/cidata/cassandra/config/cassandra.yaml

Modify or add the following lines:

storage_port: 7000
ssl_storage_port: 7001
native_transport_port: 9042
rpc_port: 9160</fixtext>
      <check system="N/A">
        <check-content>At the command prompt, run the following command:

# grep _port /storage/core/loginsight/cidata/cassandra/config/cassandra.yaml

Expected result:

storage_port: 7000
ssl_storage_port: 7001
native_transport_port: 9042
rpc_port: 9160

If the output does not match the expected result, this is a finding.</check-content>
      </check>
    </Rule>
  </Group>
  <Group id="V-VLIC-8X-000009">
    <title>SRG-APP-000172-DB-000075</title>
    <Rule id="SV-VLIC-8X-000009" severity="medium" weight="10.0">
      <version>VLIC-8X-000009</version>
      <title>The Aria Operations for Logs Cassandra database log configuration file must set internode encryption.</title>
      <description>&lt;VulnDiscussion&gt;The DoD standard for authentication is DoD-approved PKI certificates.

Authentication based on User ID and Password may be used only when it is not possible to employ a PKI certificate, and requires AO approval.

In such cases, passwords need to be protected at all times, and encryption is the standard method for protecting passwords during transmission.

DBMS passwords sent in clear text format across the network are vulnerable to discovery by unauthorized users. Disclosure of passwords may easily lead to unauthorized access to the database.&lt;/VulnDiscussion&gt;&lt;FalsePositives&gt;&lt;/FalsePositives&gt;&lt;FalseNegatives&gt;&lt;/FalseNegatives&gt;&lt;Documentable&gt;false&lt;/Documentable&gt;&lt;Mitigations&gt;&lt;/Mitigations&gt;&lt;SecurityOverrideGuidance&gt;&lt;/SecurityOverrideGuidance&gt;&lt;PotentialImpacts&gt;&lt;/PotentialImpacts&gt;&lt;ThirdPartyTools&gt;&lt;/ThirdPartyTools&gt;&lt;MitigationControl&gt;&lt;/MitigationControl&gt;&lt;Responsibility&gt;&lt;/Responsibility&gt;&lt;IAControls&gt;&lt;/IAControls&gt;</description>
      <ident system="http://cyber.mil/cci">CCI-000197</ident>
      <fixtext fixref="F-VLIC-8X-000009_fix">Navigate to and open:

/storage/core/loginsight/cidata/cassandra/config/cassandra.yaml

Under "server_encryption_options:", modify or add the following line:

internode_encryption: all</fixtext>
      <check system="N/A">
        <check-content>At the command prompt, run the following command:

# grep '^\s*internode_encryption:' /storage/core/loginsight/cidata/cassandra/config/cassandra.yaml

Expected result:

internode_encryption: all

If Aria Operations for Logs is not clustered, this is not applicable.

If the output does not match the expected result, this is a finding.</check-content>
      </check>
    </Rule>
  </Group>
  <Group id="V-VLIC-8X-000012">
    <title>SRG-APP-000378-DB-000365</title>
    <Rule id="SV-VLIC-8X-000012" severity="medium" weight="10.0">
      <version>VLIC-8X-000012</version>
      <title>The Aria Operations for Logs Cassandra database must prohibit user installation of logic modules (stored procedures, functions, triggers, views, etc.) without explicit privileged status.</title>
      <description>&lt;VulnDiscussion&gt;Allowing regular users to install software, without explicit privileges, creates the risk that untested or potentially malicious software will be installed on the system. Explicit privileges (escalated or administrative privileges) provide the regular user with explicit capabilities and control that exceed the rights of a regular user.

DBMS functionality and the nature and requirements of databases will vary; so while users are not permitted to install unapproved software, there may be instances where the organization allows the user to install approved software packages such as from an approved software repository. The requirements for production servers will be more restrictive than those used for development and research.

The DBMS must enforce software installation by users based upon what types of software installations are permitted (e.g., updates and security patches to existing software) and what types of installations are prohibited (e.g., software whose pedigree with regard to being potentially malicious is unknown or suspect) by the organization). 

In the case of a database management system, this requirement covers stored procedures, functions, triggers, views, etc.&lt;/VulnDiscussion&gt;&lt;FalsePositives&gt;&lt;/FalsePositives&gt;&lt;FalseNegatives&gt;&lt;/FalseNegatives&gt;&lt;Documentable&gt;false&lt;/Documentable&gt;&lt;Mitigations&gt;&lt;/Mitigations&gt;&lt;SecurityOverrideGuidance&gt;&lt;/SecurityOverrideGuidance&gt;&lt;PotentialImpacts&gt;&lt;/PotentialImpacts&gt;&lt;ThirdPartyTools&gt;&lt;/ThirdPartyTools&gt;&lt;MitigationControl&gt;&lt;/MitigationControl&gt;&lt;Responsibility&gt;&lt;/Responsibility&gt;&lt;IAControls&gt;&lt;/IAControls&gt;</description>
      <ident system="http://cyber.mil/cci">CCI-001812</ident>
      <fixtext fixref="F-VLIC-8X-000012_fix">At the command prompt, run the following command for each unexpected user:

# /usr/lib/loginsight/application/lib/apache-cassandra-&lt;VERSION&gt;/bin/cqlsh-no-pass -e "DROP USER &lt;user&gt;;"

Note: Replace &lt;user&gt; with each unexpected user returned from the check.</fixtext>
      <check system="N/A">
        <check-content>At the command prompt, run the following command:

# /usr/lib/loginsight/application/lib/apache-cassandra-&lt;VERSION&gt;/bin/cqlsh-no-pass -e "SELECT role FROM system_auth.roles WHERE is_superuser = True ALLOW FILTERING;"

Expected result:

 role
---------
 lisuper

(1 rows)

If the output does not match the expected result, this is a finding.

If no lines are returned this is NOT a finding.</check-content>
      </check>
    </Rule>
  </Group>
  <Group id="V-VLIC-8X-000013">
    <title>SRG-APP-000380-DB-000360</title>
    <Rule id="SV-VLIC-8X-000013" severity="medium" weight="10.0">
      <version>VLIC-8X-000013</version>
      <title>The Aria Operations for Logs Cassandra database must protect the truststore file.</title>
      <description>&lt;VulnDiscussion&gt;Failure to provide logical access restrictions associated with changes to configuration may have significant effects on the overall security of the system. 

When dealing with access restrictions pertaining to change control, it should be noted that any changes to the hardware, software, and/or firmware components of the information system can potentially have significant effects on the overall security of the system. 

Accordingly, only qualified and authorized individuals should be allowed to obtain access to system components for the purposes of initiating changes, including upgrades and modifications.&lt;/VulnDiscussion&gt;&lt;FalsePositives&gt;&lt;/FalsePositives&gt;&lt;FalseNegatives&gt;&lt;/FalseNegatives&gt;&lt;Documentable&gt;false&lt;/Documentable&gt;&lt;Mitigations&gt;&lt;/Mitigations&gt;&lt;SecurityOverrideGuidance&gt;&lt;/SecurityOverrideGuidance&gt;&lt;PotentialImpacts&gt;&lt;/PotentialImpacts&gt;&lt;ThirdPartyTools&gt;&lt;/ThirdPartyTools&gt;&lt;MitigationControl&gt;&lt;/MitigationControl&gt;&lt;Responsibility&gt;&lt;/Responsibility&gt;&lt;IAControls&gt;&lt;/IAControls&gt;</description>
      <ident system="http://cyber.mil/cci">CCI-001813</ident>
      <fixtext fixref="F-VLIC-8X-000013_fix">At the command prompt, run the following command(s):

# chmod 600 /usr/lib/loginsight/application/etc/truststore

# chown root:root /usr/lib/loginsight/application/etc/truststore</fixtext>
      <check system="N/A">
        <check-content>At the command prompt, run the following command:

# stat -c %a:%U:%G /usr/lib/loginsight/application/etc/truststore

Expected result:

600:root:root

If the output does not match the expected result, this is a finding.</check-content>
      </check>
    </Rule>
  </Group>
  <Group id="V-VLIC-8X-000117">
    <title>SRG-APP-000503-DB-000350</title>
    <Rule id="SV-VLIC-8X-000117" severity="medium" weight="10.0">
      <version>VLIC-8X-000117</version>
      <title>The DBMS must generate audit records when successful logons or connections occur.</title>
      <description>&lt;VulnDiscussion&gt;For completeness of forensic analysis, it is necessary to track who/what (a user or other principal) logs on to the DBMS.&lt;/VulnDiscussion&gt;&lt;FalsePositives&gt;&lt;/FalsePositives&gt;&lt;FalseNegatives&gt;&lt;/FalseNegatives&gt;&lt;Documentable&gt;false&lt;/Documentable&gt;&lt;Mitigations&gt;A near future release will include an upgrade to cassandra 4.0 which will have auditing capabilities.&lt;/Mitigations&gt;&lt;SecurityOverrideGuidance&gt;&lt;/SecurityOverrideGuidance&gt;&lt;PotentialImpacts&gt;&lt;/PotentialImpacts&gt;&lt;ThirdPartyTools&gt;&lt;/ThirdPartyTools&gt;&lt;MitigationControl&gt;&lt;/MitigationControl&gt;&lt;Responsibility&gt;&lt;/Responsibility&gt;&lt;IAControls&gt;&lt;/IAControls&gt;</description>
      <ident system="http://cyber.mil/cci">CCI-000172</ident>
      <fixtext fixref="F-VLIC-8X-000117_fix">This requirement is a permanent finding and cannot be fixed. An appropriate mitigation for the system must be implemented, but this finding cannot be considered fixed.</fixtext>
      <check system="N/A">
        <check-content>The technology does not support this requirement. This is an applicable-does not meet finding.</check-content>
      </check>
    </Rule>
  </Group>
  <Group id="V-VLIC-8X-000118">
    <title>SRG-APP-000503-DB-000351</title>
    <Rule id="SV-VLIC-8X-000118" severity="medium" weight="10.0">
      <version>VLIC-8X-000118</version>
      <title>The DBMS must generate audit records when unsuccessful logons or connection attempts occur.</title>
      <description>&lt;VulnDiscussion&gt;For completeness of forensic analysis, it is necessary to track failed attempts to log on to the DBMS. While positive identification may not be possible in a case of failed authentication, as much information as possible about the incident must be captured.&lt;/VulnDiscussion&gt;&lt;FalsePositives&gt;&lt;/FalsePositives&gt;&lt;FalseNegatives&gt;&lt;/FalseNegatives&gt;&lt;Documentable&gt;false&lt;/Documentable&gt;&lt;Mitigations&gt;This application uses local Host and there should be no external connection to the database. This is a roadmap item to be completed in later releases. &lt;/Mitigations&gt;&lt;SecurityOverrideGuidance&gt;&lt;/SecurityOverrideGuidance&gt;&lt;PotentialImpacts&gt;&lt;/PotentialImpacts&gt;&lt;ThirdPartyTools&gt;&lt;/ThirdPartyTools&gt;&lt;MitigationControl&gt;&lt;/MitigationControl&gt;&lt;Responsibility&gt;&lt;/Responsibility&gt;&lt;IAControls&gt;&lt;/IAControls&gt;</description>
      <ident system="http://cyber.mil/cci">CCI-000172</ident>
      <fixtext fixref="F-VLIC-8X-000118_fix">This requirement is a permanent finding and cannot be fixed. An appropriate mitigation for the system must be implemented, but this finding cannot be considered fixed.</fixtext>
      <check system="N/A">
        <check-content>The technology does not support this requirement. This is an applicable-does not meet finding.</check-content>
      </check>
    </Rule>
  </Group>
  <Group id="V-VLIC-8X-000014">
    <title>SRG-APP-000516-DB-000363</title>
    <Rule id="SV-VLIC-8X-000014" severity="medium" weight="10.0">
      <version>VLIC-8X-000014</version>
      <title>The Aria Operations for Logs Cassandra database must verify there are no user altered roles.</title>
      <description>&lt;VulnDiscussion&gt;In order to prevent unauthorized access organizations must ensure database roles are in their shipped state and have not been altered.

Satisfies: SRG-APP-000133-DB-000362&lt;/VulnDiscussion&gt;&lt;FalsePositives&gt;&lt;/FalsePositives&gt;&lt;FalseNegatives&gt;&lt;/FalseNegatives&gt;&lt;Documentable&gt;false&lt;/Documentable&gt;&lt;Mitigations&gt;&lt;/Mitigations&gt;&lt;SecurityOverrideGuidance&gt;&lt;/SecurityOverrideGuidance&gt;&lt;PotentialImpacts&gt;&lt;/PotentialImpacts&gt;&lt;ThirdPartyTools&gt;&lt;/ThirdPartyTools&gt;&lt;MitigationControl&gt;&lt;/MitigationControl&gt;&lt;Responsibility&gt;&lt;/Responsibility&gt;&lt;IAControls&gt;&lt;/IAControls&gt;</description>
      <ident system="http://cyber.mil/cci">CCI-000366</ident>
      <fixtext fixref="F-VLIC-8X-000014_fix">At the command prompt, run the following command for each unexpected "member_of":

# /usr/lib/loginsight/application/lib/apache-cassandra-&lt;VERSION&gt;/bin/cqlsh-no-pass -e "REVOKE &lt;member of&gt; FROM &lt;role&gt;;"

Note: Replace &lt;member of&gt; and &lt;role&gt; with the unexpected "member_of" and "role" values returned from the check.</fixtext>
      <check system="N/A">
        <check-content>At the command prompt, run the following command:

# /usr/lib/loginsight/application/lib/apache-cassandra-&lt;VERSION&gt;/bin/cqlsh-no-pass -e "SELECT role, can_login, member_of FROM system_auth.roles;"

Expected result:

 role    | can_login | member_of
---------+-----------+-----------
 lisuper |      True |      null

(1 rows)

If the output does not match the expected result, this is a finding.</check-content>
      </check>
    </Rule>
  </Group>
  <Group id="V-VLIC-8X-000016">
    <title>SRG-APP-000516-DB-000363</title>
    <Rule id="SV-VLIC-8X-000016" severity="medium" weight="10.0">
      <version>VLIC-8X-000016</version>
      <title>The Aria Operations for Logs Cassandra database must verify there are no user added permissions.</title>
      <description>&lt;VulnDiscussion&gt;In order to prevent unauthorized access organizations must ensure database permissions are in their shipped state and have not been altered.&lt;/VulnDiscussion&gt;&lt;FalsePositives&gt;&lt;/FalsePositives&gt;&lt;FalseNegatives&gt;&lt;/FalseNegatives&gt;&lt;Documentable&gt;false&lt;/Documentable&gt;&lt;Mitigations&gt;&lt;/Mitigations&gt;&lt;SecurityOverrideGuidance&gt;&lt;/SecurityOverrideGuidance&gt;&lt;PotentialImpacts&gt;&lt;/PotentialImpacts&gt;&lt;ThirdPartyTools&gt;&lt;/ThirdPartyTools&gt;&lt;MitigationControl&gt;&lt;/MitigationControl&gt;&lt;Responsibility&gt;&lt;/Responsibility&gt;&lt;IAControls&gt;&lt;/IAControls&gt;</description>
      <ident system="http://cyber.mil/cci">CCI-000366</ident>
      <fixtext fixref="F-VLIC-8X-000016_fix">At the command prompt, run the following command:

# /usr/lib/loginsight/application/lib/apache-cassandra-&lt;VERSION&gt;/bin/cqlsh-no-pass -e "DROP ROLE &lt;ROLE&gt;;"

Note: Replace &lt;ROLE&gt; with each unexpected role returned from the check.</fixtext>
      <check system="N/A">
        <check-content>At the command prompt, run the following command:

#  /usr/lib/loginsight/application/lib/apache-cassandra-&lt;VERSION&gt;/bin/cqlsh-no-pass -e "LIST ROLES;"

Expected result:

 role    | super | login | options | datacenters
---------+-------+-------+---------+-------------
 lisuper |  True |  True |        {} |         ALL

(1 rows)

If the output does not match the expected result, this is a finding.</check-content>
      </check>
    </Rule>
  </Group>
</Benchmark>
