<?xml version="1.0" encoding="UTF-8"?><?xml-stylesheet type="text/xsl" href="STIG_unclass.xsl"?>
<Benchmark xmlns:dc="http://purl.org/dc/elements/1.1/" xmlns:xsi="http://www.w3.org/2001/XMLSchema-instance" xmlns:cpe="http://cpe.mitre.org/language/2.0" xmlns:xhtml="http://www.w3.org/1999/xhtml" xmlns:dsig="http://www.w3.org/2000/09/xmldsig#" xsi:schemaLocation="http://checklists.nist.gov/xccdf/1.1 http://nvd.nist.gov/schema/xccdf-1.1.4.xsdhttp://cpe.mitre.org/dictionary/2.0 http://cpe.mitre.org/files/cpe-dictionary_2.1.xsd" id="vRA 8.11 Kubernetes" xml:lang="en" xmlns="http://checklists.nist.gov/xccdf/1.1">
  <status date="2023-04-06">draft</status>
  <title>VMware vRealize Automation 8.11 Kubernetes STIG Readiness Guide</title>
  <description/>
  <notice id="terms-of-use" xml:lang="en"/>
  <front-matter xml:lang="en"/>
  <rear-matter xml:lang="en"/>
  <reference href="">
    <dc:publisher/>
    <dc:source/>
  </reference>
  <plain-text id="release-info">Release: 4 Benchmark Date: 6 Apr 2023</plain-text>
  <plain-text id="generator">3.2.2.36079</plain-text>
  <plain-text id="conventionsVersion">1.10.0</plain-text>
  <version>1</version>
  <Group id="V-CNTR-K8-000340">
    <title>SRG-APP-000033-CTR-000095</title>
    <Rule id="SV-CNTR-K8-000340" severity="low" weight="10.0">
      <version>CNTR-K8-000340</version>
      <title>The Kubernetes API server must have the insecure bind address not set.</title>
      <description>&lt;VulnDiscussion&gt;By default, the API server will listen on two ports and addresses. One address is the secure address and the other address is called the "insecure bind" address and is set by default to localhost. Any requests to this address bypass authentication and authorization checks. If this insecure bind address is set to localhost, anyone who gains access to the host on which the master is running can bypass all authorization and authentication mechanisms put in place and have full control over the entire cluster.

Close or set the insecure bind address by setting the API server's --insecure-bind-address flag to an IP or leave it unset and ensure that the --insecure-bind-port is not set.&lt;/VulnDiscussion&gt;&lt;FalsePositives&gt;&lt;/FalsePositives&gt;&lt;FalseNegatives&gt;&lt;/FalseNegatives&gt;&lt;Documentable&gt;false&lt;/Documentable&gt;&lt;Mitigations&gt;&lt;/Mitigations&gt;&lt;SecurityOverrideGuidance&gt;&lt;/SecurityOverrideGuidance&gt;&lt;PotentialImpacts&gt;&lt;/PotentialImpacts&gt;&lt;ThirdPartyTools&gt;&lt;/ThirdPartyTools&gt;&lt;MitigationControl&gt;&lt;/MitigationControl&gt;&lt;Responsibility&gt;&lt;/Responsibility&gt;&lt;IAControls&gt;&lt;/IAControls&gt;</description>
      <ident system="http://cyber.mil/cci">CCI-000213</ident>
      <fixtext>Edit the Kubernetes API Server manifest file in the /etc/kubernetes/manifests directory on the Kubernetes Master Node. Remove the value for the --insecure-bind-address setting.</fixtext>
      <check system="N/A">
        <check-content>Change to the /etc/kubernetes/manifests directory on the Kubernetes Master Node. Run the command:

grep -i insecure-bind-address * 

If the setting insecure-bind-address is found and set to "localhost" in the Kubernetes API manifest file, this is a finding.</check-content>
      </check>
    </Rule>
  </Group>
  <Group id="V-CNTR-K8-001450">
    <title>SRG-APP-000219-CTR-000550</title>
    <Rule id="SV-CNTR-K8-001450" severity="medium" weight="10.0">
      <version>CNTR-K8-001450</version>
      <title>Kubernetes etcd must enable client authentication to secure service.</title>
      <description>&lt;VulnDiscussion&gt;Kubernetes container and pod configuration are maintained by Kubelet. Kubelet agents register nodes with the API Server, mount volume storage, and perform health checks for containers and pods. Anyone who gains access to Kubelet agents can effectively control applications within the pods and containers. Using authenticity protection, the communication can be protected against man-in-the-middle attacks/session hijacking and the insertion of false information into sessions.

The communication session is protected by utilizing transport encryption protocols, such as TLS. TLS provides the Kubernetes API Server with a means to be able to authenticate sessions and encrypt traffic.

To enable encrypted communication for Kubelet, the parameter client-cert-auth must be set. This parameter gives the location of the SSL Certificate Authority file used to secure Kubelet communication.&lt;/VulnDiscussion&gt;&lt;FalsePositives&gt;&lt;/FalsePositives&gt;&lt;FalseNegatives&gt;&lt;/FalseNegatives&gt;&lt;Documentable&gt;false&lt;/Documentable&gt;&lt;Mitigations&gt;&lt;/Mitigations&gt;&lt;SecurityOverrideGuidance&gt;&lt;/SecurityOverrideGuidance&gt;&lt;PotentialImpacts&gt;&lt;/PotentialImpacts&gt;&lt;ThirdPartyTools&gt;&lt;/ThirdPartyTools&gt;&lt;MitigationControl&gt;&lt;/MitigationControl&gt;&lt;Responsibility&gt;&lt;/Responsibility&gt;&lt;IAControls&gt;&lt;/IAControls&gt;</description>
      <ident system="http://cyber.mil/cci">CCI-001184</ident>
      <fixtext>Edit the Kubernetes etcd manifest file in the /etc/kubernetes/manifests directory on the Kubernetes Master Node. 

Set the value of "--client-cert-auth" to "true" for the etcd.</fixtext>
      <check system="N/A">
        <check-content>Change to the /etc/kubernetes/manifests directory on the Kubernetes Master Node. Run the command:

grep -i client-cert-auth * 

If the setting client-cert-auth is not configured in the Kubernetes etcd manifest file or set to "false", this is a finding.</check-content>
      </check>
    </Rule>
  </Group>
  <Group id="V-CNTR-K8-000270">
    <title>SRG-APP-000033-CTR-000090</title>
    <Rule id="SV-CNTR-K8-000270" severity="medium" weight="10.0">
      <version>CNTR-K8-000270</version>
      <title>The Kubernetes API Server must enable Node,RBAC as the authorization mode.</title>
      <description>&lt;VulnDiscussion&gt;To mitigate the risk of unauthorized access to sensitive information by entities that have been issued certificates by DoD-approved PKIs, all DoD systems (e.g., networks, web servers, and web portals) must be properly configured to incorporate access control methods that do not rely solely on the possession of a certificate for access. Successful authentication must not automatically give an entity access to an asset or security boundary. Authorization procedures and controls must be implemented to ensure each authenticated entity also has a validated and current authorization. Authorization is the process of determining whether an entity, once authenticated, is permitted to access a specific asset.

Node,RBAC is the method within Kubernetes to control access of users and applications. Kubernetes uses roles to grant authorization API requests made by kubelets.&lt;/VulnDiscussion&gt;&lt;FalsePositives&gt;&lt;/FalsePositives&gt;&lt;FalseNegatives&gt;&lt;/FalseNegatives&gt;&lt;Documentable&gt;false&lt;/Documentable&gt;&lt;Mitigations&gt;&lt;/Mitigations&gt;&lt;SecurityOverrideGuidance&gt;&lt;/SecurityOverrideGuidance&gt;&lt;PotentialImpacts&gt;&lt;/PotentialImpacts&gt;&lt;ThirdPartyTools&gt;&lt;/ThirdPartyTools&gt;&lt;MitigationControl&gt;&lt;/MitigationControl&gt;&lt;Responsibility&gt;&lt;/Responsibility&gt;&lt;IAControls&gt;&lt;/IAControls&gt;</description>
      <ident system="http://cyber.mil/cci">CCI-000213</ident>
      <fixtext>Edit the Kubernetes API Server manifest file in the /etc/kubernetes/manifests directory on the Kubernetes Master Node. Set the value of "--authorization-mode" to "Node,RBAC".</fixtext>
      <check system="N/A">
        <check-content>Change to the /etc/kubernetes/manifests directory on the Kubernetes Master Node. Run the command:

"grep -i authorization-mode *"

If the setting "authorization-mode" is not configured in the Kubernetes API Server manifest file or is not set to "Node,RBAC", this is a finding.</check-content>
      </check>
    </Rule>
  </Group>
  <Group id="V-CNTR-K8-000300">
    <title>SRG-APP-000033-CTR-000090</title>
    <Rule id="SV-CNTR-K8-000300" severity="medium" weight="10.0">
      <version>CNTR-K8-000300</version>
      <title>The Kubernetes Scheduler must have secure binding.</title>
      <description>&lt;VulnDiscussion&gt;Limiting the number of attack vectors and implementing authentication and encryption on the endpoints available to external sources is paramount when securing the overall Kubernetes cluster. The Scheduler API service exposes port 10251/TCP by default for health and metrics information use. This port does not encrypt or authenticate connections. If this port is exposed externally, an attacker can use this port to attack the entire Kubernetes cluster. By setting the bind address to localhost (i.e., 127.0.0.1), only those internal services that require health and metrics information can access the Scheduler API.&lt;/VulnDiscussion&gt;&lt;FalsePositives&gt;&lt;/FalsePositives&gt;&lt;FalseNegatives&gt;&lt;/FalseNegatives&gt;&lt;Documentable&gt;false&lt;/Documentable&gt;&lt;Mitigations&gt;&lt;/Mitigations&gt;&lt;SecurityOverrideGuidance&gt;&lt;/SecurityOverrideGuidance&gt;&lt;PotentialImpacts&gt;&lt;/PotentialImpacts&gt;&lt;ThirdPartyTools&gt;&lt;/ThirdPartyTools&gt;&lt;MitigationControl&gt;&lt;/MitigationControl&gt;&lt;Responsibility&gt;&lt;/Responsibility&gt;&lt;IAControls&gt;&lt;/IAControls&gt;</description>
      <ident system="http://cyber.mil/cci">CCI-000213</ident>
      <fixtext>Edit the Kubernetes Scheduler manifest file in the /etc/kubernetes/manifests directory on the Kubernetes Master Node. Set the argument "--bind-address" to "127.0.0.1".</fixtext>
      <check system="N/A">
        <check-content>Change to the /etc/kubernetes/manifests directory on the Kubernetes Master Node. Run the command:

grep -i bind-address * 

If the setting "bind-address" is not set to "127.0.0.1" or is not found in the Kubernetes Scheduler manifest file, this is a finding.</check-content>
      </check>
    </Rule>
  </Group>
  <Group id="V-CNTR-K8-000310">
    <title>SRG-APP-000033-CTR-000090</title>
    <Rule id="SV-CNTR-K8-000310" severity="medium" weight="10.0">
      <version>CNTR-K8-000310</version>
      <title>The Kubernetes Controller Manager must have secure binding.</title>
      <description>&lt;VulnDiscussion&gt;Limiting the number of attack vectors and implementing authentication and encryption on the endpoints available to external sources is paramount when securing the overall Kubernetes cluster. The Controller Manager API service exposes port 10252/TCP by default for health and metrics information use. This port does not encrypt or authenticate connections. If this port is exposed externally, an attacker can use this port to attack the entire Kubernetes cluster. By setting the bind address to only localhost (i.e., 127.0.0.1), only those internal services that require health and metrics information can access the Control Manager API.&lt;/VulnDiscussion&gt;&lt;FalsePositives&gt;&lt;/FalsePositives&gt;&lt;FalseNegatives&gt;&lt;/FalseNegatives&gt;&lt;Documentable&gt;false&lt;/Documentable&gt;&lt;Mitigations&gt;&lt;/Mitigations&gt;&lt;SecurityOverrideGuidance&gt;&lt;/SecurityOverrideGuidance&gt;&lt;PotentialImpacts&gt;&lt;/PotentialImpacts&gt;&lt;ThirdPartyTools&gt;&lt;/ThirdPartyTools&gt;&lt;MitigationControl&gt;&lt;/MitigationControl&gt;&lt;Responsibility&gt;&lt;/Responsibility&gt;&lt;IAControls&gt;&lt;/IAControls&gt;</description>
      <ident system="http://cyber.mil/cci">CCI-000213</ident>
      <fixtext>Edit the Kubernetes Controller Manager manifest file in the /etc/kubernetes/manifests directory on the Kubernetes Master Node. Set the argument "--bind-address" to "127.0.0.1".</fixtext>
      <check system="N/A">
        <check-content>Change to the /etc/kubernetes/manifests directory on the Kubernetes Master Node. Run the command:

grep -i bind-address * 

If the setting bind-address is not set to "127.0.0.1" or is not found in the Kubernetes Controller Manager manifest file, this is a finding.</check-content>
      </check>
    </Rule>
  </Group>
  <Group id="V-CNTR-K8-000370">
    <title>SRG-APP-000033-CTR-000090</title>
    <Rule id="SV-CNTR-K8-000370" severity="low" weight="10.0">
      <version>CNTR-K8-000370</version>
      <title>The Kubernetes Kubelet must have anonymous authentication disabled.</title>
      <description>&lt;VulnDiscussion&gt;A user who has access to the Kubelet essentially has root access to the nodes contained within the Kubernetes Control Plane. To control access, users must be authenticated and authorized. By allowing anonymous connections, the controls put in place to secure the Kubelet can be bypassed.

Setting anonymous authentication to "false" also disables unauthenticated requests from kubelets.

While there are instances where anonymous connections may be needed (e.g., health checks) and Role-Based Access Controls (RBAC) are in place to limit the anonymous access, this access must be disabled and only enabled when necessary.&lt;/VulnDiscussion&gt;&lt;FalsePositives&gt;&lt;/FalsePositives&gt;&lt;FalseNegatives&gt;&lt;/FalseNegatives&gt;&lt;Documentable&gt;false&lt;/Documentable&gt;&lt;Mitigations&gt;&lt;/Mitigations&gt;&lt;SecurityOverrideGuidance&gt;&lt;/SecurityOverrideGuidance&gt;&lt;PotentialImpacts&gt;&lt;/PotentialImpacts&gt;&lt;ThirdPartyTools&gt;&lt;/ThirdPartyTools&gt;&lt;MitigationControl&gt;&lt;/MitigationControl&gt;&lt;Responsibility&gt;&lt;/Responsibility&gt;&lt;IAControls&gt;&lt;/IAControls&gt;</description>
      <ident system="http://cyber.mil/cci">CCI-000213</ident>
      <fixtext>Edit the Kubernetes Kubelet  /var/lib/kubelet/config.yaml file and set:

enabled: false 

in 

authentication:
  anonymous:

section

Restart kubelet service using command:
service kubelet restart</fixtext>
      <check system="N/A">
        <check-content>1. At the command line run the following command:
#systemctl status kubelet

Verify kubelet configuration file is set to  --config=/var/lib/kubelet/config.yaml

2. Open /var/lib/kubelet/config.yaml file and verify the following lines exist:
authentication:
  anonymous:
    enabled: false

If in this structure 'enabled' is set to "true" or the parameter not set in the Kubernetes Kubelet configuration file, this is a finding.</check-content>
      </check>
    </Rule>
  </Group>
  <Group id="V-CNTR-K8-000440">
    <title>SRG-APP-000033-CTR-000090</title>
    <Rule id="SV-CNTR-K8-000440" severity="low" weight="10.0">
      <version>CNTR-K8-000440</version>
      <title>The Kubernetes kubelet static PodPath must not enable static pods.</title>
      <description>&lt;VulnDiscussion&gt;Allowing kubelet to set a staticPodPath gives containers with root access permissions to traverse the hosting filesystem. The danger comes when the container can create a manifest file within the /etc/kubernetes/manifests directory. When a manifest is created within this directory, containers are entirely governed by the Kubelet not the API Server. The container is not susceptible to admission control at all. Any containers or pods that are instantiated in this manner are called "static pods" and are meant to be used for pods such as the API server, scheduler, controller, etc., not workload pods that need to be governed by the API Server.&lt;/VulnDiscussion&gt;&lt;FalsePositives&gt;&lt;/FalsePositives&gt;&lt;FalseNegatives&gt;&lt;/FalseNegatives&gt;&lt;Documentable&gt;false&lt;/Documentable&gt;&lt;Mitigations&gt;&lt;/Mitigations&gt;&lt;SecurityOverrideGuidance&gt;&lt;/SecurityOverrideGuidance&gt;&lt;PotentialImpacts&gt;&lt;/PotentialImpacts&gt;&lt;ThirdPartyTools&gt;&lt;/ThirdPartyTools&gt;&lt;MitigationControl&gt;&lt;/MitigationControl&gt;&lt;Responsibility&gt;&lt;/Responsibility&gt;&lt;IAControls&gt;&lt;/IAControls&gt;</description>
      <ident system="http://cyber.mil/cci">CCI-000213</ident>
      <fixtext>Edit the kubelet file on each node under the /etc/sysconfig directory to remove the staticPodPath setting and restart the kubelet service by executing the command:

service kubelet restart</fixtext>
      <check system="N/A">
        <check-content>On the Master and Worker nodes, change to the /etc/sysconfig/ directory and run the command:

grep -i staticPodPath kubelet

If any of the nodes return a value for staticPodPath, this is a finding.</check-content>
      </check>
    </Rule>
  </Group>
  <Group id="V-CNTR-K8-000470">
    <title>SRG-APP-000033-CTR-000090</title>
    <Rule id="SV-CNTR-K8-000470" severity="medium" weight="10.0">
      <version>CNTR-K8-000470</version>
      <title>The Kubernetes API server must have Alpha APIs disabled.</title>
      <description>&lt;VulnDiscussion&gt;Kubernetes allows alpha API calls within the API server. The alpha features are disabled by default since they are not ready for production and likely to change without notice. These features may also contain security issues that are rectified as the feature matures. To keep the Kubernetes cluster secure and stable, these alpha features must not be used.&lt;/VulnDiscussion&gt;&lt;FalsePositives&gt;&lt;/FalsePositives&gt;&lt;FalseNegatives&gt;&lt;/FalseNegatives&gt;&lt;Documentable&gt;false&lt;/Documentable&gt;&lt;Mitigations&gt;&lt;/Mitigations&gt;&lt;SecurityOverrideGuidance&gt;&lt;/SecurityOverrideGuidance&gt;&lt;PotentialImpacts&gt;&lt;/PotentialImpacts&gt;&lt;ThirdPartyTools&gt;&lt;/ThirdPartyTools&gt;&lt;MitigationControl&gt;&lt;/MitigationControl&gt;&lt;Responsibility&gt;&lt;/Responsibility&gt;&lt;IAControls&gt;&lt;/IAControls&gt;</description>
      <ident system="http://cyber.mil/cci">CCI-000213</ident>
      <fixtext>Edit any manifest files that contain the feature-gates setting with AllAlpha set to "true". Set the flag to "false" or remove the AllAlpha setting completely.
(AllAlpha- default=false)</fixtext>
      <check system="N/A">
        <check-content>On the Master node, change to the manifests' directory at /etc/kubernetes/manifests and run the command:

grep -i feature-gates *

Review the feature-gates setting, if one is returned.

If the feature-gates setting is available and contains the AllAlpha flag set to "true", this is a finding.</check-content>
      </check>
    </Rule>
  </Group>
  <Group id="V-CNTR-K8-000380">
    <title>SRG-APP-000033-CTR-000095</title>
    <Rule id="SV-CNTR-K8-000380" severity="low" weight="10.0">
      <version>CNTR-K8-000380</version>
      <title>The Kubernetes kubelet must enable explicit authorization.</title>
      <description>&lt;VulnDiscussion&gt;Kubelet is the primary agent on each node. The API server communicates with each kubelet to perform tasks such as starting/stopping pods. By default, kubelets allow all authenticated requests, even anonymous ones, without requiring any authorization checks from the API server. This default behavior bypasses any authorization controls put in place to limit what users may perform within the Kubernetes cluster. To change this behavior, the default setting of AlwaysAllow for the authorization mode must be set to "Webhook".&lt;/VulnDiscussion&gt;&lt;FalsePositives&gt;&lt;/FalsePositives&gt;&lt;FalseNegatives&gt;&lt;/FalseNegatives&gt;&lt;Documentable&gt;false&lt;/Documentable&gt;&lt;Mitigations&gt;&lt;/Mitigations&gt;&lt;SecurityOverrideGuidance&gt;&lt;/SecurityOverrideGuidance&gt;&lt;PotentialImpacts&gt;&lt;/PotentialImpacts&gt;&lt;ThirdPartyTools&gt;&lt;/ThirdPartyTools&gt;&lt;MitigationControl&gt;&lt;/MitigationControl&gt;&lt;Responsibility&gt;&lt;/Responsibility&gt;&lt;IAControls&gt;&lt;/IAControls&gt;</description>
      <ident system="http://cyber.mil/cci">CCI-000213</ident>
      <fixtext>Edit the Kubernetes Kubelet file /var/lib/kubelet/config.yaml

Update the following lines to look like the ones bellow:
authorization:
  mode: Webhook

Restart each kubelet service after the change is made using the command:
service kubelet restart</fixtext>
      <check system="N/A">
        <check-content>1. At the command line run the following command:
#systemctl status kubelet

Verify kubelet configuration file is set to  --config=/var/lib/kubelet/config.yaml

2. Open /var/lib/kubelet/config.yaml file and verify the following lines exist:
authorization:
  mode: Webhook

If in this structure 'mode' is not set to "Webhook" or the parameter in missing in the Kubernetes Kubelet configuration file, this is a finding.</check-content>
      </check>
    </Rule>
  </Group>
  <Group id="V-CNTR-K8-000360">
    <title>SRG-APP-000033-CTR-000100</title>
    <Rule id="SV-CNTR-K8-000360" severity="low" weight="10.0">
      <version>CNTR-K8-000360</version>
      <title>The Kubernetes API server must have anonymous authentication disabled.</title>
      <description>&lt;VulnDiscussion&gt;The Kubernetes API Server controls Kubernetes via an API interface. A user who has access to the API essentially has root access to the entire Kubernetes cluster. To control access, users must be authenticated and authorized. By allowing anonymous connections, the controls put in place to secure the API can be bypassed.

Setting anonymous authentication to "false" also disables unauthenticated requests from kubelets.

While there are instances where anonymous connections may be needed (e.g., health checks) and Role-Based Access Controls (RBAC) are in place to limit the anonymous access, this access should be disabled, and only enabled when necessary.&lt;/VulnDiscussion&gt;&lt;FalsePositives&gt;&lt;/FalsePositives&gt;&lt;FalseNegatives&gt;&lt;/FalseNegatives&gt;&lt;Documentable&gt;false&lt;/Documentable&gt;&lt;Mitigations&gt;&lt;/Mitigations&gt;&lt;SecurityOverrideGuidance&gt;&lt;/SecurityOverrideGuidance&gt;&lt;PotentialImpacts&gt;&lt;/PotentialImpacts&gt;&lt;ThirdPartyTools&gt;&lt;/ThirdPartyTools&gt;&lt;MitigationControl&gt;&lt;/MitigationControl&gt;&lt;Responsibility&gt;&lt;/Responsibility&gt;&lt;IAControls&gt;&lt;/IAControls&gt;</description>
      <ident system="http://cyber.mil/cci">CCI-000213</ident>
      <fixtext>Edit the Kubernetes API Server manifest file in the /etc/kubernetes/manifests directory on the Kubernetes Master Node. Set the argument --anonymous-auth to "false".</fixtext>
      <check system="N/A">
        <check-content>Change to the /etc/kubernetes/manifests directory on the Kubernetes Master Node. Run the command:

grep -i anonymous-auth * 

If the setting anonymous-auth is set to "true" in the Kubernetes API Server manifest file, this is a finding.</check-content>
      </check>
    </Rule>
  </Group>
  <Group id="V-CNTR-K8-000450">
    <title>SRG-APP-000033-CTR-000100</title>
    <Rule id="SV-CNTR-K8-000450" severity="medium" weight="10.0">
      <version>CNTR-K8-000450</version>
      <title>Kubernetes DynamicAuditing must not be enabled.</title>
      <description>&lt;VulnDiscussion&gt;Protecting the audit data from change or deletion is important when an attack occurs. One way an attacker can cover their tracks is to change or delete audit records. This will either make the attack unnoticeable or make it more difficult to investigate how the attack took place and what changes were made. The audit data can be protected through audit log file protections and user authorization.

One way for an attacker to thwart these measures is to send the audit logs to another source and filter the audited results before sending them on to the original target. This can be done in Kubernetes through the configuration of dynamic audit webhooks through the DynamicAuditing flag.&lt;/VulnDiscussion&gt;&lt;FalsePositives&gt;&lt;/FalsePositives&gt;&lt;FalseNegatives&gt;&lt;/FalseNegatives&gt;&lt;Documentable&gt;false&lt;/Documentable&gt;&lt;Mitigations&gt;&lt;/Mitigations&gt;&lt;SecurityOverrideGuidance&gt;&lt;/SecurityOverrideGuidance&gt;&lt;PotentialImpacts&gt;&lt;/PotentialImpacts&gt;&lt;ThirdPartyTools&gt;&lt;/ThirdPartyTools&gt;&lt;MitigationControl&gt;&lt;/MitigationControl&gt;&lt;Responsibility&gt;&lt;/Responsibility&gt;&lt;IAControls&gt;&lt;/IAControls&gt;</description>
      <ident system="http://cyber.mil/cci">CCI-000213</ident>
      <fixtext>Edit any manifest files or kubelet config files that contain the feature-gates setting with DynamicAuditing set to "true". Set the flag to "false" or remove the "DynamicAuditing" setting completely. Restart the kubelet service if the kubelet config file if the kubelet config file is changed.</fixtext>
      <check system="N/A">
        <check-content>On the Master node, change to the manifests' directory at /etc/kubernetes/manifests and run the command:

grep -i feature-gates *

Review the feature-gates setting, if one is returned.

If the feature-gates setting is available and contains the DynamicAuditing flag set to "true", this is a finding.

Change to the directory /etc/sysconfig on the Master and each Worker Node and execute the command:

grep -i feature-gates kubelet

Review every feature-gates setting that is returned.

If any feature-gates setting is available and contains the "DynamicAuditing" flag set to "true", this is a finding.</check-content>
      </check>
    </Rule>
  </Group>
  <Group id="V-CNTR-K8-000850">
    <title>SRG-APP-000133-CTR-000290</title>
    <Rule id="SV-CNTR-K8-000850" severity="medium" weight="10.0">
      <version>CNTR-K8-000850</version>
      <title>Kubernetes Kubelet must deny hostname override.</title>
      <description>&lt;VulnDiscussion&gt;Kubernetes allows for the overriding of hostnames. Allowing this feature to be implemented within the kubelets may break the TLS setup between the kubelet service and the API server. This setting also can make it difficult to associate logs with nodes if security analytics needs to take place. The better practice is to setup nodes with resolvable FQDNs and avoid overriding the hostnames.&lt;/VulnDiscussion&gt;&lt;FalsePositives&gt;&lt;/FalsePositives&gt;&lt;FalseNegatives&gt;&lt;/FalseNegatives&gt;&lt;Documentable&gt;false&lt;/Documentable&gt;&lt;Mitigations&gt;&lt;/Mitigations&gt;&lt;SecurityOverrideGuidance&gt;&lt;/SecurityOverrideGuidance&gt;&lt;PotentialImpacts&gt;&lt;/PotentialImpacts&gt;&lt;ThirdPartyTools&gt;&lt;/ThirdPartyTools&gt;&lt;MitigationControl&gt;&lt;/MitigationControl&gt;&lt;Responsibility&gt;&lt;/Responsibility&gt;&lt;IAControls&gt;&lt;/IAControls&gt;</description>
      <ident system="http://cyber.mil/cci">CCI-001499</ident>
      <fixtext>Edit the Kubernetes Kubelet file in the /etc/sysconfig directory on the Master and Worker nodes and remove the "--hostname-override" setting. Restart the service after the change is made by running:

service kubelet restart</fixtext>
      <check system="N/A">
        <check-content>On the Master and each Worker node, change to the /etc/sysconfig/ directory and run the command:

grep -i hostname-override kubelet  
--hostname-override

If any of the nodes have the setting "hostname-override" present, this is a finding.</check-content>
      </check>
    </Rule>
  </Group>
  <Group id="V-CNTR-K8-000860">
    <title>SRG-APP-000133-CTR-000295</title>
    <Rule id="SV-CNTR-K8-000860" severity="medium" weight="10.0">
      <version>CNTR-K8-000860</version>
      <title>The Kubernetes manifests must be owned by root.</title>
      <description>&lt;VulnDiscussion&gt;The manifest files contain the runtime configuration of the API server, proxy, scheduler, controller, and etcd. If an attacker can gain access to these files, changes can be made to open vulnerabilities and bypass user authorizations inherit within Kubernetes with RBAC implemented.&lt;/VulnDiscussion&gt;&lt;FalsePositives&gt;&lt;/FalsePositives&gt;&lt;FalseNegatives&gt;&lt;/FalseNegatives&gt;&lt;Documentable&gt;false&lt;/Documentable&gt;&lt;Mitigations&gt;&lt;/Mitigations&gt;&lt;SecurityOverrideGuidance&gt;&lt;/SecurityOverrideGuidance&gt;&lt;PotentialImpacts&gt;&lt;/PotentialImpacts&gt;&lt;ThirdPartyTools&gt;&lt;/ThirdPartyTools&gt;&lt;MitigationControl&gt;&lt;/MitigationControl&gt;&lt;Responsibility&gt;&lt;/Responsibility&gt;&lt;IAControls&gt;&lt;/IAControls&gt;</description>
      <ident system="http://cyber.mil/cci">CCI-001499</ident>
      <fixtext>On the Master node, change to the /etc/kubernetes/manifest directory. Run the command:

chown root:root *

To verify the change took place, run the command:

ls -l *

All the manifest files should be owned by root:root.</fixtext>
      <check system="N/A">
        <check-content>On the Master node, change to the /etc/kubernetes/manifest directory. Run the command:

ls -l *

Each manifest file must be owned by root:root.

If any manifest file is not owned by root:root, this is a finding.</check-content>
      </check>
    </Rule>
  </Group>
  <Group id="V-CNTR-K8-000880">
    <title>SRG-APP-000133-CTR-000300</title>
    <Rule id="SV-CNTR-K8-000880" severity="medium" weight="10.0">
      <version>CNTR-K8-000880</version>
      <title>The Kubernetes kubelet configuration file must be owned by root.</title>
      <description>&lt;VulnDiscussion&gt;The kubelet configuration file contains the runtime configuration of the kubelet service. If an attacker can gain access to this file, changes can be made to open vulnerabilities and bypass user authorizations inherent within Kubernetes with RBAC implemented.&lt;/VulnDiscussion&gt;&lt;FalsePositives&gt;&lt;/FalsePositives&gt;&lt;FalseNegatives&gt;&lt;/FalseNegatives&gt;&lt;Documentable&gt;false&lt;/Documentable&gt;&lt;Mitigations&gt;&lt;/Mitigations&gt;&lt;SecurityOverrideGuidance&gt;&lt;/SecurityOverrideGuidance&gt;&lt;PotentialImpacts&gt;&lt;/PotentialImpacts&gt;&lt;ThirdPartyTools&gt;&lt;/ThirdPartyTools&gt;&lt;MitigationControl&gt;&lt;/MitigationControl&gt;&lt;Responsibility&gt;&lt;/Responsibility&gt;&lt;IAControls&gt;&lt;/IAControls&gt;</description>
      <ident system="http://cyber.mil/cci">CCI-001499</ident>
      <fixtext>On the Master and Worker nodes, change to the /etc/sysconfig directory. Run the command:

chown root:root kubelet

To verify the change took place, run the command:

ls -l kubelet

The kubelet file should now be owned by root:root.</fixtext>
      <check system="N/A">
        <check-content>On the Master and worker nodes, change to the /etc/sysconfig directory. Run the command:

ls -l kubelet

Each kubelet configuration file must be owned by root:root.

If any manifest file is not owned by root:root, this is a finding.</check-content>
      </check>
    </Rule>
  </Group>
  <Group id="V-CNTR-K8-000890">
    <title>SRG-APP-000133-CTR-000305</title>
    <Rule id="SV-CNTR-K8-000890" severity="medium" weight="10.0">
      <version>CNTR-K8-000890</version>
      <title>The Kubernetes kubelet configuration files must have file permissions set to 644 or more restrictive.</title>
      <description>&lt;VulnDiscussion&gt;The kubelet configuration file contains the runtime configuration of the kubelet service. If an attacker can gain access to this file, changes can be made to open vulnerabilities and bypass user authorizations inherit within Kubernetes with RBAC implemented.&lt;/VulnDiscussion&gt;&lt;FalsePositives&gt;&lt;/FalsePositives&gt;&lt;FalseNegatives&gt;&lt;/FalseNegatives&gt;&lt;Documentable&gt;false&lt;/Documentable&gt;&lt;Mitigations&gt;&lt;/Mitigations&gt;&lt;SecurityOverrideGuidance&gt;&lt;/SecurityOverrideGuidance&gt;&lt;PotentialImpacts&gt;&lt;/PotentialImpacts&gt;&lt;ThirdPartyTools&gt;&lt;/ThirdPartyTools&gt;&lt;MitigationControl&gt;&lt;/MitigationControl&gt;&lt;Responsibility&gt;&lt;/Responsibility&gt;&lt;IAControls&gt;&lt;/IAControls&gt;</description>
      <ident system="http://cyber.mil/cci">CCI-001499</ident>
      <fixtext>On the Master node, change to the /etc/kubernetes/manifest directory. Run the command:

chmod 644 kubelet

To verify the change took place, run the command:

ls -l kubelet

The kubelet file should now have the permissions of "644".</fixtext>
      <check system="N/A">
        <check-content>On the Master and worker nodes, change to the /etc/kubernetes/manifest directory. Run the command:

ls -l kubelet

Each kubelet configuration file must have permissions of "644" or more restrictive.

If any kubelet configuration file is less restrictive than "644", this is a finding.</check-content>
      </check>
    </Rule>
  </Group>
  <Group id="V-CNTR-K8-000900">
    <title>SRG-APP-000133-CTR-000310</title>
    <Rule id="SV-CNTR-K8-000900" severity="medium" weight="10.0">
      <version>CNTR-K8-000900</version>
      <title>The Kubernetes manifests must have least privileges.</title>
      <description>&lt;VulnDiscussion&gt;The manifest files contain the runtime configuration of the API server, scheduler, controller, and etcd. If an attacker can gain access to these files, changes can be made to open vulnerabilities and bypass user authorizations inherent within Kubernetes with RBAC implemented.&lt;/VulnDiscussion&gt;&lt;FalsePositives&gt;&lt;/FalsePositives&gt;&lt;FalseNegatives&gt;&lt;/FalseNegatives&gt;&lt;Documentable&gt;false&lt;/Documentable&gt;&lt;Mitigations&gt;&lt;/Mitigations&gt;&lt;SecurityOverrideGuidance&gt;&lt;/SecurityOverrideGuidance&gt;&lt;PotentialImpacts&gt;&lt;/PotentialImpacts&gt;&lt;ThirdPartyTools&gt;&lt;/ThirdPartyTools&gt;&lt;MitigationControl&gt;&lt;/MitigationControl&gt;&lt;Responsibility&gt;&lt;/Responsibility&gt;&lt;IAControls&gt;&lt;/IAControls&gt;</description>
      <ident system="http://cyber.mil/cci">CCI-001499</ident>
      <fixtext>On the Master node, change to the /etc/kubernetes/manifest directory. Run the command:

chmod 644 *

To verify the change took place, run the command:

ls -l *

All the manifest files should now have privileges of "644".</fixtext>
      <check system="N/A">
        <check-content>On the Master node, change to the /etc/kubernetes/manifest directory. Run the command:

ls -l *

Each manifest file must have permissions "644" or more restrictive.

If any manifest file is less restrictive than "644", this is a finding.</check-content>
      </check>
    </Rule>
  </Group>
  <Group id="V-CNTR-K8-001410">
    <title>SRG-APP-000219-CTR-000550</title>
    <Rule id="SV-CNTR-K8-001410" severity="medium" weight="10.0">
      <version>CNTR-K8-001410</version>
      <title>Kubernetes API Server must have the SSL Certificate Authority set.</title>
      <description>&lt;VulnDiscussion&gt;Kubernetes control plane and external communication is managed by API Server. The main implementation of the API Server is to manage hardware resources for pods and containers using horizontal or vertical scaling. Anyone who can access the API Server can effectively control the Kubernetes architecture. Using authenticity protection, the communication can be protected against man-in-the-middle attacks/session hijacking and the insertion of false information into sessions.

The communication session is protected by utilizing transport encryption protocols, such as TLS. TLS provides the Kubernetes API Server with a means to be able to authenticate sessions and encrypt traffic. 

To enable encrypted communication for API Server, the parameter etcd-cafile must be set. This parameter gives the location of the SSL Certificate Authority file used to secure API Server communication.&lt;/VulnDiscussion&gt;&lt;FalsePositives&gt;&lt;/FalsePositives&gt;&lt;FalseNegatives&gt;&lt;/FalseNegatives&gt;&lt;Documentable&gt;false&lt;/Documentable&gt;&lt;Mitigations&gt;&lt;/Mitigations&gt;&lt;SecurityOverrideGuidance&gt;&lt;/SecurityOverrideGuidance&gt;&lt;PotentialImpacts&gt;&lt;/PotentialImpacts&gt;&lt;ThirdPartyTools&gt;&lt;/ThirdPartyTools&gt;&lt;MitigationControl&gt;&lt;/MitigationControl&gt;&lt;Responsibility&gt;&lt;/Responsibility&gt;&lt;IAControls&gt;&lt;/IAControls&gt;</description>
      <ident system="http://cyber.mil/cci">CCI-001184</ident>
      <fixtext>Edit the Kubernetes API Server manifest file in the /etc/kubernetes/manifests directory on the Kubernetes Master Node. Set the value of client-ca-file to path containing Approved Organizational Certificate.</fixtext>
      <check system="N/A">
        <check-content>Change to the /etc/kubernetes/manifests/ directory on the Kubernetes Master Node. Run the command:

grep -i client-ca-file *

If the setting feature client-ca-file is not set in the Kubernetes API server manifest file or contains no value, this is a finding.</check-content>
      </check>
    </Rule>
  </Group>
  <Group id="V-CNTR-K8-001430">
    <title>SRG-APP-000219-CTR-000550</title>
    <Rule id="SV-CNTR-K8-001430" severity="medium" weight="10.0">
      <version>CNTR-K8-001430</version>
      <title>Kubernetes Controller Manager must have the SSL Certificate Authority set.</title>
      <description>&lt;VulnDiscussion&gt;The Kubernetes Controller Manager is responsible for creating service accounts and tokens for the API Server, maintaining the correct number of pods for every replication controller and provides notifications when nodes are offline.  

Anyone who gains access to the Controller Manager can generate backdoor accounts, take possession of, or diminish system performance without detection by disabling system notification. Using authenticity protection, the communication can be protected against man-in-the-middle attacks/session hijacking and the insertion of false information into sessions.

The communication session is protected by utilizing transport encryption protocols, such as TLS. TLS provides the Kubernetes Controller Manager with a means to be able to authenticate sessions and encrypt traffic.&lt;/VulnDiscussion&gt;&lt;FalsePositives&gt;&lt;/FalsePositives&gt;&lt;FalseNegatives&gt;&lt;/FalseNegatives&gt;&lt;Documentable&gt;false&lt;/Documentable&gt;&lt;Mitigations&gt;&lt;/Mitigations&gt;&lt;SecurityOverrideGuidance&gt;&lt;/SecurityOverrideGuidance&gt;&lt;PotentialImpacts&gt;&lt;/PotentialImpacts&gt;&lt;ThirdPartyTools&gt;&lt;/ThirdPartyTools&gt;&lt;MitigationControl&gt;&lt;/MitigationControl&gt;&lt;Responsibility&gt;&lt;/Responsibility&gt;&lt;IAControls&gt;&lt;/IAControls&gt;</description>
      <ident system="http://cyber.mil/cci">CCI-001184</ident>
      <fixtext>Edit the Kubernetes Controller Manager manifest file in the /etc/kubernetes/manifests directory on the Kubernetes Master Node. Set the value of root-ca-file to path containing Approved Organizational Certificate.</fixtext>
      <check system="N/A">
        <check-content>Change to the /etc/kubernetes/manifests/ directory on the Kubernetes Master Node. Run the command:

grep -i root-ca-file *

If the setting client-ca-file is not set in the Kubernetes Controller Manager manifest file or contains no value, this is a finding.</check-content>
      </check>
    </Rule>
  </Group>
  <Group id="V-CNTR-K8-001440">
    <title>SRG-APP-000219-CTR-000550</title>
    <Rule id="SV-CNTR-K8-001440" severity="medium" weight="10.0">
      <version>CNTR-K8-001440</version>
      <title>Kubernetes API Server must have a certificate for communication.</title>
      <description>&lt;VulnDiscussion&gt;Kubernetes control plane and external communication is managed by API Server. The main implementation of the API Server is to manage hardware resources for pods and container using horizontal or vertical scaling. Anyone who can access the API Server can effectively control the Kubernetes architecture. Using authenticity protection, the communication can be protected against man-in-the-middle attacks/session hijacking and the insertion of false information into sessions.

The communication session is protected by utilizing transport encryption protocols, such as TLS. TLS provides the Kubernetes API Server with a means to be able to authenticate sessions and encrypt traffic. 

To enable encrypted communication for API Server, the parameter etcd-cafile must be set. This parameter gives the location of the SSL Certificate Authority file used to secure API Server communication.&lt;/VulnDiscussion&gt;&lt;FalsePositives&gt;&lt;/FalsePositives&gt;&lt;FalseNegatives&gt;&lt;/FalseNegatives&gt;&lt;Documentable&gt;false&lt;/Documentable&gt;&lt;Mitigations&gt;&lt;/Mitigations&gt;&lt;SecurityOverrideGuidance&gt;&lt;/SecurityOverrideGuidance&gt;&lt;PotentialImpacts&gt;&lt;/PotentialImpacts&gt;&lt;ThirdPartyTools&gt;&lt;/ThirdPartyTools&gt;&lt;MitigationControl&gt;&lt;/MitigationControl&gt;&lt;Responsibility&gt;&lt;/Responsibility&gt;&lt;IAControls&gt;&lt;/IAControls&gt;</description>
      <ident system="http://cyber.mil/cci">CCI-001184</ident>
      <fixtext>Edit the Kubernetes API Server manifest file in the /etc/kubernetes/manifests directory on the Kubernetes Master Node. Set the value of tls-cert-file and tls-private-key-file to path containing Approved Organizational Certificate.</fixtext>
      <check system="N/A">
        <check-content>Change to the /etc/kubernetes/manifests/ directory on the Kubernetes Master Node. Run the command:

grep -i tls-cert-file *
grep -i tls-private-key-file *

If the setting tls-cert-file and private-key-file is not set in the Kubernetes API server manifest file or contains no value, this is a finding.</check-content>
      </check>
    </Rule>
  </Group>
  <Group id="V-CNTR-K8-001480">
    <title>SRG-APP-000219-CTR-000550</title>
    <Rule id="SV-CNTR-K8-001480" severity="medium" weight="10.0">
      <version>CNTR-K8-001480</version>
      <title>Kubernetes etcd must enable client authentication to secure service.</title>
      <description>&lt;VulnDiscussion&gt;Kubernetes container and pod configuration are maintained by Kubelet. Kubelet agents register nodes with the API Server, mount volume storage, and perform health checks for containers and pods. Anyone who gains access to Kubelet agents can effectively control applications within the pods and containers. Using authenticity protection, the communication can be protected against man-in-the-middle attacks/session hijacking and the insertion of false information into sessions.

The communication session is protected by utilizing transport encryption protocols, such as TLS. TLS provides the Kubernetes API Server with a means to be able to authenticate sessions and encrypt traffic.

To enable encrypted communication for Kubelet, the parameter etcd-cafile must be set. This parameter gives the location of the SSL Certificate Authority file used to secure Kubelet communication.&lt;/VulnDiscussion&gt;&lt;FalsePositives&gt;&lt;/FalsePositives&gt;&lt;FalseNegatives&gt;&lt;/FalseNegatives&gt;&lt;Documentable&gt;false&lt;/Documentable&gt;&lt;Mitigations&gt;&lt;/Mitigations&gt;&lt;SecurityOverrideGuidance&gt;&lt;/SecurityOverrideGuidance&gt;&lt;PotentialImpacts&gt;&lt;/PotentialImpacts&gt;&lt;ThirdPartyTools&gt;&lt;/ThirdPartyTools&gt;&lt;MitigationControl&gt;&lt;/MitigationControl&gt;&lt;Responsibility&gt;&lt;/Responsibility&gt;&lt;IAControls&gt;&lt;/IAControls&gt;</description>
      <ident system="http://cyber.mil/cci">CCI-001184</ident>
      <fixtext>Edit the Kubernetes etcd file in the /etc/kubernetes/manifests directory on the Kubernetes Master Node.

Set the value of "--peer-client-cert-auth" to "true" for the etcd.</fixtext>
      <check system="N/A">
        <check-content>Change to the /etc/kubernetes/manifests directory on the Kubernetes Master Node. Run the command:

grep -i peer-client-cert-auth * 

If the setting peer-client-cert-auth is not configured in the Kubernetes etcd manifest file or set to "false", this is a finding.</check-content>
      </check>
    </Rule>
  </Group>
  <Group id="V-CNTR-K8-001490">
    <title>SRG-APP-000219-CTR-000550</title>
    <Rule id="SV-CNTR-K8-001490" severity="medium" weight="10.0">
      <version>CNTR-K8-001490</version>
      <title>Kubernetes etcd must have a key file for secure communication.</title>
      <description>&lt;VulnDiscussion&gt;Kubernetes stores configuration and state information in a distributed key-value store called etcd. Anyone who can write to etcd can effectively control the Kubernetes cluster. Even just reading the contents of etcd could easily provide helpful hints to a would-be attacker. Using authenticity protection, the communication can be protected against man-in-the-middle attacks/session hijacking and the insertion of false information into sessions.

The communication session is protected by utilizing transport encryption protocols, such as TLS. TLS provides the Kubernetes API Server and etcd with a means to be able to authenticate sessions and encrypt traffic. 

To enable encrypted communication for etcd, the parameter key-file must be set. This parameter gives the location of the key file used to secure etcd communication.&lt;/VulnDiscussion&gt;&lt;FalsePositives&gt;&lt;/FalsePositives&gt;&lt;FalseNegatives&gt;&lt;/FalseNegatives&gt;&lt;Documentable&gt;false&lt;/Documentable&gt;&lt;Mitigations&gt;&lt;/Mitigations&gt;&lt;SecurityOverrideGuidance&gt;&lt;/SecurityOverrideGuidance&gt;&lt;PotentialImpacts&gt;&lt;/PotentialImpacts&gt;&lt;ThirdPartyTools&gt;&lt;/ThirdPartyTools&gt;&lt;MitigationControl&gt;&lt;/MitigationControl&gt;&lt;Responsibility&gt;&lt;/Responsibility&gt;&lt;IAControls&gt;&lt;/IAControls&gt;</description>
      <ident system="http://cyber.mil/cci">CCI-001184</ident>
      <fixtext>Edit the Kubernetes etcd manifest file in the /etc/kubernetes/manifests directory on the Kubernetes Master Node. 

Set the value of "--key-file" to the Approved Organizational Certificate.</fixtext>
      <check system="N/A">
        <check-content>Change to the /etc/kubernetes/manifests directory on the Kubernetes Master Node. 

Run the command:
    grep -i key-file *

If the setting "key-file" is not configured in the etcd manifest  file, this is a finding.</check-content>
      </check>
    </Rule>
  </Group>
  <Group id="V-CNTR-K8-001500">
    <title>SRG-APP-000219-CTR-000550</title>
    <Rule id="SV-CNTR-K8-001500" severity="medium" weight="10.0">
      <version>CNTR-K8-001500</version>
      <title>Kubernetes etcd must have a certificate for communication.</title>
      <description>&lt;VulnDiscussion&gt;Kubernetes stores configuration and state information in a distributed key-value store called etcd. Anyone who can write to etcd can effectively control a Kubernetes cluster. Even just reading the contents of etcd could easily provide helpful hints to a would-be attacker. Using authenticity protection, the communication can be protected against man-in-the-middle attacks/session hijacking and the insertion of false information into sessions.

The communication session is protected by utilizing transport encryption protocols, such as TLS. TLS provides the Kubernetes API Server and etcd with a means to be able to authenticate sessions and encrypt traffic. 

To enable encrypted communication for etcd, the parameter cert-file must be set. This parameter gives the location of the SSL certification file used to secure etcd communication.&lt;/VulnDiscussion&gt;&lt;FalsePositives&gt;&lt;/FalsePositives&gt;&lt;FalseNegatives&gt;&lt;/FalseNegatives&gt;&lt;Documentable&gt;false&lt;/Documentable&gt;&lt;Mitigations&gt;&lt;/Mitigations&gt;&lt;SecurityOverrideGuidance&gt;&lt;/SecurityOverrideGuidance&gt;&lt;PotentialImpacts&gt;&lt;/PotentialImpacts&gt;&lt;ThirdPartyTools&gt;&lt;/ThirdPartyTools&gt;&lt;MitigationControl&gt;&lt;/MitigationControl&gt;&lt;Responsibility&gt;&lt;/Responsibility&gt;&lt;IAControls&gt;&lt;/IAControls&gt;</description>
      <ident system="http://cyber.mil/cci">CCI-001184</ident>
      <fixtext>Edit the Kubernetes etcd manifest file in the /etc/kubernetes/manifests directory on the Kubernetes Master Node. 

Set the value of "--cert-file" to the Approved Organizational Certificate.</fixtext>
      <check system="N/A">
        <check-content>Change to the /etc/kubernetes/manifests directory on the Kubernetes Master Node. Run the command:

grep -i cert-file * 

If the setting "cert-file" is not configured in the Kubernetes etcd manifest file, this is a finding.</check-content>
      </check>
    </Rule>
  </Group>
  <Group id="V-CNTR-K8-001510">
    <title>SRG-APP-000219-CTR-000550</title>
    <Rule id="SV-CNTR-K8-001510" severity="medium" weight="10.0">
      <version>CNTR-K8-001510</version>
      <title>Kubernetes etcd must have the SSL Certificate Authority set.</title>
      <description>&lt;VulnDiscussion&gt;Kubernetes stores configuration and state information in a distributed key-value store called etcd. Anyone who can write to etcd can effectively control a Kubernetes cluster. Even just reading the contents of etcd could easily provide helpful hints to a would-be attacker. Using authenticity protection, the communication can be protected against man-in-the-middle attacks/session hijacking and the insertion of false information into sessions.

The communication session is protected by utilizing transport encryption protocols, such as TLS. TLS provides the Kubernetes API Server and etcd with a means to be able to authenticate sessions and encrypt traffic. 

To enable encrypted communication for etcd, the parameter etcd-cafile must be set. This parameter gives the location of the SSL Certificate Authority file used to secure etcd communication.&lt;/VulnDiscussion&gt;&lt;FalsePositives&gt;&lt;/FalsePositives&gt;&lt;FalseNegatives&gt;&lt;/FalseNegatives&gt;&lt;Documentable&gt;false&lt;/Documentable&gt;&lt;Mitigations&gt;&lt;/Mitigations&gt;&lt;SecurityOverrideGuidance&gt;&lt;/SecurityOverrideGuidance&gt;&lt;PotentialImpacts&gt;&lt;/PotentialImpacts&gt;&lt;ThirdPartyTools&gt;&lt;/ThirdPartyTools&gt;&lt;MitigationControl&gt;&lt;/MitigationControl&gt;&lt;Responsibility&gt;&lt;/Responsibility&gt;&lt;IAControls&gt;&lt;/IAControls&gt;</description>
      <ident system="http://cyber.mil/cci">CCI-001184</ident>
      <fixtext>Edit the Kubernetes kube-apiserver manifest file in the /etc/kubernetes/manifests directory on the Kubernetes Master Node. 

Set the value of "--etcd-cafile" to the Certificate Authority for etcd.</fixtext>
      <check system="N/A">
        <check-content>Change to the /etc/kubernetes/manifests directory on the Kubernetes Master Node. Run the command:

grep -i etcd-cafile * 

If the setting "etcd-cafile" is not configured in the Kubernetes kube-apiserver manifest file, this is a finding.</check-content>
      </check>
    </Rule>
  </Group>
  <Group id="V-CNTR-K8-001520">
    <title>SRG-APP-000219-CTR-000550</title>
    <Rule id="SV-CNTR-K8-001520" severity="medium" weight="10.0">
      <version>CNTR-K8-001520</version>
      <title>Kubernetes etcd must have a certificate for communication.</title>
      <description>&lt;VulnDiscussion&gt;Kubernetes stores configuration and state information in a distributed key-value store called etcd. Anyone who can write to etcd can effectively control your Kubernetes cluster. Even just reading the contents of etcd could easily provide helpful hints to a would-be attacker. Using authenticity protection, the communication can be protected against man-in-the-middle attacks/session hijacking and the insertion of false information into sessions.

The communication session is protected by utilizing transport encryption protocols, such as TLS. TLS provides the Kubernetes API Server and etcd with a means to be able to authenticate sessions and encrypt traffic. 

To enable encrypted communication for etcd, the parameter etcd-certfile must be set. This parameter gives the location of the SSL certification file used to secure etcd communication.&lt;/VulnDiscussion&gt;&lt;FalsePositives&gt;&lt;/FalsePositives&gt;&lt;FalseNegatives&gt;&lt;/FalseNegatives&gt;&lt;Documentable&gt;false&lt;/Documentable&gt;&lt;Mitigations&gt;&lt;/Mitigations&gt;&lt;SecurityOverrideGuidance&gt;&lt;/SecurityOverrideGuidance&gt;&lt;PotentialImpacts&gt;&lt;/PotentialImpacts&gt;&lt;ThirdPartyTools&gt;&lt;/ThirdPartyTools&gt;&lt;MitigationControl&gt;&lt;/MitigationControl&gt;&lt;Responsibility&gt;&lt;/Responsibility&gt;&lt;IAControls&gt;&lt;/IAControls&gt;</description>
      <ident system="http://cyber.mil/cci">CCI-001184</ident>
      <fixtext>Edit the Kubernetes kube-apiserver manifest file in the /etc/kubernetes/manifests directory on the Kubernetes Master Node. 

Set the value of "--etcd-certfile" to the certificate to be used for communication with etcd.</fixtext>
      <check system="N/A">
        <check-content>Change to the /etc/kubernetes/manifests directory on the Kubernetes Master Node. Run the command:

grep -i etcd-certfile * 

If the setting "etcd-certfile" is not set in the Kubernetes kube-apiserver manifest file, this is a finding.</check-content>
      </check>
    </Rule>
  </Group>
  <Group id="V-CNTR-K8-001530">
    <title>SRG-APP-000219-CTR-000550</title>
    <Rule id="SV-CNTR-K8-001530" severity="medium" weight="10.0">
      <version>CNTR-K8-001530</version>
      <title>Kubernetes etcd must have a key file for secure communication.</title>
      <description>&lt;VulnDiscussion&gt;Kubernetes stores configuration and state information in a distributed key-value store called etcd. Anyone who can write to etcd can effectively control a Kubernetes cluster. Even just reading the contents of etcd could easily provide helpful hints to a would-be attacker. Using authenticity protection, the communication can be protected against man-in-the-middle attacks/session hijacking and the insertion of false information into sessions.

The communication session is protected by utilizing transport encryption protocols, such as TLS. TLS provides the Kubernetes API Server and etcd with a means to be able to authenticate sessions and encrypt traffic. 

To enable encrypted communication for etcd, the parameter etcd-keyfile must be set. This parameter gives the location of the key file used to secure etcd communication.&lt;/VulnDiscussion&gt;&lt;FalsePositives&gt;&lt;/FalsePositives&gt;&lt;FalseNegatives&gt;&lt;/FalseNegatives&gt;&lt;Documentable&gt;false&lt;/Documentable&gt;&lt;Mitigations&gt;&lt;/Mitigations&gt;&lt;SecurityOverrideGuidance&gt;&lt;/SecurityOverrideGuidance&gt;&lt;PotentialImpacts&gt;&lt;/PotentialImpacts&gt;&lt;ThirdPartyTools&gt;&lt;/ThirdPartyTools&gt;&lt;MitigationControl&gt;&lt;/MitigationControl&gt;&lt;Responsibility&gt;&lt;/Responsibility&gt;&lt;IAControls&gt;&lt;/IAControls&gt;</description>
      <ident system="http://cyber.mil/cci">CCI-001184</ident>
      <fixtext>Edit the Kubernetes kube-apiserver manifest file in the /etc/kubernetes/manifests directory on the Kubernetes Master Node. 

Set the value of "--etcd-keyfile" to the certificate to be used for communication with etcd.</fixtext>
      <check system="N/A">
        <check-content>Change to the /etc/kubernetes/manifests directory on the Kubernetes Master Node. Run the command:

grep -i etcd-keyfile * 

If the setting "etcd-keyfile" is not configured in the Kubernetes kube-apiserver manifest file, this is a finding.</check-content>
      </check>
    </Rule>
  </Group>
  <Group id="V-CNTR-K8-001540">
    <title>SRG-APP-000219-CTR-000550</title>
    <Rule id="SV-CNTR-K8-001540" severity="medium" weight="10.0">
      <version>CNTR-K8-001540</version>
      <title>Kubernetes etcd must have peer-cert-file set for secure communication.</title>
      <description>&lt;VulnDiscussion&gt;Kubernetes stores configuration and state information in a distributed key-value store called etcd. Anyone who can write to etcd can effectively control the Kubernetes cluster. Even just reading the contents of etcd could easily provide helpful hints to a would-be attacker. Using authenticity protection, the communication can be protected against man-in-the-middle attacks/session hijacking and the insertion of false information into sessions.

The communication session is protected by utilizing transport encryption protocols, such as TLS. TLS provides the Kubernetes API Server and etcd with a means to be able to authenticate sessions and encrypt traffic. 

To enable encrypted communication for etcd, the parameter peer-cert-file must be set. This parameter gives the location of the SSL certification file used to secure etcd communication.&lt;/VulnDiscussion&gt;&lt;FalsePositives&gt;&lt;/FalsePositives&gt;&lt;FalseNegatives&gt;&lt;/FalseNegatives&gt;&lt;Documentable&gt;false&lt;/Documentable&gt;&lt;Mitigations&gt;&lt;/Mitigations&gt;&lt;SecurityOverrideGuidance&gt;&lt;/SecurityOverrideGuidance&gt;&lt;PotentialImpacts&gt;&lt;/PotentialImpacts&gt;&lt;ThirdPartyTools&gt;&lt;/ThirdPartyTools&gt;&lt;MitigationControl&gt;&lt;/MitigationControl&gt;&lt;Responsibility&gt;&lt;/Responsibility&gt;&lt;IAControls&gt;&lt;/IAControls&gt;</description>
      <ident system="http://cyber.mil/cci">CCI-001184</ident>
      <fixtext>Edit the Kubernetes etcd manifest file in the /etc/kubernetes/manifests directory on the Kubernetes Master Node. 

Set the value of "--peer-cert-file" to the certificate to be used for communication with etcd.</fixtext>
      <check system="N/A">
        <check-content>Change to the /etc/kubernetes/manifests directory on the Kubernetes Master Node. Run the command:

grep -i peer-cert-file * 

If the setting "peer-cert-file" is not configured in the Kubernetes etcd manifest file, this is a finding.</check-content>
      </check>
    </Rule>
  </Group>
  <Group id="V-CNTR-K8-001550">
    <title>SRG-APP-000219-CTR-000550</title>
    <Rule id="SV-CNTR-K8-001550" severity="medium" weight="10.0">
      <version>CNTR-K8-001550</version>
      <title>Kubernetes etcd must have a peer-key-file set for secure communication.</title>
      <description>&lt;VulnDiscussion&gt;Kubernetes stores configuration and state information in a distributed key-value store called etcd. Anyone who can write to etcd can effectively control a Kubernetes cluster. Even just reading the contents of etcd could easily provide helpful hints to a would-be attacker. Using authenticity protection, the communication can be protected against man-in-the-middle attacks/session hijacking and the insertion of false information into sessions.

The communication session is protected by utilizing transport encryption protocols, such as TLS. TLS provides the Kubernetes API Server and etcd with a means to be able to authenticate sessions and encrypt traffic. 

To enable encrypted communication for etcd, the parameter peer-key-file must be set. This parameter gives the location of the SSL certification file used to secure etcd communication.&lt;/VulnDiscussion&gt;&lt;FalsePositives&gt;&lt;/FalsePositives&gt;&lt;FalseNegatives&gt;&lt;/FalseNegatives&gt;&lt;Documentable&gt;false&lt;/Documentable&gt;&lt;Mitigations&gt;&lt;/Mitigations&gt;&lt;SecurityOverrideGuidance&gt;&lt;/SecurityOverrideGuidance&gt;&lt;PotentialImpacts&gt;&lt;/PotentialImpacts&gt;&lt;ThirdPartyTools&gt;&lt;/ThirdPartyTools&gt;&lt;MitigationControl&gt;&lt;/MitigationControl&gt;&lt;Responsibility&gt;&lt;/Responsibility&gt;&lt;IAControls&gt;&lt;/IAControls&gt;</description>
      <ident system="http://cyber.mil/cci">CCI-001184</ident>
      <fixtext>Edit the Kubernetes etcd manifest file in the /etc/kubernetes/manifests directory on the Kubernetes Master Node. 

Set the value of "--peer-key-file" to the certificate to be used for communication with etcd.</fixtext>
      <check system="N/A">
        <check-content>Change to the /etc/kubernetes/manifests directory on the Kubernetes Master Node. Run the command:

grep -i peer-key-file *

If the setting "peer-key-file" is not set in the Kubernetes etcd manifest file, this is a finding.</check-content>
      </check>
    </Rule>
  </Group>
  <Group id="V-CNTR-K8-001990">
    <title>SRG-APP-000340-CTR-000770</title>
    <Rule id="SV-CNTR-K8-001990" severity="low" weight="10.0">
      <version>CNTR-K8-001990</version>
      <title>Kubernetes must prevent non-privileged users from executing privileged functions to include disabling, circumventing, or altering implemented security safeguards/countermeasures or the installation of patches and updates.</title>
      <description>&lt;VulnDiscussion&gt;Kubernetes uses the API Server to control communication to the other services that makeup Kubernetes. The use of authorizations and not the default of "AlwaysAllow" enables the Kubernetes functions control to only the groups that need them.

To control access the API server must have one of the following options set for the authorization mode:
    --authorization-mode=ABAC Attribute-Based Access Control (ABAC) mode allows a user to configure policies using local files.
    --authorization-mode=RBAC Role-based access control (RBAC) mode allows a user to create and store policies using the Kubernetes API.
    --authorization-mode=Webhook
 
WebHook is an HTTP callback mode that allows a user to manage authorization using a remote REST endpoint.
    --authorization-mode=Node

Node authorization is a special-purpose authorization mode that specifically authorizes API requests made by kubelets.
    --authorization-mode=AlwaysDeny 

This flag blocks all requests. Use this flag only for testing.&lt;/VulnDiscussion&gt;&lt;FalsePositives&gt;&lt;/FalsePositives&gt;&lt;FalseNegatives&gt;&lt;/FalseNegatives&gt;&lt;Documentable&gt;false&lt;/Documentable&gt;&lt;Mitigations&gt;&lt;/Mitigations&gt;&lt;SecurityOverrideGuidance&gt;&lt;/SecurityOverrideGuidance&gt;&lt;PotentialImpacts&gt;&lt;/PotentialImpacts&gt;&lt;ThirdPartyTools&gt;&lt;/ThirdPartyTools&gt;&lt;MitigationControl&gt;&lt;/MitigationControl&gt;&lt;Responsibility&gt;&lt;/Responsibility&gt;&lt;IAControls&gt;&lt;/IAControls&gt;</description>
      <ident system="http://cyber.mil/cci">CCI-002235</ident>
      <fixtext>Edit the Kubernetes API Server manifest file in the /etc/kubernetes/manifests directory on the Kubernetes Master Node. Set the argument "--authorization-mode" to any valid authorization mode other than AlwaysAllow.</fixtext>
      <check system="N/A">
        <check-content>Change to the /etc/kubernetes/manifests directory on the Kubernetes Master Node. Run the command:

grep -i authorization-mode * 

If the setting authorization-mode is set to "AlwaysAllow" in the Kubernetes API Server manifest file or is not configured, this is a finding.</check-content>
      </check>
    </Rule>
  </Group>
  <Group id="V-CNTR-K8-002620">
    <title>SRG-APP-000439-CTR-001080</title>
    <Rule id="SV-CNTR-K8-002620" severity="low" weight="10.0">
      <version>CNTR-K8-002620</version>
      <title>Kubernetes API Server must disable basic authentication to protect information in transit.</title>
      <description>&lt;VulnDiscussion&gt;Kubernetes basic authentication sends and receives request containing username, uid, groups, and other fields over a clear text HTTP communication. Basic authentication does not provide any security mechanisms using encryption standards. PKI certificate-based authentication must be set over a secure channel to ensure confidentiality and integrity. Basic authentication must not be set in the manifest file.&lt;/VulnDiscussion&gt;&lt;FalsePositives&gt;&lt;/FalsePositives&gt;&lt;FalseNegatives&gt;&lt;/FalseNegatives&gt;&lt;Documentable&gt;false&lt;/Documentable&gt;&lt;Mitigations&gt;&lt;/Mitigations&gt;&lt;SecurityOverrideGuidance&gt;&lt;/SecurityOverrideGuidance&gt;&lt;PotentialImpacts&gt;&lt;/PotentialImpacts&gt;&lt;ThirdPartyTools&gt;&lt;/ThirdPartyTools&gt;&lt;MitigationControl&gt;&lt;/MitigationControl&gt;&lt;Responsibility&gt;&lt;/Responsibility&gt;&lt;IAControls&gt;&lt;/IAControls&gt;</description>
      <ident system="http://cyber.mil/cci">CCI-002418</ident>
      <fixtext>Edit the Kubernetes API Server manifest file in the /etc/kubernetes/manifests directory on the Kubernetes Master Node. Remove the setting "--basic-auth-file".</fixtext>
      <check system="N/A">
        <check-content>Change to the /etc/kubernetes/manifests/ directory on the Kubernetes Master Node. Run the command:

grep -i basic-auth-file * 

If "basic-auth-file" is set in the Kubernetes API server manifest file this is a finding.</check-content>
      </check>
    </Rule>
  </Group>
  <Group id="V-CNTR-K8-002630">
    <title>SRG-APP-000439-CTR-001080</title>
    <Rule id="SV-CNTR-K8-002630" severity="medium" weight="10.0">
      <version>CNTR-K8-002630</version>
      <title>Kubernetes API Server must disable token authentication to protect information in transit.</title>
      <description>&lt;VulnDiscussion&gt;Kubernetes token authentication uses password known as secrets in a plaintext file. This file contains sensitive information such as token, username and user uid. This token is used by service accounts within pods to authenticate with the API Server. This information is very valuable for attackers with malicious intent if the service account is privileged having access to the token. With this token a threat actor can impersonate the service account gaining access to the Rest API service.&lt;/VulnDiscussion&gt;&lt;FalsePositives&gt;&lt;/FalsePositives&gt;&lt;FalseNegatives&gt;&lt;/FalseNegatives&gt;&lt;Documentable&gt;false&lt;/Documentable&gt;&lt;Mitigations&gt;&lt;/Mitigations&gt;&lt;SecurityOverrideGuidance&gt;&lt;/SecurityOverrideGuidance&gt;&lt;PotentialImpacts&gt;&lt;/PotentialImpacts&gt;&lt;ThirdPartyTools&gt;&lt;/ThirdPartyTools&gt;&lt;MitigationControl&gt;&lt;/MitigationControl&gt;&lt;Responsibility&gt;&lt;/Responsibility&gt;&lt;IAControls&gt;&lt;/IAControls&gt;</description>
      <ident system="http://cyber.mil/cci">CCI-002418</ident>
      <fixtext>Edit the Kubernetes API Server manifest file in the /etc/kubernetes/manifests directory on the Kubernetes Master Node. Remove parameter "--token-auth-file".</fixtext>
      <check system="N/A">
        <check-content>Change to the /etc/kubernetes/manifests/ directory on the Kubernetes Master Node. Run the command:

grep -i token-auth-file * 

If "token-auth-file" is set in the Kubernetes API server manifest file, this is a finding.</check-content>
      </check>
    </Rule>
  </Group>
  <Group id="V-CNTR-K8-002640">
    <title>SRG-APP-000439-CTR-001080</title>
    <Rule id="SV-CNTR-K8-002640" severity="medium" weight="10.0">
      <version>CNTR-K8-002640</version>
      <title>Kubernetes endpoints must use approved organizational certificate and key pair to protect information in transit.</title>
      <description>&lt;VulnDiscussion&gt;Kubernetes control plane and external communication is managed by API Server. The main implementation of the API Server is to manage hardware resources for pods and container using horizontal or vertical scaling. Anyone who can gain access to the API Server can effectively control your Kubernetes architecture. Using authenticity protection, the communication can be protected against man-in-the-middle attacks/session hijacking and the insertion of false information into sessions.

The communication session is protected by utilizing transport encryption protocols, such as TLS. TLS provides the Kubernetes API Server with a means to be able to authenticate sessions and encrypt traffic.

By default, the API Server does not authenticate to the kubelet HTTPs endpoint. To enable secure communication for API Server, the parameter -kubelet-client-certificate and kubelet-client-key must be set. This parameter gives the location of the certificate and key pair used to secure API Server communication.&lt;/VulnDiscussion&gt;&lt;FalsePositives&gt;&lt;/FalsePositives&gt;&lt;FalseNegatives&gt;&lt;/FalseNegatives&gt;&lt;Documentable&gt;false&lt;/Documentable&gt;&lt;Mitigations&gt;&lt;/Mitigations&gt;&lt;SecurityOverrideGuidance&gt;&lt;/SecurityOverrideGuidance&gt;&lt;PotentialImpacts&gt;&lt;/PotentialImpacts&gt;&lt;ThirdPartyTools&gt;&lt;/ThirdPartyTools&gt;&lt;MitigationControl&gt;&lt;/MitigationControl&gt;&lt;Responsibility&gt;&lt;/Responsibility&gt;&lt;IAControls&gt;&lt;/IAControls&gt;</description>
      <ident system="http://cyber.mil/cci">CCI-002418</ident>
      <fixtext>Edit the Kubernetes API Server manifest file in the /etc/kubernetes/manifests directory on the Kubernetes Master Node. Set the value of "--kubelet-client-certificate" and "--kubelet-client-key" to an Approved Organizational Certificate and key pair.</fixtext>
      <check system="N/A">
        <check-content>Change to the /etc/kubernetes/manifests/ directory on the Kubernetes Master Node. Run the command:

grep -i kubelet-client-certificate *
grep -I kubelet-client-key * 

If the setting "--kubelet-client-certificate" is not configured in the Kubernetes API server manifest file or contains no value, this is a finding.

If the setting "--kubelet-client-key" is not configured in the Kubernetes API server manifest file or contains no value, this is a finding.</check-content>
      </check>
    </Rule>
  </Group>
  <Group id="V-CNTR-K8-002700">
    <title>SRG-APP-000454-CTR-001110</title>
    <Rule id="SV-CNTR-K8-002700" severity="medium" weight="10.0">
      <version>CNTR-K8-002700</version>
      <title>Kubernetes must remove old components after updated versions have been installed.</title>
      <description>&lt;VulnDiscussion&gt;Previous versions of Kubernetes components that are not removed after updates have been installed may be exploited by adversaries by allowing the vulnerabilities to still exist within the cluster. It is important for Kubernetes to remove old pods when newer pods are created using new images to always be at the desired security state.&lt;/VulnDiscussion&gt;&lt;FalsePositives&gt;&lt;/FalsePositives&gt;&lt;FalseNegatives&gt;&lt;/FalseNegatives&gt;&lt;Documentable&gt;false&lt;/Documentable&gt;&lt;Mitigations&gt;&lt;/Mitigations&gt;&lt;SecurityOverrideGuidance&gt;&lt;/SecurityOverrideGuidance&gt;&lt;PotentialImpacts&gt;&lt;/PotentialImpacts&gt;&lt;ThirdPartyTools&gt;&lt;/ThirdPartyTools&gt;&lt;MitigationControl&gt;&lt;/MitigationControl&gt;&lt;Responsibility&gt;&lt;/Responsibility&gt;&lt;IAControls&gt;&lt;/IAControls&gt;</description>
      <ident system="http://cyber.mil/cci">CCI-002617</ident>
      <fixtext>Remove any old pods that are using older images. On the Master node, run the command:

kubectl delete pod podname
(Note: "podname" is the name of the pod to delete.)</fixtext>
      <check system="N/A">
        <check-content>To view all pods and the images used to create the pods, from the Master node, run the following command:

kubectl get pods --all-namespaces -o jsonpath="{..image}" | \
tr -s '[[:space:]]' '\n' | \
sort | \
uniq -c

Review the images used for pods running within Kubernetes.

If there are multiple versions of the same image, this is a finding.</check-content>
      </check>
    </Rule>
  </Group>
  <Group id="V-CNTR-K8-003110">
    <title>SRG-APP-000516-CTR-001325</title>
    <Rule id="SV-CNTR-K8-003110" severity="medium" weight="10.0">
      <version>CNTR-K8-003110</version>
      <title>The Kubernetes component manifests must be owned by root.</title>
      <description>&lt;VulnDiscussion&gt;The Kubernetes manifests are those files that contain the arguments and settings for the Master Node services. These services are etcd, the api server, controller, proxy, and scheduler. If these files can be changed, the scheduler will be implementing the changes immediately. Many of the security settings within the document are implemented through these manifests.&lt;/VulnDiscussion&gt;&lt;FalsePositives&gt;&lt;/FalsePositives&gt;&lt;FalseNegatives&gt;&lt;/FalseNegatives&gt;&lt;Documentable&gt;false&lt;/Documentable&gt;&lt;Mitigations&gt;&lt;/Mitigations&gt;&lt;SecurityOverrideGuidance&gt;&lt;/SecurityOverrideGuidance&gt;&lt;PotentialImpacts&gt;&lt;/PotentialImpacts&gt;&lt;ThirdPartyTools&gt;&lt;/ThirdPartyTools&gt;&lt;MitigationControl&gt;&lt;/MitigationControl&gt;&lt;Responsibility&gt;&lt;/Responsibility&gt;&lt;IAControls&gt;&lt;/IAControls&gt;</description>
      <ident system="http://cyber.mil/cci">CCI-000366</ident>
      <fixtext>Change the ownership of the manifest files to root: root by executing the command:

chown root:root /etc/kubernetes/manifests/*</fixtext>
      <check system="N/A">
        <check-content>Review the ownership of the Kubernetes manifests files by using the command:

stat -c %U:%G /etc/kubernetes/manifests/* | grep -v root:root

If the command returns any non root:root file permissions, this is a finding.</check-content>
      </check>
    </Rule>
  </Group>
  <Group id="V-CNTR-K8-003130">
    <title>SRG-APP-000516-CTR-001325</title>
    <Rule id="SV-CNTR-K8-003130" severity="medium" weight="10.0">
      <version>CNTR-K8-003130</version>
      <title>The Kubernetes conf files must be owned by root.</title>
      <description>&lt;VulnDiscussion&gt;The Kubernetes conf files contain the arguments and settings for the Master Node services. These services are controller and scheduler. If these files can be changed, the scheduler will be implementing the changes immediately. Many of the security settings within the document are implemented through this file.&lt;/VulnDiscussion&gt;&lt;FalsePositives&gt;&lt;/FalsePositives&gt;&lt;FalseNegatives&gt;&lt;/FalseNegatives&gt;&lt;Documentable&gt;false&lt;/Documentable&gt;&lt;Mitigations&gt;&lt;/Mitigations&gt;&lt;SecurityOverrideGuidance&gt;&lt;/SecurityOverrideGuidance&gt;&lt;PotentialImpacts&gt;&lt;/PotentialImpacts&gt;&lt;ThirdPartyTools&gt;&lt;/ThirdPartyTools&gt;&lt;MitigationControl&gt;&lt;/MitigationControl&gt;&lt;Responsibility&gt;&lt;/Responsibility&gt;&lt;IAControls&gt;&lt;/IAControls&gt;</description>
      <ident system="http://cyber.mil/cci">CCI-000366</ident>
      <fixtext>Change the ownership of the conf files to root: root by executing the command:

chown root:root /etc/kubernetes/admin.conf 
chown root:root /etc/kubernetes/scheduler.conf 
chown root:root /etc/kubernetes/controller-manager.conf</fixtext>
      <check system="N/A">
        <check-content>Review the Kubernetes conf files by using the command:

stat -c %U:%G /etc/kubernetes/admin.conf | grep -v root:root
stat -c %U:%G /etc/kubernetes/scheduler.conf | grep -v root:root
stat -c %U:%G /etc/kubernetes/controller-manager.conf | grep -v root:root

If the command returns any non root:root file permissions, this is a finding.</check-content>
      </check>
    </Rule>
  </Group>
  <Group id="V-CNTR-K8-003160">
    <title>SRG-APP-000516-CTR-001325</title>
    <Rule id="SV-CNTR-K8-003160" severity="medium" weight="10.0">
      <version>CNTR-K8-003160</version>
      <title>The Kubernetes Kubelet certificate authority file must have file permissions set to 644 or more restrictive.</title>
      <description>&lt;VulnDiscussion&gt;The Kubernetes kubelet certificate authority file contains settings for the Kubernetes Node TLS certificate authority. Any request presenting a client certificate signed by one of the authorities in the client-ca-file is authenticated with an identity corresponding to the CommonName of the client certificate. If this file can be changed, the Kubernetes architecture could be compromised. The scheduler will implement the changes immediately. Many of the security settings within the document are implemented through this file.&lt;/VulnDiscussion&gt;&lt;FalsePositives&gt;&lt;/FalsePositives&gt;&lt;FalseNegatives&gt;&lt;/FalseNegatives&gt;&lt;Documentable&gt;false&lt;/Documentable&gt;&lt;Mitigations&gt;&lt;/Mitigations&gt;&lt;SecurityOverrideGuidance&gt;&lt;/SecurityOverrideGuidance&gt;&lt;PotentialImpacts&gt;&lt;/PotentialImpacts&gt;&lt;ThirdPartyTools&gt;&lt;/ThirdPartyTools&gt;&lt;MitigationControl&gt;&lt;/MitigationControl&gt;&lt;Responsibility&gt;&lt;/Responsibility&gt;&lt;IAControls&gt;&lt;/IAControls&gt;</description>
      <ident system="http://cyber.mil/cci">CCI-000366</ident>
      <fixtext>Change the permissions of the --client-ca-file to "644" by executing the command:

chown 644 &amp;lt;kubelet --client--ca-file argument location&amp;gt;.</fixtext>
      <check system="N/A">
        <check-content>Change to the /etc/sysconfig/ directory on the Kubernetes Master Node. Run command:

more kubelet
--client-ca-file argument 
Note certificate location

If the ca-file argument location file has permissions more permissive than "644", this is a finding.</check-content>
      </check>
    </Rule>
  </Group>
  <Group id="V-CNTR-K8-003170">
    <title>SRG-APP-000516-CTR-001325</title>
    <Rule id="SV-CNTR-K8-003170" severity="medium" weight="10.0">
      <version>CNTR-K8-003170</version>
      <title>The Kubernetes Kubelet certificate authority must be owned by root.</title>
      <description>&lt;VulnDiscussion&gt;The Kubernetes kube proxy kubeconfig contain the argument and setting for the Master Nodes. These settings contain network rules for restricting network communication between pods, clusters, and networks. If these files can be changed, data traversing between the Kubernetes Control Panel components would be compromised. Many of the security settings within the document are implemented through this file.&lt;/VulnDiscussion&gt;&lt;FalsePositives&gt;&lt;/FalsePositives&gt;&lt;FalseNegatives&gt;&lt;/FalseNegatives&gt;&lt;Documentable&gt;false&lt;/Documentable&gt;&lt;Mitigations&gt;&lt;/Mitigations&gt;&lt;SecurityOverrideGuidance&gt;&lt;/SecurityOverrideGuidance&gt;&lt;PotentialImpacts&gt;&lt;/PotentialImpacts&gt;&lt;ThirdPartyTools&gt;&lt;/ThirdPartyTools&gt;&lt;MitigationControl&gt;&lt;/MitigationControl&gt;&lt;Responsibility&gt;&lt;/Responsibility&gt;&lt;IAControls&gt;&lt;/IAControls&gt;</description>
      <ident system="http://cyber.mil/cci">CCI-000366</ident>
      <fixtext>Change the permissions of the Kube Proxy to "root" by executing the command:

chown root:root &amp;lt;location from kubeconfig&amp;gt;.</fixtext>
      <check system="N/A">
        <check-content>1. At the command line run the following command:
#systemctl status kubelet

Verify kubelet configuration file is set to  --config=/var/lib/kubelet/config.yaml

2. Open /var/lib/kubelet/config.yaml file and note certificate location:
authentication:
 .....
  x509:
    clientCAFile: /etc/kubernetes/pki/ca.crt

Review the ownership of the Kubernetes clientCAFile by using the command:
stat -c   %U:%G &amp;lt;location from clientCAFile value&amp;gt;| grep -v root:root

If the command returns any non root:root file permissions, this is a finding.</check-content>
      </check>
    </Rule>
  </Group>
  <Group id="V-CNTR-K8-003180">
    <title>SRG-APP-000516-CTR-001325</title>
    <Rule id="SV-CNTR-K8-003180" severity="medium" weight="10.0">
      <version>CNTR-K8-003180</version>
      <title>The Kubernetes component PKI must be owned by root.</title>
      <description>&lt;VulnDiscussion&gt;The Kubernetes PKI directory contains all certificates (.crt files) supporting secure network communications in the Kubernetes Control Plane. If these files can be modified, data traversing within the architecture components would become unsecure and compromised. Many of the security settings within the document are implemented through this file.&lt;/VulnDiscussion&gt;&lt;FalsePositives&gt;&lt;/FalsePositives&gt;&lt;FalseNegatives&gt;&lt;/FalseNegatives&gt;&lt;Documentable&gt;false&lt;/Documentable&gt;&lt;Mitigations&gt;&lt;/Mitigations&gt;&lt;SecurityOverrideGuidance&gt;&lt;/SecurityOverrideGuidance&gt;&lt;PotentialImpacts&gt;&lt;/PotentialImpacts&gt;&lt;ThirdPartyTools&gt;&lt;/ThirdPartyTools&gt;&lt;MitigationControl&gt;&lt;/MitigationControl&gt;&lt;Responsibility&gt;&lt;/Responsibility&gt;&lt;IAControls&gt;&lt;/IAControls&gt;</description>
      <ident system="http://cyber.mil/cci">CCI-000366</ident>
      <fixtext>Change the ownership of the PKI to root: root by executing the command:

chown -R root:root /etc/kubernetes/pki/</fixtext>
      <check system="N/A">
        <check-content>Review the PKI files in Kubernetes by using the command:

ls -laR /etc/kubernetes/pki/

If the command returns any non root:root file permissions, this is a finding.</check-content>
      </check>
    </Rule>
  </Group>
  <Group id="V-CNTR-K8-003190">
    <title>SRG-APP-000516-CTR-001325</title>
    <Rule id="SV-CNTR-K8-003190" severity="medium" weight="10.0">
      <version>CNTR-K8-003190</version>
      <title>The Kubernetes kubelet config must have file permissions set to 644 or more restrictive.</title>
      <description>&lt;VulnDiscussion&gt;The Kubernetes kubelet agent registers nodes with the API Server, mounts volume storage for pods, and performs health checks to containers within pods. If these files can be modified, the information system would be unaware of pod or container degradation. Many of the security settings within the document are implemented through this file.&lt;/VulnDiscussion&gt;&lt;FalsePositives&gt;&lt;/FalsePositives&gt;&lt;FalseNegatives&gt;&lt;/FalseNegatives&gt;&lt;Documentable&gt;false&lt;/Documentable&gt;&lt;Mitigations&gt;&lt;/Mitigations&gt;&lt;SecurityOverrideGuidance&gt;&lt;/SecurityOverrideGuidance&gt;&lt;PotentialImpacts&gt;&lt;/PotentialImpacts&gt;&lt;ThirdPartyTools&gt;&lt;/ThirdPartyTools&gt;&lt;MitigationControl&gt;&lt;/MitigationControl&gt;&lt;Responsibility&gt;&lt;/Responsibility&gt;&lt;IAControls&gt;&lt;/IAControls&gt;</description>
      <ident system="http://cyber.mil/cci">CCI-000366</ident>
      <fixtext>Change the permissions of the Kubelet to "644" by executing the command:

chown 644 /etc/kubernetes/kubelet.conf</fixtext>
      <check system="N/A">
        <check-content>Review the permissions of the Kubernetes Kubelet conf by using the command:

stat -c %a  /etc/kubernetes/kubelet.conf

If any of the files are have permissions more permissive than "644", this is a finding.</check-content>
      </check>
    </Rule>
  </Group>
  <Group id="V-CNTR-K8-003200">
    <title>SRG-APP-000516-CTR-001325</title>
    <Rule id="SV-CNTR-K8-003200" severity="medium" weight="10.0">
      <version>CNTR-K8-003200</version>
      <title>The Kubernetes kubelet config must be owned by root.</title>
      <description>&lt;VulnDiscussion&gt;The Kubernetes kubelet agent registers nodes with the API server and performs health checks to containers within pods. If these files can be modified, the information system would be unaware of pod or container degradation. Many of the security settings within the document are implemented through this file.&lt;/VulnDiscussion&gt;&lt;FalsePositives&gt;&lt;/FalsePositives&gt;&lt;FalseNegatives&gt;&lt;/FalseNegatives&gt;&lt;Documentable&gt;false&lt;/Documentable&gt;&lt;Mitigations&gt;&lt;/Mitigations&gt;&lt;SecurityOverrideGuidance&gt;&lt;/SecurityOverrideGuidance&gt;&lt;PotentialImpacts&gt;&lt;/PotentialImpacts&gt;&lt;ThirdPartyTools&gt;&lt;/ThirdPartyTools&gt;&lt;MitigationControl&gt;&lt;/MitigationControl&gt;&lt;Responsibility&gt;&lt;/Responsibility&gt;&lt;IAControls&gt;&lt;/IAControls&gt;</description>
      <ident system="http://cyber.mil/cci">CCI-000366</ident>
      <fixtext>Change the ownership of the kubelet.conf to root: root by executing the command:

chown root:root /etc/kubernetes/kubelet.conf</fixtext>
      <check system="N/A">
        <check-content>Review the Kubernetes Kubelet conf files by using the command:

stat -c %U:%G /etc/kubernetes/kubelet.conf| grep -v root:root

If the command returns any non root:root file permissions, this is a finding.</check-content>
      </check>
    </Rule>
  </Group>
  <Group id="V-CNTR-K8-003210">
    <title>SRG-APP-000516-CTR-001325</title>
    <Rule id="SV-CNTR-K8-003210" severity="medium" weight="10.0">
      <version>CNTR-K8-003210</version>
      <title>The Kubernetes kubeadm.conf must be owned by root.</title>
      <description>&lt;VulnDiscussion&gt;The Kubernetes kubeeadm.conf contains sensitive information regarding the cluster nodes configuration. If this file can be modified, the Kubernetes Platform Plane would be degraded or compromised for malicious intent. Many of the security settings within the document are implemented through this file.&lt;/VulnDiscussion&gt;&lt;FalsePositives&gt;&lt;/FalsePositives&gt;&lt;FalseNegatives&gt;&lt;/FalseNegatives&gt;&lt;Documentable&gt;false&lt;/Documentable&gt;&lt;Mitigations&gt;&lt;/Mitigations&gt;&lt;SecurityOverrideGuidance&gt;&lt;/SecurityOverrideGuidance&gt;&lt;PotentialImpacts&gt;&lt;/PotentialImpacts&gt;&lt;ThirdPartyTools&gt;&lt;/ThirdPartyTools&gt;&lt;MitigationControl&gt;&lt;/MitigationControl&gt;&lt;Responsibility&gt;&lt;/Responsibility&gt;&lt;IAControls&gt;&lt;/IAControls&gt;</description>
      <ident system="http://cyber.mil/cci">CCI-000366</ident>
      <fixtext>Change the ownership of the kubeadm.conf to root: root by executing the command:

chown root:root &amp;lt;kubeadm.conf path&amp;gt;</fixtext>
      <check system="N/A">
        <check-content>Review the Kubeadm.conf file :

Get the path for Kubeadm.conf by running: 
sytstemctl status kubelet

Note the configuration file installed by the kubeadm is written to 
(Default Location: /etc/systemd/system/kubelet.service.d/10-kubeadm.conf)
stat -c %U:%G &amp;lt;kubeadm.conf path&amp;gt; | grep -v root:root

If the command returns any non root:root file permissions, this is a finding.</check-content>
      </check>
    </Rule>
  </Group>
  <Group id="V-CNTR-K8-003230">
    <title>SRG-APP-000516-CTR-001330</title>
    <Rule id="SV-CNTR-K8-003230" severity="medium" weight="10.0">
      <version>CNTR-K8-003230</version>
      <title>The Kubernetes kubelet config must have file permissions set to 644 or more restrictive.</title>
      <description>&lt;VulnDiscussion&gt;The Kubernetes kubelet agent registers nodes with the API server and performs health checks to containers within pods. If this file can be modified, the information system would be unaware of pod or container degradation.&lt;/VulnDiscussion&gt;&lt;FalsePositives&gt;&lt;/FalsePositives&gt;&lt;FalseNegatives&gt;&lt;/FalseNegatives&gt;&lt;Documentable&gt;false&lt;/Documentable&gt;&lt;Mitigations&gt;&lt;/Mitigations&gt;&lt;SecurityOverrideGuidance&gt;&lt;/SecurityOverrideGuidance&gt;&lt;PotentialImpacts&gt;&lt;/PotentialImpacts&gt;&lt;ThirdPartyTools&gt;&lt;/ThirdPartyTools&gt;&lt;MitigationControl&gt;&lt;/MitigationControl&gt;&lt;Responsibility&gt;&lt;/Responsibility&gt;&lt;IAControls&gt;&lt;/IAControls&gt;</description>
      <ident system="http://cyber.mil/cci">CCI-000366</ident>
      <fixtext>Change the permissions of the config.yaml to "644" by executing the command:

chown 644 /var/lib/kubelet/config.yaml</fixtext>
      <check system="N/A">
        <check-content>Review the permissions of the Kubernetes config.yaml by using the command:

stat -c %a /var/lib/kubelet/config.yaml

If any of the files are have permissions more permissive than "644", this is a finding.</check-content>
      </check>
    </Rule>
  </Group>
  <Group id="V-CNTR-K8-003240">
    <title>SRG-APP-000516-CTR-001330</title>
    <Rule id="SV-CNTR-K8-003240" severity="medium" weight="10.0">
      <version>CNTR-K8-003240</version>
      <title>The Kubernetes kubelet config must be owned by root.</title>
      <description>&lt;VulnDiscussion&gt;The Kubernetes kubelet agent registers nodes with the API Server and performs health checks to containers within pods. If this file can be modified, the information system would be unaware of pod or container degradation.&lt;/VulnDiscussion&gt;&lt;FalsePositives&gt;&lt;/FalsePositives&gt;&lt;FalseNegatives&gt;&lt;/FalseNegatives&gt;&lt;Documentable&gt;false&lt;/Documentable&gt;&lt;Mitigations&gt;&lt;/Mitigations&gt;&lt;SecurityOverrideGuidance&gt;&lt;/SecurityOverrideGuidance&gt;&lt;PotentialImpacts&gt;&lt;/PotentialImpacts&gt;&lt;ThirdPartyTools&gt;&lt;/ThirdPartyTools&gt;&lt;MitigationControl&gt;&lt;/MitigationControl&gt;&lt;Responsibility&gt;&lt;/Responsibility&gt;&lt;IAControls&gt;&lt;/IAControls&gt;</description>
      <ident system="http://cyber.mil/cci">CCI-000366</ident>
      <fixtext>Change the ownership of the kubelet config to "root: root" by executing the command:

chown root:root /var/lib/kubelet/config.yaml</fixtext>
      <check system="N/A">
        <check-content>Review the Kubernetes Kubeadm kubelet conf file by using the command:

stat -c %U:%G /var/lib/kubelet/config.yaml| grep -v root:root

If the command returns any non root:root file permissions, this is a finding.</check-content>
      </check>
    </Rule>
  </Group>
  <Group id="V-CNTR-K8-003250">
    <title>SRG-APP-000516-CTR-001335</title>
    <Rule id="SV-CNTR-K8-003250" severity="medium" weight="10.0">
      <version>CNTR-K8-003250</version>
      <title>The Kubernetes API Server must have file permissions set to 644 or more restrictive.</title>
      <description>&lt;VulnDiscussion&gt;The Kubernetes manifests are those files that contain the arguments and settings for the Master Node services. These services are etcd, the API Server, controller, proxy, and scheduler. If these files can be changed, the scheduler will be implementing the changes immediately. Many of the security settings within the document are implemented through these manifests.&lt;/VulnDiscussion&gt;&lt;FalsePositives&gt;&lt;/FalsePositives&gt;&lt;FalseNegatives&gt;&lt;/FalseNegatives&gt;&lt;Documentable&gt;false&lt;/Documentable&gt;&lt;Mitigations&gt;&lt;/Mitigations&gt;&lt;SecurityOverrideGuidance&gt;&lt;/SecurityOverrideGuidance&gt;&lt;PotentialImpacts&gt;&lt;/PotentialImpacts&gt;&lt;ThirdPartyTools&gt;&lt;/ThirdPartyTools&gt;&lt;MitigationControl&gt;&lt;/MitigationControl&gt;&lt;Responsibility&gt;&lt;/Responsibility&gt;&lt;IAControls&gt;&lt;/IAControls&gt;</description>
      <ident system="http://cyber.mil/cci">CCI-000366</ident>
      <fixtext>Change the permissions of the manifest files by executing the command:

chmod 644 /etc/kubernetes/manifests/*</fixtext>
      <check system="N/A">
        <check-content>Review the permissions of the Kubernetes Kubelet by using the command:

stat -c %a  /etc/kubernetes/manifests/*

If any of the files are have permissions more permissive than "644", this is a finding.</check-content>
      </check>
    </Rule>
  </Group>
  <Group id="V-CNTR-K8-003270">
    <title>SRG-APP-000516-CTR-001335</title>
    <Rule id="SV-CNTR-K8-003270" severity="medium" weight="10.0">
      <version>CNTR-K8-003270</version>
      <title>The Kubernetes admin.conf must have file permissions set to 644 or more restrictive.</title>
      <description>&lt;VulnDiscussion&gt;The Kubernetes conf files contain the arguments and settings for the Master Node services. These services are controller and scheduler. If these files can be changed, the scheduler will be implementing the changes immediately.&lt;/VulnDiscussion&gt;&lt;FalsePositives&gt;&lt;/FalsePositives&gt;&lt;FalseNegatives&gt;&lt;/FalseNegatives&gt;&lt;Documentable&gt;false&lt;/Documentable&gt;&lt;Mitigations&gt;&lt;/Mitigations&gt;&lt;SecurityOverrideGuidance&gt;&lt;/SecurityOverrideGuidance&gt;&lt;PotentialImpacts&gt;&lt;/PotentialImpacts&gt;&lt;ThirdPartyTools&gt;&lt;/ThirdPartyTools&gt;&lt;MitigationControl&gt;&lt;/MitigationControl&gt;&lt;Responsibility&gt;&lt;/Responsibility&gt;&lt;IAControls&gt;&lt;/IAControls&gt;</description>
      <ident system="http://cyber.mil/cci">CCI-000366</ident>
      <fixtext>Change the permissions of the conf files to "644" by executing the command:

chmod 644 /etc/kubernetes/admin.conf 
chmod 644 /etc/kubernetes/scheduler.conf
chmod 644 /etc/kubernetes/controller-manager.conf</fixtext>
      <check system="N/A">
        <check-content>Review the permissions of the Kubernetes config files by using the command:

stat -c %a /etc/kubernetes/admin.conf
stat -c %a /etc/kubernetes/scheduler.conf
stat -c %a /etc/kubernetes/controller-manager.conf

If any of the files are have permissions more permissive than "644", this is a finding.</check-content>
      </check>
    </Rule>
  </Group>
  <Group id="V-CNTR-K8-003330">
    <title>SRG-APP-000516-CTR-001335</title>
    <Rule id="SV-CNTR-K8-003330" severity="medium" weight="10.0">
      <version>CNTR-K8-003330</version>
      <title>The Kubernetes PKI CRT must have file permissions set to 644 or more restrictive.</title>
      <description>&lt;VulnDiscussion&gt;The Kubernetes PKI directory contains all certificates (.crt files) supporting secure network communications in the Kubernetes Control Plane. If these files can be modified, data traversing within the architecture components would become unsecure and compromised.&lt;/VulnDiscussion&gt;&lt;FalsePositives&gt;&lt;/FalsePositives&gt;&lt;FalseNegatives&gt;&lt;/FalseNegatives&gt;&lt;Documentable&gt;false&lt;/Documentable&gt;&lt;Mitigations&gt;&lt;/Mitigations&gt;&lt;SecurityOverrideGuidance&gt;&lt;/SecurityOverrideGuidance&gt;&lt;PotentialImpacts&gt;&lt;/PotentialImpacts&gt;&lt;ThirdPartyTools&gt;&lt;/ThirdPartyTools&gt;&lt;MitigationControl&gt;&lt;/MitigationControl&gt;&lt;Responsibility&gt;&lt;/Responsibility&gt;&lt;IAControls&gt;&lt;/IAControls&gt;</description>
      <ident system="http://cyber.mil/cci">CCI-000366</ident>
      <fixtext>Change the ownership of the cert files to "644" by executing the command:

chmod -R 644 /etc/kubernetes/pki/*.crt</fixtext>
      <check system="N/A">
        <check-content>Review the permissions of the Kubernetes PKI cert files by using the command:

find /etc/kubernetes/pki -name "*.crt" | xargs stat -c '%n %a'

If any of the files are have permissions more permissive than "644", this is a finding.</check-content>
      </check>
    </Rule>
  </Group>
</Benchmark>
