<?xml version="1.0" encoding="UTF-8"?><?xml-stylesheet type="text/xsl" href="STIG_unclass.xsl"?>
<Benchmark xmlns:dc="http://purl.org/dc/elements/1.1/" xmlns:xsi="http://www.w3.org/2001/XMLSchema-instance" xmlns:cpe="http://cpe.mitre.org/language/2.0" xmlns:xhtml="http://www.w3.org/1999/xhtml" xmlns:dsig="http://www.w3.org/2000/09/xmldsig#" xsi:schemaLocation="http://checklists.nist.gov/xccdf/1.1 http://nvd.nist.gov/schema/xccdf-1.1.4.xsdhttp://cpe.mitre.org/dictionary/2.0 http://cpe.mitre.org/files/cpe-dictionary_2.1.xsd" id="VMware Aria Operations for Logs 8.x Cassandra STIG Readiness Guide" xml:lang="en" xmlns="http://checklists.nist.gov/xccdf/1.1">
  <status date="2023-12-21">draft</status>
  <title>VMware Aria Operations for Logs 8.x Cassandra STIG Readiness Guide</title>
  <description></description>
  <notice id="terms-of-use" xml:lang="en"/>
  <front-matter xml:lang="en"/>
  <rear-matter xml:lang="en"/>
  <reference href="">
    <dc:publisher/>
    <dc:source/>
  </reference>
  <plain-text id="release-info">Release: 3 Benchmark Date: 21 Dec 2023</plain-text>
  <plain-text id="generator">3.2.2.36079</plain-text>
  <plain-text id="conventionsVersion">1.10.0</plain-text>
  <version>1</version>
  <Group id="V-VLIC-8X-000006">
    <title>SRG-APP-000118-DB-000059</title>
    <Rule id="SV-VLIC-8X-000006" severity="medium" weight="10.0">
      <version>VLIC-8X-000006</version>
      <title>The Aria Operations for Logs Cassandra database logs must be protected from unauthorized read access.</title>
      <description>&lt;VulnDiscussion&gt;If audit data were to become compromised, then competent forensic analysis and discovery of the true source of potentially malicious system activity is difficult, if not impossible, to achieve. In addition, access to audit records provides information an attacker could potentially use to his or her advantage.

To ensure the veracity of audit data, the information system and/or the application must protect audit information from any and all unauthorized access. This includes read, write, copy, etc.

This requirement can be achieved through multiple methods which will depend upon system architecture and design. Some commonly employed methods include ensuring log files enjoy the proper file system permissions utilizing file system protections and limiting log data location. 

Additionally, applications with user interfaces to audit records should not allow for the unfettered manipulation of or access to those records via the application. If the application provides access to the audit data, the application becomes accountable for ensuring that audit information is protected from unauthorized access.

Audit information includes all information (e.g., audit records, audit settings, and audit reports) needed to successfully audit information system activity.

Satisfies: SRG-APP-000119-DB-000060, SRG-APP-000120-DB-000061&lt;/VulnDiscussion&gt;&lt;FalsePositives&gt;&lt;/FalsePositives&gt;&lt;FalseNegatives&gt;&lt;/FalseNegatives&gt;&lt;Documentable&gt;false&lt;/Documentable&gt;&lt;Mitigations&gt;This requirement is being reviewed for content and possible PR to be submitted for the seperation  of duties. This is log forward2 will provided feature where we can pass acessabiliyt and regeneration with access persmission planned for Q4. &lt;/Mitigations&gt;&lt;SecurityOverrideGuidance&gt;&lt;/SecurityOverrideGuidance&gt;&lt;PotentialImpacts&gt;&lt;/PotentialImpacts&gt;&lt;ThirdPartyTools&gt;&lt;/ThirdPartyTools&gt;&lt;MitigationControl&gt;&lt;/MitigationControl&gt;&lt;Responsibility&gt;&lt;/Responsibility&gt;&lt;IAControls&gt;&lt;/IAControls&gt;</description>
      <ident system="http://cyber.mil/cci">CCI-000162</ident>
      <fixtext fixref="F-VLIC-8X-000006_fix">At the command prompt, run the following command(s):

# chmod 640 /storage/var/loginsight/cassandra.log

# chown root:root /storage/var/loginsight/cassandra.log</fixtext>
      <check system="N/A">
        <check-content>At the command prompt, run the following command:

# stat -c "%a:%U:%G" /storage/var/loginsight/cassandra.log

Expected result:

640:root:root

If the output of the command does not match the expected result, this is a finding.</check-content>
      </check>
    </Rule>
  </Group>
  <Group id="V-VLIC-8X-000007">
    <title>SRG-APP-000121-DB-000202</title>
    <Rule id="SV-VLIC-8X-000007" severity="medium" weight="10.0">
      <version>VLIC-8X-000007</version>
      <title>The Aria Operations for Logs Cassandra database log configuration file must be protected from unauthorized read access.</title>
      <description>&lt;VulnDiscussion&gt;Protecting audit data also includes identifying and protecting the tools used to view and manipulate log data. 

Depending upon the log format and application, system and application log tools may provide the only means to manipulate and manage application and system log data. It is, therefore, imperative that access to audit tools be controlled and protected from unauthorized access. 

Applications providing tools to interface with audit data will leverage user permissions and roles identifying the user accessing the tools and the corresponding rights the user enjoys in order make access decisions regarding the access to audit tools.

Audit tools include, but are not limited to, OS-provided audit tools, vendor-provided audit tools, and open source audit tools needed to successfully view and manipulate audit information system activity and records. 

If an attacker were to gain access to audit tools, they could analyze audit logs for system weaknesses or weaknesses in the auditing itself. An attacker could also manipulate logs to hide evidence of malicious activity.&lt;/VulnDiscussion&gt;&lt;FalsePositives&gt;&lt;/FalsePositives&gt;&lt;FalseNegatives&gt;&lt;/FalseNegatives&gt;&lt;Documentable&gt;false&lt;/Documentable&gt;&lt;Mitigations&gt;This requirement is being reviewed for content and possible PR to be submitted for the seperation  of duties. This is log forward2 will provided feature where we can pass acessabiliyt and regeneration with access persmission planned for Q4. &lt;/Mitigations&gt;&lt;SecurityOverrideGuidance&gt;&lt;/SecurityOverrideGuidance&gt;&lt;PotentialImpacts&gt;&lt;/PotentialImpacts&gt;&lt;ThirdPartyTools&gt;&lt;/ThirdPartyTools&gt;&lt;MitigationControl&gt;&lt;/MitigationControl&gt;&lt;Responsibility&gt;&lt;/Responsibility&gt;&lt;IAControls&gt;&lt;/IAControls&gt;</description>
      <ident system="http://cyber.mil/cci">CCI-001493</ident>
      <fixtext fixref="F-VLIC-8X-000007_fix">At the command prompt, run the following command(s):

# chmod 640 /usr/lib/loginsight/application/lib/apache-cassandra-&lt;VERSION&gt;/conf/cassandra.yaml

# chown root:root /usr/lib/loginsight/application/lib/apache-cassandra-&lt;VERSION&gt;/conf/cassandra.yaml</fixtext>
      <check system="N/A">
        <check-content>At the command prompt, run the following command:

# stat -c "%a:%U:%G" /usr/lib/loginsight/application/lib/apache-cassandra-&lt;VERSION&gt;/conf/cassandra.yaml

Expected result:

640:root:root

If the output of the command does not match the expected result, this is a finding.</check-content>
      </check>
    </Rule>
  </Group>
  <Group id="V-VLIC-8X-000012">
    <title>SRG-APP-000378-DB-000365</title>
    <Rule id="SV-VLIC-8X-000012" severity="medium" weight="10.0">
      <version>VLIC-8X-000012</version>
      <title>The Aria Operations for Logs Cassandra database must prohibit user installation of logic modules (stored procedures, functions, triggers, views, etc.) without explicit privileged status.</title>
      <description>&lt;VulnDiscussion&gt;Allowing regular users to install software, without explicit privileges, creates the risk that untested or potentially malicious software will be installed on the system. Explicit privileges (escalated or administrative privileges) provide the regular user with explicit capabilities and control that exceed the rights of a regular user.

DBMS functionality and the nature and requirements of databases will vary; so while users are not permitted to install unapproved software, there may be instances where the organization allows the user to install approved software packages such as from an approved software repository. The requirements for production servers will be more restrictive than those used for development and research.

The DBMS must enforce software installation by users based upon what types of software installations are permitted (e.g., updates and security patches to existing software) and what types of installations are prohibited (e.g., software whose pedigree with regard to being potentially malicious is unknown or suspect) by the organization). 

In the case of a database management system, this requirement covers stored procedures, functions, triggers, views, etc.&lt;/VulnDiscussion&gt;&lt;FalsePositives&gt;&lt;/FalsePositives&gt;&lt;FalseNegatives&gt;&lt;/FalseNegatives&gt;&lt;Documentable&gt;false&lt;/Documentable&gt;&lt;Mitigations&gt;&lt;/Mitigations&gt;&lt;SecurityOverrideGuidance&gt;&lt;/SecurityOverrideGuidance&gt;&lt;PotentialImpacts&gt;&lt;/PotentialImpacts&gt;&lt;ThirdPartyTools&gt;&lt;/ThirdPartyTools&gt;&lt;MitigationControl&gt;&lt;/MitigationControl&gt;&lt;Responsibility&gt;&lt;/Responsibility&gt;&lt;IAControls&gt;&lt;/IAControls&gt;</description>
      <ident system="http://cyber.mil/cci">CCI-001812</ident>
      <fixtext fixref="F-VLIC-8X-000012_fix">At the command prompt, run the following command for each unexpected user:

# /usr/lib/loginsight/application/lib/apache-cassandra-&lt;VERSION&gt;/bin/cqlsh-no-pass -e "DROP USER &lt;user&gt;;"

Note: Replace &lt;user&gt; with each unexpected user returned from the check.</fixtext>
      <check system="N/A">
        <check-content>At the command prompt, run the following command:

# /usr/lib/loginsight/application/lib/apache-cassandra-&lt;VERSION&gt;/bin/cqlsh-no-pass -e "SELECT role FROM system_auth.roles WHERE is_superuser = True ALLOW FILTERING;"

Expected result:

 role
---------
 lisuper

(1 rows)

If the output does not match the expected result, this is a finding.

If no lines are returned this is NOT a finding.</check-content>
      </check>
    </Rule>
  </Group>
  <Group id="V-VLIC-8X-000013">
    <title>SRG-APP-000380-DB-000360</title>
    <Rule id="SV-VLIC-8X-000013" severity="medium" weight="10.0">
      <version>VLIC-8X-000013</version>
      <title>The Aria Operations for Logs Cassandra database must protect the truststore file.</title>
      <description>&lt;VulnDiscussion&gt;Failure to provide logical access restrictions associated with changes to configuration may have significant effects on the overall security of the system. 

When dealing with access restrictions pertaining to change control, it should be noted that any changes to the hardware, software, and/or firmware components of the information system can potentially have significant effects on the overall security of the system. 

Accordingly, only qualified and authorized individuals should be allowed to obtain access to system components for the purposes of initiating changes, including upgrades and modifications.&lt;/VulnDiscussion&gt;&lt;FalsePositives&gt;&lt;/FalsePositives&gt;&lt;FalseNegatives&gt;&lt;/FalseNegatives&gt;&lt;Documentable&gt;false&lt;/Documentable&gt;&lt;Mitigations&gt;&lt;/Mitigations&gt;&lt;SecurityOverrideGuidance&gt;&lt;/SecurityOverrideGuidance&gt;&lt;PotentialImpacts&gt;&lt;/PotentialImpacts&gt;&lt;ThirdPartyTools&gt;&lt;/ThirdPartyTools&gt;&lt;MitigationControl&gt;&lt;/MitigationControl&gt;&lt;Responsibility&gt;&lt;/Responsibility&gt;&lt;IAControls&gt;&lt;/IAControls&gt;</description>
      <ident system="http://cyber.mil/cci">CCI-001813</ident>
      <fixtext fixref="F-VLIC-8X-000013_fix">At the command prompt, run the following command(s):

# chmod 600 /usr/lib/loginsight/application/etc/truststore

# chown root:root /usr/lib/loginsight/application/etc/truststore</fixtext>
      <check system="N/A">
        <check-content>At the command prompt, run the following command:

# stat -c %a:%U:%G /usr/lib/loginsight/application/etc/truststore

Expected result:

600:root:root

If the output does not match the expected result, this is a finding.</check-content>
      </check>
    </Rule>
  </Group>
  <Group id="V-VLIC-8X-000014">
    <title>SRG-APP-000516-DB-000363</title>
    <Rule id="SV-VLIC-8X-000014" severity="medium" weight="10.0">
      <version>VLIC-8X-000014</version>
      <title>The Aria Operations for Logs Cassandra database must verify there are no user altered roles.</title>
      <description>&lt;VulnDiscussion&gt;In order to prevent unauthorized access organizations must ensure database roles are in their shipped state and have not been altered.

Satisfies: SRG-APP-000133-DB-000362&lt;/VulnDiscussion&gt;&lt;FalsePositives&gt;&lt;/FalsePositives&gt;&lt;FalseNegatives&gt;&lt;/FalseNegatives&gt;&lt;Documentable&gt;false&lt;/Documentable&gt;&lt;Mitigations&gt;&lt;/Mitigations&gt;&lt;SecurityOverrideGuidance&gt;&lt;/SecurityOverrideGuidance&gt;&lt;PotentialImpacts&gt;&lt;/PotentialImpacts&gt;&lt;ThirdPartyTools&gt;&lt;/ThirdPartyTools&gt;&lt;MitigationControl&gt;&lt;/MitigationControl&gt;&lt;Responsibility&gt;&lt;/Responsibility&gt;&lt;IAControls&gt;&lt;/IAControls&gt;</description>
      <ident system="http://cyber.mil/cci">CCI-000366</ident>
      <fixtext fixref="F-VLIC-8X-000014_fix">At the command prompt, run the following command for each unexpected "member_of":

# /usr/lib/loginsight/application/lib/apache-cassandra-&lt;VERSION&gt;/bin/cqlsh-no-pass -e "REVOKE &lt;member of&gt; FROM &lt;role&gt;;"

Note: Replace &lt;member of&gt; and &lt;role&gt; with the unexpected "member_of" and "role" values returned from the check.</fixtext>
      <check system="N/A">
        <check-content>At the command prompt, run the following command:

# /usr/lib/loginsight/application/lib/apache-cassandra-&lt;VERSION&gt;/bin/cqlsh-no-pass -e "SELECT role, can_login, member_of FROM system_auth.roles;"

Expected result:

 role    | can_login | member_of
---------+-----------+-----------
 lisuper |      True |      null

(1 rows)

If the output does not match the expected result, this is a finding.</check-content>
      </check>
    </Rule>
  </Group>
  <Group id="V-VLIC-8X-000016">
    <title>SRG-APP-000516-DB-000363</title>
    <Rule id="SV-VLIC-8X-000016" severity="medium" weight="10.0">
      <version>VLIC-8X-000016</version>
      <title>The Aria Operations for Logs Cassandra database must verify there are no user added permissions.</title>
      <description>&lt;VulnDiscussion&gt;In order to prevent unauthorized access organizations must ensure database permissions are in their shipped state and have not been altered.&lt;/VulnDiscussion&gt;&lt;FalsePositives&gt;&lt;/FalsePositives&gt;&lt;FalseNegatives&gt;&lt;/FalseNegatives&gt;&lt;Documentable&gt;false&lt;/Documentable&gt;&lt;Mitigations&gt;&lt;/Mitigations&gt;&lt;SecurityOverrideGuidance&gt;&lt;/SecurityOverrideGuidance&gt;&lt;PotentialImpacts&gt;&lt;/PotentialImpacts&gt;&lt;ThirdPartyTools&gt;&lt;/ThirdPartyTools&gt;&lt;MitigationControl&gt;&lt;/MitigationControl&gt;&lt;Responsibility&gt;&lt;/Responsibility&gt;&lt;IAControls&gt;&lt;/IAControls&gt;</description>
      <ident system="http://cyber.mil/cci">CCI-000366</ident>
      <fixtext fixref="F-VLIC-8X-000016_fix">At the command prompt, run the following command:

# /usr/lib/loginsight/application/lib/apache-cassandra-&lt;VERSION&gt;/bin/cqlsh-no-pass -e "DROP ROLE &lt;ROLE&gt;;"

Note: Replace &lt;ROLE&gt; with each unexpected role returned from the check.</fixtext>
      <check system="N/A">
        <check-content>At the command prompt, run the following command:

#  /usr/lib/loginsight/application/lib/apache-cassandra-&lt;VERSION&gt;/bin/cqlsh-no-pass -e "LIST ROLES;"

Expected result:

 role    | super | login | options | datacenters
---------+-------+-------+---------+-------------
 lisuper |  True |  True |        {} |         ALL

(1 rows)

If the output does not match the expected result, this is a finding.</check-content>
      </check>
    </Rule>
  </Group>
</Benchmark>
