<?xml version="1.0" encoding="UTF-8"?><?xml-stylesheet type="text/xsl" href="STIG_unclass.xsl"?>
<Benchmark xmlns:dc="http://purl.org/dc/elements/1.1/" xmlns:xsi="http://www.w3.org/2001/XMLSchema-instance" xmlns:cpe="http://cpe.mitre.org/language/2.0" xmlns:xhtml="http://www.w3.org/1999/xhtml" xmlns:dsig="http://www.w3.org/2000/09/xmldsig#" xsi:schemaLocation="http://checklists.nist.gov/xccdf/1.1 http://nvd.nist.gov/schema/xccdf-1.1.4.xsdhttp://cpe.mitre.org/dictionary/2.0 http://cpe.mitre.org/files/cpe-dictionary_2.1.xsd" id="T1 Router" xml:lang="en" xmlns="http://checklists.nist.gov/xccdf/1.1">
  <status date="2023-03-07">draft</status>
  <title>VMware NSX 4.x Tier-1 Gateway Router STIG Readiness Guide</title>
  <description/>
  <notice id="terms-of-use" xml:lang="en"/>
  <front-matter xml:lang="en"/>
  <rear-matter xml:lang="en"/>
  <reference href="">
    <dc:publisher/>
    <dc:source/>
  </reference>
  <plain-text id="release-info">Release: 1 Benchmark Date: 7 Mar 2023</plain-text>
  <plain-text id="generator">3.2.2.36079</plain-text>
  <plain-text id="conventionsVersion">1.10.0</plain-text>
  <version>1</version>
  <Group id="V-NT1R-4X-000016">
    <title>SRG-NET-000019-RTR-000007</title>
    <Rule id="SV-NT1R-4X-000016" severity="high" weight="10.0">
      <version>NT1R-4X-000016</version>
      <title>The NSX Tier-1 Gateway must be configured to have all inactive interfaces removed.</title>
      <description>&lt;VulnDiscussion&gt;An inactive interface is rarely monitored or controlled and may expose a network to an undetected attack on that interface. Unauthorized personnel with access to the communication facility could gain access to a router by connecting to a configured interface that is not in use.

If an interface is no longer used, the configuration must be deleted and the interface disabled. For sub-interfaces, delete sub-interfaces that are on inactive interfaces and delete sub-interfaces that are themselves inactive. If the sub-interface is no longer necessary for authorized communications, it must be deleted.&lt;/VulnDiscussion&gt;&lt;FalsePositives&gt;&lt;/FalsePositives&gt;&lt;FalseNegatives&gt;&lt;/FalseNegatives&gt;&lt;Documentable&gt;false&lt;/Documentable&gt;&lt;Mitigations&gt;&lt;/Mitigations&gt;&lt;SecurityOverrideGuidance&gt;&lt;/SecurityOverrideGuidance&gt;&lt;PotentialImpacts&gt;&lt;/PotentialImpacts&gt;&lt;ThirdPartyTools&gt;&lt;/ThirdPartyTools&gt;&lt;MitigationControl&gt;&lt;/MitigationControl&gt;&lt;Responsibility&gt;&lt;/Responsibility&gt;&lt;IAControls&gt;&lt;/IAControls&gt;</description>
      <ident system="http://cyber.mil/cci">CCI-001414</ident>
      <fixtext>To remove a stale linked segment from a Tier-1 Gateway, do the following:

From the NSX Manager web interface, go to Networking &gt;&gt; Connectivity &gt;&gt; Segments and edit the target segment.

Under Connected Gateway, change to "None" and click "Save".

Note: The stale linked segment can also be deleted if there are no active workloads attached to it.

To remove a stale service interface from a Tier-1 Gateway, do the following:

From the NSX Manager web interface, go to Networking &gt;&gt; Connectivity &gt;&gt; Tier-1 Gateways &gt;&gt; Edit the target Tier-1 Gateway.

Expand Service Interfaces &gt;&gt; click on the number to view the Service Interfaces.

On the stale service interface, select "Delete" and click "Delete" again to confirm.</fixtext>
      <check system="N/A">
        <check-content>From the NSX Manager web interface, go to Networking &gt;&gt; Connectivity &gt;&gt; Tier-1 Gateways.

For every Tier-1 Gateway, expand the Tier-1 Gateway. Click on the number in the Linked Segments to review the currently linked segments.

For every Tier-1 Gateway, expand the Tier-1 Gateway. Expand Service Interfaces, then click on the number to review the Service Interfaces.

Review each interface or linked segment present to determine if they are not in use or inactive.

If there are any linked segments or service interfaces present on a Tier-1 Gateway that are not in use or inactive, this is a finding.</check-content>
      </check>
    </Rule>
  </Group>
  <Group id="V-NT1R-4X-000027">
    <title>SRG-NET-000131-RTR-000035</title>
    <Rule id="SV-NT1R-4X-000027" severity="low" weight="10.0">
      <version>NT1R-4X-000027</version>
      <title>The NSX Tier-1 Gateway must be configured to have the DHCP service disabled if not in use.</title>
      <description>&lt;VulnDiscussion&gt;A compromised router introduces risk to the entire network infrastructure, as well as data resources that are accessible via the network. The perimeter defense has no oversight or control of attacks by malicious users within the network. Preventing network breaches from within is dependent on implementing a comprehensive defense-in-depth strategy, including securing each device connected to the network. This is accomplished by following and implementing all security guidance applicable for each node type. A fundamental step in securing each router is to enable only the capabilities required for operation.&lt;/VulnDiscussion&gt;&lt;FalsePositives&gt;&lt;/FalsePositives&gt;&lt;FalseNegatives&gt;&lt;/FalseNegatives&gt;&lt;Documentable&gt;false&lt;/Documentable&gt;&lt;Mitigations&gt;&lt;/Mitigations&gt;&lt;SecurityOverrideGuidance&gt;&lt;/SecurityOverrideGuidance&gt;&lt;PotentialImpacts&gt;&lt;/PotentialImpacts&gt;&lt;ThirdPartyTools&gt;&lt;/ThirdPartyTools&gt;&lt;MitigationControl&gt;&lt;/MitigationControl&gt;&lt;Responsibility&gt;&lt;/Responsibility&gt;&lt;IAControls&gt;&lt;/IAControls&gt;</description>
      <ident system="http://cyber.mil/cci">CCI-000381</ident>
      <fixtext>From the NSX Manager web interface, go to Networking &gt;&gt; Connectivity &gt;&gt; Tier-1 Gateways and edit the target Tier-1 Gateway.

Click "Set DHCP Configuration", select "No Dynamic IP Address Allocation", click "Save", and then close "Editing".</fixtext>
      <check system="N/A">
        <check-content>From the NSX Manager web interface, go to Networking &gt;&gt; Connectivity &gt;&gt; Tier-1 Gateways.

For every Tier-1 Gateway expand the Tier-1 Gateway to view the DHCP configuration.

If a DHCP profile is configured and not in use, this is a finding.</check-content>
      </check>
    </Rule>
  </Group>
  <Group id="V-NT1R-4X-000107">
    <title>SRG-NET-000131-RTR-000035</title>
    <Rule id="SV-NT1R-4X-000107" severity="low" weight="10.0">
      <version>NT1R-4X-000107</version>
      <title>The NSX Tier-1 Gateway must be configured to have multicast disabled if not in use.</title>
      <description>&lt;VulnDiscussion&gt;A compromised router introduces risk to the entire network infrastructure, as well as data resources that are accessible via the network. The perimeter defense has no oversight or control of attacks by malicious users within the network. Preventing network breaches from within is dependent on implementing a comprehensive defense-in-depth strategy, including securing each device connected to the network. This is accomplished by following and implementing all security guidance applicable for each node type. A fundamental step in securing each router is to enable only the capabilities required for operation.&lt;/VulnDiscussion&gt;&lt;FalsePositives&gt;&lt;/FalsePositives&gt;&lt;FalseNegatives&gt;&lt;/FalseNegatives&gt;&lt;Documentable&gt;false&lt;/Documentable&gt;&lt;Mitigations&gt;&lt;/Mitigations&gt;&lt;SecurityOverrideGuidance&gt;&lt;/SecurityOverrideGuidance&gt;&lt;PotentialImpacts&gt;&lt;/PotentialImpacts&gt;&lt;ThirdPartyTools&gt;&lt;/ThirdPartyTools&gt;&lt;MitigationControl&gt;&lt;/MitigationControl&gt;&lt;Responsibility&gt;&lt;/Responsibility&gt;&lt;IAControls&gt;&lt;/IAControls&gt;</description>
      <ident system="http://cyber.mil/cci">CCI-000381</ident>
      <fixtext>To disable Multicast do the following:

From the NSX Manager web interface, go to Networking &gt;&gt; Connectivity &gt;&gt; Tier-1 Gateways and edit the target Tier-1 Gateway.

Expand Multicast and change from "Enabled" to "Disabled" and then click "Save".</fixtext>
      <check system="N/A">
        <check-content>From the NSX Manager web interface, go to Networking &gt;&gt; Connectivity &gt;&gt; Tier-1 Gateways.

For every Tier-1 Gateway, expand the Tier-1 Gateway then expand Multicast to view the Multicast configuration.

If Multicast is enabled and not in use, this is a finding.

If a Tier-1 Gateway is not linked to a Tier-0 Gateway, this is Not Applicable.</check-content>
      </check>
    </Rule>
  </Group>
  <Group id="V-NT1R-4X-000102">
    <title>SRG-NET-000512-RTR-000012</title>
    <Rule id="SV-NT1R-4X-000102" severity="low" weight="10.0">
      <version>NT1R-4X-000102</version>
      <title>The NSX Tier-1 Gateway must be configured to advertise a hop limit of at least 32 in Router Advertisement messages for IPv6 stateless auto-configuration deployments.</title>
      <description>&lt;VulnDiscussion&gt;The Neighbor Discovery protocol allows a hop limit value to be advertised by routers in a Router Advertisement message being used by hosts instead of the standardized default value. If a very small value was configured and advertised to hosts on the LAN segment, communications would fail due to the hop limit reaching zero before the packets sent by a host reached its destination.&lt;/VulnDiscussion&gt;&lt;FalsePositives&gt;&lt;/FalsePositives&gt;&lt;FalseNegatives&gt;&lt;/FalseNegatives&gt;&lt;Documentable&gt;false&lt;/Documentable&gt;&lt;Mitigations&gt;&lt;/Mitigations&gt;&lt;SecurityOverrideGuidance&gt;&lt;/SecurityOverrideGuidance&gt;&lt;PotentialImpacts&gt;&lt;/PotentialImpacts&gt;&lt;ThirdPartyTools&gt;&lt;/ThirdPartyTools&gt;&lt;MitigationControl&gt;&lt;/MitigationControl&gt;&lt;Responsibility&gt;&lt;/Responsibility&gt;&lt;IAControls&gt;&lt;/IAControls&gt;</description>
      <ident system="http://cyber.mil/cci">CCI-000366</ident>
      <fixtext>To configure the Neighbor Discovery hop limit do the following:

From the NSX Manager web interface, go to Networking &gt;&gt; Connectivity &gt;&gt; Tier-1 Gateways &gt;&gt; edit the target Tier-1 gateway.

Expand Additional Settings and select an "ND Profile" from the drop down with an appropriate hop limit then click "Close Editing".

Note: The default ND profile has a hop limit of 64 and cannot be edited. If required create a new or edit another existing ND profile to use.</fixtext>
      <check system="N/A">
        <check-content>If IPv6 forwarding is not enabled, this is Not Applicable.

From the NSX Manager web interface, go to Networking &gt;&gt; Connectivity &gt;&gt; Tier-1 Gateways.

For every Tier-1 Gateway, expand Tier-1 Gateway &gt;&gt;Additional Settings.

Click on the ND profile name to view the hop limit.

If the hop limit is not configured to at least 32, this is a finding.</check-content>
      </check>
    </Rule>
  </Group>
</Benchmark>
