<?xml version="1.0" encoding="UTF-8"?><?xml-stylesheet type="text/xsl" href="STIG_unclass.xsl"?>
<Benchmark xmlns:dc="http://purl.org/dc/elements/1.1/" xmlns:xsi="http://www.w3.org/2001/XMLSchema-instance" xmlns:cpe="http://cpe.mitre.org/language/2.0" xmlns:xhtml="http://www.w3.org/1999/xhtml" xmlns:dsig="http://www.w3.org/2000/09/xmldsig#" xsi:schemaLocation="http://checklists.nist.gov/xccdf/1.1 http://nvd.nist.gov/schema/xccdf-1.1.4.xsdhttp://cpe.mitre.org/dictionary/2.0 http://cpe.mitre.org/files/cpe-dictionary_2.1.xsd" id="Distributed Firewall" xml:lang="en" xmlns="http://checklists.nist.gov/xccdf/1.1">
  <status date="2023-03-07">draft</status>
  <title>VMware NSX 4.x Distributed Firewall STIG Readiness Guide</title>
  <description/>
  <notice id="terms-of-use" xml:lang="en"/>
  <front-matter xml:lang="en"/>
  <rear-matter xml:lang="en"/>
  <reference href="">
    <dc:publisher/>
    <dc:source/>
  </reference>
  <plain-text id="release-info">Release: 1 Benchmark Date: 7 Mar 2023</plain-text>
  <plain-text id="generator">3.2.2.36079</plain-text>
  <plain-text id="conventionsVersion">1.10.0</plain-text>
  <version>1</version>
  <Group id="V-NDFW-4X-000001">
    <title>SRG-NET-000019-FW-000003</title>
    <Rule id="SV-NDFW-4X-000001" severity="medium" weight="10.0">
      <version>NDFW-4X-000001</version>
      <title>The NSX Distributed Firewall must verify time-based firewall rules.</title>
      <description>&lt;VulnDiscussion&gt;With time windows, security administrators can restrict traffic from a source or to a destination, for a specific time period.

Time windows apply to a firewall policy section, and all the rules in it. Each firewall policy section can have one time window. The same time window can be applied to more than one policy section. If you want the same rule applied on different days or different times for different sites, you must create more than one policy section. Time-based rules are available for distributed and gateway firewalls on both ESXi and KVM hosts.

If time windows are not verified and periodically checked, a malicious actor could create time windows to effectively disable rules while not being obvious to firewall administrators.&lt;/VulnDiscussion&gt;&lt;FalsePositives&gt;&lt;/FalsePositives&gt;&lt;FalseNegatives&gt;&lt;/FalseNegatives&gt;&lt;Documentable&gt;false&lt;/Documentable&gt;&lt;Mitigations&gt;&lt;/Mitigations&gt;&lt;SecurityOverrideGuidance&gt;&lt;/SecurityOverrideGuidance&gt;&lt;PotentialImpacts&gt;&lt;/PotentialImpacts&gt;&lt;ThirdPartyTools&gt;&lt;/ThirdPartyTools&gt;&lt;MitigationControl&gt;&lt;/MitigationControl&gt;&lt;Responsibility&gt;&lt;/Responsibility&gt;&lt;IAControls&gt;&lt;/IAControls&gt;</description>
      <ident system="http://cyber.mil/cci">CCI-001414</ident>
      <fixtext>From the NSX Manager web interface, go to Security &gt;&gt; Policy Management &gt;&gt; Distributed Firewall &gt;&gt; Category Specific Rules.

Navigate to the offending Category and Policy section, click on the clock icon, then delete or modify the time window for that Policy. Click "Apply".

After all changes are made click "Publish".</fixtext>
      <check system="N/A">
        <check-content>From the NSX Manager web interface, go to Security &gt;&gt; Policy Management &gt;&gt; Distributed Firewall &gt;&gt; Category Specific Rules.

For each category, verify each Policy has no time windows configured or any existing time windows are expected. This can be viewed by clicking on the clock icon in each Policy section.

If there are unexpected or misconfigured time windows, this is a finding.</check-content>
      </check>
    </Rule>
  </Group>
  <Group id="V-NDFW-4X-000004">
    <title>SRG-NET-000074-FW-000009</title>
    <Rule id="SV-NDFW-4X-000004" severity="medium" weight="10.0">
      <version>NDFW-4X-000004</version>
      <title>The NSX Distributed Firewall must generate traffic log entries.</title>
      <description>&lt;VulnDiscussion&gt;Without establishing what type of event occurred, it would be difficult to establish, correlate, and investigate the events leading up to an outage or attack.

Audit event content that may be necessary to satisfy this requirement includes, for example, time stamps, source and destination addresses, user/process identifiers, event descriptions, success/fail indications, filenames involved, and access control or flow control rules invoked.

Associating event types with detected events in the network element logs provides a means of investigating an attack, recognizing resource utilization or capacity thresholds, or identifying an improperly configured network element.

Satisfies: SRG-NET-000075-FW-000010, SRG-NET-000076-FW-000011, SRG-NET-000077-FW-000012, SRG-NET-000078-FW-000013, SRG-NET-000492-FW-000006, SRG-NET-000493-FW-000007&lt;/VulnDiscussion&gt;&lt;FalsePositives&gt;&lt;/FalsePositives&gt;&lt;FalseNegatives&gt;&lt;/FalseNegatives&gt;&lt;Documentable&gt;false&lt;/Documentable&gt;&lt;Mitigations&gt;&lt;/Mitigations&gt;&lt;SecurityOverrideGuidance&gt;&lt;/SecurityOverrideGuidance&gt;&lt;PotentialImpacts&gt;&lt;/PotentialImpacts&gt;&lt;ThirdPartyTools&gt;&lt;/ThirdPartyTools&gt;&lt;MitigationControl&gt;&lt;/MitigationControl&gt;&lt;Responsibility&gt;&lt;/Responsibility&gt;&lt;IAControls&gt;&lt;/IAControls&gt;</description>
      <ident system="http://cyber.mil/cci">CCI-000130</ident>
      <fixtext>From the NSX Manager web interface, go to Security &gt;&gt; Policy Management &gt;&gt; Distributed Firewall &gt;&gt; Category Specific Rules.

For each rule that has logging disabled, click the gear icon, toggle the logging option to "Enable" and click "Apply".

or

For each Policy or Section, click the menu icon on the left and select "Enable Logging for All Rules".

After all changes are made, click "Publish".</fixtext>
      <check system="N/A">
        <check-content>From the NSX Manager web interface, go to Security &gt;&gt; Policy Management &gt;&gt; Distributed Firewall &gt;&gt; All Rules.

For each rule, click the gear icon and verify the Logging setting.

If Logging is not enabled for any rule, this is a finding.</check-content>
      </check>
    </Rule>
  </Group>
  <Group id="V-NDFW-4X-000015">
    <title>SRG-NET-000193-FW-000030</title>
    <Rule id="SV-NDFW-4X-000015" severity="medium" weight="10.0">
      <version>NDFW-4X-000015</version>
      <title>The NSX Distributed Firewall must limit the effects of packet flooding types of denial-of-service (DoS) attacks.</title>
      <description>&lt;VulnDiscussion&gt;A firewall experiencing a DoS attack will not be able to handle production traffic load. The high utilization and CPU caused by a DoS attack will also have an effect on control keep-alives and timers used for neighbor peering resulting in route flapping and will eventually black hole production traffic.

The device must be configured to contain and limit a DoS attack's effect on the device's resource utilization. The use of redundant components and load balancing are examples of mitigating "flood-type" DoS attacks through increased capacity.

Satisfies: SRG-NET-000192-FW-000029, SRG-NET-000362-FW-000028&lt;/VulnDiscussion&gt;&lt;FalsePositives&gt;&lt;/FalsePositives&gt;&lt;FalseNegatives&gt;&lt;/FalseNegatives&gt;&lt;Documentable&gt;false&lt;/Documentable&gt;&lt;Mitigations&gt;&lt;/Mitigations&gt;&lt;SecurityOverrideGuidance&gt;&lt;/SecurityOverrideGuidance&gt;&lt;PotentialImpacts&gt;&lt;/PotentialImpacts&gt;&lt;ThirdPartyTools&gt;&lt;/ThirdPartyTools&gt;&lt;MitigationControl&gt;&lt;/MitigationControl&gt;&lt;Responsibility&gt;&lt;/Responsibility&gt;&lt;IAControls&gt;&lt;/IAControls&gt;</description>
      <ident system="http://cyber.mil/cci">CCI-001095</ident>
      <fixtext>To create a new Flood Protection profile do the following:

From the NSX Manager web interface, go to Security &gt;&gt; Settings &gt;&gt; Firewall &gt;&gt; Flood Protection &gt;&gt; Add Profile &gt;&gt; Add Firewall Profile.

Enter a name and specify appropriate values for the following: TCP Half Open Connection limit, UDP Active Flow Limit, ICMP Active Flow Limit, and Other Active Connection Limit.

Enable SYN Cache and RST Spoofing, configure the "Applied To" field with the appropriate security groups, and then click "Save".</fixtext>
      <check system="N/A">
        <check-content>From the NSX Manager web interface, go to Security &gt;&gt; Settings &gt;&gt; Firewall &gt;&gt; Flood Protection to view Flood Protection profiles.

If there are no Flood Protection profiles of type "Distributed Firewall", this is a finding.

If the TCP Half Open Connection limit, UDP Active Flow Limit, ICMP Active Flow Limit, and Other Active Connection Limit are set to "not set" or SYN Cache and RST Spoofing is not Enabled on a profile, this is a finding.

For each distributed firewall flood protection profile, examine the "Applied To" field to view the workloads it is protecting.

If a distributed firewall flood protection profile is not applied to all workloads through one or more policies, this is a finding.</check-content>
      </check>
    </Rule>
  </Group>
  <Group id="V-NDFW-4X-000016">
    <title>SRG-NET-000202-FW-000039</title>
    <Rule id="SV-NDFW-4X-000016" severity="low" weight="10.0">
      <version>NDFW-4X-000016</version>
      <title>The NSX Distributed Firewall must deny network communications traffic by default and allow network communications traffic by exception.</title>
      <description>&lt;VulnDiscussion&gt;To prevent malicious or accidental leakage of traffic, organizations must implement a deny-by-default security posture at the network perimeter. Such rulesets prevent many malicious exploits or accidental leakage by restricting the traffic to only known sources and only those ports, protocols, or services that are permitted and operationally necessary.

As a managed boundary interface, the firewall must block all inbound and outbound network traffic unless a filter is installed to explicitly allow it. The allow filters must comply with the Ports, Protocols, and Services Management (PPSM) Category Assurance List (CAL) and Vulnerability Assessment (VA).

Satisfies: SRG-NET-000235-FW-000133&lt;/VulnDiscussion&gt;&lt;FalsePositives&gt;&lt;/FalsePositives&gt;&lt;FalseNegatives&gt;&lt;/FalseNegatives&gt;&lt;Documentable&gt;false&lt;/Documentable&gt;&lt;Mitigations&gt;&lt;/Mitigations&gt;&lt;SecurityOverrideGuidance&gt;&lt;/SecurityOverrideGuidance&gt;&lt;PotentialImpacts&gt;&lt;/PotentialImpacts&gt;&lt;ThirdPartyTools&gt;&lt;/ThirdPartyTools&gt;&lt;MitigationControl&gt;&lt;/MitigationControl&gt;&lt;Responsibility&gt;&lt;/Responsibility&gt;&lt;IAControls&gt;&lt;/IAControls&gt;</description>
      <ident system="http://cyber.mil/cci">CCI-001109</ident>
      <fixtext>From the NSX Manager web interface, go to Security &gt;&gt; Policy Management &gt;&gt; Distributed Firewall &gt;&gt; Category Specific Rules &gt;&gt; APPLICATION &gt;&gt; Default Layer3 Section &gt;&gt; Default Layer3 Rule and change action to "Drop" or "Reject".

After all changes are made, click "Publish".

Note: Before enabling, ensure the necessary rules to whitelist approved traffic are created and published or this change may result in loss of communication for workloads.</fixtext>
      <check system="N/A">
        <check-content>From the NSX Manager web interface, go to Security &gt;&gt; Policy Management &gt;&gt; Distributed Firewall &gt;&gt; Category Specific Rules &gt;&gt; APPLICATION &gt;&gt; Default Layer3 Section &gt;&gt; Default Layer3 Rule &gt;&gt; Action.

If the Default Layer3 Rule is set to "ALLOW", this is a finding.</check-content>
      </check>
    </Rule>
  </Group>
  <Group id="V-NDFW-4X-000027">
    <title>SRG-NET-000364-FW-000040</title>
    <Rule id="SV-NDFW-4X-000027" severity="medium" weight="10.0">
      <version>NDFW-4X-000027</version>
      <title>The NSX Distributed Firewall must be configured to inspect traffic at the application layer.</title>
      <description>&lt;VulnDiscussion&gt;Application inspection enables the firewall to control traffic based on different parameters that exist within the packets such as enforcing application-specific message and field length. Inspection provides improved protection against application-based attacks by restricting the types of commands allowed for the applications. Application inspection all enforces conformance against published RFCs.

Some applications embed an IP address in the packet that needs to match the source address that is normally translated when it goes through the firewall. Enabling application inspection for a service that embeds IP addresses, the firewall translates embedded addresses and updates any checksum or other fields that are affected by the translation. Enabling application inspection for a service that uses dynamically assigned ports, the firewall monitors sessions to identify the dynamic port assignments, and permits data exchange on these ports for the duration of the specific session. &lt;/VulnDiscussion&gt;&lt;FalsePositives&gt;&lt;/FalsePositives&gt;&lt;FalseNegatives&gt;&lt;/FalseNegatives&gt;&lt;Documentable&gt;false&lt;/Documentable&gt;&lt;Mitigations&gt;&lt;/Mitigations&gt;&lt;SecurityOverrideGuidance&gt;&lt;/SecurityOverrideGuidance&gt;&lt;PotentialImpacts&gt;&lt;/PotentialImpacts&gt;&lt;ThirdPartyTools&gt;&lt;/ThirdPartyTools&gt;&lt;MitigationControl&gt;&lt;/MitigationControl&gt;&lt;Responsibility&gt;&lt;/Responsibility&gt;&lt;IAControls&gt;&lt;/IAControls&gt;</description>
      <ident system="http://cyber.mil/cci">CCI-000366</ident>
      <fixtext>From the NSX Manager web interface, go to Security &gt;&gt; Policy Management &gt;&gt; Distributed Firewall &gt;&gt; Category Specific Rules.

For each rule that should have a Context Profile enabled, click the pencil icon in the Context Profile column.

Select an existing Context Profile or create a custom one then click "Apply.

After all changes are made, click "Publish".</fixtext>
      <check system="N/A">
        <check-content>From the NSX Manager web interface, go to Security &gt;&gt; Distributed Firewall &gt;&gt; All Rules.

Review rules that do not have a Context Profile assigned.

For example, if a rule exists to allow SSH by service or custom port then it should have the associated SSH Context Profile applied.

If any rules with services defined have an associated suitable Context Profile but do not have one applied, this is a finding.

Note: This control does not apply to ethernet rules.

Not all App IDs will be suitable for use in all cases and should be evaluated in each environment before use.

A list of App IDs for application layer rules is available here: https://docs.vmware.com/en/NSX-Application-IDs/index.html</check-content>
      </check>
    </Rule>
  </Group>
  <Group id="V-NDFW-4X-000029">
    <title>SRG-NET-000364-FW-000042</title>
    <Rule id="SV-NDFW-4X-000029" severity="medium" weight="10.0">
      <version>NDFW-4X-000029</version>
      <title>The NSX Distributed Firewall must configure SpoofGuard to restrict it from accepting outbound packets that contain an illegitimate address in the source address.</title>
      <description>&lt;VulnDiscussion&gt;A compromised host in an enclave can be used by a malicious platform to launch cyberattacks on third parties. This is a common practice in "botnets", which are a collection of compromised computers using malware to attack other computers or networks. DDoS attacks frequently leverage IP source address spoofing to send packets to multiple hosts that in turn will then send return traffic to the hosts with the IP addresses that were forged. This can generate significant amounts of traffic. Therefore, protection measures to counteract IP source address spoofing must be taken.

SpoofGuard is a tool that is designed to prevent virtual machines in your environment from sending traffic with an IP address from which it is not authorized to send traffic. In the instance that a virtual machine's IP address does not match the IP address on the corresponding logical port and segment address binding in SpoofGuard, the virtual machine's vNIC is prevented from accessing the network entirely. SpoofGuard can be configured at the port or segment level. There are several reasons SpoofGuard might be used in your environment, but for the distributed firewall it will guarantee that rules will not be inadvertently (or deliberately) bypassed. For DFW rules created utilizing IP sets as sources or destinations, the possibility always exists that a virtual machine could have its IP address forged in the packet header, thereby bypassing the rules in question.&lt;/VulnDiscussion&gt;&lt;FalsePositives&gt;&lt;/FalsePositives&gt;&lt;FalseNegatives&gt;&lt;/FalseNegatives&gt;&lt;Documentable&gt;false&lt;/Documentable&gt;&lt;Mitigations&gt;&lt;/Mitigations&gt;&lt;SecurityOverrideGuidance&gt;&lt;/SecurityOverrideGuidance&gt;&lt;PotentialImpacts&gt;&lt;/PotentialImpacts&gt;&lt;ThirdPartyTools&gt;&lt;/ThirdPartyTools&gt;&lt;MitigationControl&gt;&lt;/MitigationControl&gt;&lt;Responsibility&gt;&lt;/Responsibility&gt;&lt;IAControls&gt;&lt;/IAControls&gt;</description>
      <ident system="http://cyber.mil/cci">CCI-000366</ident>
      <fixtext>To create a segment profile with SpoofGuard enabled, do the following:

From the NSX Manager web interface, go to Networking &gt;&gt; Connectivity &gt;&gt; Segments &gt;&gt; Segment Profiles &gt;&gt; Add Segment Profile &gt;&gt; SpoofGuard.

Enter a profile name and enable port bindings, then click "Save".

To update a Segments SpoofGuard profile, do the following:

From the NSX Manager web interface, go to the Networking &gt;&gt; Segments, and click "Edit" from the drop-down menu next to the target Segment.

Expand "Segment Profiles" then choose the new SpoofGuard profile from the drop-down list, and then click "Save".</fixtext>
      <check system="N/A">
        <check-content>From the NSX Manager web interface, go to Networking &gt;&gt; Connectivity &gt;&gt; Segments, and for each Segment, view Segment Profiles &gt;&gt; SpoofGuard.

If a Segment is not configured with a SpoofGuard profile that has Port Binding enabled, this is a finding.</check-content>
      </check>
    </Rule>
  </Group>
  <Group id="V-NDFW-4X-000034">
    <title>SRG-NET-000364-FW-000042</title>
    <Rule id="SV-NDFW-4X-000034" severity="medium" weight="10.0">
      <version>NDFW-4X-000034</version>
      <title>The NSX Distributed Firewall must configure an IP Discovery profile to disable trust on every use methods.</title>
      <description>&lt;VulnDiscussion&gt;A compromised host in an enclave can be used by a malicious platform to launch cyberattacks on third parties. This is a common practice in "botnets", which are a collection of compromised computers using malware to attack other computers or networks. DDoS attacks frequently leverage IP source address spoofing to send packets to multiple hosts that in turn will then send return traffic to the hosts with the IP addresses that were forged. This can generate significant amounts of traffic. Therefore, protection measures to counteract IP source address spoofing must be taken.

IP Discovery in NSX uses DHCP and DHCPv6 snooping, ARP (Address Resolution Protocol) snooping, ND (Neighbor Discovery) snooping, and VM Tools to learn MAC and IP addresses.

The discovered MAC and IP addresses are used to achieve ARP/ND suppression, which minimizes traffic between VMs connected to the same logical switch. The addresses are also used by the SpoofGuard and distributed firewall (DFW) components. DFW uses the address bindings to determine the IP address of objects in firewall rules.

By default, the discovery methods ARP snooping and ND snooping operate in a mode called trust on first use (TOFU). In TOFU mode, when an address is discovered and added to the realized bindings list, that binding remains in the realized list forever. TOFU applies to the first 'n' unique &lt;IP, MAC, VLAN&gt; bindings discovered using ARP/ND snooping, where 'n' is the binding limit that you can configure. You can disable TOFU for ARP/ND snooping. The methods will then operate in trust on every use (TOEU) mode. In TOEU mode, when an address is discovered, it is added to the realized bindings list and when it is deleted or expired, it is removed from the realized bindings list. DHCP snooping and VM Tools always operate in TOEU mode&lt;/VulnDiscussion&gt;&lt;FalsePositives&gt;&lt;/FalsePositives&gt;&lt;FalseNegatives&gt;&lt;/FalseNegatives&gt;&lt;Documentable&gt;false&lt;/Documentable&gt;&lt;Mitigations&gt;&lt;/Mitigations&gt;&lt;SecurityOverrideGuidance&gt;&lt;/SecurityOverrideGuidance&gt;&lt;PotentialImpacts&gt;&lt;/PotentialImpacts&gt;&lt;ThirdPartyTools&gt;&lt;/ThirdPartyTools&gt;&lt;MitigationControl&gt;&lt;/MitigationControl&gt;&lt;Responsibility&gt;&lt;/Responsibility&gt;&lt;IAControls&gt;&lt;/IAControls&gt;</description>
      <ident system="http://cyber.mil/cci">CCI-000366</ident>
      <fixtext>To create a segment profile for IP Discovery, do the following:

From the NSX Manager web interface, go to Networking &gt;&gt; Connectivity &gt;&gt; Segments &gt;&gt; Segment Profiles &gt;&gt; Add Segment Profile &gt;&gt; IP Discovery.

Enter a profile name then configure the below settings

Duplicate IP Detection: Enabled
ARP Snooping: Enabled
ARP Binding Limit: 1
DHCP Snooping: Disabled
DHCP Snooping - IPv6: Disabled
VMware Tools: Disabled
VMware Tools - IPv6: Disabled
Trust on First Use: Enabled

Click "Save".

Note: ND Snooping may be enabled if IPv6 is in use.

To update a Segments IP Discovery profile, do the following:

From the NSX Manager web interface, go to the Networking &gt;&gt; Segments, and click "Edit" from the drop-down menu next to the target Segment.

Expand "Segment Profiles" then choose the new IP Discovery profile from the drop-down list, and then click "Save".</fixtext>
      <check system="N/A">
        <check-content>From the NSX Manager web interface, go to Networking &gt;&gt; Connectivity &gt;&gt; Segments, and for each Segment, view Segment Profiles &gt;&gt; IP Discovery.

Review the IP Discovery profile to ensure the following configuration:

Duplicate IP Detection: Enabled
ARP Snooping: Enabled
ARP Binding Limit: 1
DHCP Snooping: Disabled
DHCP Snooping - IPv6: Disabled
VMware Tools: Disabled
VMware Tools - IPv6: Disabled
Trust on First Use: Enabled

If a Segment is not configured with an IP Discovery profile that is configured with the settings above, this is a finding.</check-content>
      </check>
    </Rule>
  </Group>
</Benchmark>
