<?xml version="1.0" encoding="UTF-8"?><?xml-stylesheet type="text/xsl" href="STIG_unclass.xsl"?>
<Benchmark xmlns:dc="http://purl.org/dc/elements/1.1/" xmlns:xsi="http://www.w3.org/2001/XMLSchema-instance" xmlns:cpe="http://cpe.mitre.org/language/2.0" xmlns:xhtml="http://www.w3.org/1999/xhtml" xmlns:dsig="http://www.w3.org/2000/09/xmldsig#" xsi:schemaLocation="http://checklists.nist.gov/xccdf/1.1 http://nvd.nist.gov/schema/xccdf-1.1.4.xsdhttp://cpe.mitre.org/dictionary/2.0 http://cpe.mitre.org/files/cpe-dictionary_2.1.xsd" id="T1 Firewall" xml:lang="en" xmlns="http://checklists.nist.gov/xccdf/1.1">
  <status date="2023-03-07">draft</status>
  <title>VMware NSX 4.x Tier-1 Gateway Firewall STIG Readiness Guide</title>
  <description/>
  <notice id="terms-of-use" xml:lang="en"/>
  <front-matter xml:lang="en"/>
  <rear-matter xml:lang="en"/>
  <reference href="">
    <dc:publisher/>
    <dc:source/>
  </reference>
  <plain-text id="release-info">Release: 1 Benchmark Date: 7 Mar 2023</plain-text>
  <plain-text id="generator">3.2.2.36079</plain-text>
  <plain-text id="conventionsVersion">1.10.0</plain-text>
  <version>1</version>
  <Group id="V-NT1F-4X-000004">
    <title>SRG-NET-000074-FW-000009</title>
    <Rule id="SV-NT1F-4X-000004" severity="medium" weight="10.0">
      <version>NT1F-4X-000004</version>
      <title>The NSX Tier-1 Gateway Firewall must generate traffic log entries.</title>
      <description>&lt;VulnDiscussion&gt;Without establishing what type of event occurred, it would be difficult to establish, correlate, and investigate the events leading up to an outage or attack.

Audit event content that may be necessary to satisfy this requirement includes, for example, time stamps, source and destination addresses, user/process identifiers, event descriptions, success/fail indications, filenames involved, and access control or flow control rules invoked.

Associating event types with detected events in the network element logs provides a means of investigating an attack, recognizing resource utilization or capacity thresholds, or identifying an improperly configured network element.

Satisfies: SRG-NET-000061-FW-000001, SRG-NET-000075-FW-000010, SRG-NET-000076-FW-000011, SRG-NET-000077-FW-000012, SRG-NET-000078-FW-000013, SRG-NET-000492-FW-000006, SRG-NET-000493-FW-000007&lt;/VulnDiscussion&gt;&lt;FalsePositives&gt;&lt;/FalsePositives&gt;&lt;FalseNegatives&gt;&lt;/FalseNegatives&gt;&lt;Documentable&gt;false&lt;/Documentable&gt;&lt;Mitigations&gt;&lt;/Mitigations&gt;&lt;SecurityOverrideGuidance&gt;&lt;/SecurityOverrideGuidance&gt;&lt;PotentialImpacts&gt;&lt;/PotentialImpacts&gt;&lt;ThirdPartyTools&gt;&lt;/ThirdPartyTools&gt;&lt;MitigationControl&gt;&lt;/MitigationControl&gt;&lt;Responsibility&gt;&lt;/Responsibility&gt;&lt;IAControls&gt;&lt;/IAControls&gt;</description>
      <ident system="http://cyber.mil/cci">CCI-000130</ident>
      <fixtext>From the NSX Manager web interface, go to Security &gt;&gt; Policy Management &gt;&gt; Gateway Firewall &gt;&gt; Gateway Specific Rules. 

For each Tier-1 Gateway and for each rule with logging disabled, click the gear icon and enable Logging, and then click "Apply".

After all changes are made, click "Publish".</fixtext>
      <check system="N/A">
        <check-content>From the NSX Manager web interface, go to Security &gt;&gt; Policy Management &gt;&gt; Gateway Firewall &gt;&gt; Gateway Specific Rules. 

For each Tier-1 Gateway and for each rule, click the gear icon and verify the Logging setting.

If Logging is not "Enabled", this is a finding.</check-content>
      </check>
    </Rule>
  </Group>
  <Group id="V-NT1F-4X-000015">
    <title>SRG-NET-000193-FW-000030</title>
    <Rule id="SV-NT1F-4X-000015" severity="medium" weight="10.0">
      <version>NT1F-4X-000015</version>
      <title>The NSX Tier-1 Gateway Firewall must manage excess bandwidth to limit the effects of packet flooding types of denial-of-service (DoS) attacks.</title>
      <description>&lt;VulnDiscussion&gt;A firewall experiencing a DoS attack will not be able to handle production traffic load. The high utilization and CPU caused by a DoS attack will also have an effect on control keep-alives and timers used for neighbor peering resulting in route flapping and will eventually black hole production traffic.

The device must be configured to contain and limit a DoS attack's effect on the device's resource utilization. The use of redundant components and load balancing are examples of mitigating "flood-type" DoS attacks through increased capacity.

Satisfies: SRG-NET-000192-FW-000029, SRG-NET-000362-FW-000028&lt;/VulnDiscussion&gt;&lt;FalsePositives&gt;&lt;/FalsePositives&gt;&lt;FalseNegatives&gt;&lt;/FalseNegatives&gt;&lt;Documentable&gt;false&lt;/Documentable&gt;&lt;Mitigations&gt;&lt;/Mitigations&gt;&lt;SecurityOverrideGuidance&gt;&lt;/SecurityOverrideGuidance&gt;&lt;PotentialImpacts&gt;&lt;/PotentialImpacts&gt;&lt;ThirdPartyTools&gt;&lt;/ThirdPartyTools&gt;&lt;MitigationControl&gt;&lt;/MitigationControl&gt;&lt;Responsibility&gt;&lt;/Responsibility&gt;&lt;IAControls&gt;&lt;/IAControls&gt;</description>
      <ident system="http://cyber.mil/cci">CCI-001095</ident>
      <fixtext>To create a new Flood Protection profile do the following:

From the NSX Manager web interface, go to Security &gt;&gt; Settings &gt;&gt; General Settings &gt;&gt; Firewall &gt;&gt; Flood Protection &gt;&gt; Add Profile &gt;&gt; Add Firewall Profile.

Enter a name and specify appropriate values for the following: TCP Half Open Connection limit, UDP Active Flow Limit, ICMP Active Flow Limit, and Other Active Connection Limit.

Configure the "Applied To" field to contain Tier-1 Gateways and then click "Save".</fixtext>
      <check system="N/A">
        <check-content>From the NSX Manager web interface, go to Security &gt;&gt; Settings &gt;&gt; General Settings &gt;&gt; Firewall &gt;&gt; Flood Protection to view Flood Protection profiles.

If there are no Flood Protection profiles of type "Gateway", this is a finding.

For each gateway flood protection profile, verify the TCP Half Open Connection limit, UDP Active Flow Limit, ICMP Active Flow Limit, and Other Active Connection Limit are set to "None", this is a finding.

For each gateway flood protection profile, examine the "Applied To" field to view the Tier-1 Gateways to which it is applied.

If a gateway flood protection profile is not applied to all Tier-1 Gateways through one or more policies, this is a finding.</check-content>
      </check>
    </Rule>
  </Group>
  <Group id="V-NT1F-4X-000016">
    <title>SRG-NET-000202-FW-000039</title>
    <Rule id="SV-NT1F-4X-000016" severity="medium" weight="10.0">
      <version>NT1F-4X-000016</version>
      <title>The NSX Tier-1 Gateway Firewall must deny network communications traffic by default and allow network communications traffic by exception.</title>
      <description>&lt;VulnDiscussion&gt;To prevent malicious or accidental leakage of traffic, organizations must implement a deny-by-default security posture at the network perimeter. Such rulesets prevent many malicious exploits or accidental leakage by restricting the traffic to only known sources and only those ports, protocols, or services that are permitted and operationally necessary.

As a managed boundary interface, the firewall must block all inbound and outbound network traffic unless a filter is installed to explicitly allow it. The allow filters must comply with the Ports, Protocols, and Services Management (PPSM) Category Assurance List (CAL) and Vulnerability Assessment (VA).

Satisfies: SRG-NET-000205-FW-000040, SRG-NET-000235-FW-000133, SRG-NET-000364-FW-000031, SRG-NET-000364-FW-000032&lt;/VulnDiscussion&gt;&lt;FalsePositives&gt;&lt;/FalsePositives&gt;&lt;FalseNegatives&gt;&lt;/FalseNegatives&gt;&lt;Documentable&gt;false&lt;/Documentable&gt;&lt;Mitigations&gt;&lt;/Mitigations&gt;&lt;SecurityOverrideGuidance&gt;&lt;/SecurityOverrideGuidance&gt;&lt;PotentialImpacts&gt;&lt;/PotentialImpacts&gt;&lt;ThirdPartyTools&gt;&lt;/ThirdPartyTools&gt;&lt;MitigationControl&gt;&lt;/MitigationControl&gt;&lt;Responsibility&gt;&lt;/Responsibility&gt;&lt;IAControls&gt;&lt;/IAControls&gt;</description>
      <ident system="http://cyber.mil/cci">CCI-001109</ident>
      <fixtext>From the NSX Manager web interface, go to Security &gt;&gt; Policy Management  &gt;&gt; Gateway Firewall &gt;&gt; Gateway Specific Rules &gt;&gt; Choose each Tier-1 Gateway in drop-down &gt;&gt; Policy_Default_Infra Section &gt;&gt; Action &gt;&gt; change the Action to Drop or Reject and click Publish.</fixtext>
      <check system="N/A">
        <check-content>From the NSX Manager web interface, go to Security &gt;&gt; Policy Management  &gt;&gt; Gateway Firewall &gt;&gt; Gateway Specific Rules &gt;&gt; Choose each Tier-1 Gateway in drop-down &gt;&gt; Policy_Default_Infra Section &gt;&gt; Action.

If the default_rule is set to Allow, this is a finding.</check-content>
      </check>
    </Rule>
  </Group>
  <Group id="V-NT1F-4X-000020">
    <title>SRG-NET-000333-FW-000014</title>
    <Rule id="SV-NT1F-4X-000020" severity="medium" weight="10.0">
      <version>NT1F-4X-000020</version>
      <title>The NSX Tier-1 Gateway Firewall must be configured to send traffic log entries to a central audit server.</title>
      <description>&lt;VulnDiscussion&gt;Without the ability to centrally manage the content captured in the traffic log entries, identification, troubleshooting, and correlation of suspicious behavior would be difficult and could lead to a delayed or incomplete analysis of an ongoing attack.

The DoD requires centralized management of all network component audit record content. Network components requiring centralized traffic log management must have the ability to support centralized management. The content captured in traffic log entries must be managed from a central location (necessitating automation). Centralized management of traffic log records and logs provides for efficiency in maintenance and management of records, as well as the backup and archiving of those records. 

Ensure at least one syslog server is configured on the firewall.

If the product inherently has the ability to store log records locally, the local log must also be secured. However, this requirement is not met since it calls for a use of a central audit server.

Satisfies: SRG-NET-000098-FW-000021&lt;/VulnDiscussion&gt;&lt;FalsePositives&gt;&lt;/FalsePositives&gt;&lt;FalseNegatives&gt;&lt;/FalseNegatives&gt;&lt;Documentable&gt;false&lt;/Documentable&gt;&lt;Mitigations&gt;&lt;/Mitigations&gt;&lt;SecurityOverrideGuidance&gt;&lt;/SecurityOverrideGuidance&gt;&lt;PotentialImpacts&gt;&lt;/PotentialImpacts&gt;&lt;ThirdPartyTools&gt;&lt;/ThirdPartyTools&gt;&lt;MitigationControl&gt;&lt;/MitigationControl&gt;&lt;Responsibility&gt;&lt;/Responsibility&gt;&lt;IAControls&gt;&lt;/IAControls&gt;</description>
      <ident system="http://cyber.mil/cci">CCI-001851</ident>
      <fixtext>To configure a profile to apply syslog servers to all NSX Edge Nodes, do the following:

From the NSX Manager web interface, go to System &gt;&gt; Configuration  &gt;&gt; Fabric &gt;&gt; Profiles &gt;&gt; Node Profiles.

Click "All NSX Nodes" and then under "Syslog Servers" click "Add".

Enter the syslog server details and choose "Information" for the log level and click "Add".

or

(Optional) From an NSX Edge Node shell, run the following command to clear any existing incorrect logging-servers:

&gt; clear logging-servers

From an NSX Edge Node shell, run the following command to configure a tcp syslog server:

&gt; set logging-server &lt;server-ip or server-name&gt; proto tcp level info

From an NSX Edge Node shell, run the following command to configure a primary and backup tls syslog server:

&gt; set logging-server &lt;server-ip or server-name&gt; proto tls level info serverca ca.pem clientca ca.pem certificate cert.pem key key.pem

From an NSX Edge Node shell, run the following command to configure a li-tls syslog server:

&gt; set logging-server &lt;server-ip or server-name&gt; proto li-tls level info serverca root-ca.crt

Note: If using the protocols TLS or LI-TLS to configure a secure connection to a log server, the server and client certificates must be stored in /var/vmware/nsx/file-store/ on each NSX Edge Node appliance.</fixtext>
      <check system="N/A">
        <check-content>From an NSX Edge Node shell hosting the Tier-1 Gateway, run the following command:

&gt; get logging-servers

Note: This check must be run from each NSX Edge Node hosting a Tier-1 Gateway, as they are configured individually.

or

If Node Profiles are used, from the NSX Manager web interface, go to System &gt;&gt; Configuration &gt;&gt; Fabric &gt;&gt; Profiles &gt;&gt; Node Profiles.

Click "All NSX Nodes" and verify the Syslog servers listed.

If any configured logging servers are configured with a protocol of "udp", this is a finding.

If any configured logging servers are not configured with a level of "info", this is a finding.

If no logging-servers are configured, this is a finding.</check-content>
      </check>
    </Rule>
  </Group>
  <Group id="V-NT1F-4X-000027">
    <title>SRG-NET-000364-FW-000040</title>
    <Rule id="SV-NT1F-4X-000027" severity="medium" weight="10.0">
      <version>NT1F-4X-000027</version>
      <title>The NSX Tier-1 Gateway Firewall must be configured to inspect traffic at the application layer.</title>
      <description>&lt;VulnDiscussion&gt;Application inspection enables the firewall to control traffic based on different parameters that exist within the packets such as enforcing application-specific message and field length. Inspection provides improved protection against application-based attacks by restricting the types of commands allowed for the applications. Application inspection all enforces conformance against published RFCs.

Some applications embed an IP address in the packet that needs to match the source address that is normally translated when it goes through the firewall. Enabling application inspection for a service that embeds IP addresses, the firewall translates embedded addresses and updates any checksum or other fields that are affected by the translation. Enabling application inspection for a service that uses dynamically assigned ports, the firewall monitors sessions to identify the dynamic port assignments, and permits data exchange on these ports for the duration of the specific session. 
&lt;/VulnDiscussion&gt;&lt;FalsePositives&gt;&lt;/FalsePositives&gt;&lt;FalseNegatives&gt;&lt;/FalseNegatives&gt;&lt;Documentable&gt;false&lt;/Documentable&gt;&lt;Mitigations&gt;&lt;/Mitigations&gt;&lt;SecurityOverrideGuidance&gt;&lt;/SecurityOverrideGuidance&gt;&lt;PotentialImpacts&gt;&lt;/PotentialImpacts&gt;&lt;ThirdPartyTools&gt;&lt;/ThirdPartyTools&gt;&lt;MitigationControl&gt;&lt;/MitigationControl&gt;&lt;Responsibility&gt;&lt;/Responsibility&gt;&lt;IAControls&gt;&lt;/IAControls&gt;</description>
      <ident system="http://cyber.mil/cci">CCI-000366</ident>
      <fixtext>From the NSX Manager web interface, go to Security &gt;&gt; Policy Management &gt;&gt; Gateway Firewall &gt;&gt; Gateway Specific Rules. 

For each Tier-1 Gateway and each rule that should have a Context Profile enabled, click the pencil icon in the Context Profile column.

Select an existing Context Profile or create a custom one then click "Apply.

After all changes are made, click "Publish".</fixtext>
      <check system="N/A">
        <check-content>From the NSX Manager web interface, go to Security &gt;&gt; Policy Management &gt;&gt; Gateway Firewall &gt;&gt; Gateway Specific Rules. 

For each Tier-1 Gateway, review rules that do not have a Context Profile assigned.

For example, if a rule exists to allow SSH by service or custom port then it should have the associated SSH Context Profile applied.

If any rules with services defined have an associated suitable Context Profile but do not have one applied, this is a finding.

Not all App IDs will be suitable for use in all cases and should be evaluated in each environment before use.

A list of App IDs for application layer rules is available here: https://docs.vmware.com/en/NSX-Application-IDs/index.html</check-content>
      </check>
    </Rule>
  </Group>
</Benchmark>
