<?xml version="1.0" encoding="UTF-8"?><?xml-stylesheet type="text/xsl" href="STIG_unclass.xsl"?>
<Benchmark xmlns:dc="http://purl.org/dc/elements/1.1/" xmlns:xsi="http://www.w3.org/2001/XMLSchema-instance" xmlns:cpe="http://cpe.mitre.org/language/2.0" xmlns:xhtml="http://www.w3.org/1999/xhtml" xmlns:dsig="http://www.w3.org/2000/09/xmldsig#" xsi:schemaLocation="http://checklists.nist.gov/xccdf/1.1 http://nvd.nist.gov/schema/xccdf-1.1.4.xsdhttp://cpe.mitre.org/dictionary/2.0 http://cpe.mitre.org/files/cpe-dictionary_2.1.xsd" id="Horizon 8 Connection Server" xml:lang="en" xmlns="http://checklists.nist.gov/xccdf/1.1">
  <status date="2022-10-10">draft</status>
  <title>VMware Horizon 8 Connection Server STIG Readiness Guide</title>
  <description/>
  <notice id="terms-of-use" xml:lang="en"/>
  <front-matter xml:lang="en"/>
  <rear-matter xml:lang="en"/>
  <reference href="">
    <dc:publisher/>
    <dc:source/>
  </reference>
  <plain-text id="release-info">Release: 1 Benchmark Date: 10 Oct 2022</plain-text>
  <plain-text id="generator">3.2.2.36079</plain-text>
  <plain-text id="conventionsVersion">1.10.0</plain-text>
  <version>1</version>
  <Group id="HZNV-8X-000001">
    <title>SRG-APP-000001-AS-000001</title>
    <Rule id="SV-HZNV-8X-000001" severity="medium" weight="10.0">
      <version>HZNV-8X-000001</version>
      <title>The Horizon Connection Server must limit the number of concurrent client sessions.</title>
      <description>&lt;VulnDiscussion&gt;The Horizon Connection Server has the ability to limit the number of simultaneous client connections. This capability is helpful in limiting resource exhaustion risks related to denial of service attacks. By default, the Connection Server allows up to 2000 client connections at one time, over all protocol types. For larger deployments, this limit can be increased to a tested and supported maximum of 4000 by making modifications to the "locked.properties" file.

Note: Ensure any changes to the number of allowed simultaneous connections is supported by VMware for the choice of protocols and that this value is documented as part of the SSP.

Satisfies: SRG-APP-000435-AS-000163&lt;/VulnDiscussion&gt;&lt;FalsePositives&gt;&lt;/FalsePositives&gt;&lt;FalseNegatives&gt;&lt;/FalseNegatives&gt;&lt;Documentable&gt;false&lt;/Documentable&gt;&lt;Mitigations&gt;&lt;/Mitigations&gt;&lt;SecurityOverrideGuidance&gt;&lt;/SecurityOverrideGuidance&gt;&lt;PotentialImpacts&gt;&lt;/PotentialImpacts&gt;&lt;ThirdPartyTools&gt;&lt;/ThirdPartyTools&gt;&lt;MitigationControl&gt;&lt;/MitigationControl&gt;&lt;Responsibility&gt;&lt;/Responsibility&gt;&lt;IAControls&gt;&lt;/IAControls&gt;</description>
      <ident system="http://cyber.mil/cci">CCI-000054</ident>
      <fixtext>On the Horizon Connection Server, navigate to "&lt;install_directory&gt;\Program Files\VMware\VMware View\Server\sslgateway\conf".

Open the "locked.properties" file in a text editor, or create it if not there. Add or change the following line:

maxConnections=2000

The default value of "2000" may be increased to no more than 4000 if required and properly documented. Otherwise, keep the default value of "2000".

Save and close the file. Restart the "VMware Horizon View Connection Server" service for changes to take effect.</fixtext>
      <check system="N/A">
        <check-content>On the Horizon Connection Server, navigate to "&lt;install_directory&gt;\Program Files\VMware\VMware View\Server\sslgateway\conf".

If a file named "locked.properties" does not exist in this path, this is not a finding.

Open "locked.properties" in a text editor.

The "maxConnections" setting may be set higher than the default of "2000" (up to a maximum of 4000) to support larger Horizon deployments.

If there is no "maxConnections" setting, this is not a finding.

If "maxConnections" is set to more than "4000", this is a finding.</check-content>
      </check>
    </Rule>
  </Group>
  <Group id="HZNV-8X-000003">
    <title>SRG-APP-000015-AS-000010</title>
    <Rule id="SV-HZNV-8X-000003" severity="medium" weight="10.0">
      <version>HZNV-8X-000003</version>
      <title>The Horizon Connection Server must be configured to only support TLS 1.2 connections.</title>
      <description>&lt;VulnDiscussion&gt;Preventing the disclosure of transmitted information requires that the application server take measures to employ strong cryptographic mechanisms to protect the information during transmission. This is usually achieved through the use of Transport Layer Security (TLS).

TLS must be enabled and non-FIPS-approved SSL versions must be disabled. NIST SP 800-52 specifies the preferred configurations for Government systems.

According to NIST and as of publication, TLS 1.1 must not be used and TLS 1.2 must be configured.

Note: Mandating TLS 1.2 may affect certain client types. Test and implement carefully.

Satisfies: SRG-APP-000014-AS-000009, SRG-APP-000156-AS-000106, SRG-APP-000172-AS-000120, SRG-APP-000439-AS-000155, SRG-APP-000440-AS-000167, SRG-APP-000442-AS-000259&lt;/VulnDiscussion&gt;&lt;FalsePositives&gt;&lt;/FalsePositives&gt;&lt;FalseNegatives&gt;&lt;/FalseNegatives&gt;&lt;Documentable&gt;false&lt;/Documentable&gt;&lt;Mitigations&gt;&lt;/Mitigations&gt;&lt;SecurityOverrideGuidance&gt;&lt;/SecurityOverrideGuidance&gt;&lt;PotentialImpacts&gt;&lt;/PotentialImpacts&gt;&lt;ThirdPartyTools&gt;&lt;/ThirdPartyTools&gt;&lt;MitigationControl&gt;&lt;/MitigationControl&gt;&lt;Responsibility&gt;&lt;/Responsibility&gt;&lt;IAControls&gt;&lt;/IAControls&gt;</description>
      <ident system="http://cyber.mil/cci">CCI-001453</ident>
      <fixtext>On the Horizon Connection Server, navigate to "&lt;install_directory&gt;\Program Files\VMware\VMware View\Server\sslgateway\conf".

Open or create the "locked.properties" file in a text editor.

Remove any "secureProtocols.2" or "secureProtocols.3" settings.

Add or change the following lines:

secureProtocols.1=TLSv1.2
preferredSecureProtocol=TLSv1.2

Save and close the file.

Restart the "VMware Horizon View Connection Server" service for changes to take effect.</fixtext>
      <check system="N/A">
        <check-content>On the Horizon Connection Server, navigate to "&lt;install_directory&gt;\Program Files\VMware\VMware View\Server\sslgateway\conf".

If a file named "locked.properties" does not exist in this path, confirm with the SA if TLS 1.2 was enforced at a global level via ADSI EDIT. If no such global change was made, this is a finding.

Open or create the "locked.properties" file in a text editor.

Ensure the "secureProtocols.1" and "preferredSecureProtocol" settings are set as follows:

secureProtocols.1=TLSv1.2
preferredSecureProtocol=TLSv1.2

If there is a "secureProtocols.2" or "secureProtocols.3" setting, this is a finding.

If the "secureProtocols.1" and "preferredSecureProtocol" are not set exactly as above, this is a finding.</check-content>
      </check>
    </Rule>
  </Group>
  <Group id="HZNV-8X-000004">
    <title>SRG-APP-000016-AS-000013</title>
    <Rule id="SV-HZNV-8X-000004" severity="medium" weight="10.0">
      <version>HZNV-8X-000004</version>
      <title>The Horizon Connection Server must be configured to use debug level logging.</title>
      <description>&lt;VulnDiscussion&gt;To ensure that all security-relevant information and events are logged, the Horizon Connection Server must be configured to the "debug" logging level. This is the default value, but because it can be changed to other levels, this configuration must be verified and maintained.&lt;/VulnDiscussion&gt;&lt;FalsePositives&gt;&lt;/FalsePositives&gt;&lt;FalseNegatives&gt;&lt;/FalseNegatives&gt;&lt;Documentable&gt;false&lt;/Documentable&gt;&lt;Mitigations&gt;&lt;/Mitigations&gt;&lt;SecurityOverrideGuidance&gt;&lt;/SecurityOverrideGuidance&gt;&lt;PotentialImpacts&gt;&lt;/PotentialImpacts&gt;&lt;ThirdPartyTools&gt;&lt;/ThirdPartyTools&gt;&lt;MitigationControl&gt;&lt;/MitigationControl&gt;&lt;Responsibility&gt;&lt;/Responsibility&gt;&lt;IAControls&gt;&lt;/IAControls&gt;</description>
      <ident system="http://cyber.mil/cci">CCI-000067</ident>
      <fixtext>On the Horizon Connection Server, open the Start menu.

Find and launch the "Set Horizon Connection Server Log Levels" shortcut. The precise location will vary depending on the Windows Server version and Start menu options.

In the resulting command window, select option 2, "View Debug".

Press any key to exit the command prompt window.</fixtext>
      <check system="N/A">
        <check-content>On the Horizon Connection Server, launch the Registry Editor.

Traverse the registry tree to "HKLM\Software\VMware, Inc.\VMware VDM".

Locate the "DebugEnabled" key.

If "DebugEnabled" does not exist, this is a finding.

If "DebugEnabled" exists, and does not have a value of "true", this is a finding.</check-content>
      </check>
    </Rule>
  </Group>
  <Group id="HZNV-8X-000005">
    <title>SRG-APP-000033-AS-000024</title>
    <Rule id="SV-HZNV-8X-000005" severity="medium" weight="10.0">
      <version>HZNV-8X-000005</version>
      <title>The Horizon Connection Server administrators must be limited in terms of quantity, scope, and permissions.</title>
      <description>&lt;VulnDiscussion&gt;Role based access and least privilege are two fundamental security concepts that must be properly implemented in Horizon Connection Server to ensure the correct users and groups have the appropriate permissions on the relevant objects.

Horizon Connection Server allows for assigning roles (pre-defined sets of permissions) to specific users and groups on a specific Access Group (set of objects).

Administrators must ensure that minimal permissions are assigned to the correct entities, in the right scope, and that the permissions remain unchanged over time.

Satisfies: SRG-APP-000118-AS-000078, SRG-APP-000121-AS-000081, SRG-APP-000122-AS-000082, SRG-APP-000123-AS-000083, SRG-APP-000290-AS-000174, SRG-APP-000315-AS-000094, SRG-APP-000340-AS-000185, SRG-APP-000380-AS-000088&lt;/VulnDiscussion&gt;&lt;FalsePositives&gt;&lt;/FalsePositives&gt;&lt;FalseNegatives&gt;&lt;/FalseNegatives&gt;&lt;Documentable&gt;false&lt;/Documentable&gt;&lt;Mitigations&gt;&lt;/Mitigations&gt;&lt;SecurityOverrideGuidance&gt;&lt;/SecurityOverrideGuidance&gt;&lt;PotentialImpacts&gt;&lt;/PotentialImpacts&gt;&lt;ThirdPartyTools&gt;&lt;/ThirdPartyTools&gt;&lt;MitigationControl&gt;&lt;/MitigationControl&gt;&lt;Responsibility&gt;&lt;/Responsibility&gt;&lt;IAControls&gt;&lt;/IAControls&gt;</description>
      <ident system="http://cyber.mil/cci">CCI-000213</ident>
      <fixtext>Log in to the Horizon Connection Server Console.

From the left pane, navigate to Settings &gt;&gt; Administrators.

To remove users or groups:

&gt; From the "Administrators and Groups" tab, select the unnecessary users or groups in the left pane and click the "Remove User or Group" button.

&gt; Click "OK'" to confirm removal.

To modify assigned permissions:

&gt; From the "Administrators and Groups" tab, select the appropriate user or group in the left pane.

&gt; In the right pane, select the role to remove and click "Remove Permission".

&gt; Click "OK" to confirm removal.

To create a new role with more limited permissions:

&gt; From the "Role Permissions" tab, click "Add Role", then provide a descriptive name and select the minimum required permissions.

&gt; Click "OK", then highlight the new role.

&gt; Click "Add Permission".

&gt; Click "Add" and find the relevant user(s).

&gt;Click "OK".

&gt;Click "Finish".</fixtext>
      <check system="N/A">
        <check-content>Log in to the Horizon Connection Server Console.

From the left pane, navigate to Settings &gt;&gt; Administrators.

From the "Administrators and Groups" tab, review each user and group in the left pane and their associated roles in the right pane.

Permissions must be as restrictive as possible and their scope (Access Group) as limited as possible. Ensure no user or group has unnecessary permissions and that their Access Group is appropriately limited. Pay special attention to the "Local Administrator" and "Administrator" roles on the root Access Group as those roles have total control over the local and global environment, respectively. Anyone with any privilege can log in to the Console and view potentially sensitive configurations, system details, and events.

If there are any users or groups that should not be treated as trusted "Administrators" of the Horizon system, this is a finding.

If any user or group has permissions that are more permissive than the minimum necessary, this is a finding.</check-content>
      </check>
    </Rule>
  </Group>
  <Group id="HZNV-8X-000006">
    <title>SRG-APP-000068-AS-000035</title>
    <Rule id="SV-HZNV-8X-000006" severity="medium" weight="10.0">
      <version>HZNV-8X-000006</version>
      <title>The Horizon Connection Server user interface must display the Standard Mandatory DoD Notice and Consent Banner before granting access to the system.</title>
      <description>&lt;VulnDiscussion&gt;Application servers are required to display the Standard Mandatory DoD Notice and Consent Banner before granting access to the system, providing privacy and security notices consistent with applicable federal laws, Executive Orders, directives, policies, regulations, standards, and guidance that states that:

(i) users are accessing a U.S. Government information system;
(ii) system usage may be monitored, recorded, and subject to audit;
(iii) unauthorized use of the system is prohibited and subject to criminal and civil penalties; and
(iv) the use of the system indicates consent to monitoring and recording.

System use notification messages can be implemented in the form of warning banners displayed when individuals log on to the information system.

System use notification is intended only for information system access including an interactive logon interface with a human user, and is not required when an interactive interface does not exist.

Use this banner for desktops, laptops, and other devices accommodating banners of 1300 characters. The banner shall be implemented as a click-through banner at logon (to the extent permitted by the operating system), meaning it prevents further activity on the information system unless and until the user executes a positive action to manifest agreement by clicking on a box indicating "OK".

"You are accessing a U.S. Government (USG) Information System (IS) that is provided for USG-authorized use only.
By using this IS (which includes any device attached to this IS), you consent to the following conditions:
-The USG routinely intercepts and monitors communications on this IS for purposes including, but not limited to, penetration testing, COMSEC monitoring, network operations and defense, personnel misconduct (PM), law enforcement (LE), and counterintelligence (CI) investigations.
-At any time, the USG may inspect and seize data stored on this IS.
-Communications using, or data stored on, this IS are not private, are subject to routine monitoring, interception, and search, and may be disclosed or used for any USG-authorized purpose.
-This IS includes security measures (e.g., authentication and access controls) to protect USG interests--not for your personal benefit or privacy.
-Notwithstanding the above, using this IS does not constitute consent to PM, LE or CI investigative searching or monitoring of the content of privileged communications, or work product, related to personal representation or services by attorneys, psychotherapists, or clergy, and their assistants. Such communications and work product are private and confidential. See User Agreement for details."&lt;/VulnDiscussion&gt;&lt;FalsePositives&gt;&lt;/FalsePositives&gt;&lt;FalseNegatives&gt;&lt;/FalseNegatives&gt;&lt;Documentable&gt;false&lt;/Documentable&gt;&lt;Mitigations&gt;&lt;/Mitigations&gt;&lt;SecurityOverrideGuidance&gt;&lt;/SecurityOverrideGuidance&gt;&lt;PotentialImpacts&gt;&lt;/PotentialImpacts&gt;&lt;ThirdPartyTools&gt;&lt;/ThirdPartyTools&gt;&lt;MitigationControl&gt;&lt;/MitigationControl&gt;&lt;Responsibility&gt;&lt;/Responsibility&gt;&lt;IAControls&gt;&lt;/IAControls&gt;</description>
      <ident system="http://cyber.mil/cci">CCI-000048</ident>
      <fixtext>Login to the Horizon Connection Server administrative interface as an administrator.

Navigate to Settings &gt;&gt; Global Settings &gt;&gt; General Settings.

Click the "Edit" button.

Scroll down to the "Display a Pre-Login Message" check box.

Ensure the box next to "Display a Pre-Login Message" is checked.

In the "Display a Pre-Login Message" field, supply the Standard Mandatory DoD Notice and Consent Banner text:

"You are accessing a U.S. Government (USG) Information System (IS) that is provided for USG-authorized use only.
By using this IS (which includes any device attached to this IS), you consent to the following conditions:
-The USG routinely intercepts and monitors communications on this IS for purposes including, but not limited to, penetration testing, COMSEC monitoring, network operations and defense, personnel misconduct (PM), law enforcement (LE), and counterintelligence (CI) investigations.
-At any time, the USG may inspect and seize data stored on this IS.
-Communications using, or data stored on, this IS are not private, are subject to routine monitoring, interception, and search, and may be disclosed or used for any USG-authorized purpose.
-This IS includes security measures (e.g., authentication and access controls) to protect USG interests--not for your personal benefit or privacy.
-Notwithstanding the above, using this IS does not constitute consent to PM, LE or CI investigative searching or monitoring of the content of privileged communications, or work product, related to personal representation or services by attorneys, psychotherapists, or clergy, and their assistants. Such communications and work product are private and confidential. See User Agreement for details."

Click "OK".</fixtext>
      <check system="N/A">
        <check-content>Login to the Horizon Connection Server administrative interface as an administrator.

Navigate to Settings &gt;&gt; Global Settings &gt;&gt; General Settings.

Click the "Edit" button.

Scroll down to the "Display a Pre-Login Message" check box.

If "Display a Pre-Login Message" is not checked, this is a finding.

If the "Display a Pre-Login Message" field does not contain the Standard Mandatory DoD Notice and Consent Banner text, this is a finding.</check-content>
      </check>
    </Rule>
  </Group>
  <Group id="HZNV-8X-000008">
    <title>SRG-APP-000080-AS-000045</title>
    <Rule id="SV-HZNV-8X-000008" severity="medium" weight="10.0">
      <version>HZNV-8X-000008</version>
      <title>The Horizon Connection Server must require DoD PKI for administrative logins.</title>
      <description>&lt;VulnDiscussion&gt;The Horizon Connection Server console supports CAC login as required for cryptographic non-repudiation. CAC login can be configured as disabled, optional, or required, but for maximum assurance it must be set to "required". 

In some circumstance, setting the CAC login as "optional" may be appropriate in order to support a "break glass" scenario where PKI is failing, but an emergency access account configured with a username and password can be utilized.

Satisfies: SRG-APP-000149-AS-000102, SRG-APP-000151-AS-000103, SRG-APP-000153-AS-000104, SRG-APP-000177-AS-000126, SRG-APP-000391-AS-000239, SRG-APP-000392-AS-000240, SRG-APP-000403-AS-000248&lt;/VulnDiscussion&gt;&lt;FalsePositives&gt;&lt;/FalsePositives&gt;&lt;FalseNegatives&gt;&lt;/FalseNegatives&gt;&lt;Documentable&gt;false&lt;/Documentable&gt;&lt;Mitigations&gt;&lt;/Mitigations&gt;&lt;SecurityOverrideGuidance&gt;&lt;/SecurityOverrideGuidance&gt;&lt;PotentialImpacts&gt;&lt;/PotentialImpacts&gt;&lt;ThirdPartyTools&gt;&lt;/ThirdPartyTools&gt;&lt;MitigationControl&gt;&lt;/MitigationControl&gt;&lt;Responsibility&gt;&lt;/Responsibility&gt;&lt;IAControls&gt;&lt;/IAControls&gt;</description>
      <ident system="http://cyber.mil/cci">CCI-000166</ident>
      <fixtext>COMING SOON...</fixtext>
      <check system="N/A">
        <check-content>Log in to the Horizon Connection Server Console. From the left pane, navigate to Settings &gt;&gt; Servers. In the right pane, select the "Connection Servers" tab. For each Connection Server listed, select the server and click "Edit". Click the "Authentication" tab. Scroll down to "Horizon Administrator Authentication". Find the currently configured value in the drop down next to "Smart card authentication for administrators".

If "Smart card authentication for administrators" is not set to "Required", this is a finding.

Note: If another form of DoD approved PKI is used, and configured to be required for administrative logins, this is not a finding.</check-content>
      </check>
    </Rule>
  </Group>
  <Group id="HZNV-8X-000010">
    <title>SRG-APP-000089-AS-000050</title>
    <Rule id="SV-HZNV-8X-000010" severity="medium" weight="10.0">
      <version>HZNV-8X-000010</version>
      <title>The Horizon Connection Server must be configured with an events database.</title>
      <description>&lt;VulnDiscussion&gt;The Horizon Connection Server stores application level events and actions in a dedicated database rather than log files. This makes day-to-day administration easier while offloading these events to a separate system for resiliency.

An events database is configured after Connection Server deployment. It only needs to be completed one time, even in the case of multiple grouped Connection Servers, as the configuration will be applied to the other servers automatically.

Satisfies: SRG-APP-000091-AS-000052, SRG-APP-000095-AS-000056, SRG-APP-000096-AS-000059, SRG-APP-000097-AS-000060, SRG-APP-000098-AS-000061, SRG-APP-000099-AS-000062, SRG-APP-000100-AS-000063, SRG-APP-000101-AS-000072, SRG-APP-000266-AS-000168, SRG-APP-000343-AS-000030, SRG-APP-000495-AS-000220, SRG-APP-000499-AS-000224, SRG-APP-000503-AS-000228, SRG-APP-000504-AS-000229, SRG-APP-000505-AS-000230, SRG-APP-000509-AS-000234&lt;/VulnDiscussion&gt;&lt;FalsePositives&gt;&lt;/FalsePositives&gt;&lt;FalseNegatives&gt;&lt;/FalseNegatives&gt;&lt;Documentable&gt;false&lt;/Documentable&gt;&lt;Mitigations&gt;&lt;/Mitigations&gt;&lt;SecurityOverrideGuidance&gt;&lt;/SecurityOverrideGuidance&gt;&lt;PotentialImpacts&gt;&lt;/PotentialImpacts&gt;&lt;ThirdPartyTools&gt;&lt;/ThirdPartyTools&gt;&lt;MitigationControl&gt;&lt;/MitigationControl&gt;&lt;Responsibility&gt;&lt;/Responsibility&gt;&lt;IAControls&gt;&lt;/IAControls&gt;</description>
      <ident system="http://cyber.mil/cci">CCI-000169</ident>
      <fixtext>Log in to the Horizon Connection Server Console.

From the left pane, navigate to Settings &gt;&gt; Event Configuration.

In the right pane, under "Event Database", click "Edit" and enter the necessary database information in the fields provided.

Click "OK".

Note: Horizon Connection Server supports MSSQL and Oracle database types. Create a database with an appropriate, descriptive name. Create a user with permission to create tables, views, Oracle triggers and sequences (if Oracle) and permission to read from and write to these objects. Consult VMware documentation for more detailed database setup information and minimum required privileges.</fixtext>
      <check system="N/A">
        <check-content>Log in to the Horizon Connection Server Console.

From the left pane, navigate to Monitor &gt;&gt; Events.

If the right pane is empty or shows "Events DB is not configured", this is a finding.</check-content>
      </check>
    </Rule>
  </Group>
  <Group id="HZNV-8X-000047">
    <title>SRG-APP-000175-AS-000124</title>
    <Rule id="SV-HZNV-8X-000047" severity="medium" weight="10.0">
      <version>HZNV-8X-000047</version>
      <title>The Horizon Connection Server must perform full path validation on server-to-server TLS connection certificates.</title>
      <description>&lt;VulnDiscussion&gt;The Horizon Connection Server performs certificate revocation checking on its own certificate and on those of the security servers paired to it. Each instance also checks the certificates of vCenter and VDI machines whenever it establishes a connection to them. If a SAML 2.0 authenticator is configured for use by a Connection Server instance, the Connection Server also performs certificate revocation checking on the SAML 2.0 server certificate.

By default, all certificates in the chain are checked except the root certificate. This must be changed so that the full path, including the root, is validated.&lt;/VulnDiscussion&gt;&lt;FalsePositives&gt;&lt;/FalsePositives&gt;&lt;FalseNegatives&gt;&lt;/FalseNegatives&gt;&lt;Documentable&gt;false&lt;/Documentable&gt;&lt;Mitigations&gt;&lt;/Mitigations&gt;&lt;SecurityOverrideGuidance&gt;&lt;/SecurityOverrideGuidance&gt;&lt;PotentialImpacts&gt;&lt;/PotentialImpacts&gt;&lt;ThirdPartyTools&gt;&lt;/ThirdPartyTools&gt;&lt;MitigationControl&gt;&lt;/MitigationControl&gt;&lt;Responsibility&gt;&lt;/Responsibility&gt;&lt;IAControls&gt;&lt;/IAControls&gt;</description>
      <ident system="http://cyber.mil/cci">CCI-000185</ident>
      <fixtext>On the Horizon Connection Server, launch the Registry Editor.

Traverse the registry tree to "HKLM\Software\VMware, Inc.\VMware VDM\Security".

If the "CertificateRevocationCheckType" key exists:

&gt; Right click "CertificateRevocationCheckType", select "Modify..." and set the value to "3" (without quotes).

&gt; Click "OK".

If the "CertificateRevocationCheckType" key does not exist:

&gt; Right-click on the "Security" folder and select "New" then "DWORD (32 bit) Value".

&gt; Set the name to "CertificateRevocationCheckType" (without quotes).

&gt; Right-click "CertificateRevocationCheckType", select "Modify..." and set the value to "3" (without quotes).

&gt; Click "OK".

Restart the "VMware Horizon View Connection Server" service for changes to take effect.</fixtext>
      <check system="N/A">
        <check-content>On the Horizon Connection Server, launch the Registry Editor.

Traverse the registry tree to "HKLM\Software\VMware, Inc.\VMware VDM\Security".

Locate the "CertificateRevocationCheckType" key.

If the "CertificateRevocationCheckType" key does not exist, this is a finding.

If the "CertificateRevocationCheckType" key does not have a value of "3", this is a finding.</check-content>
      </check>
    </Rule>
  </Group>
  <Group id="HZNV-8X-000051">
    <title>SRG-APP-000179-AS-000129</title>
    <Rule id="SV-HZNV-8X-000051" severity="medium" weight="10.0">
      <version>HZNV-8X-000051</version>
      <title>The Horizon Connection Server must only use FIPS 140-2 validated cryptographic modules.</title>
      <description>&lt;VulnDiscussion&gt;Encryption is only as good as the encryption modules utilized. Unapproved cryptographic module algorithms cannot be verified and cannot be relied upon to provide confidentiality or integrity, and DoD data may be compromised due to weak algorithms or poor implementation.

The Horizon Connection Server can be configured to exclusively use FIPS 140-2 validated cryptographic modules but only at installation time, not post deployment. Reference VMware documentation for up-to-date requirements for enabling FIPS in Horizon View.

Satisfies: SRG-APP-000224-AS-000152, SRG-APP-000416-AS-000140, SRG-APP-000439-AS-000274&lt;/VulnDiscussion&gt;&lt;FalsePositives&gt;&lt;/FalsePositives&gt;&lt;FalseNegatives&gt;&lt;/FalseNegatives&gt;&lt;Documentable&gt;false&lt;/Documentable&gt;&lt;Mitigations&gt;&lt;/Mitigations&gt;&lt;SecurityOverrideGuidance&gt;&lt;/SecurityOverrideGuidance&gt;&lt;PotentialImpacts&gt;&lt;/PotentialImpacts&gt;&lt;ThirdPartyTools&gt;&lt;/ThirdPartyTools&gt;&lt;MitigationControl&gt;&lt;/MitigationControl&gt;&lt;Responsibility&gt;&lt;/Responsibility&gt;&lt;IAControls&gt;&lt;/IAControls&gt;</description>
      <ident system="http://cyber.mil/cci">CCI-000803</ident>
      <fixtext>FIPS mode can only be implemented during installation.

Reinstall the Horizon Connection server and select the option to enable FIPS mode (after the IP configuration).

Note: The Connection Server can only be installed in FIPS mode if Windows Server itself is running in FIPS mode.</fixtext>
      <check system="N/A">
        <check-content>On the Horizon Connection Server, launch the Registry Editor.

Traverse the registry tree to "HKLM\Software\VMware, Inc.\VMware VDM".

Locate the "FipsMode" key.

If "FipsMode" does not exist, this is a finding.

If "FipsMode" does not have a value of "1", this is a finding.</check-content>
      </check>
    </Rule>
  </Group>
  <Group id="HZNV-8X-000056">
    <title>SRG-APP-000220-AS-000148</title>
    <Rule id="SV-HZNV-8X-000056" severity="medium" weight="10.0">
      <version>HZNV-8X-000056</version>
      <title>The Horizon Connection Server must time out idle administrative sessions after 15 minutes or less.</title>
      <description>&lt;VulnDiscussion&gt;If communication sessions remain open for extended periods of time, even when unused, there is the potential for an adversary to hijack the session and use it to gain access to the system.

Horizon Connection Server administrative sessions can and must be limited in the amount of idle time that will be allowed before an automatic logoff occurs. By default, 30 minutes of idle time is allowed, but this must be changed to 15 minutes or less for systems on a DoD network. This configuration must be verified and maintained over time.

Satisfies: SRG-APP-000295-AS-000263, SRG-APP-000389-AS-000253&lt;/VulnDiscussion&gt;&lt;FalsePositives&gt;&lt;/FalsePositives&gt;&lt;FalseNegatives&gt;&lt;/FalseNegatives&gt;&lt;Documentable&gt;false&lt;/Documentable&gt;&lt;Mitigations&gt;&lt;/Mitigations&gt;&lt;SecurityOverrideGuidance&gt;&lt;/SecurityOverrideGuidance&gt;&lt;PotentialImpacts&gt;&lt;/PotentialImpacts&gt;&lt;ThirdPartyTools&gt;&lt;/ThirdPartyTools&gt;&lt;MitigationControl&gt;&lt;/MitigationControl&gt;&lt;Responsibility&gt;&lt;/Responsibility&gt;&lt;IAControls&gt;&lt;/IAControls&gt;</description>
      <ident system="http://cyber.mil/cci">CCI-001185</ident>
      <fixtext>Log in to the Horizon Connection Server administrative console.

From the left pane, navigate to Settings &gt;&gt; Global Settings.

In the right pane, click the "General Settings" tab.

Click "Edit".

Set the "Horizon Console Session Timeout" value to "15" minutes (or less).

Click "OK".</fixtext>
      <check system="N/A">
        <check-content>Log in to the Horizon Connection Server administrative console.

From the left pane, navigate to Settings &gt;&gt; Global Settings.

In the right pane, click the "General Settings" tab.

If the "Horizon Console Session Timeout" value is set to more than 15 minutes, this is a finding.</check-content>
      </check>
    </Rule>
  </Group>
  <Group id="HZNV-8X-000068">
    <title>SRG-APP-000267-AS-000170</title>
    <Rule id="SV-HZNV-8X-000068" severity="medium" weight="10.0">
      <version>HZNV-8X-000068</version>
      <title>The Horizon Connection Server must protect log files from unauthorized access.</title>
      <description>&lt;VulnDiscussion&gt;Error logs can contain sensitive information about system errors and system architecture that need to be protected from unauthorized access and modification.

By default, Horizon Connection Server logs are only accessible to local Windows Administrators. This configuration must be verified and maintained.&lt;/VulnDiscussion&gt;&lt;FalsePositives&gt;&lt;/FalsePositives&gt;&lt;FalseNegatives&gt;&lt;/FalseNegatives&gt;&lt;Documentable&gt;false&lt;/Documentable&gt;&lt;Mitigations&gt;&lt;/Mitigations&gt;&lt;SecurityOverrideGuidance&gt;&lt;/SecurityOverrideGuidance&gt;&lt;PotentialImpacts&gt;&lt;/PotentialImpacts&gt;&lt;ThirdPartyTools&gt;&lt;/ThirdPartyTools&gt;&lt;MitigationControl&gt;&lt;/MitigationControl&gt;&lt;Responsibility&gt;&lt;/Responsibility&gt;&lt;IAControls&gt;&lt;/IAControls&gt;</description>
      <ident system="http://cyber.mil/cci">CCI-001314</ident>
      <fixtext>On the Horizon Connection Server, navigate to "&lt;install_directory&gt;\ProgramData\VMware\VDM".

Right-click the "logs" folder and select "Properties".

Change to the "Security" tab.

Click "Edit…".

Highlight any groups or users that are not built-in system administrative accounts or the local "Administrators" group.

Click "Remove".

Click "OK".

Click "OK".</fixtext>
      <check system="N/A">
        <check-content>On the Horizon Connection Server, navigate to "&lt;install_directory&gt;\ProgramData\VMware\VDM".

Right-click the "logs" folder and select "Properties".

Change to the "Security" tab.

By default, only built-in system accounts such as "SYSTEM" and "NETWORK SERVICE" plus the local "Administrators" group have access to the "logs" folder.

If any other groups or users have any permissions on this folder, this is a finding.</check-content>
      </check>
    </Rule>
  </Group>
  <Group id="HZNV-8X-000081">
    <title>SRG-APP-000358-AS-000064</title>
    <Rule id="SV-HZNV-8X-000081" severity="medium" weight="10.0">
      <version>HZNV-8X-000081</version>
      <title>The Horizon Connection Server must offload events to a central log server in real time.</title>
      <description>&lt;VulnDiscussion&gt; Information system logging capability is critical for accurate forensic analysis. Centralized management of log records provides for efficiency in maintenance and management of records, as well as the backup and archiving of those records.

The Horizon Connection Server can be configured to ship all events to a syslog receiver. Multiple servers can be configured but only the UDP protocol is supported at this time.

Satisfies: SRG-APP-000125-AS-000084, SRG-APP-000515-AS-000203&lt;/VulnDiscussion&gt;&lt;FalsePositives&gt;&lt;/FalsePositives&gt;&lt;FalseNegatives&gt;&lt;/FalseNegatives&gt;&lt;Documentable&gt;false&lt;/Documentable&gt;&lt;Mitigations&gt;&lt;/Mitigations&gt;&lt;SecurityOverrideGuidance&gt;&lt;/SecurityOverrideGuidance&gt;&lt;PotentialImpacts&gt;&lt;/PotentialImpacts&gt;&lt;ThirdPartyTools&gt;&lt;/ThirdPartyTools&gt;&lt;MitigationControl&gt;&lt;/MitigationControl&gt;&lt;Responsibility&gt;&lt;/Responsibility&gt;&lt;IAControls&gt;&lt;/IAControls&gt;</description>
      <ident system="http://cyber.mil/cci">CCI-001851</ident>
      <fixtext>Log in to the Horizon Connection Server administrative console.

From the left pane, navigate to Settings &gt;&gt; Event Configuration.

In the right pane, under "Syslog", click "Add".

Enter the address of your central log server and configure the port if necessary.

Click "OK".

Repeat for other servers as applicable.</fixtext>
      <check system="N/A">
        <check-content>Log in to the Horizon Connection Server administrative console.

From the left pane, navigate to Settings &gt;&gt; Event Configuration.

The configured syslog servers are located in the right pane under "Syslog".

If there are no valid syslog servers configured, this is a finding.</check-content>
      </check>
    </Rule>
  </Group>
  <Group id="HZNV-8X-000101">
    <title>SRG-APP-000427-AS-000264</title>
    <Rule id="SV-HZNV-8X-000101" severity="medium" weight="10.0">
      <version>HZNV-8X-000101</version>
      <title>The Horizon Connection Server must be configured with a DoD-issued TLS certificate.</title>
      <description>&lt;VulnDiscussion&gt;Machines on a DoD network must only accept PKI certificates obtained from a DoD-approved internal or external certificate authority (CA). If the CA used for verifying the certificate is not DoD-approved, trust of the CA will not be established.

The Horizon Connection Server supports the replacement of the default, self-signed certificate with one issued by a DoD CA. This is accomplished through the normal Windows Server certificate management tools.

Follow VMware documentation for replacing the Horizon Connection Server certificate, with the end result being a certificate that is configured with the "vdm" friendly name.

Satisfies: SRG-APP-000514-AS-000137&lt;/VulnDiscussion&gt;&lt;FalsePositives&gt;&lt;/FalsePositives&gt;&lt;FalseNegatives&gt;&lt;/FalseNegatives&gt;&lt;Documentable&gt;false&lt;/Documentable&gt;&lt;Mitigations&gt;&lt;/Mitigations&gt;&lt;SecurityOverrideGuidance&gt;&lt;/SecurityOverrideGuidance&gt;&lt;PotentialImpacts&gt;&lt;/PotentialImpacts&gt;&lt;ThirdPartyTools&gt;&lt;/ThirdPartyTools&gt;&lt;MitigationControl&gt;&lt;/MitigationControl&gt;&lt;Responsibility&gt;&lt;/Responsibility&gt;&lt;IAControls&gt;&lt;/IAControls&gt;</description>
      <ident system="http://cyber.mil/cci">CCI-002470</ident>
      <fixtext>Obtain a web server certificate from a DoD authority, specifying the common name as the Horizon Connection server FQDN, the signing algorithm as "SHA256", and the key strength of at least "1024 bits".

Export the certificate and private key to a password-protected PFX bundle.

On the Horizon Connection Server, open "certlm.msc" or "certmgr.msc" (Certificate Management - Local Computer).

Rename the existing certificate, if it exists:

&gt; Select Personal &gt;&gt; Certificates, then in the right pane, locate the certificate with the "Friendly Name" of "vdm".

&gt; Right-click this certificate, select "Properties", and change the "Friendly name" to "vdm-original" or something similar.

&gt; Click "OK".

Import the new certificate:

&gt; Right click on the Personal &gt;&gt; Certificates folder.

&gt; Select All Tasks &gt;&gt; Import.

&gt; Click "Next", then "Browse...", navigate to the .pfx bundle and click "Open".

&gt; Click "Next", supply the password, select "Mark this key as exportable" and "Include all extended properties", then click "Next", "Next", then Finish".

&gt; Right-click on the newly imported certificate, select "Properties", then change the "Friendly name" to "vdm" (this name must match exactly in name and case).

&gt; Click "OK".

Restart the Connection Server or the "VMware Horizon View Connection Server" service for changes to take effect.</fixtext>
      <check system="N/A">
        <check-content>On the Horizon Connection Server, open "certlm.msc" or "certmgr.msc" (Certificate Management - Local Computer).

Select Personal &gt;&gt; Certificates.

In the right pane, locate the certificate with the "Friendly Name" of "vdm".

For this certificate, locate the issuer in the "Issued By" column.

If the Horizon Connection Server broker certificate is not "Issued By" a trusted DoD CA, this is a finding.</check-content>
      </check>
    </Rule>
  </Group>
  <Group id="HZNV-8X-000113">
    <title>SRG-APP-000456-AS-000266</title>
    <Rule id="SV-HZNV-8X-000113" severity="medium" weight="10.0">
      <version>HZNV-8X-000113</version>
      <title>All Horizon components must be running supported versions.</title>
      <description>&lt;VulnDiscussion&gt;Security flaws with software applications are discovered daily. Vendors are constantly updating and patching their products to address newly discovered security vulnerabilities.

Organizations (including any contractor to the organization) are required to promptly install security-relevant software updates (e.g., patches, service packs, and hot fixes) to production systems after thorough testing of the patches within a lab environment.

Flaws discovered during security assessments, continuous monitoring, incident response activities, or information system error handling must also be addressed expeditiously.&lt;/VulnDiscussion&gt;&lt;FalsePositives&gt;&lt;/FalsePositives&gt;&lt;FalseNegatives&gt;&lt;/FalseNegatives&gt;&lt;Documentable&gt;false&lt;/Documentable&gt;&lt;Mitigations&gt;&lt;/Mitigations&gt;&lt;SecurityOverrideGuidance&gt;&lt;/SecurityOverrideGuidance&gt;&lt;PotentialImpacts&gt;&lt;/PotentialImpacts&gt;&lt;ThirdPartyTools&gt;&lt;/ThirdPartyTools&gt;&lt;MitigationControl&gt;&lt;/MitigationControl&gt;&lt;Responsibility&gt;&lt;/Responsibility&gt;&lt;IAControls&gt;&lt;/IAControls&gt;</description>
      <ident system="http://cyber.mil/cci">CCI-002605</ident>
      <fixtext> Install or upgrade each Horizon Connection Server to a VMware supported version.</fixtext>
      <check system="N/A">
        <check-content>Login to the Horizon Connection Server administrative interface as an administrator.

Navigate to Servers, and select the "Connection Servers" tab.

Analyze the "Version" column information for each Connection Server listed.

Cross-reference the build information displayed within VMware's site to identify, at minimum, the oldest supported build available.

If the installed version of Horizon is not supported by VMware, this is a finding.</check-content>
      </check>
    </Rule>
  </Group>
  <Group id="HZNV-8X-000124">
    <title>SRG-APP-000516-AS-000237</title>
    <Rule id="SV-HZNV-8X-000124" severity="medium" weight="10.0">
      <version>HZNV-8X-000124</version>
      <title>The Horizon Connection Server must reauthenticate users after a network interruption.</title>
      <description>&lt;VulnDiscussion&gt;Given the remote access nature of Horizon Connection Server, the client must be ensured to be under positive control as much as is possible from the server side. As such, whenever a network interruption causes a client disconnect, that session must be reauthenticated upon reconnection. To allow a session resumption would be convenient but would allow for the possibility of the endpoint being taken out of the control of the intended user and reconnected from a different location, under the control of a bad actor who could then resume the disconnected session.&lt;/VulnDiscussion&gt;&lt;FalsePositives&gt;&lt;/FalsePositives&gt;&lt;FalseNegatives&gt;&lt;/FalseNegatives&gt;&lt;Documentable&gt;false&lt;/Documentable&gt;&lt;Mitigations&gt;&lt;/Mitigations&gt;&lt;SecurityOverrideGuidance&gt;&lt;/SecurityOverrideGuidance&gt;&lt;PotentialImpacts&gt;&lt;/PotentialImpacts&gt;&lt;ThirdPartyTools&gt;&lt;/ThirdPartyTools&gt;&lt;MitigationControl&gt;&lt;/MitigationControl&gt;&lt;Responsibility&gt;&lt;/Responsibility&gt;&lt;IAControls&gt;&lt;/IAControls&gt;</description>
      <ident system="http://cyber.mil/cci">CCI-000366</ident>
      <fixtext>Log in to the Horizon Connection Server administrative console.

From the left pane, navigate to Settings &gt;&gt; Global Settings.

In the right pane, click the "Security Settings" tab.

Click "Edit".

Check the box next to "Reauthenticate Secure Tunnel Connections After Network Interruption".

Click "OK".</fixtext>
      <check system="N/A">
        <check-content>Log in to the Horizon Connection Server administrative console.

From the left pane, navigate to Settings &gt;&gt; Global Settings.

In the right pane, click the "Security Settings" tab.

If the "Reauthenticate Secure Tunnel Connections After Network Interruption" value is set to "No", this is a finding.</check-content>
      </check>
    </Rule>
  </Group>
  <Group id="HZNV-8X-000125">
    <title>SRG-APP-000015-AS-000010</title>
    <Rule id="SV-HZNV-8X-000125" severity="medium" weight="10.0">
      <version>HZNV-8X-000125</version>
      <title>The Blast Secure Gateway must be configured to only support TLS 1.2 connections.</title>
      <description>&lt;VulnDiscussion&gt;Preventing the disclosure of transmitted information requires that the application server take measures to employ strong cryptographic mechanisms to protect the information during transmission. This is usually achieved through the use of Transport Layer Security (TLS).

TLS must be enabled and non-FIPS-approved SSL versions must be disabled. NIST SP 800-52 specifies the preferred configurations for Government systems.

According to NIST and as of publication, TLS 1.1 must not be used and TLS 1.2 will be configured.

Note: Mandating TLS 1.2 may affect certain client types. Test and implement carefully. If the Horizon Connection Server is set to "Do not use Blast Secure Gateway", this control does not apply.&lt;/VulnDiscussion&gt;&lt;FalsePositives&gt;&lt;/FalsePositives&gt;&lt;FalseNegatives&gt;&lt;/FalseNegatives&gt;&lt;Documentable&gt;false&lt;/Documentable&gt;&lt;Mitigations&gt;&lt;/Mitigations&gt;&lt;SecurityOverrideGuidance&gt;&lt;/SecurityOverrideGuidance&gt;&lt;PotentialImpacts&gt;&lt;/PotentialImpacts&gt;&lt;ThirdPartyTools&gt;&lt;/ThirdPartyTools&gt;&lt;MitigationControl&gt;&lt;/MitigationControl&gt;&lt;Responsibility&gt;&lt;/Responsibility&gt;&lt;IAControls&gt;&lt;/IAControls&gt;</description>
      <ident system="http://cyber.mil/cci">CCI-001453</ident>
      <fixtext>On the Horizon Connection Server, navigate to "&lt;install_directory&gt;\Program Files\VMware\VMware View\Server\appblastgateway".

Open or create the "absg.properties" file in a text editor.

Add or update the following lines:

localHttpsProtocolLow=tls1.2
localHttpsProtocolHigh=tls1.2

Save and close the file.

Restart the "VMware Horizon View Blast Secure Gateway" service for changes to take effect.

Note: If the Horizon Connection Server is set to "Do not use Blast Secure Gateway", this control does not apply.</fixtext>
      <check system="N/A">
        <check-content>On the Horizon Connection Server, navigate to "&lt;install_directory&gt;\Program Files\VMware\VMware View\Server\appblastgateway".

If a file named "absg.properties" does not exist in this path, this is a finding.

Open "absg.properties" in a text editor, and find the "localHttpsProtocolLow" and "localHttpsProtocolHigh" settings.

Ensure they are set as follows:

localHttpsProtocolLow=tls1.2
localHttpsProtocolHigh=tls1.2

If the "localHttpsProtocolLow" or "localHttpsProtocolHigh" settings do not exist, or are not exactly as above, this is a finding.

Note: If the Horizon Connection Server is set to "Do not use Blast Secure Gateway", this control does not apply.</check-content>
      </check>
    </Rule>
  </Group>
  <Group id="HZNV-8X-000126">
    <title>SRG-APP-000015-AS-000010</title>
    <Rule id="SV-HZNV-8X-000126" severity="medium" weight="10.0">
      <version>HZNV-8X-000126</version>
      <title>The Horizon Connection Server must force server cipher preference.</title>
      <description>&lt;VulnDiscussion&gt;By default, during the initial setup of a Transport Layer Security (TLS) connection to the Horizon Connection Server, the client sends a list of supported cipher suites in order of preference. The Connection Server then replies with the cipher suite it will use for communication, chosen from the client list.

This is not ideal because it allows the untrusted client to set the boundaries and conditions for the connection. The client could potentially specify known weak cipher combinations that would make the communication more susceptible to interception.

By adding the "honorClientOrder" setting to the "locked.properties" file, the Connection Server will reject the client preference and force the client to choose from the server ordered list of preferred ciphers.&lt;/VulnDiscussion&gt;&lt;FalsePositives&gt;&lt;/FalsePositives&gt;&lt;FalseNegatives&gt;&lt;/FalseNegatives&gt;&lt;Documentable&gt;false&lt;/Documentable&gt;&lt;Mitigations&gt;&lt;/Mitigations&gt;&lt;SecurityOverrideGuidance&gt;&lt;/SecurityOverrideGuidance&gt;&lt;PotentialImpacts&gt;&lt;/PotentialImpacts&gt;&lt;ThirdPartyTools&gt;&lt;/ThirdPartyTools&gt;&lt;MitigationControl&gt;&lt;/MitigationControl&gt;&lt;Responsibility&gt;&lt;/Responsibility&gt;&lt;IAControls&gt;&lt;/IAControls&gt;</description>
      <ident system="http://cyber.mil/cci">CCI-001453</ident>
      <fixtext>On the Horizon Connection Server, navigate to "&lt;install_directory&gt;\Program Files\VMware\VMware View\Server\sslgateway\conf".

Open or create the "locked.properties" file in a text editor and add or change the following line:

honorClientOrder=false

Save and close the file.

Restart the "VMware Horizon View Connection Server" service for changes to take effect.</fixtext>
      <check system="N/A">
        <check-content>On the Horizon Connection Server, navigate to "&lt;install_directory&gt;\Program Files\VMware\VMware View\Server\sslgateway\conf".

If a file named "locked.properties" does not exist in this path, confirm with the SA if forcing server-side cipher order was configured at a global level via Group Policy or other means.

If no such global change was made, this is a finding.

Open the "locked.properties" file in a text editor.

Find the "honorClientOrder" setting and ensure it is set as follows:

honorClientOrder=false

If there is no "honorClientOrder" setting, or the value of "honorClientOrder" is not set to "false", this is a finding.</check-content>
      </check>
    </Rule>
  </Group>
  <Group id="HZNV-8X-000127">
    <title>SRG-APP-000175-AS-000124</title>
    <Rule id="SV-HZNV-8X-000127" severity="medium" weight="10.0">
      <version>HZNV-8X-000127</version>
      <title>The Horizon Connection Server must validate client and administrator certificates.</title>
      <description>&lt;VulnDiscussion&gt;The Horizon Connection Server can be configured to check the revocation status of PKI certificates over both OCSP and CRL. This capability is disabled by default and must be enabled post-deployment.

There are also a number of other configurations that are supported, including OCSP and CRL location override but those will be site and architecture specific.

The recommended configuration is OCSP with failover to CRL and override the AIA locations via a local OCSP responder, if present.

Example settings:

enableRevocationChecking=true
ocspCRLFailover=true
ocspSendNonce=true
enableOCSP=true
allowCertCRLs=false
crlLocation=http://&lt;crl.myagency.mil&gt;
ocspURL=http://&lt;ca.myagency.mil/ocsp&gt;
ocspSigningCert=&lt;ca.myagency.mil.cer&gt;

Set enableRevocationChecking to true to enable smart card certificate revocation checking.
Set ocspCRLFailover to enable CRL checking if OCSP fails.
Set ocspSendNonce to true to prevent OCSP repeated responses.
Set enableOCSP to true to enable OCSP certificate revocation checking.
Set allowCertCRLs to false to disable pulling the CRL distribution point from the certificate.
Set crlLocation to the URL to use for the CRL distribution point.
Set ocspURL to the URL of the OCSP Responder.
Set ocspSigningCert to the location of the file that contains the OCSP Responder's signing certificate.&lt;/VulnDiscussion&gt;&lt;FalsePositives&gt;&lt;/FalsePositives&gt;&lt;FalseNegatives&gt;&lt;/FalseNegatives&gt;&lt;Documentable&gt;false&lt;/Documentable&gt;&lt;Mitigations&gt;&lt;/Mitigations&gt;&lt;SecurityOverrideGuidance&gt;&lt;/SecurityOverrideGuidance&gt;&lt;PotentialImpacts&gt;&lt;/PotentialImpacts&gt;&lt;ThirdPartyTools&gt;&lt;/ThirdPartyTools&gt;&lt;MitigationControl&gt;&lt;/MitigationControl&gt;&lt;Responsibility&gt;&lt;/Responsibility&gt;&lt;IAControls&gt;&lt;/IAControls&gt;</description>
      <ident system="http://cyber.mil/cci">CCI-000185</ident>
      <fixtext>On the Horizon Connection Server, navigate to "&lt;install_directory&gt;\Program Files\VMware\VMware View\Server\sslgateway\conf".

Create or open "locked.properties" in a text editor.

Add or change the following line:

enableRevocationChecking=true

Add or configure the remaining items per the discussion, based on site architecture.

Save and close the file.

Restart the "VMware Horizon View Connection Server" service for changes to take effect.</fixtext>
      <check system="N/A">
        <check-content>On the Horizon Connection Server, navigate to "&lt;install_directory&gt;\Program Files\VMware\VMware View\Server\sslgateway\conf".

If a file named "locked.properties" does not exist in this path, this is a finding.

Open the "locked.properties" file in a text editor.

If "enableRevocationChecking" does not exist, or the value of "enableRevocationChecking" is not set to "true", this is a finding.</check-content>
      </check>
    </Rule>
  </Group>
  <Group id="HZNV-8X-000128">
    <title>SRG-APP-000516-AS-000237</title>
    <Rule id="SV-HZNV-8X-000128" severity="medium" weight="10.0">
      <version>HZNV-8X-000128</version>
      <title>The Horizon Connection Server must disconnect users after a maximum of ten hours.</title>
      <description>&lt;VulnDiscussion&gt;Horizon Connection Server is intended to provide remote desktops and applications, generally during working hours, and for no more than an extended workday. Leaving sessions active for more than what is reasonable for a work day opens the possibility of a session becoming unoccupied and insecure on the client side. For example, if a client connection is opened at 0900, there are few day-to-day reasons that the connection should still be open after 1900; therefore the connection must be terminated. If the user is still active, they can reauthenticate immediately and continue the session for another ten hours.&lt;/VulnDiscussion&gt;&lt;FalsePositives&gt;&lt;/FalsePositives&gt;&lt;FalseNegatives&gt;&lt;/FalseNegatives&gt;&lt;Documentable&gt;false&lt;/Documentable&gt;&lt;Mitigations&gt;&lt;/Mitigations&gt;&lt;SecurityOverrideGuidance&gt;&lt;/SecurityOverrideGuidance&gt;&lt;PotentialImpacts&gt;&lt;/PotentialImpacts&gt;&lt;ThirdPartyTools&gt;&lt;/ThirdPartyTools&gt;&lt;MitigationControl&gt;&lt;/MitigationControl&gt;&lt;Responsibility&gt;&lt;/Responsibility&gt;&lt;IAControls&gt;&lt;/IAControls&gt;</description>
      <ident system="http://cyber.mil/cci">CCI-000366</ident>
      <fixtext>Log in to the Horizon Connection Server administrative console.

From the left pane, navigate to Settings &gt;&gt; Global Settings.

In the right pane, click the "General Settings" tab.

Click "Edit".

Next to "Forcibly Disconnect Users", select "After" from the dropdown and fill in "600" minutes in the text field.

Click "OK".</fixtext>
      <check system="N/A">
        <check-content>Log in to the Horizon Connection Server administrative console.

From the left pane, navigate to Settings &gt;&gt; Global Settings.

In the right pane, click the "General Settings" tab and locate the "Forcibly Disconnect Users" setting.

If the "Forcibly Disconnect Users" setting is set to "Never", or the value of "Forcibly Disconnect Users" is set to anything greater than "600" minutes (ten hours), this is a finding.</check-content>
      </check>
    </Rule>
  </Group>
  <Group id="HZNV-8X-000129">
    <title>SRG-APP-000516-AS-000237</title>
    <Rule id="SV-HZNV-8X-000129" severity="medium" weight="10.0">
      <version>HZNV-8X-000129</version>
      <title>The Horizon Connection Server must disconnect applications after two hours of idle time.</title>
      <description>&lt;VulnDiscussion&gt;Horizon Connection Server is intended to provide remote desktops and applications for more or less continuous use. If an application is open and remains unused for more than two hours, that application must be closed in order to eliminate the risk of that idle application being usurped.

For desktops, sessions will not be disconnected after two hours but the credentials stored with Horizon must be invalidated. Subsequent desktop connection attempts will require reauthentication.&lt;/VulnDiscussion&gt;&lt;FalsePositives&gt;&lt;/FalsePositives&gt;&lt;FalseNegatives&gt;&lt;/FalseNegatives&gt;&lt;Documentable&gt;false&lt;/Documentable&gt;&lt;Mitigations&gt;&lt;/Mitigations&gt;&lt;SecurityOverrideGuidance&gt;&lt;/SecurityOverrideGuidance&gt;&lt;PotentialImpacts&gt;&lt;/PotentialImpacts&gt;&lt;ThirdPartyTools&gt;&lt;/ThirdPartyTools&gt;&lt;MitigationControl&gt;&lt;/MitigationControl&gt;&lt;Responsibility&gt;&lt;/Responsibility&gt;&lt;IAControls&gt;&lt;/IAControls&gt;</description>
      <ident system="http://cyber.mil/cci">CCI-000366</ident>
      <fixtext>Log in to the Horizon Connection Server administrative console.

From the left pane, navigate to Settings &gt;&gt; Global Settings.

In the right pane, click the "General Settings" tab.

Click "Edit".

Next to "Disconnect Applications and Discard SSO Credentials for Idle Users", select "After" from the dropdown and fill in "120" minutes in the text field.

Click "OK".</fixtext>
      <check system="N/A">
        <check-content>Log in to the Horizon Connection Server administrative console.

From the left pane, navigate to Settings &gt;&gt; Global Settings.

In the right pane, click the "General Settings" tab and locate the "Disconnect Applications and Discard SSO Credentials for Idle Users" setting.

If the "Disconnect Applications and Discard SSO Credentials for Idle Users" setting is set to "Never", or the value of "Disconnect Applications and Discard SSO Credentials for Idle Users" is set to anything greater than "120" minutes (two hours), this is a finding.</check-content>
      </check>
    </Rule>
  </Group>
  <Group id="HZNV-8X-000130">
    <title>SRG-APP-000516-AS-000237</title>
    <Rule id="SV-HZNV-8X-000130" severity="medium" weight="10.0">
      <version>HZNV-8X-000130</version>
      <title>The Horizon Connection Server must discard SSO credentials after 15 minutes.</title>
      <description>&lt;VulnDiscussion&gt;Horizon Connection Server caches user credentials temporarily to ensure that the user can connect to their desktop pools without reauthenticating, right after logging in to the broker. However, this grace period must be restricted so that SSO credentials are only retained for 15 minutes before being discarded. Subsequent desktop connection attempts must require reauthentication, even if the user is still connected to the broker.&lt;/VulnDiscussion&gt;&lt;FalsePositives&gt;&lt;/FalsePositives&gt;&lt;FalseNegatives&gt;&lt;/FalseNegatives&gt;&lt;Documentable&gt;false&lt;/Documentable&gt;&lt;Mitigations&gt;&lt;/Mitigations&gt;&lt;SecurityOverrideGuidance&gt;&lt;/SecurityOverrideGuidance&gt;&lt;PotentialImpacts&gt;&lt;/PotentialImpacts&gt;&lt;ThirdPartyTools&gt;&lt;/ThirdPartyTools&gt;&lt;MitigationControl&gt;&lt;/MitigationControl&gt;&lt;Responsibility&gt;&lt;/Responsibility&gt;&lt;IAControls&gt;&lt;/IAControls&gt;</description>
      <ident system="http://cyber.mil/cci">CCI-000366</ident>
      <fixtext>Log in to the Horizon Connection Server administrative console.

From the left pane, navigate to Settings &gt;&gt; Global Settings.

In the right pane, click the "General Settings" tab.

Click "Edit".

Next to "Discard SSO Credentials", select "After" from the dropdown and fill in "15" in the minutes text field.

Click "OK".</fixtext>
      <check system="N/A">
        <check-content>Log in to the Horizon Connection Server administrative console.

From the left pane, navigate to Settings &gt;&gt; Global Settings.

In the right pane, click the "General Settings" tab.

Locate the "Discard SSO credentials" setting.

If the "Discard SSO Credentials" setting is set to "Never", or the value of "Discard SSO Credentials" is set to anything greater than 15 minutes, this is a finding.</check-content>
      </check>
    </Rule>
  </Group>
  <Group id="HZNV-8X-000131">
    <title>SRG-APP-000516-AS-000237</title>
    <Rule id="SV-HZNV-8X-000131" severity="medium" weight="10.0">
      <version>HZNV-8X-000131</version>
      <title>The Horizon Connection Server must not accept pass-through client credentials.</title>
      <description>&lt;VulnDiscussion&gt;Horizon Connection Server has the ability to allow clients to authenticate using the local session credentials of their local endpoint.

While convenient, this must be disabled for DoD deployments because of several reasons, including the server cannot ascertain the method of endpoint login and whether that user's client certificate has since been revoked.&lt;/VulnDiscussion&gt;&lt;FalsePositives&gt;&lt;/FalsePositives&gt;&lt;FalseNegatives&gt;&lt;/FalseNegatives&gt;&lt;Documentable&gt;false&lt;/Documentable&gt;&lt;Mitigations&gt;&lt;/Mitigations&gt;&lt;SecurityOverrideGuidance&gt;&lt;/SecurityOverrideGuidance&gt;&lt;PotentialImpacts&gt;&lt;/PotentialImpacts&gt;&lt;ThirdPartyTools&gt;&lt;/ThirdPartyTools&gt;&lt;MitigationControl&gt;&lt;/MitigationControl&gt;&lt;Responsibility&gt;&lt;/Responsibility&gt;&lt;IAControls&gt;&lt;/IAControls&gt;</description>
      <ident system="http://cyber.mil/cci">CCI-000366</ident>
      <fixtext>Log in to the Horizon Connection Server administrative console.

From the left pane, navigate to Settings &gt;&gt; Servers.

Select the Connection Servers tab in the right pane.

Click "Edit".

Click the "Authentication" tab.

Scroll down to the "Current User Authentication".

Uncheck the checkbox next to "Accept logon as current user".

Click "OK".

Note: When "Smart card authentication for users" is set to "Required", this setting will be unchecked and greyed out automatically.</fixtext>
      <check system="N/A">
        <check-content>Log in to the Horizon Connection Server administrative console.

From the left pane, navigate to Settings &gt;&gt; Servers.

In the right pane, select the "Connection Servers" tab.

For each Connection Server listed, select the server and click "Edit".

Click the "Authentication" tab.

Scroll down to the "Current User Authentication" and note the "Accept logon as current user" checkbox.

If the "Accept logon as current user" checkbox is checked, this is a finding.

Note: If "Smart card authentication for users" is set to "Required", this setting is automatically disabled and greyed out, and this control would be not applicable.</check-content>
      </check>
    </Rule>
  </Group>
  <Group id="HZNV-8X-000132">
    <title>SRG-APP-000516-AS-000237</title>
    <Rule id="SV-HZNV-8X-000132" severity="medium" weight="10.0">
      <version>HZNV-8X-000132</version>
      <title>The Horizon Connection Server must require DoD PKI for client logins.</title>
      <description>&lt;VulnDiscussion&gt;Before clients can select a desktop or application to access, they must first authenticate to the broker, which is the Connection Server itself. If the client is accessing the broker directly, then the allowed authentication methods must be specified. These include RADIUS, SecurID, username/password and smart card.

In the DoD, CAC login must be enforced at all times, for all client connections.

If the client is connecting through the UAG appliance, this requirement does not apply.&lt;/VulnDiscussion&gt;&lt;FalsePositives&gt;&lt;/FalsePositives&gt;&lt;FalseNegatives&gt;&lt;/FalseNegatives&gt;&lt;Documentable&gt;false&lt;/Documentable&gt;&lt;Mitigations&gt;&lt;/Mitigations&gt;&lt;SecurityOverrideGuidance&gt;&lt;/SecurityOverrideGuidance&gt;&lt;PotentialImpacts&gt;&lt;/PotentialImpacts&gt;&lt;ThirdPartyTools&gt;&lt;/ThirdPartyTools&gt;&lt;MitigationControl&gt;&lt;/MitigationControl&gt;&lt;Responsibility&gt;&lt;/Responsibility&gt;&lt;IAControls&gt;&lt;/IAControls&gt;</description>
      <ident system="http://cyber.mil/cci">CCI-000366</ident>
      <fixtext>Option One - Use Horizon's native CAC authentication:

&gt; Log in to the Horizon Connection Server administrative console.

&gt; From the left pane, navigate to Settings &gt;&gt; Servers.

&gt; In the right pane, select the "Connection Servers" tab.

&gt; For each Connection Server listed, select the server and click "Edit".

&gt; Click the "Authentication" tab, then under "Horizon Authentication", in the dropdown below "Smart card authentication for users", select "Required".

&gt; Click "OK".

Option Two - Delegate CAC authentication to an external IdP:

&gt; Log in to the Horizon Connection Server administrative console.

&gt; From the left pane, navigate to Settings &gt;&gt; Servers.

&gt; In the right pane, select the "Connection Servers" tab.

&gt; For each Connection Server listed, select the server and click "Edit".

&gt; Click the "Authentication" tab, then under "Horizon Authentication", in the dropdown next to "Smart card authentication for users", select "Optional" or "Not Allowed".

&gt; In the dropdown under "Delegation of authentication to VMware Horizon (SAML 2.0 Authenticator)", select "Allowed" or "Required", depending on what you set the native capability to in the previous step.

&gt; Click "Manage SAML Authenticators".

&gt; Click "Add", then complete the necessary fields.

&gt; Ensure "Enabled for Connection Server" is checked, then click "OK" on each subsequent screen to save the settings.

Restart the "VMware Horizon View Connection Server" service for changes to take effect.</fixtext>
      <check system="N/A">
        <check-content>Log in to the Horizon Connection Server administrative console.

From the left pane, navigate to Settings &gt;&gt; Servers.

In the right pane, select the "Connection Servers" tab.

For each Connection Server listed, select the server and click "Edit".

Click the "Authentication" tab, then under "Horizon Authentication", find the value in the dropdown below "Smart card authentication for users".

If "Smart card authentication for users" is set to "Optional" or "Not Allowed", a SAML Authenticator must be configured, and that external IdP must be configured to require CAC authentication. If these requirements are not met, this is a finding.

If "Smart card authentication for users" is set to "Required" on each of the listed Connection Servers, this is not a finding.

If the Connection Server is paired with a Unified Access Gateway (UAG) that is performing authentication, this requirement is not applicable.

NOTE: If another form of DoD approved PKI is used, and configured to be required for client logins, this is not a finding.</check-content>
      </check>
    </Rule>
  </Group>
  <Group id="HZNV-8X-000133">
    <title>SRG-APP-000516-AS-000237</title>
    <Rule id="SV-HZNV-8X-000133" severity="medium" weight="10.0">
      <version>HZNV-8X-000133</version>
      <title>The Horizon Connection Server must backup its configuration daily.</title>
      <description>&lt;VulnDiscussion&gt;Configuration settings are the set of parameters that can be changed that affect the security posture and/or functionality of the system. Security-related parameters are those parameters impacting the security state of the application, including the parameters required to satisfy other security control requirements.

In order to ensure the server configuration can be validated or reconfigured in the event of a security related incident, the server configuration must be backed up on a daily basis.&lt;/VulnDiscussion&gt;&lt;FalsePositives&gt;&lt;/FalsePositives&gt;&lt;FalseNegatives&gt;&lt;/FalseNegatives&gt;&lt;Documentable&gt;false&lt;/Documentable&gt;&lt;Mitigations&gt;&lt;/Mitigations&gt;&lt;SecurityOverrideGuidance&gt;&lt;/SecurityOverrideGuidance&gt;&lt;PotentialImpacts&gt;&lt;/PotentialImpacts&gt;&lt;ThirdPartyTools&gt;&lt;/ThirdPartyTools&gt;&lt;MitigationControl&gt;&lt;/MitigationControl&gt;&lt;Responsibility&gt;&lt;/Responsibility&gt;&lt;IAControls&gt;&lt;/IAControls&gt;</description>
      <ident system="http://cyber.mil/cci">CCI-000366</ident>
      <fixtext>Log in to the Horizon Connection Server Console.

From the left pane, navigate to Settings &gt;&gt; Servers.

In the right pane, select the "Connection Servers" tab.

For each Connection Server listed, select the server and click "Edit".

Select the "Backup" tab.

Set "Automatic backup frequency" to "Every day" or select a more frequent option.

Click "OK".</fixtext>
      <check system="N/A">
        <check-content>Log in to the Horizon Connection Server Console.

From the left pane, navigate to Settings &gt;&gt; Servers.

In the right pane, select the "Connection Servers" tab.

For each Connection Server listed, select the server and click "Edit".

Select the "Backup" tab.

Validate that "Automatic backup frequency" is set to a least "Every day".

If the Connection Server is not set to be backed up daily (or less), this is a finding.</check-content>
      </check>
    </Rule>
  </Group>
  <Group id="HZNV-8X-000134">
    <title>SRG-APP-000516-AS-000237</title>
    <Rule id="SV-HZNV-8X-000134" severity="medium" weight="10.0">
      <version>HZNV-8X-000134</version>
      <title>The Horizon Connection Server Instant Clone domain account must be configured with limited permissions.</title>
      <description>&lt;VulnDiscussion&gt;Configuring the application to implement organization-wide security implementation guides and security checklists ensures compliance with federal standards and establishes a common security baseline across DoD that reflects the most restrictive security posture consistent with operational requirements.

If Instant Clones are utilized within the Horizon environment, an Active Directory User Account must be created that will be utilized to manage cloned Computer objects in Active Directory. Following least privilege best practices, this User Account must only be able to perform operations on Computer objects within a specified container in Active Directory.&lt;/VulnDiscussion&gt;&lt;FalsePositives&gt;&lt;/FalsePositives&gt;&lt;FalseNegatives&gt;&lt;/FalseNegatives&gt;&lt;Documentable&gt;false&lt;/Documentable&gt;&lt;Mitigations&gt;&lt;/Mitigations&gt;&lt;SecurityOverrideGuidance&gt;&lt;/SecurityOverrideGuidance&gt;&lt;PotentialImpacts&gt;&lt;/PotentialImpacts&gt;&lt;ThirdPartyTools&gt;&lt;/ThirdPartyTools&gt;&lt;MitigationControl&gt;&lt;/MitigationControl&gt;&lt;Responsibility&gt;&lt;/Responsibility&gt;&lt;IAControls&gt;&lt;/IAControls&gt;</description>
      <ident system="http://cyber.mil/cci">CCI-000366</ident>
      <fixtext>Log in to Active Directory Users and Computers.

Navigate to the specified Instant Clone container.

Set the permissions for the Instant Clone Domain Account to:

List Contents
Read All Properties
Write All Properties
Read Permissions
Reset Password
Create Computer Objects
Delete Computer Objects

Ensure the permissions apply to the correct container and to all child objects of the container.</fixtext>
      <check system="N/A">
        <check-content>Log in to the Horizon Connection Server Console.

From the left pane, navigate to Settings &gt;&gt; Instant Clone Domain Accounts.

In the right pane, validate that the accounts listed are User accounts in Active Directory and have only the following permissions on the specified Instant Clone container:

List Contents
Read All Properties
Write All Properties
Read Permissions
Reset Password
Create Computer Objects
Delete Computer Objects

Ensure the permissions apply to the correct container and to all child objects of the container.

If the Instant Clone domain account has more than the minimum required permissions, this is a finding.

Note: If Instant Clones are not used, this is not applicable.</check-content>
      </check>
    </Rule>
  </Group>
  <Group id="HZNV-8X-000135">
    <title>SRG-APP-000516-AS-000237</title>
    <Rule id="SV-HZNV-8X-000135" severity="medium" weight="10.0">
      <version>HZNV-8X-000135</version>
      <title>The Horizon Connection Server must disable client initiated TLS renegotiation.</title>
      <description>&lt;VulnDiscussion&gt;The SSL/TLS renegotiation vulnerability is a potential cyber threat in cases when a client can initiate a renegotiation process. An attacker can abuse this situation by making the server unavailable with a Denial of Service attack or can execute a Man-in-the-Middle injection attack into the HTTPS sessions. To avoid potential TLS Renegotiation Denial-of-Service attacks the Client Initiated TLS renegotiation setting must be disabled.

Note: The Horizon Connection Server disables this option by default.&lt;/VulnDiscussion&gt;&lt;FalsePositives&gt;&lt;/FalsePositives&gt;&lt;FalseNegatives&gt;&lt;/FalseNegatives&gt;&lt;Documentable&gt;false&lt;/Documentable&gt;&lt;Mitigations&gt;&lt;/Mitigations&gt;&lt;SecurityOverrideGuidance&gt;&lt;/SecurityOverrideGuidance&gt;&lt;PotentialImpacts&gt;&lt;/PotentialImpacts&gt;&lt;ThirdPartyTools&gt;&lt;/ThirdPartyTools&gt;&lt;MitigationControl&gt;&lt;/MitigationControl&gt;&lt;Responsibility&gt;&lt;/Responsibility&gt;&lt;IAControls&gt;&lt;/IAControls&gt;</description>
      <ident system="http://cyber.mil/cci">CCI-000366</ident>
      <fixtext>On the Horizon Connection Server, launch the Registry Editor.

Traverse the registry tree to "HKLM\Software\VMware, Inc.\VMware VDM\plugins\wsnm\TunnelService\Params".

Locate the "JvmOptions" key.

If "JvmOptions" exists:

Right-click "JvmOptions", select "Modify...", and ensure the following option exists:

-Djdk.tls.rejectClientInitiatedRenegotiation=true

Click "OK".</fixtext>
      <check system="N/A">
        <check-content>On the Horizon Connection Server, launch the Registry Editor.

Traverse the registry tree to "HKLM\Software\VMware, Inc.\VMware VDM\Plugins\wsnm\TunnelService\Params".

Locate the "JvmOptions" key.

If "JvmOptions" does not exist, or the path does not exist, this is not a finding.

If "JvmOptions" exists and does not include the "-Djdk.tls.rejectClientInitiatedRenegotiation=true" option, this is a finding.</check-content>
      </check>
    </Rule>
  </Group>
  <Group id="HZNV-8X-000136">
    <title>SRG-APP-000516-AS-000237</title>
    <Rule id="SV-HZNV-8X-000136" severity="medium" weight="10.0">
      <version>HZNV-8X-000136</version>
      <title>The Horizon Connection Server must have X-Frame-Options enabled.</title>
      <description>&lt;VulnDiscussion&gt;The X-Frame-Options HTTP response header can be used to indicate whether or not a browser should be allowed to render a page in a &lt;frame&gt;, &lt;iframe&gt;, &lt;embed&gt; or &lt;object&gt; element. Sites can use this to avoid click-jacking attacks, by ensuring that their content is not embedded into other sites.

The X-Frame-Options setting is also known as counter clickjacking, and is enabled by default on the Horizon Connection Server. For troubleshooting purposes, it can be disabled by adding the entry "X-Frame-Options=OFF" to the "locked.properties" file, but this must be avoided when not troubleshooting. The default configuration of enabled must be verified and maintained.

Note: The 'X-Frame-Options' setting has been obsoleted, for browsers that support it, by the Content-Security-Policy 'frame-ancestors' setting.&lt;/VulnDiscussion&gt;&lt;FalsePositives&gt;&lt;/FalsePositives&gt;&lt;FalseNegatives&gt;&lt;/FalseNegatives&gt;&lt;Documentable&gt;false&lt;/Documentable&gt;&lt;Mitigations&gt;&lt;/Mitigations&gt;&lt;SecurityOverrideGuidance&gt;&lt;/SecurityOverrideGuidance&gt;&lt;PotentialImpacts&gt;&lt;/PotentialImpacts&gt;&lt;ThirdPartyTools&gt;&lt;/ThirdPartyTools&gt;&lt;MitigationControl&gt;&lt;/MitigationControl&gt;&lt;Responsibility&gt;&lt;/Responsibility&gt;&lt;IAControls&gt;&lt;/IAControls&gt;</description>
      <ident system="http://cyber.mil/cci">CCI-000366</ident>
      <fixtext>On the Horizon Connection Server, navigate to "&lt;install_directory&gt;\Program Files\VMware\VMware View\Server\sslgateway\conf".

Open the "locked.properties" file in a text editor. Remove the following line:

X-Frame-Options=OFF

Save and close the file.

Restart the "VMware Horizon View Connection Server" service for changes to take effect.</fixtext>
      <check system="N/A">
        <check-content>On the Horizon Connection Server, navigate to "&lt;install_directory&gt;\Program Files\VMware\VMware View\Server\sslgateway\conf".

If a file named "locked.properties" does not exist in this path, this is not a finding.

Open "locked.properties" in a text editor and find the "X-Frame-Options" setting.

If there is no "X-Frame-Options" setting, this is not a finding.

If "X-Frame-Options" is present and set to "OFF", this is a finding.</check-content>
      </check>
    </Rule>
  </Group>
  <Group id="HZNV-8X-000137">
    <title>SRG-APP-000516-AS-000237</title>
    <Rule id="SV-HZNV-8X-000137" severity="medium" weight="10.0">
      <version>HZNV-8X-000137</version>
      <title>The Horizon Connection Server must have Origin Checking enabled.</title>
      <description>&lt;VulnDiscussion&gt;RFC 6454 Origin Checking, which protects against cross-site request forging, is enabled by default on the Horizon Connection Server. When an administrator opens the Horizon Console or a user connects to Blast HTML Access, the server checks that the origin URL for the web request matches either the configured secure tunnel URL or "localhost".

When the Connection Server is load balanced or front-ended by a Unified Access Gateway (UAG) appliance, origin checking will fail. This is commonly resolved by disabling origin checking entirely by specifying "checkOrigin=false" in the "locked.properties" file. This is not the proper solution. Instead, origin checking must be enabled and the load balancer and UAG appliances must be allowlisted via the "balancedHost" and "portalHost.X" settings in "locked.properties", respectively.

Origin checking can be disabled by adding the entry "checkOrigin=false" to "locked.properties", usually for troubleshooting purposes. The default, "checkOrigin=true" or unspecified configuration must be verified and maintained.&lt;/VulnDiscussion&gt;&lt;FalsePositives&gt;&lt;/FalsePositives&gt;&lt;FalseNegatives&gt;&lt;/FalseNegatives&gt;&lt;Documentable&gt;false&lt;/Documentable&gt;&lt;Mitigations&gt;&lt;/Mitigations&gt;&lt;SecurityOverrideGuidance&gt;&lt;/SecurityOverrideGuidance&gt;&lt;PotentialImpacts&gt;&lt;/PotentialImpacts&gt;&lt;ThirdPartyTools&gt;&lt;/ThirdPartyTools&gt;&lt;MitigationControl&gt;&lt;/MitigationControl&gt;&lt;Responsibility&gt;&lt;/Responsibility&gt;&lt;IAControls&gt;&lt;/IAControls&gt;</description>
      <ident system="http://cyber.mil/cci">CCI-000366</ident>
      <fixtext>On the Horizon Connection Server, navigate to "&lt;install_directory&gt;\VMware\VMware View\Server\sslgateway\conf".

Open the "locked.properties" file in a text editor.

Remove the following line:

checkOrigin=false

To allowlist a load balancer in front of the Connection Server, add the following line:

balancedHost=load-balancer-name-here

To allowlist Unified Access Gateway (UAG) gateways, add every address using the following format and pattern:

portalHost.1=access-point-name-1
portalHost.2=access-point-name-2
...

Save and close the file.

Restart the "VMware Horizon View Connection Server" service for changes to take effect.</fixtext>
      <check system="N/A">
        <check-content>On the Horizon Connection Server, navigate to "&lt;install_directory&gt;\VMware\VMware View\Server\sslgateway\conf".

If a file named "locked.properties" does not exist in this path, this is not a finding.

Open the "locked.properties" file in a text editor and find the "checkOrigin" setting.

If there is no "checkOrigin" setting, this is not a finding.

If "checkOrigin" is present and set to "false", this is a finding.</check-content>
      </check>
    </Rule>
  </Group>
  <Group id="HZNV-8X-000138">
    <title>SRG-APP-000516-AS-000237</title>
    <Rule id="SV-HZNV-8X-000138" severity="medium" weight="10.0">
      <version>HZNV-8X-000138</version>
      <title>The Horizon Connection Server must enable the Content Security Policy.</title>
      <description>&lt;VulnDiscussion&gt;The Horizon Connection Server Content Security Policy (CSP) feature mitigates a broad class of content injection vulnerabilities, including cross-site scripting (XSS), clickjacking and other code injection attacks resulting from execution of malicious content in the trusted web page context. The Connection Server defines the policy and the client browser enforces the policy. This feature is enabled by default but must be validated and maintained over time.&lt;/VulnDiscussion&gt;&lt;FalsePositives&gt;&lt;/FalsePositives&gt;&lt;FalseNegatives&gt;&lt;/FalseNegatives&gt;&lt;Documentable&gt;false&lt;/Documentable&gt;&lt;Mitigations&gt;&lt;/Mitigations&gt;&lt;SecurityOverrideGuidance&gt;&lt;/SecurityOverrideGuidance&gt;&lt;PotentialImpacts&gt;&lt;/PotentialImpacts&gt;&lt;ThirdPartyTools&gt;&lt;/ThirdPartyTools&gt;&lt;MitigationControl&gt;&lt;/MitigationControl&gt;&lt;Responsibility&gt;&lt;/Responsibility&gt;&lt;IAControls&gt;&lt;/IAControls&gt;</description>
      <ident system="http://cyber.mil/cci">CCI-000366</ident>
      <fixtext>On the Horizon Connection Server, navigate to "&lt;install_directory&gt;\Program Files\VMware\VMware View\Server\sslgateway\conf".

Open the "locked.properties" file in a text editor.

Remove the following line:

enableCSP=false

Save and close the file.

Restart the "VMware Horizon View Connection Server" service for changes to take effect.</fixtext>
      <check system="N/A">
        <check-content>On the Horizon Connection Server, navigate to "&lt;install_directory&gt;\Program Files\VMware\VMware View\Server\sslgateway\conf".

If a file named "locked.properties" does not exist in this path, this is not a finding.

Open the "locked.properties" file in a text editor and find the "enableCSP" setting.

If there is no "enableCSP" setting, this is not a finding.

If "enableCSP" is present and set to "false", this is a finding.</check-content>
      </check>
    </Rule>
  </Group>
  <Group id="HZNV-8X-000139">
    <title>SRG-APP-000516-AS-000237</title>
    <Rule id="SV-HZNV-8X-000139" severity="medium" weight="10.0">
      <version>HZNV-8X-000139</version>
      <title> The Horizon Connection Server must enable the proper Content Security Policy directives.</title>
      <description>&lt;VulnDiscussion&gt;The Horizon Connection Server Content Security Policy (CSP) feature mitigates a broad class of content injection vulnerabilities including cross-site scripting (XSS), clickjacking and other code injection attacks resulting from execution of malicious content in the trusted web page context. The Connection Server has default CSP directives that block XSS attacks, enable x-frame restrictions, and more. If the default configurations are overridden, the protections may be disabled even though the CSP itself is still enabled. This default policy must be validated and maintained over time.&lt;/VulnDiscussion&gt;&lt;FalsePositives&gt;&lt;/FalsePositives&gt;&lt;FalseNegatives&gt;&lt;/FalseNegatives&gt;&lt;Documentable&gt;false&lt;/Documentable&gt;&lt;Mitigations&gt;&lt;/Mitigations&gt;&lt;SecurityOverrideGuidance&gt;&lt;/SecurityOverrideGuidance&gt;&lt;PotentialImpacts&gt;&lt;/PotentialImpacts&gt;&lt;ThirdPartyTools&gt;&lt;/ThirdPartyTools&gt;&lt;MitigationControl&gt;&lt;/MitigationControl&gt;&lt;Responsibility&gt;&lt;/Responsibility&gt;&lt;IAControls&gt;&lt;/IAControls&gt;</description>
      <ident system="http://cyber.mil/cci">CCI-000366</ident>
      <fixtext>On the Horizon Connection Server, navigate to "&lt;install_directory&gt;\Program Files\VMware\VMware View\Server\sslgateway\conf".

If a file named "locked.properties" does not exist in this path, this is not a finding.

Open the "locked.properties" file in a text editor. Find and remove the following settings, if present:

content-security-policy
content-security-policy-newadmin
content-security-policy-portal
content-security-policy-rest

Save and close the file.

Restart the "VMware Horizon View Connection Server" service for changes to take effect.</fixtext>
      <check system="N/A">
        <check-content>On the Horizon Connection Server, navigate to "&lt;install_directory&gt;\Program Files\VMware\VMware View\Server\sslgateway\conf".

If a file named "locked.properties" does not exist in this path, this is not a finding.

Open the "locked.properties" file in a text editor. Find the following settings:

content-security-policy
content-security-policy-newadmin
content-security-policy-portal
content-security-policy-rest

If any of the above settings are present, this is a finding.</check-content>
      </check>
    </Rule>
  </Group>
  <Group id="HZNV-8X-000140">
    <title>SRG-APP-000516-AS-000237</title>
    <Rule id="SV-HZNV-8X-000140" severity="medium" weight="10.0">
      <version>HZNV-8X-000140</version>
      <title>The PCoIP Secure Gateway must be configured with a DoD-issued TLS certificate.</title>
      <description>&lt;VulnDiscussion&gt;The DoD will only accept PKI certificates obtained from a DoD-approved internal or external certificate authority (CA). If the CA used for verifying the certificate is not a DoD-approved CA, trust of the CA will not be established.

The PCoIP Secure Gateway supports the replacement of the default, self-signed certificate with one issued by a DoD CA. This is accomplished through the normal Windows Server certificate management tools. For simplicity, it is recommended to use the same certificate as previously configured for the Connection Server itself via the certificate with the "vdm" friendly name.&lt;/VulnDiscussion&gt;&lt;FalsePositives&gt;&lt;/FalsePositives&gt;&lt;FalseNegatives&gt;&lt;/FalseNegatives&gt;&lt;Documentable&gt;false&lt;/Documentable&gt;&lt;Mitigations&gt;&lt;/Mitigations&gt;&lt;SecurityOverrideGuidance&gt;&lt;/SecurityOverrideGuidance&gt;&lt;PotentialImpacts&gt;&lt;/PotentialImpacts&gt;&lt;ThirdPartyTools&gt;&lt;/ThirdPartyTools&gt;&lt;MitigationControl&gt;&lt;/MitigationControl&gt;&lt;Responsibility&gt;&lt;/Responsibility&gt;&lt;IAControls&gt;&lt;/IAControls&gt;</description>
      <ident system="http://cyber.mil/cci">CCI-000366</ident>
      <fixtext>On the Horizon Connection Server, launch the Registry Editor.

Traverse the registry tree to "HKEY_LOCAL_MACHINE\SOFTWARE\Teradici\SecurityGateway".

Option One - Use the same certificate as the Connection Server:

&gt; Create a new String (REG_SZ) key named "SSLCertWinCertFriendlyName".

&gt; Set its value to "vdm".

Option Two - Use a different certificate for the PCoIP Secure Gateway:

&gt; Create a new String (REG_SZ) key named "SSLCertWinCertFriendlyName".

&gt; Set its value ("pcoip", for example).

&gt; Obtain a web server certificate from a DoD CA, specifying the common name as the Horizon Connection server FQDN, the signing algorithm as "SHA256" and the key strength of at least "1024 bits".

&gt; Export the certificate and private key to a password-protected PFX bundle.

&gt; Right-click on the Personal &gt;&gt; Certificates folder.

&gt; Select All Tasks &gt;&gt; Import.

&gt; Click "Next", then "Browse...", then navigate to the .pfx bundle and click "Open".

&gt; Click "Next", supply the password, select "Mark this key as exportable" and "Include all extended properties", then click "Next", "Next" and "Finish".

&gt; Right-click the newly imported certificate and select "Properties".

&gt; Change the "Friendly name" to what was set earlier ("pcoip", for example). This name must be exact in name and case, as set above. Click "OK".

Restart the "VMware Horizon View PCoIP Secure Gateway" service for changes to take effect.</fixtext>
      <check system="N/A">
        <check-content>On the Horizon Connection Server, launch the Registry Editor.

Traverse the registry tree to "HKEY_LOCAL_MACHINE\SOFTWARE\Teradici\SecurityGateway".

Locate the "SSLCertWinCertFriendlyName" key.

If "SSLCertWinCertFriendlyName" does not exist, this is a finding.

If "SSLCertWinCertFriendlyName" is set to "vdm", this is not a finding.

If "SSLCertWinCertFriendlyName" is present, but the value is not set to "vdm", perform the following steps:

&gt; Note the value of "SSLCertWinCertFriendlyName". This is the friendly name of the PCoIP Secure Gateway certificate.

&gt; On the Horizon Connection Server, open "certlm.msc" or "certmgr.msc" (Certificate Management - Local Computer).

&gt; Select Personal &gt;&gt; Certificates.

&gt; In the right pane, locate the certificate with the "Friendly Name" of the previously noted value of "SSLCertWinCertFriendlyName".

&gt; For this certificate, locate the issuer in the "Issued By" column.

If the PCoIP Secure Gateway certificate is not "Issued By" a trusted DoD CA, this is a finding.

Note: If the PCoIP Secure Gateway is not enabled, this is not applicable.</check-content>
      </check>
    </Rule>
  </Group>
  <Group id="HZNV-8X-000141">
    <title>SRG-APP-000516-AS-000237</title>
    <Rule id="SV-HZNV-8X-000141" severity="medium" weight="10.0">
      <version>HZNV-8X-000141</version>
      <title>The Horizon Connection Server must not allow unauthenticated access.</title>
      <description>&lt;VulnDiscussion&gt;When the Horizon native smart card capability is not set to "Required", the option for "Unauthenticated Access" is enabled. This would be true in the case of an external IdP providing authentication via SAML.

The "Unauthenticated Access" option allows users to access published applications from a Horizon Client without requiring AD credentials. This is typically implemented as a convenience when serving up an application that has its own security and user management.

This configuration is not acceptable in the DoD and must be disabled.&lt;/VulnDiscussion&gt;&lt;FalsePositives&gt;&lt;/FalsePositives&gt;&lt;FalseNegatives&gt;&lt;/FalseNegatives&gt;&lt;Documentable&gt;false&lt;/Documentable&gt;&lt;Mitigations&gt;&lt;/Mitigations&gt;&lt;SecurityOverrideGuidance&gt;&lt;/SecurityOverrideGuidance&gt;&lt;PotentialImpacts&gt;&lt;/PotentialImpacts&gt;&lt;ThirdPartyTools&gt;&lt;/ThirdPartyTools&gt;&lt;MitigationControl&gt;&lt;/MitigationControl&gt;&lt;Responsibility&gt;&lt;/Responsibility&gt;&lt;IAControls&gt;&lt;/IAControls&gt;</description>
      <ident system="http://cyber.mil/cci">CCI-000366</ident>
      <fixtext>Log in to the Horizon Connection Server Console.

From the left pane, navigate to Settings &gt;&gt; Servers.

In the right pane, select the "Connection Servers" tab.

For each Connection Server listed, select the server and click "Edit".

Click the "Authentication" tab.

In the drop-down below  Horizon Authentication &gt;&gt; Unauthenticated Access, select "Disabled".

Click "OK".

Restart the "VMware Horizon View Connection Server" service for changes to take effect.</fixtext>
      <check system="N/A">
        <check-content>Log in to the Horizon Connection Server Console.

From the left pane, navigate to Settings &gt;&gt; Servers.

In the right pane, select the "Connection Servers" tab.

For each Connection Server listed, select the server and click "Edit".

Click the "Authentication" tab.

Under "Horizon Authentication", find the value in the drop-down below "Unauthenticated Access".

If "Unauthenticated Access" is set to "Enabled", this is a finding.

Note: If "Smart card authentication for users" is set to "Required", this setting is automatically disabled and greyed out, making this control not applicable.</check-content>
      </check>
    </Rule>
  </Group>
  <Group id="HZNV-8X-000142">
    <title>SRG-APP-000516-AS-000237</title>
    <Rule id="SV-HZNV-8X-000142" severity="medium" weight="10.0">
      <version>HZNV-8X-000142</version>
      <title>The Horizon Connection Server must require CAC reauthentication after user idle timeouts.</title>
      <description>&lt;VulnDiscussion&gt;If a user VDI session times out due to inactivity, the user must be assumed not to be active and their resources must be locked. These resources should only be made available again upon the user reauthenticating, versus reusing the initial connection. This ensures that the connection has not been hijacked and re-establishes nonrepudiation.

Satisfies: SRG-APP-000400-AS-000246&lt;/VulnDiscussion&gt;&lt;FalsePositives&gt;&lt;/FalsePositives&gt;&lt;FalseNegatives&gt;&lt;/FalseNegatives&gt;&lt;Documentable&gt;false&lt;/Documentable&gt;&lt;Mitigations&gt;&lt;/Mitigations&gt;&lt;SecurityOverrideGuidance&gt;&lt;/SecurityOverrideGuidance&gt;&lt;PotentialImpacts&gt;&lt;/PotentialImpacts&gt;&lt;ThirdPartyTools&gt;&lt;/ThirdPartyTools&gt;&lt;MitigationControl&gt;&lt;/MitigationControl&gt;&lt;Responsibility&gt;&lt;/Responsibility&gt;&lt;IAControls&gt;&lt;/IAControls&gt;</description>
      <ident system="http://cyber.mil/cci">CCI-000366</ident>
      <fixtext>Log in to the Horizon Connection Server Console.

From the left pane, navigate to Settings &gt;&gt; Global Settings.

In the right pane, click the "General Settings" tab.

Click "Edit".

Select the checkbox next to "Enable 2-Factor Reauthentication".

Click "OK".</fixtext>
      <check system="N/A">
        <check-content>Log in to the Horizon Connection Server Console.

From the left pane, navigate to Settings &gt;&gt; Global Settings.

In the right pane, click the "General Settings" tab.

If the value of "Enable 2-Factor Reauthentication" is set to "No", this is a finding.</check-content>
      </check>
    </Rule>
  </Group>
  <Group id="HZNV-8X-000143">
    <title>SRG-APP-000516-AS-000237</title>
    <Rule id="SV-HZNV-8X-000143" severity="medium" weight="10.0">
      <version>HZNV-8X-000143</version>
      <title>The Horizon Connection Server must be configured to restrict USB passthrough access.</title>
      <description>&lt;VulnDiscussion&gt;One of the many benefits of VDI is the separation of the end user from the "desktop" they are accessing. This helps mitigate the risks imposed by physical access. In a traditional desktop scenario, and from a security perspective, physical access is equivalent to ownership. USB devices are physical devices that interact at the driver layer with the guest operating system and are inherently problematic. There are numerous risks posed by USB, including the driver stack, data loss prevention, and malicious devices. Client USB devices are not necessary for general purpose VDI desktops and must be disabled broadly and only enabled selectively as necessary.

Note: USB mouse, keyboard and smart card devices are abstracted by Horizon and are not affected by these Horizon configurations.&lt;/VulnDiscussion&gt;&lt;FalsePositives&gt;&lt;/FalsePositives&gt;&lt;FalseNegatives&gt;&lt;/FalseNegatives&gt;&lt;Documentable&gt;false&lt;/Documentable&gt;&lt;Mitigations&gt;&lt;/Mitigations&gt;&lt;SecurityOverrideGuidance&gt;&lt;/SecurityOverrideGuidance&gt;&lt;PotentialImpacts&gt;&lt;/PotentialImpacts&gt;&lt;ThirdPartyTools&gt;&lt;/ThirdPartyTools&gt;&lt;MitigationControl&gt;&lt;/MitigationControl&gt;&lt;Responsibility&gt;&lt;/Responsibility&gt;&lt;IAControls&gt;&lt;/IAControls&gt;</description>
      <ident system="http://cyber.mil/cci">CCI-000366</ident>
      <fixtext>Option One - Disable USB Access Globally:

&gt; Log in to the Horizon Connection Server Console.

&gt; From the left pane, navigate to Settings &gt;&gt; Global Policies.

&gt; In the right pane, click "Edit Policies".

&gt; In the drop-down next to "USB Access", select "Deny".

&gt; Click "OK".

Option Two - Confirm per-pool settings:

&gt; Log in to the Horizon Connection Server Console.

&gt; From the left pane, navigate to Inventory &gt;&gt; Desktops.

&gt; In the right pane, click the name of each pool that does not explicitly require access to USB devices.

&gt; In the next screen, click the "Policies" tab.

&gt; Click "Edit Policies".

&gt; In the dropdown next to "USB Access", select "Inherit".

&gt; Click "OK".

&gt; Click the "Policy Overrides" tab.

&gt; "Edit" or "Remove" as necessary to ensure that configured users with "USB Access" set to "Allow" are as limited as possible.</fixtext>
      <check system="N/A">
        <check-content>Interview the SA. USB devices can be blocked in a number of ways:

1. The desktop OS
2. A third party DLP solution
3. Horizon Agent configuration and GPOs
4. Horizon Connection Server global policies
5. Horizon Connection Server per-pool policies

If 1, 2, or 3 are implemented in this environment, this control is not applicable. Number three is addressed in the Horizon Agent STIG.

Option One - Disable USB Access Globally:

&gt; Log in to the Horizon Connection Server Console.

&gt; From the left pane, navigate to Settings &gt;&gt; Global Policies.

&gt; In the right pane, confirm that "USB Access" is set to "Deny".

&gt; If "USB Access" is not set to "Deny", this is a finding.

Option Two - Confirm per-pool settings:

&gt; Log in to the Horizon Connection Server Console.

&gt; From the left pane, navigate to Inventory &gt;&gt; Desktops.

&gt; In the right pane, click the name of each pool that does not explicitly require access to USB devices.

&gt; In the next screen, click the "Policies" tab.

&gt; Confirm that "Applied Policy" is set to "Deny".

&gt; If "Applied Policy" is not set to "Deny", this is a finding.

&gt; Click the "Policy Overrides" tab.

&gt; Highlight each user.

&gt; If "USB Access" is set to "Allow" for any user, ensure the exception is required and authorized.

&gt; If any user has an override configured that is not required or authorized, this is a finding.</check-content>
      </check>
    </Rule>
  </Group>
  <Group id="HZNV-8X-000144">
    <title>SRG-APP-000516-AS-000237</title>
    <Rule id="SV-HZNV-8X-000144" severity="medium" weight="10.0">
      <version>HZNV-8X-000144</version>
      <title>The Horizon Connection Server must prevent MIME type sniffing.</title>
      <description>&lt;VulnDiscussion&gt;MIME types define how a given type of file is intended to be processed by the browser. Modern browsers are capable of determining the content type of a file by byte headers and content inspection, allowing the server dictated type to be overridden. An example would be a ".js" that was sent with a "jpg" mime type versus a JavaScript mime type. The browser would normally "correct" this and process the file as JavaScript. The danger is that a given file could be disguised as something else on the server, like JavaScript, opening up the door to cross-site scripting. 

To disable browser "sniffing" of content type, the Connection Server sends the "x-content-type-options: nosniff" header by default. This configuration must be validated and maintained over time.&lt;/VulnDiscussion&gt;&lt;FalsePositives&gt;&lt;/FalsePositives&gt;&lt;FalseNegatives&gt;&lt;/FalseNegatives&gt;&lt;Documentable&gt;false&lt;/Documentable&gt;&lt;Mitigations&gt;&lt;/Mitigations&gt;&lt;SecurityOverrideGuidance&gt;&lt;/SecurityOverrideGuidance&gt;&lt;PotentialImpacts&gt;&lt;/PotentialImpacts&gt;&lt;ThirdPartyTools&gt;&lt;/ThirdPartyTools&gt;&lt;MitigationControl&gt;&lt;/MitigationControl&gt;&lt;Responsibility&gt;&lt;/Responsibility&gt;&lt;IAControls&gt;&lt;/IAControls&gt;</description>
      <ident system="http://cyber.mil/cci">CCI-000366</ident>
      <fixtext>On the Horizon Connection Server, navigate to "&lt;install_directory&gt;\VMware\VMware View\Server\sslgateway\conf".

Open the "locked.properties" file in a text editor.

Remove the following line:

x-content-type-options=false

Save and close the file.

Restart the "VMware Horizon View Connection Server" service for changes to take effect.</fixtext>
      <check system="N/A">
        <check-content>On the Horizon Connection Server, navigate to "&lt;install_directory&gt;\VMware\VMware View\Server\sslgateway\conf".

If a file named "locked.properties" does not exist in this path, this is not a finding.

Open the "locked.properties" file in a text editor. Find the "x-content-type-options" setting.

If there is no "x-content-type-options" setting, this is not a finding.

If "x-content-type-options" is present and set to "false", this is a finding.</check-content>
      </check>
    </Rule>
  </Group>
</Benchmark>
