<?xml version="1.0" encoding="UTF-8"?><?xml-stylesheet type="text/xsl" href="STIG_unclass.xsl"?>
<Benchmark xmlns:dc="http://purl.org/dc/elements/1.1/" xmlns:xsi="http://www.w3.org/2001/XMLSchema-instance" xmlns:cpe="http://cpe.mitre.org/language/2.0" xmlns:xhtml="http://www.w3.org/1999/xhtml" xmlns:dsig="http://www.w3.org/2000/09/xmldsig#" xsi:schemaLocation="http://checklists.nist.gov/xccdf/1.1 http://nvd.nist.gov/schema/xccdf-1.1.4.xsdhttp://cpe.mitre.org/dictionary/2.0 http://cpe.mitre.org/files/cpe-dictionary_2.1.xsd" id="Horizon 8 Client" xml:lang="en" xmlns="http://checklists.nist.gov/xccdf/1.1">
  <status date="2022-10-10">draft</status>
  <title>VMware Horizon 8 Client STIG Readiness Guide</title>
  <description/>
  <notice id="terms-of-use" xml:lang="en"/>
  <front-matter xml:lang="en"/>
  <rear-matter xml:lang="en"/>
  <reference href="">
    <dc:publisher/>
    <dc:source/>
  </reference>
  <plain-text id="release-info">Release: 1 Benchmark Date: 10 Oct 2022</plain-text>
  <plain-text id="generator">3.2.2.36079</plain-text>
  <plain-text id="conventionsVersion">1.10.0</plain-text>
  <version>1</version>
  <Group id="HZNC-8X-000124">
    <title>SRG-APP-000516-AS-000237</title>
    <Rule id="SV-HZNC-8X-000124" severity="medium" weight="10.0">
      <version>HZNC-8X-000124</version>
      <title>The Horizon Client must not send anonymized usage data.</title>
      <description>&lt;VulnDiscussion&gt;By default, the Horizon Client collects anonymized data from the client systems to help improve software and hardware compatibility. To eliminate any possibility of sensitive DoD configurations being known to unauthorized parties, even when anonymized, this setting must be disabled.&lt;/VulnDiscussion&gt;&lt;FalsePositives&gt;&lt;/FalsePositives&gt;&lt;FalseNegatives&gt;&lt;/FalseNegatives&gt;&lt;Documentable&gt;false&lt;/Documentable&gt;&lt;Mitigations&gt;&lt;/Mitigations&gt;&lt;SecurityOverrideGuidance&gt;&lt;/SecurityOverrideGuidance&gt;&lt;PotentialImpacts&gt;&lt;/PotentialImpacts&gt;&lt;ThirdPartyTools&gt;&lt;/ThirdPartyTools&gt;&lt;MitigationControl&gt;&lt;/MitigationControl&gt;&lt;Responsibility&gt;&lt;/Responsibility&gt;&lt;IAControls&gt;&lt;/IAControls&gt;</description>
      <ident system="http://cyber.mil/cci">CCI-000366</ident>
      <fixtext>Ensure the vdm_client*.admx templates have been added to the Active Directory Domain.

Open the "Group Policy Management" MMC snap-in, then open the applicable GPO that is applying the Horizon Client settings to the desktop machines.

Navigate to Computer Configuration &gt;&gt; Administrative Templates &gt;&gt; VMware Horizon Client Configuration.

Double-click the "Allow data sharing" setting.

Ensure "Allow data sharing" is set to "Disabled".

Click "OK".</fixtext>
      <check system="N/A">
        <check-content>Ensure the vdm_client*.admx templates have been added to the Active Directory Domain.

Open the "Group Policy Management" MMC snap-in, then open the applicable GPO that is applying the Horizon Client settings to the desktop machines.

Navigate to Computer Configuration &gt;&gt; Administrative Templates &gt;&gt; VMware Horizon Client Configuration.

If "Allow data sharing" is set to "Enabled" or "Not Configured", this is a finding.</check-content>
      </check>
    </Rule>
  </Group>
  <Group id="HZNC-8X-000125">
    <title>SRG-APP-000516-AS-000237</title>
    <Rule id="SV-HZNC-8X-000125" severity="medium" weight="10.0">
      <version>HZNC-8X-000125</version>
      <title>The Horizon Client must not store a logon username.</title>
      <description>&lt;VulnDiscussion&gt;The Horizon Client allows for storing a username and password in order to facilitate authentication with a connection server. This configuration is not acceptable in the DoD and must not be enabled.&lt;/VulnDiscussion&gt;&lt;FalsePositives&gt;&lt;/FalsePositives&gt;&lt;FalseNegatives&gt;&lt;/FalseNegatives&gt;&lt;Documentable&gt;false&lt;/Documentable&gt;&lt;Mitigations&gt;&lt;/Mitigations&gt;&lt;SecurityOverrideGuidance&gt;&lt;/SecurityOverrideGuidance&gt;&lt;PotentialImpacts&gt;&lt;/PotentialImpacts&gt;&lt;ThirdPartyTools&gt;&lt;/ThirdPartyTools&gt;&lt;MitigationControl&gt;&lt;/MitigationControl&gt;&lt;Responsibility&gt;&lt;/Responsibility&gt;&lt;IAControls&gt;&lt;/IAControls&gt;</description>
      <ident system="http://cyber.mil/cci">CCI-000366</ident>
      <fixtext>Ensure the vdm_client*.admx templates have been added to the Active Directory Domain.

Open the "Group Policy Management" MMC snap-in, then open the applicable GPO that is applying the Horizon Client settings to the desktop machines.

Navigate to Computer Configuration &gt;&gt; Administrative Templates &gt;&gt; VMware Horizon Client Configuration &gt;&gt; Scripting definitions.

Double-click the "Logon UserName" setting.

Ensure "Logon UserName" is set to either "Not Configured" or "Disabled".

Click "OK".</fixtext>
      <check system="N/A">
        <check-content>Ensure the vdm_client*.admx templates have been added to the Active Directory Domain.

Open the "Group Policy Management" MMC snap-in, then open the applicable GPO that is applying the Horizon Client settings to the desktop machines.

Navigate to Computer Configuration &gt;&gt; Administrative Templates &gt;&gt; VMware Horizon Client Configuration &gt;&gt; Scripting definitions.

If "Logon UserName" is set to "Enabled", this is a finding.</check-content>
      </check>
    </Rule>
  </Group>
  <Group id="HZNC-8X-000126">
    <title>SRG-APP-000516-AS-000237</title>
    <Rule id="SV-HZNC-8X-000126" severity="medium" weight="10.0">
      <version>HZNC-8X-000126</version>
      <title>The Horizon Client must not store a logon password.</title>
      <description>&lt;VulnDiscussion&gt;The Horizon Client allows for storing a username and password in order to facilitate authentication with a connection server. The password is stored in plain text in the registry. This configuration is not acceptable in the DoD and must not be enabled.&lt;/VulnDiscussion&gt;&lt;FalsePositives&gt;&lt;/FalsePositives&gt;&lt;FalseNegatives&gt;&lt;/FalseNegatives&gt;&lt;Documentable&gt;false&lt;/Documentable&gt;&lt;Mitigations&gt;&lt;/Mitigations&gt;&lt;SecurityOverrideGuidance&gt;&lt;/SecurityOverrideGuidance&gt;&lt;PotentialImpacts&gt;&lt;/PotentialImpacts&gt;&lt;ThirdPartyTools&gt;&lt;/ThirdPartyTools&gt;&lt;MitigationControl&gt;&lt;/MitigationControl&gt;&lt;Responsibility&gt;&lt;/Responsibility&gt;&lt;IAControls&gt;&lt;/IAControls&gt;</description>
      <ident system="http://cyber.mil/cci">CCI-000366</ident>
      <fixtext>Ensure the vdm_client*.admx templates have been added to the Active Directory Domain.

Open the "Group Policy Management" MMC snap-in, then open the applicable GPO that is applying the Horizon Client settings to the desktop machines.

Navigate to Computer Configuration &gt;&gt; Administrative Templates &gt;&gt; VMware Horizon Client Configuration &gt;&gt; Scripting definitions.

Double-click the "Logon Password" setting.

Ensure "Logon Password" is set to either "Not Configured" or "Disabled".

Click "OK".</fixtext>
      <check system="N/A">
        <check-content>Ensure the vdm_client*.admx templates have been added to the Active Directory Domain.

Open the "Group Policy Management" MMC snap-in, then open the applicable GPO that is applying the Horizon Client settings to the desktop machines.

Navigate to Computer Configuration &gt;&gt; Administrative Templates &gt;&gt; VMware Horizon Client Configuration &gt;&gt; Scripting definitions.

If "Logon Password" is set to "Enabled", this is a finding.</check-content>
      </check>
    </Rule>
  </Group>
  <Group id="HZNC-8X-000127">
    <title>SRG-APP-000516-AS-000237</title>
    <Rule id="SV-HZNC-8X-000127" severity="medium" weight="10.0">
      <version>HZNC-8X-000127</version>
      <title>The Horizon Client must not allow unauthenticated access.</title>
      <description>&lt;VulnDiscussion&gt;When the Horizon native smart card capability is not set to "Required", the option for "Unauthenticated Access" is enabled. The "Unauthenticated Access" option allows users to access published applications from a Horizon Client without requiring AD credentials. This is typically implemented as a convenience when serving up an application that has its own security and user management. This configuration is not acceptable in the DoD and must be disabled.

In certain configurations, connections can be made directly to a machine with the Horizon Agent installed, potentially bypassing the Connection Server having unauthenticated access disabled. Because of that, the Client must also be configured to not allow unauthenticated access.&lt;/VulnDiscussion&gt;&lt;FalsePositives&gt;&lt;/FalsePositives&gt;&lt;FalseNegatives&gt;&lt;/FalseNegatives&gt;&lt;Documentable&gt;false&lt;/Documentable&gt;&lt;Mitigations&gt;&lt;/Mitigations&gt;&lt;SecurityOverrideGuidance&gt;&lt;/SecurityOverrideGuidance&gt;&lt;PotentialImpacts&gt;&lt;/PotentialImpacts&gt;&lt;ThirdPartyTools&gt;&lt;/ThirdPartyTools&gt;&lt;MitigationControl&gt;&lt;/MitigationControl&gt;&lt;Responsibility&gt;&lt;/Responsibility&gt;&lt;IAControls&gt;&lt;/IAControls&gt;</description>
      <ident system="http://cyber.mil/cci">CCI-000366</ident>
      <fixtext>Ensure the vdm_client*.admx templates have been added to the Active Directory Domain.

Open the "Group Policy Management" MMC snap-in, then open the applicable GPO that is applying the Horizon Client settings to the desktop machines.

Navigate to Computer Configuration &gt;&gt; Administrative Templates &gt;&gt; VMware Horizon Client Configuration &gt;&gt; Scripting definitions.

Ensure "Enable Unauthenticated Access to the server" is set to "Disabled".

Click "OK".</fixtext>
      <check system="N/A">
        <check-content>Ensure the vdm_client*.admx templates have been added to the Active Directory Domain.

Open the "Group Policy Management" MMC snap-in, then open the applicable GPO that is applying the Horizon Client settings to the desktop machines.

Navigate to Computer Configuration &gt;&gt; Administrative Templates &gt;&gt; VMware Horizon Client Configuration &gt;&gt; Scripting definitions.

If "Enable Unauthenticated Access to the server" is not set to "Disabled", this is a finding.</check-content>
      </check>
    </Rule>
  </Group>
  <Group id="HZNC-8X-000128">
    <title>SRG-APP-000516-AS-000237</title>
    <Rule id="SV-HZNC-8X-000128" severity="medium" weight="10.0">
      <version>HZNC-8X-000128</version>
      <title>The Horizon Client must not connect local USB devices to the remote desktop when they are plugged in.</title>
      <description>&lt;VulnDiscussion&gt;While there may be legitimate reasons to pass USB devices to the desktop, these must be carefully analyzed for necessity. In general, USB devices must never be passed through, in keeping with long-standing DoD data loss prevention policies. As thumb drives are disallowed for physical PCs, so should they be for virtual desktops. Preventing USB pass-through can be accomplished in several ways, including natively in the Horizon Client.&lt;/VulnDiscussion&gt;&lt;FalsePositives&gt;&lt;/FalsePositives&gt;&lt;FalseNegatives&gt;&lt;/FalseNegatives&gt;&lt;Documentable&gt;false&lt;/Documentable&gt;&lt;Mitigations&gt;&lt;/Mitigations&gt;&lt;SecurityOverrideGuidance&gt;&lt;/SecurityOverrideGuidance&gt;&lt;PotentialImpacts&gt;&lt;/PotentialImpacts&gt;&lt;ThirdPartyTools&gt;&lt;/ThirdPartyTools&gt;&lt;MitigationControl&gt;&lt;/MitigationControl&gt;&lt;Responsibility&gt;&lt;/Responsibility&gt;&lt;IAControls&gt;&lt;/IAControls&gt;</description>
      <ident system="http://cyber.mil/cci">CCI-000366</ident>
      <fixtext>Ensure the vdm_client*.admx templates have been added to the Active Directory Domain.

Open the "Group Policy Management" MMC snap-in, then open the applicable GPO that is applying the Horizon Client settings to the desktop machines.

Navigate to Computer Configuration &gt;&gt; Administrative Templates &gt;&gt; VMware Horizon Client Configuration &gt;&gt; Scripting definitions.

Ensure "Connect USB devices to the desktop or remote application when they are plugged in" is set to either "Not configured" or "Disabled".

Click "OK".</fixtext>
      <check system="N/A">
        <check-content>Ensure the vdm_client*.admx templates have been added to the Active Directory Domain.

Open the "Group Policy Management" MMC snap-in, then open the applicable GPO that is applying the Horizon Client settings to the desktop machines.

Navigate to Computer Configuration &gt;&gt; Administrative Templates &gt;&gt; VMware Horizon Client Configuration &gt;&gt; Scripting definitions.

If "Connect USB devices to the desktop or remote application when they are plugged in" is set to "Enabled", this is a finding.</check-content>
      </check>
    </Rule>
  </Group>
  <Group id="HZNC-8X-000129">
    <title>SRG-APP-000516-AS-000237</title>
    <Rule id="SV-HZNC-8X-000129" severity="medium" weight="10.0">
      <version>HZNC-8X-000129</version>
      <title>The Horizon Client must not connect local USB devices to the remote desktop on launch.</title>
      <description>&lt;VulnDiscussion&gt;While there may be legitimate reasons to pass USB devices to the desktop, these must be carefully analyzed for necessity. In general, USB devices must never be passed through, in keeping with long-standing DoD data loss prevention policies. As thumb drives are disallowed for physical PCs, so should they be for virtual desktops. Preventing USB pass-through can be accomplished in several ways, including natively in the Horizon Client.&lt;/VulnDiscussion&gt;&lt;FalsePositives&gt;&lt;/FalsePositives&gt;&lt;FalseNegatives&gt;&lt;/FalseNegatives&gt;&lt;Documentable&gt;false&lt;/Documentable&gt;&lt;Mitigations&gt;&lt;/Mitigations&gt;&lt;SecurityOverrideGuidance&gt;&lt;/SecurityOverrideGuidance&gt;&lt;PotentialImpacts&gt;&lt;/PotentialImpacts&gt;&lt;ThirdPartyTools&gt;&lt;/ThirdPartyTools&gt;&lt;MitigationControl&gt;&lt;/MitigationControl&gt;&lt;Responsibility&gt;&lt;/Responsibility&gt;&lt;IAControls&gt;&lt;/IAControls&gt;</description>
      <ident system="http://cyber.mil/cci">CCI-000366</ident>
      <fixtext>Ensure the vdm_client*.admx templates have been added to the Active Directory Domain.

Open the "Group Policy Management" MMC snap-in, then open the applicable GPO that is applying the Horizon Client settings to the desktop machines.

Navigate to Computer Configuration &gt;&gt; Administrative Templates &gt;&gt; VMware Horizon Client Configuration &gt;&gt; Scripting definitions.

Ensure "Connect all USB devices to the desktop or remote application on launch" is set to either "Not configured" or "Disabled".

Click "OK".</fixtext>
      <check system="N/A">
        <check-content>Ensure the vdm_client*.admx templates have been added to the Active Directory Domain.

Open the "Group Policy Management" MMC snap-in, then open the applicable GPO that is applying the Horizon Client settings to the desktop machines.

Navigate to Computer Configuration &gt;&gt; Administrative Templates &gt;&gt; VMware Horizon Client Configuration &gt;&gt; Scripting definitions.

If "Connect all USB devices to the desktop or remote application on launch" is set to "Enabled", this is a finding.</check-content>
      </check>
    </Rule>
  </Group>
  <Group id="HZNC-8X-000130">
    <title>SRG-APP-000516-AS-000237</title>
    <Rule id="SV-HZNC-8X-000130" severity="medium" weight="10.0">
      <version>HZNC-8X-000130</version>
      <title>The Horizon Client must not allow command line credentials.</title>
      <description>&lt;VulnDiscussion&gt;The Horizon Client by default has a number of command line options, including authentication parameters. These can include a smart card PIN, if configured by the end user. This would normally be implemented by a script, which would then mean plain text sensitive authenticators would be stored on disk. Hard coding of credentials of any variety, especially smart card PINs, must be explicitly disallowed.&lt;/VulnDiscussion&gt;&lt;FalsePositives&gt;&lt;/FalsePositives&gt;&lt;FalseNegatives&gt;&lt;/FalseNegatives&gt;&lt;Documentable&gt;false&lt;/Documentable&gt;&lt;Mitigations&gt;&lt;/Mitigations&gt;&lt;SecurityOverrideGuidance&gt;&lt;/SecurityOverrideGuidance&gt;&lt;PotentialImpacts&gt;&lt;/PotentialImpacts&gt;&lt;ThirdPartyTools&gt;&lt;/ThirdPartyTools&gt;&lt;MitigationControl&gt;&lt;/MitigationControl&gt;&lt;Responsibility&gt;&lt;/Responsibility&gt;&lt;IAControls&gt;&lt;/IAControls&gt;</description>
      <ident system="http://cyber.mil/cci">CCI-000366</ident>
      <fixtext>Ensure the vdm_client*.admx templates have been added to the Active Directory Domain.

Open the "Group Policy Management" MMC snap-in, then open the applicable GPO that is applying the Horizon Client settings to the desktop machines.

Navigate to Computer Configuration &gt;&gt; Administrative Templates &gt;&gt; VMware Horizon Client Configuration &gt;&gt; Security Settings.

Double-click "Allow command line credentials".

Ensure "Allow command line credentials" is set to "Disabled".

Click "OK".</fixtext>
      <check system="N/A">
        <check-content>Ensure the vdm_client*.admx templates have been added to the Active Directory Domain.

Open the "Group Policy Management" MMC snap-in, then open the applicable GPO that is applying the Horizon Client settings to the desktop machines.

Navigate to Computer Configuration &gt;&gt; Administrative Templates &gt;&gt; VMware Horizon Client Configuration &gt;&gt; Security Settings. 

If "Allow command line credentials" is set to "Not Configured" or "Enabled", this is a finding.</check-content>
      </check>
    </Rule>
  </Group>
  <Group id="HZNC-8X-000131">
    <title>SRG-APP-000516-AS-000237</title>
    <Rule id="SV-HZNC-8X-000131" severity="medium" weight="10.0">
      <version>HZNC-8X-000131</version>
      <title>The Horizon Client must not connect to servers without fully verifying the server certificate.</title>
      <description>&lt;VulnDiscussion&gt;Preventing the disclosure of transmitted information requires that the device or machine take measures to employ some form of cryptographic mechanism in order to protect the information during transmission. This is usually achieved through the use of Transport Layer Security (TLS).

The Horizon Client connects to the Connection Server, UAG or other gateway via a TLS connection. This initial connection must be trusted, otherwise the sensitive information flowing over the tunnel could potentially be open to interception. The Horizon Client can be configured to ignore any certificate validation errors, warn, or fail.

By default, the Client will warn and let the user decide whether to proceed or not. This decision must not be left to the end user. In a properly configured, enterprise environment, there should be no issues with the presented certificate. On the other hand, allowing the end user to click through any errors allows a TLS connection to be intercepted and subjected to a man-in-the-middle attack.&lt;/VulnDiscussion&gt;&lt;FalsePositives&gt;&lt;/FalsePositives&gt;&lt;FalseNegatives&gt;&lt;/FalseNegatives&gt;&lt;Documentable&gt;false&lt;/Documentable&gt;&lt;Mitigations&gt;&lt;/Mitigations&gt;&lt;SecurityOverrideGuidance&gt;&lt;/SecurityOverrideGuidance&gt;&lt;PotentialImpacts&gt;&lt;/PotentialImpacts&gt;&lt;ThirdPartyTools&gt;&lt;/ThirdPartyTools&gt;&lt;MitigationControl&gt;&lt;/MitigationControl&gt;&lt;Responsibility&gt;&lt;/Responsibility&gt;&lt;IAControls&gt;&lt;/IAControls&gt;</description>
      <ident system="http://cyber.mil/cci">CCI-000366</ident>
      <fixtext>Ensure the vdm_client*.admx templates have been added to the Active Directory Domain.

Open the "Group Policy Management" MMC snap-in, then open the applicable GPO that is applying the Horizon Client settings to the desktop machines.

Navigate to Computer Configuration &gt;&gt; Administrative Templates &gt;&gt; VMware Horizon Client Configuration &gt;&gt; Security Settings.

Double-click "Certificate verification mode".

Make sure "Certificate verification mode" is set to "Enabled".

In the dropdown below "Certificate verification mode", select "Full Security".

Click "OK".</fixtext>
      <check system="N/A">
        <check-content>Ensure the vdm_client*.admx templates have been added to the Active Directory Domain.

Open the "Group Policy Management" MMC snap-in, then open the applicable GPO that is applying the Horizon Client settings to the desktop machines.

Navigate to Computer Configuration &gt;&gt; Administrative Templates &gt;&gt; VMware Horizon Client Configuration &gt;&gt; Security Settings.

Double-click "Certificate verification mode".

If "Certificate verification mode" is set to "Not Configured" or "Disabled", this is a finding.

If the dropdown for "Certificate verification mode" is not set to "Full Security", this is a finding.</check-content>
      </check>
    </Rule>
  </Group>
  <Group id="HZNC-8X-000133">
    <title>SRG-APP-000516-AS-000237</title>
    <Rule id="SV-HZNC-8X-000133" severity="medium" weight="10.0">
      <version>HZNC-8X-000133</version>
      <title>The Horizon Client must check certificate revocation status.</title>
      <description>&lt;VulnDiscussion&gt;Preventing the disclosure of transmitted information requires that the device or machine take measures to employ some form of cryptographic mechanism in order to protect the information during transmission. This is usually achieved through the use of Transport Layer Security (TLS).

The Horizon Client connects to the Connection Server, UAG or other gateway via a TLS connection. This initial connection must be trusted, otherwise the sensitive information flowing over the tunnel could potentially be open to interception. The Horizon Client can be configured to not check certificate revocation status. This must not be allowed and must be validated and maintained over time.&lt;/VulnDiscussion&gt;&lt;FalsePositives&gt;&lt;/FalsePositives&gt;&lt;FalseNegatives&gt;&lt;/FalseNegatives&gt;&lt;Documentable&gt;false&lt;/Documentable&gt;&lt;Mitigations&gt;&lt;/Mitigations&gt;&lt;SecurityOverrideGuidance&gt;&lt;/SecurityOverrideGuidance&gt;&lt;PotentialImpacts&gt;&lt;/PotentialImpacts&gt;&lt;ThirdPartyTools&gt;&lt;/ThirdPartyTools&gt;&lt;MitigationControl&gt;&lt;/MitigationControl&gt;&lt;Responsibility&gt;&lt;/Responsibility&gt;&lt;IAControls&gt;&lt;/IAControls&gt;</description>
      <ident system="http://cyber.mil/cci">CCI-000366</ident>
      <fixtext>Ensure the vdm_client*.admx templates have been added to the Active Directory Domain.

Open the "Group Policy Management" MMC snap-in, then open the applicable GPO that is applying the Horizon Client settings to the desktop machines.

Navigate to Computer Configuration &gt;&gt; Administrative Templates &gt;&gt; VMware Horizon Client Configuration &gt;&gt; Security Settings.

Double-click "Do not check certificate revocation status".

Ensure "Do not check certificate revocation status" is set to either "Not configured" or "Disabled".

Click "OK".</fixtext>
      <check system="N/A">
        <check-content>Ensure the vdm_client*.admx templates have been added to the Active Directory Domain.

Open the "Group Policy Management" MMC snap-in, then open the applicable GPO that is applying the Horizon Client settings to the desktop machines.

Navigate to Computer Configuration &gt;&gt; Administrative Templates &gt;&gt; VMware Horizon Client Configuration &gt;&gt; Security Settings.

If "Do not check certificate revocation status" is set to "Enabled", this is a finding.</check-content>
      </check>
    </Rule>
  </Group>
  <Group id="HZNC-8X-000134">
    <title>SRG-APP-000516-AS-000237</title>
    <Rule id="SV-HZNC-8X-000134" severity="medium" weight="10.0">
      <version>HZNC-8X-000134</version>
      <title>The Horizon Client must not display the option to log in as the current user.</title>
      <description>&lt;VulnDiscussion&gt;Horizon Connection Server has the ability to allow clients to authenticate using the local session credentials of their local endpoint. While convenient, this must be disabled for DoD deployments as the server cannot ascertain the method of endpoint login, whether that user's client certificate has since been revoked, and other reasons.

This option is disabled in the Horizon Connection Server STIG, and must also be disabled on the client to avoid confusion.&lt;/VulnDiscussion&gt;&lt;FalsePositives&gt;&lt;/FalsePositives&gt;&lt;FalseNegatives&gt;&lt;/FalseNegatives&gt;&lt;Documentable&gt;false&lt;/Documentable&gt;&lt;Mitigations&gt;&lt;/Mitigations&gt;&lt;SecurityOverrideGuidance&gt;&lt;/SecurityOverrideGuidance&gt;&lt;PotentialImpacts&gt;&lt;/PotentialImpacts&gt;&lt;ThirdPartyTools&gt;&lt;/ThirdPartyTools&gt;&lt;MitigationControl&gt;&lt;/MitigationControl&gt;&lt;Responsibility&gt;&lt;/Responsibility&gt;&lt;IAControls&gt;&lt;/IAControls&gt;</description>
      <ident system="http://cyber.mil/cci">CCI-000366</ident>
      <fixtext>Ensure the vdm_client*.admx templates have been added to the Active Directory Domain.

Open the "Group Policy Management" MMC snap-in, then open the applicable GPO that is applying the Horizon Client settings to the desktop machines.

Navigate to Computer Configuration &gt;&gt; Administrative Templates &gt;&gt; VMware Horizon Client Configuration &gt;&gt; Security Settings.

Double-click "Display option to Log in as current user".

Ensure "Display option to Log in as current user" is set to "Disabled".

Click "OK".</fixtext>
      <check system="N/A">
        <check-content>Ensure the vdm_client*.admx templates have been added to the Active Directory Domain.

Open the "Group Policy Management" MMC snap-in, then open the applicable GPO that is applying the Horizon Client settings to the desktop machines.

Navigate to Computer Configuration &gt;&gt; Administrative Templates &gt;&gt; VMware Horizon Client Configuration. &gt;&gt; Security Settings.

If "Display option to Log in as current user" is not set to "Disabled", this is a finding.</check-content>
      </check>
    </Rule>
  </Group>
  <Group id="HZNC-8X-000135">
    <title>SRG-APP-000516-AS-000237</title>
    <Rule id="SV-HZNC-8X-000135" severity="medium" weight="10.0">
      <version>HZNC-8X-000135</version>
      <title>The Horizon Client must use approved ciphers.</title>
      <description>&lt;VulnDiscussion&gt;The Horizon Client disables the older TLS v1.0 protocol and the SSL v2 and SSL v3 protocols by default. TLS v1.1 is still enabled in the default configuration, despite known shortcomings, for the sake of backward compatibility with older servers and clients. The Horizon Connection Server STIG mandates TLS v1.2 in order to protect sensitive data-in-flight and the Client must follow suit.

Note: Mandating TLS 1.2 may affect certain thin and zero clients. Test and implement carefully.&lt;/VulnDiscussion&gt;&lt;FalsePositives&gt;&lt;/FalsePositives&gt;&lt;FalseNegatives&gt;&lt;/FalseNegatives&gt;&lt;Documentable&gt;false&lt;/Documentable&gt;&lt;Mitigations&gt;&lt;/Mitigations&gt;&lt;SecurityOverrideGuidance&gt;&lt;/SecurityOverrideGuidance&gt;&lt;PotentialImpacts&gt;&lt;/PotentialImpacts&gt;&lt;ThirdPartyTools&gt;&lt;/ThirdPartyTools&gt;&lt;MitigationControl&gt;&lt;/MitigationControl&gt;&lt;Responsibility&gt;&lt;/Responsibility&gt;&lt;IAControls&gt;&lt;/IAControls&gt;</description>
      <ident system="http://cyber.mil/cci">CCI-000366</ident>
      <fixtext>Ensure the vdm_client*.admx templates have been added to the Active Directory Domain.

Open the "Group Policy Management" MMC snap-in, then open the applicable GPO that is applying the Horizon Client settings to the desktop machines.

Navigate to Computer Configuration &gt;&gt; Administrative Templates &gt;&gt; VMware Horizon Client Configuration &gt;&gt; Security Settings.

Double-click "Configures SSL protocols and cryptographic algorithms".

Ensure "Configures SSL protocols and cryptographic algorithms" is set to "Enabled".

In the field beneath "Configures SSL protocols and cryptographic algorithms", type the following:

TLSv1.2:!aNULL:kECDH+AESGCM:ECDH+AESGCM:RSA+AESGCM:kECDH+AES:ECDH+AES:RSA+AES

Click "OK".
</fixtext>
      <check system="N/A">
        <check-content>Ensure the vdm_client*.admx templates have been added to the Active Directory Domain.

Open the "Group Policy Management" MMC snap-in, then open the applicable GPO that is applying the Horizon Client settings to the desktop machines.

Navigate to Computer Configuration &gt;&gt; Administrative Templates &gt;&gt; VMware Horizon Client Configuration &gt;&gt; Security Settings.

Double-click "Configures SSL protocols and cryptographic algorithms".

If "Configures SSL protocols and cryptographic algorithms" is set to either "Disabled" or "Not Configured", this is a finding.

If the field beneath "Configures SSL protocols and cryptographic algorithms" is not set to "TLSv1.2:!aNULL:kECDH+AESGCM:ECDH+AESGCM:RSA+AESGCM:kECDH+AES:ECDH+AES:RSA+AES", this is a finding.</check-content>
      </check>
    </Rule>
  </Group>
  <Group id="HZNC-8X-000136">
    <title>SRG-APP-000516-AS-000237</title>
    <Rule id="SV-HZNC-8X-000136" severity="medium" weight="10.0">
      <version>HZNC-8X-000136</version>
      <title>The Horizon Client must require TLS connections.</title>
      <description>&lt;VulnDiscussion&gt;In older versions of Horizon, remote desktop connections could be established without TLS encryption. In order to protect data-in-transit when potentially connecting to very old Horizon servers, TLS tunnels must be mandated.

The default configuration attempts TLS but will fall back to no encryption if TLS is not supported. This must be corrected and maintained over time.&lt;/VulnDiscussion&gt;&lt;FalsePositives&gt;&lt;/FalsePositives&gt;&lt;FalseNegatives&gt;&lt;/FalseNegatives&gt;&lt;Documentable&gt;false&lt;/Documentable&gt;&lt;Mitigations&gt;&lt;/Mitigations&gt;&lt;SecurityOverrideGuidance&gt;&lt;/SecurityOverrideGuidance&gt;&lt;PotentialImpacts&gt;&lt;/PotentialImpacts&gt;&lt;ThirdPartyTools&gt;&lt;/ThirdPartyTools&gt;&lt;MitigationControl&gt;&lt;/MitigationControl&gt;&lt;Responsibility&gt;&lt;/Responsibility&gt;&lt;IAControls&gt;&lt;/IAControls&gt;</description>
      <ident system="http://cyber.mil/cci">CCI-000366</ident>
      <fixtext>Ensure the vdm_client*.admx templates have been added to the Active Directory Domain.

Open the "Group Policy Management" MMC snap-in, then open the applicable GPO that is applying the Horizon Client settings to the desktop machines.

Navigate to Computer Configuration &gt;&gt; Administrative Templates &gt;&gt; VMware Horizon Client Configuration &gt;&gt; Security Settings.

Double-click "Enable SSL encrypted framework channel".

Ensure "Enable SSL encrypted framework channel" is set to "Enabled".

In the dropdown beneath "Enable SSL encrypted framework channel", select "Enforce".

Click "OK".</fixtext>
      <check system="N/A">
        <check-content>Ensure the vdm_client*.admx templates have been added to the Active Directory Domain.

Open the "Group Policy Management" MMC snap-in, then open the applicable GPO that is applying the Horizon Client settings to the desktop machines.

Navigate to Computer Configuration &gt;&gt; Administrative Templates &gt;&gt; VMware Horizon Client Configuration &gt;&gt; Security Settings.

Double-click "Enable SSL encrypted framework channel".

If "Enable SSL encrypted framework channel" is set to either "Disabled" or "Not Configured", this is a finding.

In the dropdown beneath "Enable SSL encrypted framework channel", if "Enforce" is not selected, this is a finding.</check-content>
      </check>
    </Rule>
  </Group>
  <Group id="HZNC-8X-000137">
    <title>SRG-APP-000516-AS-000237</title>
    <Rule id="SV-HZNC-8X-000137" severity="medium" weight="10.0">
      <version>HZNC-8X-000137</version>
      <title>The Horizon Client must not redirect client printers.</title>
      <description>&lt;VulnDiscussion&gt;Data loss prevention is a primary concern for the DoD. Positive control of data must be maintained at all times, and data must only be allowed to flow over channels that are provided for that explicit purpose and are monitored appropriately. By default, the Horizon Client, Agent, and guest operating systems will coordinate to allow printers local to the client to be redirected over the Client connection and made available in the virtual desktop.

This configuration must be modified to disallow printer redirection in order to protect sensitive DoD data from being maliciously, accidentally, or casually printed from the controlled environment.&lt;/VulnDiscussion&gt;&lt;FalsePositives&gt;&lt;/FalsePositives&gt;&lt;FalseNegatives&gt;&lt;/FalseNegatives&gt;&lt;Documentable&gt;false&lt;/Documentable&gt;&lt;Mitigations&gt;&lt;/Mitigations&gt;&lt;SecurityOverrideGuidance&gt;&lt;/SecurityOverrideGuidance&gt;&lt;PotentialImpacts&gt;&lt;/PotentialImpacts&gt;&lt;ThirdPartyTools&gt;&lt;/ThirdPartyTools&gt;&lt;MitigationControl&gt;&lt;/MitigationControl&gt;&lt;Responsibility&gt;&lt;/Responsibility&gt;&lt;IAControls&gt;&lt;/IAControls&gt;</description>
      <ident system="http://cyber.mil/cci">CCI-000366</ident>
      <fixtext>Ensure the vdm_client*.admx templates have been added to the Active Directory Domain.

Open the "Group Policy Management" MMC snap-in, then open the applicable GPO that is applying the Horizon Client settings to the desktop machines.

Navigate to Computer Configuration &gt;&gt; Administrative Templates &gt;&gt; VMware Horizon Client Configuration &gt;&gt; VMware Integrated Printing.

Ensure "Do not redirect client printer(s)" is set to "Enabled".

Click "OK".</fixtext>
      <check system="N/A">
        <check-content>Ensure the vdm_client*.admx templates have been added to the Active Directory Domain.

Open the "Group Policy Management" MMC snap-in, then open the applicable GPO that is applying the Horizon Client settings to the desktop machines.

Navigate to Computer Configuration &gt;&gt; Administrative Templates &gt;&gt; VMware Horizon Client Configuration &gt;&gt; VMware Integrated Printing.

If "Do not redirect client printer(s)" is not set to "Enabled", this is a finding.</check-content>
      </check>
    </Rule>
  </Group>
</Benchmark>
