<?xml version="1.0" encoding="UTF-8"?><?xml-stylesheet type="text/xsl" href="STIG_unclass.xsl"?>
<Benchmark xmlns:dc="http://purl.org/dc/elements/1.1/" xmlns:xsi="http://www.w3.org/2001/XMLSchema-instance" xmlns:cpe="http://cpe.mitre.org/language/2.0" xmlns:xhtml="http://www.w3.org/1999/xhtml" xmlns:dsig="http://www.w3.org/2000/09/xmldsig#" xsi:schemaLocation="http://checklists.nist.gov/xccdf/1.1 http://nvd.nist.gov/schema/xccdf-1.1.4.xsdhttp://cpe.mitre.org/dictionary/2.0 http://cpe.mitre.org/files/cpe-dictionary_2.1.xsd" id="Unified Access Gateway" xml:lang="en" xmlns="http://checklists.nist.gov/xccdf/1.1">
  <status date="2022-10-10">draft</status>
  <title>VMware Unified Access Gateway STIG Readiness Guide</title>
  <description/>
  <notice id="terms-of-use" xml:lang="en"/>
  <front-matter xml:lang="en"/>
  <rear-matter xml:lang="en"/>
  <reference href="">
    <dc:publisher/>
    <dc:source/>
  </reference>
  <plain-text id="release-info">Release: 1 Benchmark Date: 10 Oct 2022</plain-text>
  <plain-text id="generator">3.2.2.36079</plain-text>
  <plain-text id="conventionsVersion">1.10.0</plain-text>
  <version>1</version>
  <Group id="UAGA-8X-000001">
    <title>SRG-NET-000015-ALG-000016</title>
    <Rule id="SV-UAGA-8X-000001" severity="medium" weight="10.0">
      <version>UAGA-8X-000001</version>
      <title>The UAG must enforce approved authorizations for logical access to information and system resources by employing identity-based, role-based, and/or attribute-based security policies.</title>
      <description>&lt;VulnDiscussion&gt;Successful authentication must not automatically give an entity access to an asset or security boundary. The lack of authorization-based access control could result in the immediate compromise and unauthorized access to sensitive information. All DoD systems must be properly configured to incorporate access control methods that do not rely solely on authentication for authorized access.

Authorization is the process of determining whether an entity, once authenticated, is permitted to access a specific asset. Information systems use access control policies and enforcement mechanisms to implement this requirement. Authorization procedures and controls must be implemented to ensure each authenticated entity also has a validated and current authorization.

The UAG administrative interface provides two roles, a full administrative role, and a low-privilege administrator role that can perform a limited number of tasks such as read-only operations, system monitoring, downloading logs, and exporting configurations.  

Care must be taken to ensure that only authorized users are provided access to the UAG administrative interface, and the list of low-privilege administrator accounts is periodically reviewed for accuracy.&lt;/VulnDiscussion&gt;&lt;FalsePositives&gt;&lt;/FalsePositives&gt;&lt;FalseNegatives&gt;&lt;/FalseNegatives&gt;&lt;Documentable&gt;false&lt;/Documentable&gt;&lt;Mitigations&gt;&lt;/Mitigations&gt;&lt;SecurityOverrideGuidance&gt;&lt;/SecurityOverrideGuidance&gt;&lt;PotentialImpacts&gt;&lt;/PotentialImpacts&gt;&lt;ThirdPartyTools&gt;&lt;/ThirdPartyTools&gt;&lt;MitigationControl&gt;&lt;/MitigationControl&gt;&lt;Responsibility&gt;&lt;/Responsibility&gt;&lt;IAControls&gt;&lt;/IAControls&gt;</description>
      <ident system="http://iase.disa.mil/cci">CCI-000213</ident>
      <fixtext>Login to the UAG administrative interface as an administrator.

Select "Configure Manually".

Navigate to Advanced Settings &gt;&gt; Account Settings.  Click the "Gear" icon to edit.

"Enable" or "Disable" each privileged account to conform to organizational roles.

Click "Save" and "Close".</fixtext>
      <check system="N/A">
        <check-content>Login to the UAG administrative interface as an administrator.

Select "Configure Manually".

Navigate to Advanced Settings &gt;&gt; Account Settings.  Click the "Gear" icon to edit.

Verify the privileged accounts are configured and "Enabled" based on organizational roles.

If the UAG contains any privileged accounts that are "Enabled" and do not conform to organizational roles, this is a finding. </check-content>
      </check>
    </Rule>
  </Group>
  <Group id="UAGA-8X-000011">
    <title>SRG-NET-000041-ALG-000022</title>
    <Rule id="SV-UAGA-8X-000011" severity="medium" weight="10.0">
      <version>UAGA-8X-000011</version>
      <title>The UAG administrative interface must display the Standard Mandatory DoD-approved Notice and Consent Banner before granting access to the network.</title>
      <description>&lt;VulnDiscussion&gt;Application servers are required to display the Standard Mandatory DoD Notice and Consent Banner before granting access to the system, providing privacy and security notices consistent with applicable federal laws, Executive Orders, directives, policies, regulations, standards, and guidance that states that:

(i) users are accessing a U.S. Government information system;
(ii) system usage may be monitored, recorded, and subject to audit;
(iii) unauthorized use of the system is prohibited and subject to criminal and civil penalties; and
(iv) the use of the system indicates consent to monitoring and recording.

System use notification messages can be implemented in the form of warning banners displayed when individuals log on to the information system.

System use notification is intended only for information system access including an interactive logon interface with a human user, and is not required when an interactive interface does not exist.

Use this banner for desktops, laptops, and other devices accommodating banners of 1300 characters. The banner shall be implemented as a click-through banner at logon (to the extent permitted by the operating system), meaning it prevents further activity on the information system unless and until the user executes a positive action to manifest agreement by clicking on a box indicating "OK".

"You are accessing a U.S. Government (USG) Information System (IS) that is provided for USG-authorized use only.
By using this IS (which includes any device attached to this IS), you consent to the following conditions:
-The USG routinely intercepts and monitors communications on this IS for purposes including, but not limited to, penetration testing, COMSEC monitoring, network operations and defense, personnel misconduct (PM), law enforcement (LE), and counterintelligence (CI) investigations.
-At any time, the USG may inspect and seize data stored on this IS.
-Communications using, or data stored on, this IS are not private, are subject to routine monitoring, interception, and search, and may be disclosed or used for any USG-authorized purpose.
-This IS includes security measures (e.g., authentication and access controls) to protect USG interests--not for your personal benefit or privacy.
-Notwithstanding the above, using this IS does not constitute consent to PM, LE or CI investigative searching or monitoring of the content of privileged communications, or work product, related to personal representation or services by attorneys, psychotherapists, or clergy, and their assistants. Such communications and work product are private and confidential. See User Agreement for details."&lt;/VulnDiscussion&gt;&lt;FalsePositives&gt;&lt;/FalsePositives&gt;&lt;FalseNegatives&gt;&lt;/FalseNegatives&gt;&lt;Documentable&gt;false&lt;/Documentable&gt;&lt;Mitigations&gt;&lt;/Mitigations&gt;&lt;SecurityOverrideGuidance&gt;&lt;/SecurityOverrideGuidance&gt;&lt;PotentialImpacts&gt;&lt;/PotentialImpacts&gt;&lt;ThirdPartyTools&gt;&lt;/ThirdPartyTools&gt;&lt;MitigationControl&gt;&lt;/MitigationControl&gt;&lt;Responsibility&gt;&lt;/Responsibility&gt;&lt;IAControls&gt;&lt;/IAControls&gt;</description>
      <ident system="http://iase.disa.mil/cci">CCI-000048</ident>
      <fixtext>Login to the UAG administrative interface as an administrator.

Select "Configure Manually".

Navigate to Advanced Settings &gt;&gt;System Configuration &gt;&gt; Click the "Gear" icon to edit &gt;&gt; Scroll down to the "Admin Disclaimer Text" field.

In the "Admin Disclaimer Text" field, supply the Standard Mandatory DoD Notice and Consent Banner text:

"You are accessing a U.S. Government (USG) Information System (IS) that is provided for USG-authorized use only.
By using this IS (which includes any device attached to this IS), you consent to the following conditions:
-The USG routinely intercepts and monitors communications on this IS for purposes including, but not limited to, penetration testing, COMSEC monitoring, network operations and defense, personnel misconduct (PM), law enforcement (LE), and counterintelligence (CI) investigations.
-At any time, the USG may inspect and seize data stored on this IS.
-Communications using, or data stored on, this IS are not private, are subject to routine monitoring, interception, and search, and may be disclosed or used for any USG-authorized purpose.
-This IS includes security measures (e.g., authentication and access controls) to protect USG interests--not for your personal benefit or privacy.
-Notwithstanding the above, using this IS does not constitute consent to PM, LE or CI investigative searching or monitoring of the content of privileged communications, or work product, related to personal representation or services by attorneys, psychotherapists, or clergy, and their assistants. Such communications and work product are private and confidential. See User Agreement for details."

Click "Save".</fixtext>
      <check system="N/A">
        <check-content>Login to the UAG administrative interface as an administrator.

Select "Configure Manually".

Navigate to Advanced Settings &gt;&gt;System Configuration &gt;&gt; Click the "Gear" icon to edit &gt;&gt; Scroll down to the "Admin Disclaimer Text" field.

If the "Admin Disclaimer Text" field does not contain the Standard Mandatory DoD Notice and Consent Banner text, this is a finding.</check-content>
      </check>
    </Rule>
  </Group>
  <Group id="UAGA-8X-000014">
    <title>SRG-NET-000053-ALG-000001</title>
    <Rule id="SV-UAGA-8X-000014" severity="medium" weight="10.0">
      <version>UAGA-8X-000014</version>
      <title>The UAG must limit the number of concurrent user sessions to an organization-defined number.</title>
      <description>&lt;VulnDiscussion&gt;Network element management includes the ability to control the number of users and user sessions that utilize a network element. Limiting the number of concurrent sessions per user is helpful in limiting risks related to DoS attacks.&lt;/VulnDiscussion&gt;&lt;FalsePositives&gt;&lt;/FalsePositives&gt;&lt;FalseNegatives&gt;&lt;/FalseNegatives&gt;&lt;Documentable&gt;false&lt;/Documentable&gt;&lt;Mitigations&gt;&lt;/Mitigations&gt;&lt;SecurityOverrideGuidance&gt;&lt;/SecurityOverrideGuidance&gt;&lt;PotentialImpacts&gt;&lt;/PotentialImpacts&gt;&lt;ThirdPartyTools&gt;&lt;/ThirdPartyTools&gt;&lt;MitigationControl&gt;&lt;/MitigationControl&gt;&lt;Responsibility&gt;&lt;/Responsibility&gt;&lt;IAControls&gt;&lt;/IAControls&gt;</description>
      <ident system="http://iase.disa.mil/cci">CCI-000054</ident>
      <fixtext>Login to the UAG administrative interface as an administrator.

Select "Configure Manually".

Navigate to Advanced Settings &gt;&gt; System Configuration.

Click the "Gear" icon to edit.

Set the "Maximum Connections per Session" value to "16".

Click "Save".</fixtext>
      <check system="N/A">
        <check-content>Login to the UAG administrative interface as an administrator.

Select "Configure Manually".

Navigate to Advanced Settings &gt;&gt;System Configuration. Click the "Gear" icon to edit. Scroll down to the "Maximum Connections per Session" field.

If the "Maximum Connections per Session" field is not set to the organization-defined allowed number, this is a finding.

If the "Maximum Connections per Session" field is set to 0 (no limit), this is a finding.

Note:  A value of 8 or lower causes errors in the Horizon Client. The default value is 16.</check-content>
      </check>
    </Rule>
  </Group>
  <Group id="UAGA-8X-000015">
    <title>SRG-NET-000061-ALG-000009</title>
    <Rule id="SV-UAGA-8X-000015" severity="medium" weight="10.0">
      <version>UAGA-8X-000015</version>
      <title>The UAG must ensure inbound and outbound traffic is monitored for compliance with remote access security policies.</title>
      <description>&lt;VulnDiscussion&gt;Automated monitoring of remote access traffic allows organizations to detect cyber attacks and also ensure ongoing compliance with remote access policies by inspecting connection activities of remote access capabilities.

Remote access methods include both unencrypted and encrypted traffic (e.g., web portals, web content filter, TLS and webmail). With inbound TLS inspection, the traffic must be inspected prior to being allowed on the enclave's web servers hosting TLS or HTTPS applications. With outbound traffic inspection, traffic must be inspected prior to being forwarded to destinations outside of the enclave, such as external email traffic.&lt;/VulnDiscussion&gt;&lt;FalsePositives&gt;&lt;/FalsePositives&gt;&lt;FalseNegatives&gt;&lt;/FalseNegatives&gt;&lt;Documentable&gt;false&lt;/Documentable&gt;&lt;Mitigations&gt;&lt;/Mitigations&gt;&lt;SecurityOverrideGuidance&gt;&lt;/SecurityOverrideGuidance&gt;&lt;PotentialImpacts&gt;&lt;/PotentialImpacts&gt;&lt;ThirdPartyTools&gt;&lt;/ThirdPartyTools&gt;&lt;MitigationControl&gt;&lt;/MitigationControl&gt;&lt;Responsibility&gt;&lt;/Responsibility&gt;&lt;IAControls&gt;&lt;/IAControls&gt;</description>
      <ident system="http://iase.disa.mil/cci">CCI-000067</ident>
      <fixtext>Login to the UAG administrative interface as an administrator.

Select "Configure Manually".

Navigate to Support Settings &gt;&gt; Log Level Settings. Click the "Gear" icon to edit.

Remove any unnecessary log components.

Remove any components with a "DEBUG" or "TRACE" level, unless actively troubleshooting an issue.

Ensure, at a minimum, that an entry for "All - INFO" is added.</fixtext>
      <check system="N/A">
        <check-content>Login to the UAG administrative interface as an administrator.

Select "Configure Manually".

Navigate to Support Settings &gt;&gt; Log Level Settings. Click the "Gear" icon to edit.

If the log level settings does not contain an entry for "All - INFO", this is a finding.

Note: DEBUG and TRACE log levels must be applied only during troubleshooting as these levels can reduce performance and increase the verbose log messages. After you complete troubleshooting using the DEBUG or TRACE log levels, the log level must be reset to INFO or the component or sub-component must be removed from the log settings.</check-content>
      </check>
    </Rule>
  </Group>
  <Group id="UAGA-8X-000016">
    <title>SRG-NET-000062-ALG-000011</title>
    <Rule id="SV-UAGA-8X-000016" severity="medium" weight="10.0">
      <version>UAGA-8X-000016</version>
      <title>The UAG must use encryption services that implement NIST FIPS-approved cryptography to protect the confidentiality of remote access sessions.</title>
      <description>&lt;VulnDiscussion&gt;Without confidentiality protection mechanisms, unauthorized individuals may gain access to sensitive information via a remote access session.

Remote access is access to DoD nonpublic information systems by an authorized user (or an information system) communicating through an external, non-organization-controlled network. Remote access methods include broadband connections, wireless connections, and proxied remote encrypted traffic (e.g., TLS gateways, web content filters, and webmail proxies), for example.

Encryption provides a means to secure the remote connection so as to prevent unauthorized access to the data traversing the remote access connection, thereby providing a degree of confidentiality. The encryption strength of the mechanism is selected based on the security categorization of the information.

Satisfies: SRG-NET-000062-ALG-000092, SRG-NET-000063-ALG-000012, SRG-NET-000230-ALG-000113, SRG-NET-000510-ALG-000025, SRG-NET-000510-ALG-000040, SRG-NET-000510-ALG-000111&lt;/VulnDiscussion&gt;&lt;FalsePositives&gt;&lt;/FalsePositives&gt;&lt;FalseNegatives&gt;&lt;/FalseNegatives&gt;&lt;Documentable&gt;false&lt;/Documentable&gt;&lt;Mitigations&gt;&lt;/Mitigations&gt;&lt;SecurityOverrideGuidance&gt;&lt;/SecurityOverrideGuidance&gt;&lt;PotentialImpacts&gt;&lt;/PotentialImpacts&gt;&lt;ThirdPartyTools&gt;&lt;/ThirdPartyTools&gt;&lt;MitigationControl&gt;&lt;/MitigationControl&gt;&lt;Responsibility&gt;&lt;/Responsibility&gt;&lt;IAControls&gt;&lt;/IAControls&gt;</description>
      <ident system="http://iase.disa.mil/cci">CCI-000068</ident>
      <fixtext>Login to the UAG administrative interface as an administrator.

Select "Configure Manually".

Navigate to Advanced Settings &gt;&gt; System Configuration &gt;&gt; TLS Server Cipher Suites.

Enter a list of NIST FIPS-approved cryptography suites, for example:

"TLS_ECDHE_RSA_WITH_AES_256_GCM_SHA384,TLS_ECDHE_RSA_WITH_AES_128_GCM_SHA256"

Click "Save".</fixtext>
      <check system="N/A">
        <check-content>Login to the UAG administrative interface as an administrator.

Select "Configure Manually".

Navigate to Advanced Settings &gt;&gt; System Configuration &gt;&gt; TLS Server Cipher Suites.

Verify the UAG has been configured to use a list of NIST FIPS-approved cryptography suites, for example:

"TLS_ECDHE_RSA_WITH_AES_256_GCM_SHA384,TLS_ECDHE_RSA_WITH_AES_128_GCM_SHA256"

If the TLS Server Cipher Suites setting is not configured to use a list of NIST FIPS-approved cryptography suites, this is a finding.</check-content>
      </check>
    </Rule>
  </Group>
  <Group id="UAGA-8X-000018">
    <title>SRG-NET-000062-ALG-000150</title>
    <Rule id="SV-UAGA-8X-000018" severity="medium" weight="10.0">
      <version>UAGA-8X-000018</version>
      <title>The UAG must be configured to comply with the required TLS settings in NIST SP 800-52.</title>
      <description>&lt;VulnDiscussion&gt;Preventing the disclosure of transmitted information requires that the UAG take measures to employ strong cryptographic mechanisms to protect information during transmission. This is typically achieved through the use of Transport Layer Security (TLS).

TLS must be enabled and non-FIPS-approved SSL versions must be disabled. NIST SP 800-52 specifies the preferred configurations for Government systems.

According to NIST and as of publication, TLS 1.1 must not be used and TLS 1.2 must be configured.

Note: Mandating TLS 1.2 may affect certain client types. Test and implement carefully.

Satisfies: SRG-NET-000147-ALG-000095, SRG-NET-000400-ALG-000097&lt;/VulnDiscussion&gt;&lt;FalsePositives&gt;&lt;/FalsePositives&gt;&lt;FalseNegatives&gt;&lt;/FalseNegatives&gt;&lt;Documentable&gt;false&lt;/Documentable&gt;&lt;Mitigations&gt;&lt;/Mitigations&gt;&lt;SecurityOverrideGuidance&gt;&lt;/SecurityOverrideGuidance&gt;&lt;PotentialImpacts&gt;&lt;/PotentialImpacts&gt;&lt;ThirdPartyTools&gt;&lt;/ThirdPartyTools&gt;&lt;MitigationControl&gt;&lt;/MitigationControl&gt;&lt;Responsibility&gt;&lt;/Responsibility&gt;&lt;IAControls&gt;&lt;/IAControls&gt;</description>
      <ident system="http://iase.disa.mil/cci">CCI-000068</ident>
      <fixtext>Login to the UAG administrative interface as an administrator.

Select "Configure Manually".

Navigate to Advanced Settings &gt;&gt; System Configuration.

Ensure the "Enable TLS 1.0" option is toggled to "NO".

Ensure the "Enable TLS 1.1" option is toggled to "NO".

Ensure the "Enable TLS 1.2" option is toggled "YES".

Click "Save".</fixtext>
      <check system="N/A">
        <check-content>Login to the UAG administrative interface as an administrator.

Select "Configure Manually".

Navigate to Advanced Settings &gt;&gt; System Configuration.

Verify the "Enable TLS 1.0" option is toggled to "NO".

Verify the "Enable TLS 1.1" option is toggled to "NO".

Verify the "Enable TLS 1.2" option is toggled "YES".
 
If the setting for "Enable TLS 1.0" or "Enable TLS 1.1" is configured to "YES", or "Enable TLS 1.2" is configured to "NO", this is a finding.</check-content>
      </check>
    </Rule>
  </Group>
  <Group id="UAGA-8X-000034">
    <title>SRG-NET-000131-ALG-000085</title>
    <Rule id="SV-UAGA-8X-000034" severity="medium" weight="10.0">
      <version>UAGA-8X-000034</version>
      <title>The UAG must not have unnecessary services and functions enabled.</title>
      <description>&lt;VulnDiscussion&gt;Information systems are capable of providing a wide variety of functions (capabilities or processes) and services. Some of these functions and services are installed and enabled by default. The organization must determine which functions and services are required to perform the necessary core functionality for each component. Unnecessary capabilities or services are often overlooked and therefore may increase the attack surface. 

The primary function of the UAG is to proxy connections to a Horizon Connection Server. There are multiple methods that clients can use to connect to a Horizon Connection Server, including PCOIP, Blast, HTML Access, and secure Tunnels. The UAG is capable of proxying all of the access methods to the Horizon Connection Server. Any of the methods that are not utilized in the environment must not be enabled.

Satisfies: SRG-NET-000131-ALG-000086, SRG-NET-000132-ALG-000087, SRG-NET-000313-ALG-000010&lt;/VulnDiscussion&gt;&lt;FalsePositives&gt;&lt;/FalsePositives&gt;&lt;FalseNegatives&gt;&lt;/FalseNegatives&gt;&lt;Documentable&gt;false&lt;/Documentable&gt;&lt;Mitigations&gt;&lt;/Mitigations&gt;&lt;SecurityOverrideGuidance&gt;&lt;/SecurityOverrideGuidance&gt;&lt;PotentialImpacts&gt;&lt;/PotentialImpacts&gt;&lt;ThirdPartyTools&gt;&lt;/ThirdPartyTools&gt;&lt;MitigationControl&gt;&lt;/MitigationControl&gt;&lt;Responsibility&gt;&lt;/Responsibility&gt;&lt;IAControls&gt;&lt;/IAControls&gt;</description>
      <ident system="http://iase.disa.mil/cci">CCI-000381</ident>
      <fixtext>Login to the UAG administrative interface as an administrator.

Select "Configure Manually".

Navigate to General Settings &gt;&gt; Edge Service Settings &gt;&gt; Toggle the icon to "Show"&gt;&gt; Click the gear icon for "Horizon Settings".

For each item below, enable or disable the toggle based on desired environment settings:

Enable PCOIP
Enable Blast
Enable Tunnel
Enable UDP Tunnel Server
Disable HTML Access

Click "Save".</fixtext>
      <check system="N/A">
        <check-content>Login to the UAG administrative interface as an administrator.

Select "Configure Manually".

Navigate to General Settings &gt;&gt; Edge Service Settings &gt;&gt; Toggle the icon to "Show"&gt;&gt; Click the gear icon for "Horizon Settings".

Check the status of the following toggle items:

Enable PCOIP
Enable Blast
Enable Tunnel
Enable UDP Tunnel Server
Disable HTML Access

If any item is enabled, but not in use in the environment, this is a finding.</check-content>
      </check>
    </Rule>
  </Group>
  <Group id="UAGA-8X-000037">
    <title>SRG-NET-000138-ALG-000063</title>
    <Rule id="SV-UAGA-8X-000037" severity="medium" weight="10.0">
      <version>UAGA-8X-000037</version>
      <title>The UAG must uniquely identify and authenticate organizational users.</title>
      <description>&lt;VulnDiscussion&gt;To ensure accountability and prevent unauthenticated access, organizational users must be identified and authenticated to prevent potential misuse and compromise of the system. Organizational users include organizational employees or individuals the organization deems to have equivalent status of employees (e.g., contractors).

The UAG proxies the authentication, and ultimately the connection, to a Horizon Connection Server. The Horizon Connection Server is responsible for authenticating the user against an Active Directory domain, and ultimately providing the appropriate access level to the user.

This control is to check whether the Horizon Connection Server has been configured in the UAG settings.

If the UAG is not intended to provide Horizon services, but is utilized for other services in the environment, this control is not applicable.

Satisfies: SRG-NET-000138-ALG-000088, SRG-NET-000138-ALG-000089, SRG-NET-000169-ALG-000102&lt;/VulnDiscussion&gt;&lt;FalsePositives&gt;&lt;/FalsePositives&gt;&lt;FalseNegatives&gt;&lt;/FalseNegatives&gt;&lt;Documentable&gt;false&lt;/Documentable&gt;&lt;Mitigations&gt;&lt;/Mitigations&gt;&lt;SecurityOverrideGuidance&gt;&lt;/SecurityOverrideGuidance&gt;&lt;PotentialImpacts&gt;&lt;/PotentialImpacts&gt;&lt;ThirdPartyTools&gt;&lt;/ThirdPartyTools&gt;&lt;MitigationControl&gt;&lt;/MitigationControl&gt;&lt;Responsibility&gt;&lt;/Responsibility&gt;&lt;IAControls&gt;&lt;/IAControls&gt;</description>
      <ident system="http://iase.disa.mil/cci">CCI-000764</ident>
      <fixtext>Login to the UAG administrative interface as an administrator.

Select "Configure Manually".

Navigate to General Settings &gt;&gt; Edge Service Settings &gt;&gt; Toggle the icon to "Show"&gt;&gt; Click the gear icon for "Horizon Settings".

Ensure the "Enable Horizon" toggle is enabled.

Ensure the "Connection Server URL" is configured with the correct Horizon Connection Server information.

Click "Save".</fixtext>
      <check system="N/A">
        <check-content>Login to the UAG administrative interface as an administrator.

Select "Configure Manually".

Navigate to General Settings &gt;&gt; Edge Service Settings &gt;&gt; Toggle the icon to "Show"&gt;&gt; Click the gear icon for "Horizon Settings".

Ensure the "Enable Horizon" toggle is enabled.

If the "Connection Server URL" is not configured with the correct Horizon Connection Server information, this is a finding.

If the UAG is not intended to provide Horizon services, but is utilized for other services in the environment, this control is not applicable.</check-content>
      </check>
    </Rule>
  </Group>
  <Group id="UAGA-8X-000040">
    <title>SRG-NET-000140-ALG-000094</title>
    <Rule id="SV-UAGA-8X-000040" severity="medium" weight="10.0">
      <version>UAGA-8X-000040</version>
      <title>The UAG must use multifactor authentication for network access to non-privileged accounts.</title>
      <description>&lt;VulnDiscussion&gt;Without the use of multifactor authentication, the ease of access to privileged functions is greatly increased.

Multifactor authentication requires using two or more factors to achieve authentication.

Factors include:

(i) something a user knows (e.g., password/PIN);
(ii) something a user has (e.g., cryptographic identification device, token); or
(iii) something a user is (e.g., biometric).

To ensure accountability and prevent unauthenticated access, non-privileged users must utilize multifactor authentication to prevent potential misuse and compromise of the system.

Authenticating with a PKI credential and entering the associated PIN is an example of multifactor authentication.

Satisfies: SRG-NET-000339-ALG-000090&lt;/VulnDiscussion&gt;&lt;FalsePositives&gt;&lt;/FalsePositives&gt;&lt;FalseNegatives&gt;&lt;/FalseNegatives&gt;&lt;Documentable&gt;false&lt;/Documentable&gt;&lt;Mitigations&gt;&lt;/Mitigations&gt;&lt;SecurityOverrideGuidance&gt;&lt;/SecurityOverrideGuidance&gt;&lt;PotentialImpacts&gt;&lt;/PotentialImpacts&gt;&lt;ThirdPartyTools&gt;&lt;/ThirdPartyTools&gt;&lt;MitigationControl&gt;&lt;/MitigationControl&gt;&lt;Responsibility&gt;&lt;/Responsibility&gt;&lt;IAControls&gt;&lt;/IAControls&gt;</description>
      <ident system="http://iase.disa.mil/cci">CCI-000766</ident>
      <fixtext>Login to the UAG administrative interface as an administrator.

Select "Configure Manually".

Navigate to General Settings &gt;&gt; Edge Service Settings &gt;&gt; Toggle the icon to "Show" &gt;&gt; Click the gear icon for "Horizon Settings" &gt;&gt; Click "More" to expand the settings.

Under "Auth Methods", ensure the value set is "X.509 Certificate".

Click "Save".

Note: In order for the UAG to handle certificate authentication, SAML connectivity must be configured between the UAG and the Horizon Connection Server.  Please see the VMware documentation for details.</fixtext>
      <check system="N/A">
        <check-content>Login to the UAG administrative interface as an administrator.

Select "Configure Manually".

Navigate to General Settings &gt;&gt; Edge Service Settings &gt;&gt; Toggle the icon to "Show" &gt;&gt; Click the gear icon for "Horizon Settings" &gt;&gt; Click "More" to expand the settings.

Under "Auth Methods", ensure the value set is "X.509 Certificate".

If the value of "Auth Methods" is anything other than "X.509 Certificate", this is a finding.</check-content>
      </check>
    </Rule>
  </Group>
  <Group id="UAGA-8X-000042">
    <title>SRG-NET-000164-ALG-000100</title>
    <Rule id="SV-UAGA-8X-000042" severity="medium" weight="10.0">
      <version>UAGA-8X-000042</version>
      <title>The UAG must validate certificates used for TLS functions by performing RFC 5280-compliant certification path validation.</title>
      <description>&lt;VulnDiscussion&gt;A certificate's certification path is the path from the end entity certificate to a trusted root certification authority (CA). Certification path validation is necessary for a relying party to make an informed decision regarding acceptance of an end entity certificate.

Certification path validation includes checks such as certificate issuer trust, time validity and revocation status for each certificate in the certification path. Revocation status information for CA and subject certificates in a certification path is commonly provided via certificate revocation lists (CRLs) or online certificate status protocol (OCSP) responses.&lt;/VulnDiscussion&gt;&lt;FalsePositives&gt;&lt;/FalsePositives&gt;&lt;FalseNegatives&gt;&lt;/FalseNegatives&gt;&lt;Documentable&gt;false&lt;/Documentable&gt;&lt;Mitigations&gt;&lt;/Mitigations&gt;&lt;SecurityOverrideGuidance&gt;&lt;/SecurityOverrideGuidance&gt;&lt;PotentialImpacts&gt;&lt;/PotentialImpacts&gt;&lt;ThirdPartyTools&gt;&lt;/ThirdPartyTools&gt;&lt;MitigationControl&gt;&lt;/MitigationControl&gt;&lt;Responsibility&gt;&lt;/Responsibility&gt;&lt;IAControls&gt;&lt;/IAControls&gt;</description>
      <ident system="http://iase.disa.mil/cci">CCI-000185</ident>
      <fixtext>Login to the UAG administrative interface as an administrator.

Select "Configure Manually".

Navigate to General Settings &gt;&gt; Authentication. Set the toggle to show authentication settings.

Click the "Gear" icon next to "X.509 Certificate" to edit the settings.

Ensure the "Enable X.509 Certificate" toggle is enabled.

Ensure the "Enable Cert Revocation" toggle is enabled.

Ensure that at least one of the following options is enabled:

Option 1:

&gt; Either the "Use CRL from Certificates" checkbox is enabled or the "CRL Location" textbox contains a value.

Option 2:

&gt; Ensure the "Enable OCSP Revocation" checkbox is enabled, and either the "Use OCSP URL from certificate" checkbox is enabled or the "OCSP URL" textbox contains a value.

If both options are enabled (CRL and OCSP), ensure the "Use CRL in case of OCSP Failure" toggle is enabled.

Note: When the UAG is installed with FIPS mode enabled, the "X.509 Certificate" authentication method is the only one available.</fixtext>
      <check system="N/A">
        <check-content>Login to the UAG administrative interface as an administrator.

Select "Configure Manually".

Navigate to General Settings &gt;&gt; Authentication.

Set the toggle to show authentication settings.

Click the "Gear" icon next to "X.509 Certificate" to check the settings.

Ensure the "Enable X.509 Certificate" toggle is enabled.

Ensure the "Enable Cert Revocation" toggle is enabled.

Ensure that at least one of the following options is enabled:

Option 1:

&gt; Either the "Use CRL from Certificates" checkbox is enabled or the "CRL Location" textbox contains a value.

Option 2:

&gt; Ensure the "Enable OCSP Revocation" checkbox is enabled, and either the "Use OCSP URL from certificate" checkbox is enabled or the "OCSP URL" textbox contains a value.

If both options are enabled (CRL and OCSP), ensure the "Use CRL in case of OCSP Failure" toggle is enabled.

If neither CRL nor OCSP certificate validation is enabled, this is a finding.

Note: When the UAG is installed with FIPS mode enabled, the "X.509 Certificate" authentication method is the only one available.</check-content>
      </check>
    </Rule>
  </Group>
  <Group id="UAGA-8X-000047">
    <title>SRG-NET-000213-ALG-000107</title>
    <Rule id="SV-UAGA-8X-000047" severity="medium" weight="10.0">
      <version>UAGA-8X-000047</version>
      <title>The UAG must terminate all network connections associated with a user session at the end of the session.</title>
      <description>&lt;VulnDiscussion&gt;Terminating an idle session within a short time period reduces the window of opportunity for unauthorized personnel to take control of a management session enabled on the console or console port that has been left unattended. In addition, quickly terminating an idle session will also free up resources committed by the managed network element.

Terminating network connections associated with communications sessions includes, for example, de-allocating associated TCP/IP address/port pairs at the operating system level, and de-allocating networking assignments at the application level if multiple application sessions are using a single operating system level network connection.

Satisfies: SRG-NET-000344-ALG-000098, SRG-NET-000517-ALG-000006&lt;/VulnDiscussion&gt;&lt;FalsePositives&gt;&lt;/FalsePositives&gt;&lt;FalseNegatives&gt;&lt;/FalseNegatives&gt;&lt;Documentable&gt;false&lt;/Documentable&gt;&lt;Mitigations&gt;&lt;/Mitigations&gt;&lt;SecurityOverrideGuidance&gt;&lt;/SecurityOverrideGuidance&gt;&lt;PotentialImpacts&gt;&lt;/PotentialImpacts&gt;&lt;ThirdPartyTools&gt;&lt;/ThirdPartyTools&gt;&lt;MitigationControl&gt;&lt;/MitigationControl&gt;&lt;Responsibility&gt;&lt;/Responsibility&gt;&lt;IAControls&gt;&lt;/IAControls&gt;</description>
      <ident system="http://iase.disa.mil/cci">CCI-001133</ident>
      <fixtext>Login to the UAG administrative interface as an administrator.

Select "Configure Manually".

Navigate to Advanced Settings &gt;&gt; System Configuration.

Click the "Gear" icon to edit.

Set the "Session Timeout" value to "36000000" (10 hours).

Click "Save".</fixtext>
      <check system="N/A">
        <check-content>Login to the UAG administrative interface as an administrator.

Select "Configure Manually".

Navigate to Advanced Settings &gt;&gt; System Configuration.

Click the "Gear" icon to edit.

If the "Session Timeout" is not configured within the organization defined permitted time limit (default is 10 hours), this is a finding.</check-content>
      </check>
    </Rule>
  </Group>
  <Group id="UAGA-8X-000048">
    <title>SRG-NET-000228-ALG-000108</title>
    <Rule id="SV-UAGA-8X-000048" severity="medium" weight="10.0">
      <version>UAGA-8X-000048</version>
      <title>The UAG must only allow packages signed from a trusted signature authority to be installed.</title>
      <description>&lt;VulnDiscussion&gt;Mobile code is defined as software modules obtained from remote systems, transferred across a network, and then downloaded and executed on a local system without explicit installation or execution by the recipient.

The UAG allows for updates to be downloaded and installed with three options: "Don't Apply Updates", "Apply Updates on Next Boot", or "Apply Updates on Every Boot". The recommended strategy is for an administrator to determine when updates should be applied, and manually configure the value to "Apply Updates on Next Boot". With this setting, once updates are applied, the UAG reverts the setting back to "Don't Apply Updates" automatically.

Additional configuration items include the URL for OS packages, the URL for Appliance packages, and a means for uploading trusted certificates for the package sources. If the OS or Appliance package URLs are changed from the default location of "packages.vmware.com", then trusted certificates must be uploaded in order for the UAG to pull and validate the packages from a local source.&lt;/VulnDiscussion&gt;&lt;FalsePositives&gt;&lt;/FalsePositives&gt;&lt;FalseNegatives&gt;&lt;/FalseNegatives&gt;&lt;Documentable&gt;false&lt;/Documentable&gt;&lt;Mitigations&gt;&lt;/Mitigations&gt;&lt;SecurityOverrideGuidance&gt;&lt;/SecurityOverrideGuidance&gt;&lt;PotentialImpacts&gt;&lt;/PotentialImpacts&gt;&lt;ThirdPartyTools&gt;&lt;/ThirdPartyTools&gt;&lt;MitigationControl&gt;&lt;/MitigationControl&gt;&lt;Responsibility&gt;&lt;/Responsibility&gt;&lt;IAControls&gt;&lt;/IAControls&gt;</description>
      <ident system="http://iase.disa.mil/cci">CCI-001166</ident>
      <fixtext>Login to the UAG administrative interface as an administrator.

Select "Configure Manually".

Navigate to Advanced Settings &gt;&gt; Appliance Updates Settings.

Click the "Gear" icon to check the settings.

Option 1:

&gt; Revert any changed URL locations back to their default by clearing the field and clicking "Save".

Option 2:

&gt; For each changed URL (OS or Appliance) upload a trusted certificate and click "Save"</fixtext>
      <check system="N/A">
        <check-content>Login to the UAG administrative interface as an administrator.

Select "Configure Manually".

Navigate to Advanced Settings &gt;&gt; Appliance Updates Settings.

Click the "Gear" icon to check the settings.

Verify the "OS Updates URL" and "Appliance Updates URL" are set to allowed locations for package update sources.

If either URL has been changed from its default value of "packages.vmware.com", and a trusted certificate has not been uploaded for each changed value, this is a finding.</check-content>
      </check>
    </Rule>
  </Group>
  <Group id="UAGA-8X-000052">
    <title>SRG-NET-000234-ALG-000116</title>
    <Rule id="SV-UAGA-8X-000052" severity="medium" weight="10.0">
      <version>UAGA-8X-000052</version>
      <title>The UAG must generate unique session identifiers using a FIPS 140-2 approved random number generator.</title>
      <description>&lt;VulnDiscussion&gt;Sequentially generated session IDs can be easily guessed by an attacker. If an attacker can guess the session identifier, or can inject or manually insert session information, the valid user's application session can be compromised. 

Utilizing FIPS approved random number generators for the generation of unique session identifiers helps to protect against brute-force attacks to determine future session identifiers.

Note: The UAG will only implement FIPS mode at install time, with the correct ova file build. The FIPS enabled ova file must be downloaded from the VMware site, and that ova file must be used to deploy the UAG into the environment.&lt;/VulnDiscussion&gt;&lt;FalsePositives&gt;&lt;/FalsePositives&gt;&lt;FalseNegatives&gt;&lt;/FalseNegatives&gt;&lt;Documentable&gt;false&lt;/Documentable&gt;&lt;Mitigations&gt;&lt;/Mitigations&gt;&lt;SecurityOverrideGuidance&gt;&lt;/SecurityOverrideGuidance&gt;&lt;PotentialImpacts&gt;&lt;/PotentialImpacts&gt;&lt;ThirdPartyTools&gt;&lt;/ThirdPartyTools&gt;&lt;MitigationControl&gt;&lt;/MitigationControl&gt;&lt;Responsibility&gt;&lt;/Responsibility&gt;&lt;IAControls&gt;&lt;/IAControls&gt;</description>
      <ident system="http://iase.disa.mil/cci">CCI-001188</ident>
      <fixtext>The only way to enable FIPS mode on the UAG is by re-installing the appliance.

Download the correct ova file from the VMware site, and re-deploy a new UAG appliance into the environment.</fixtext>
      <check system="N/A">
        <check-content>Login to the UAG administrative interface as an administrator.

The information at the top of the page will show the build information (in year.month format), with a FIPS identifier if FIPS mode is enabled.

Example:

"Unified Access Gateway Appliance v22.03 (FIPS)"

If the UAG was not installed with FIPS mode enabled, this is a finding.</check-content>
      </check>
    </Rule>
  </Group>
  <Group id="UAGA-8X-000086">
    <title>SRG-NET-000333-ALG-000049</title>
    <Rule id="SV-UAGA-8X-000086" severity="medium" weight="10.0">
      <version>UAGA-8X-000086</version>
      <title>The UAG must be configured to support centralized management of audit records and logs.</title>
      <description>&lt;VulnDiscussion&gt;Without the ability to centrally manage the content captured in the audit records, identification, troubleshooting, and correlation of suspicious behavior would be difficult and could lead to a delayed or incomplete analysis of an ongoing attack.

The content captured in audit records must be managed from a central location (necessitating automation). Centralized management of audit records and logs provides for efficiency in maintenance and management of records, as well as the backup and archiving of those records. The UAG provides several transport methods for offloading logs to a centralized syslog server.

The DoD requires centralized management of all network component audit records. This requirement does not apply to audit logs generated on behalf of the device itself (management).

Satisfies: SRG-NET-000334-ALG-000050, SRG-NET-000511-ALG-000051&lt;/VulnDiscussion&gt;&lt;FalsePositives&gt;&lt;/FalsePositives&gt;&lt;FalseNegatives&gt;&lt;/FalseNegatives&gt;&lt;Documentable&gt;false&lt;/Documentable&gt;&lt;Mitigations&gt;&lt;/Mitigations&gt;&lt;SecurityOverrideGuidance&gt;&lt;/SecurityOverrideGuidance&gt;&lt;PotentialImpacts&gt;&lt;/PotentialImpacts&gt;&lt;ThirdPartyTools&gt;&lt;/ThirdPartyTools&gt;&lt;MitigationControl&gt;&lt;/MitigationControl&gt;&lt;Responsibility&gt;&lt;/Responsibility&gt;&lt;IAControls&gt;&lt;/IAControls&gt;</description>
      <ident system="http://iase.disa.mil/cci">CCI-001844</ident>
      <fixtext>Login to the UAG administrative interface as an administrator.

Select "Configure Manually".

Navigate to Advanced Settings &gt;&gt; Syslog Server Settings.

Click the "Gear" icon to edit.

Click "Add Syslog Entry", select the desired protocol and fill in all required fields.

Click "Add" then "Save". </fixtext>
      <check system="N/A">
        <check-content>Login to the UAG administrative interface as an administrator.

Select "Configure Manually".

Navigate to Advanced Settings &gt;&gt; Syslog Server Settings.

Click the "Gear" icon to edit.

Verify that at least one syslog server has been added.

If no offloading of audit records has been configured, this is a finding.</check-content>
      </check>
    </Rule>
  </Group>
  <Group id="UAGA-8X-000095">
    <title>SRG-NET-000355-ALG-000117</title>
    <Rule id="SV-UAGA-8X-000095" severity="medium" weight="10.0">
      <version>UAGA-8X-000095</version>
      <title>The UAG providing user authentication intermediary services using PKI-based user authentication must only accept end entity certificates issued by DoD PKI or DoD-approved PKI Certification Authorities (CAs) for the establishment of protected sessions.</title>
      <description>&lt;VulnDiscussion&gt;Non-DoD approved PKIs have not been evaluated to ensure that they have security controls and identity vetting procedures in place which are sufficient for DoD systems to rely on the identity asserted in the certificate. PKIs lacking sufficient security controls and identity vetting procedures risk being compromised and issuing certificates that enable adversaries to impersonate legitimate users.

The authoritative list of DoD-approved PKIs is published at http://iase.disa.mil/pki-pke/interoperability. DoD-approved PKI CAs may include Category I, II, and III certificates. Category I DoD-Approved External PKIs are PIV issuers. Category II DoD-Approved External PKIs are Non-Federal Agency PKIs cross certified with the Federal Bridge Certification Authority (FBCA). Category III DoD-Approved External PKIs are Foreign, Allied, or Coalition Partner PKIs.&lt;/VulnDiscussion&gt;&lt;FalsePositives&gt;&lt;/FalsePositives&gt;&lt;FalseNegatives&gt;&lt;/FalseNegatives&gt;&lt;Documentable&gt;false&lt;/Documentable&gt;&lt;Mitigations&gt;&lt;/Mitigations&gt;&lt;SecurityOverrideGuidance&gt;&lt;/SecurityOverrideGuidance&gt;&lt;PotentialImpacts&gt;&lt;/PotentialImpacts&gt;&lt;ThirdPartyTools&gt;&lt;/ThirdPartyTools&gt;&lt;MitigationControl&gt;&lt;/MitigationControl&gt;&lt;Responsibility&gt;&lt;/Responsibility&gt;&lt;IAControls&gt;&lt;/IAControls&gt;</description>
      <ident system="http://iase.disa.mil/cci">CCI-002470</ident>
      <fixtext>Login to the UAG administrative interface as an administrator.

Select "Configure Manually".

Navigate to Advanced Settings &gt;&gt; TLS Server Certificate Settings.

Select the certificate type and network interfaces to apply the certificate to, then upload valid DoD issued certificate files into the required fields.

Click "Save".</fixtext>
      <check system="N/A">
        <check-content>From within the UAG administrative user interface, there is no way to view the uploaded certificate information. Therefore, two options exist for checking compliance.

Option One - re-upload known DoD issued certificate:

&gt; Login to the UAG administrative interface as an administrator.

&gt; Select "Configure Manually".

&gt; Navigate to Advanced Settings &gt;&gt; TLS Server Certificate Settings.

&gt; Select the certificate type and network interfaces to apply the certificate to, then upload valid DoD issued certificate files into the required fields.

&gt; Click "Save".

Option Two - verify the certificate through the browser:

&gt; Navigate to the UAG login page (user and/or admin page, depending on environment setup).

&gt; In the browser's URL address bar, find the certificate settings validating the site is secure, and select to "View Certificate" (each browser is different).

&gt; In the Certificate dialog, click the "Details" tab, then the "Issuer" field.

&gt; Validate the Issuer is on the DoD approved issuer list.

If the UAG does not utilize certificates that have been issued by a DoD approved Certificate Authority (CA), this is a finding.</check-content>
      </check>
    </Rule>
  </Group>
  <Group id="UAGA-8X-000139">
    <title>SRG-NET-000512-ALG-000062</title>
    <Rule id="SV-UAGA-8X-000139" severity="medium" weight="10.0">
      <version>UAGA-8X-000139</version>
      <title>The UAG must offload system level log information to a centralized server.</title>
      <description>&lt;VulnDiscussion&gt;Without the ability to centrally manage the content captured in the audit records, identification, troubleshooting, and correlation of suspicious behavior would be difficult and could lead to a delayed or incomplete analysis of an ongoing attack.

The content captured in audit records must be managed from a central location (necessitating automation). Centralized management of audit records and logs provides for efficiency in maintenance and management of records, as well as the backup and archiving of those records. The UAG provides options for offloading logs to a centralized syslog server, including an option to send system-level log information.

The DoD requires centralized management of all network component audit record content.&lt;/VulnDiscussion&gt;&lt;FalsePositives&gt;&lt;/FalsePositives&gt;&lt;FalseNegatives&gt;&lt;/FalseNegatives&gt;&lt;Documentable&gt;false&lt;/Documentable&gt;&lt;Mitigations&gt;&lt;/Mitigations&gt;&lt;SecurityOverrideGuidance&gt;&lt;/SecurityOverrideGuidance&gt;&lt;PotentialImpacts&gt;&lt;/PotentialImpacts&gt;&lt;ThirdPartyTools&gt;&lt;/ThirdPartyTools&gt;&lt;MitigationControl&gt;&lt;/MitigationControl&gt;&lt;Responsibility&gt;&lt;/Responsibility&gt;&lt;IAControls&gt;&lt;/IAControls&gt;</description>
      <ident system="http://iase.disa.mil/cci">CCI-000366</ident>
      <fixtext>Login to the UAG administrative interface as an administrator.

Select "Configure Manually".

Navigate to Advanced Settings &gt;&gt; Syslog Server Settings.

Click the "Gear" icon to edit.

Ensure the "Syslog Include System Messages" toggle is enabled.

Click "Save". </fixtext>
      <check system="N/A">
        <check-content>Login to the UAG administrative interface as an administrator.

Select "Configure Manually".

Navigate to Advanced Settings &gt;&gt; Syslog Server Settings.

Click the "Gear" icon to edit.

Verify that the "Syslog Include System Messages" toggle is enabled.

If the "Syslog Include System Messages" toggle is not enabled, this is a finding.</check-content>
      </check>
    </Rule>
  </Group>
  <Group id="UAGA-8X-000142">
    <title>SRG-NET-000512-ALG-000066</title>
    <Rule id="SV-UAGA-8X-000142" severity="medium" weight="10.0">
      <version>UAGA-8X-000142</version>
      <title>The UAG must prevent rendering inside a frame or iframe on another site by including the X-Frame-Options Security Header.</title>
      <description>&lt;VulnDiscussion&gt;Clickjacking, also known as a “UI redress attack”, is when an attacker uses multiple transparent or opaque layers to trick a user into clicking on a button or link on another page when they were intending to click on the top level page. Thus, the attacker is “hijacking” clicks meant for the original page and routing them to another page, most likely owned by another application, domain, or both.

Using a similar technique, keystrokes can also be hijacked. With a carefully crafted combination of stylesheets, iframes, and text boxes, a user can be led to believe they are typing in the password to their email or bank account, but are instead typing into an invisible frame controlled by the attacker.&lt;/VulnDiscussion&gt;&lt;FalsePositives&gt;&lt;/FalsePositives&gt;&lt;FalseNegatives&gt;&lt;/FalseNegatives&gt;&lt;Documentable&gt;false&lt;/Documentable&gt;&lt;Mitigations&gt;&lt;/Mitigations&gt;&lt;SecurityOverrideGuidance&gt;&lt;/SecurityOverrideGuidance&gt;&lt;PotentialImpacts&gt;&lt;/PotentialImpacts&gt;&lt;ThirdPartyTools&gt;&lt;/ThirdPartyTools&gt;&lt;MitigationControl&gt;&lt;/MitigationControl&gt;&lt;Responsibility&gt;&lt;/Responsibility&gt;&lt;IAControls&gt;&lt;/IAControls&gt;</description>
      <ident system="http://iase.disa.mil/cci">CCI-000366</ident>
      <fixtext>Login to the UAG administrative interface as an administrator.

Select "Configure Manually".

Navigate to General Settings and set the "Edge Service Settings" toggle to "SHOW".

Click the gear icon to view the Horizon Settings &gt;&gt; Click "More" at the bottom of the dialog.

Add or edit the "X-Frame-Options" entry and ensure it has a value of "SAMEORIGIN".

Click "Save".</fixtext>
      <check system="N/A">
        <check-content>Login to the UAG administrative interface as an administrator.

Select "Configure Manually".

Navigate to General Settings and set the "Edge Service Settings" toggle to "SHOW".

Click the gear icon to view the Horizon Settings &gt;&gt; Click "More" at the bottom of the dialog.

If the "Response Security Headers" do not contain an entry for "X-Frame-Options" with a value of "SAMEORIGIN", this is a finding.</check-content>
      </check>
    </Rule>
  </Group>
  <Group id="UAGA-8X-000144">
    <title>SRG-NET-000514-ALG-000514</title>
    <Rule id="SV-UAGA-8X-000144" severity="medium" weight="10.0">
      <version>UAGA-8X-000144</version>
      <title>The UAG must initiate a session lock after a 15-minute period of inactivity.</title>
      <description>&lt;VulnDiscussion&gt;A session time-out lock is a temporary action taken when a user stops work and moves away from the immediate physical vicinity of the information system, but does not log out because of the temporary nature of the absence. Rather than relying on the user to manually lock their session prior to vacating the vicinity, network elements need to be able to identify when a user's session has gone idle and take action to initiate the session lock.

The session lock must be implemented at the point where session activity can be determined and/or controlled.&lt;/VulnDiscussion&gt;&lt;FalsePositives&gt;&lt;/FalsePositives&gt;&lt;FalseNegatives&gt;&lt;/FalseNegatives&gt;&lt;Documentable&gt;false&lt;/Documentable&gt;&lt;Mitigations&gt;&lt;/Mitigations&gt;&lt;SecurityOverrideGuidance&gt;&lt;/SecurityOverrideGuidance&gt;&lt;PotentialImpacts&gt;&lt;/PotentialImpacts&gt;&lt;ThirdPartyTools&gt;&lt;/ThirdPartyTools&gt;&lt;MitigationControl&gt;&lt;/MitigationControl&gt;&lt;Responsibility&gt;&lt;/Responsibility&gt;&lt;IAControls&gt;&lt;/IAControls&gt;</description>
      <ident system="http://iase.disa.mil/cci">CCI-000057</ident>
      <fixtext>Login to the UAG administrative interface as an administrator.

Select "Configure Manually".

Navigate to Advanced Settings &gt;&gt; System Configuration.

Set the "Client Connection Idle Timeout" value to 900.

Click "Save".</fixtext>
      <check system="N/A">
        <check-content>Login to the UAG administrative interface as an administrator.

Select "Configure Manually".

Navigate to Advanced Settings &gt;&gt; System Configuration.

If the "Client Connection Idle Timeout" option is not configured, has a value of 0, or has a value larger than 900, this is a finding.</check-content>
      </check>
    </Rule>
  </Group>
  <Group id="UAGA-8X-000151">
    <title>SRG-NET-000512-ALG-000066</title>
    <Rule id="SV-UAGA-8X-000151" severity="medium" weight="10.0">
      <version>UAGA-8X-000151</version>
      <title>The UAG must implement HTTP Strict Transport Security (HSTS) to protect the integrity of remote sessions.</title>
      <description>&lt;VulnDiscussion&gt;HTTP Strict Transport Security (HSTS) instructs web browsers to only use secure connections for all future requests when communicating with a web site. Doing so helps prevent SSL protocol attacks, SSL stripping, cookie hijacking, and other attempts to circumvent SSL protection.&lt;/VulnDiscussion&gt;&lt;FalsePositives&gt;&lt;/FalsePositives&gt;&lt;FalseNegatives&gt;&lt;/FalseNegatives&gt;&lt;Documentable&gt;false&lt;/Documentable&gt;&lt;Mitigations&gt;&lt;/Mitigations&gt;&lt;SecurityOverrideGuidance&gt;&lt;/SecurityOverrideGuidance&gt;&lt;PotentialImpacts&gt;&lt;/PotentialImpacts&gt;&lt;ThirdPartyTools&gt;&lt;/ThirdPartyTools&gt;&lt;MitigationControl&gt;&lt;/MitigationControl&gt;&lt;Responsibility&gt;&lt;/Responsibility&gt;&lt;IAControls&gt;&lt;/IAControls&gt;</description>
      <ident system="http://iase.disa.mil/cci">CCI-000366</ident>
      <fixtext>Login to the UAG administrative interface as an administrator.

Select "Configure Manually".

Navigate to General Settings and set the "Edge Service Settings" toggle to "SHOW".

Click the gear icon to view the Horizon Settings &gt;&gt; Click "More" at the bottom of the dialog.

Ensure the "Strict-Transport-Security" value is set to "max-age=63072000; includeSubdomains; preload".

Click "Save".</fixtext>
      <check system="N/A">
        <check-content>Login to the UAG administrative interface as an administrator.

Select "Configure Manually".

Navigate to General Settings and set the "Edge Service Settings" toggle to "SHOW".

Click the gear icon to view the Horizon Settings &gt;&gt; Click "More" at the bottom of the dialog.

If the "Response Security Headers" do not contain an entry for "Strict-Transport-Security", this is a finding.

Note: The default UAG Strict-Transport-Security value is "max-age=63072000; includeSubdomains; preload".</check-content>
      </check>
    </Rule>
  </Group>
  <Group id="UAGA-8X-000152">
    <title>SRG-NET-000512-ALG-000066</title>
    <Rule id="SV-UAGA-8X-000152" severity="medium" weight="10.0">
      <version>UAGA-8X-000152</version>
      <title>The UAG must protect against MIME type sniffing by setting the X-Content-Type-Options Security Header.</title>
      <description>&lt;VulnDiscussion&gt;MIME type sniffing is a technique used by some web browsers to examine the content of a particular asset, in order to determine the asset's file format. This technique is useful in the event that there is not enough metadata information present for a particular asset, thus leaving the possibility that the browser interprets the asset type incorrectly.

Although MIME type sniffing can be useful to determine an asset's correct file format, it can also cause a security vulnerability. This vulnerability can be quite dangerous both for site owners as well as site visitors. This is because an attacker can leverage MIME type sniffing to send an XSS (Cross Site Scripting) attack.

Setting the X-Content-Type-Options Security Header prevents browsers from guessing the MIME type by telling the browser that MIME types are deliberately configured on the server.&lt;/VulnDiscussion&gt;&lt;FalsePositives&gt;&lt;/FalsePositives&gt;&lt;FalseNegatives&gt;&lt;/FalseNegatives&gt;&lt;Documentable&gt;false&lt;/Documentable&gt;&lt;Mitigations&gt;&lt;/Mitigations&gt;&lt;SecurityOverrideGuidance&gt;&lt;/SecurityOverrideGuidance&gt;&lt;PotentialImpacts&gt;&lt;/PotentialImpacts&gt;&lt;ThirdPartyTools&gt;&lt;/ThirdPartyTools&gt;&lt;MitigationControl&gt;&lt;/MitigationControl&gt;&lt;Responsibility&gt;&lt;/Responsibility&gt;&lt;IAControls&gt;&lt;/IAControls&gt;</description>
      <ident system="http://iase.disa.mil/cci">CCI-000366</ident>
      <fixtext>Login to the UAG administrative interface as an administrator.

Select "Configure Manually".

Navigate to General Settings and set the "Edge Service Settings" toggle to "SHOW".

Click the gear icon to view the Horizon Settings &gt;&gt; Click "More" at the bottom of the dialog.

Add or edit the "X-Content-Type-Options" setting and ensure it has a value of "nosniff".

Click "Save".</fixtext>
      <check system="N/A">
        <check-content>Login to the UAG administrative interface as an administrator.

Select "Configure Manually".

Navigate to General Settings and set the "Edge Service Settings" toggle to "SHOW".

Click the gear icon to view the Horizon Settings &gt;&gt; Click "More" at the bottom of the dialog.

If the "Response Security Headers" do not contain an entry for "X-Content-Type-Options" with a value of "nosniff", this is a finding.</check-content>
      </check>
    </Rule>
  </Group>
  <Group id="UAGA-8X-000153">
    <title>SRG-NET-000164-ALG-000100</title>
    <Rule id="SV-UAGA-8X-000153" severity="medium" weight="10.0">
      <version>UAGA-8X-000153</version>
      <title>The UAG must validate certificates used for TLS functions by performing RFC 5280-compliant certification path validation.</title>
      <description>&lt;VulnDiscussion&gt;A certificate's certification path is the path from the end entity certificate to a trusted root certification authority (CA). Certification path validation is necessary for a relying party to make an informed decision regarding acceptance of an end entity certificate. 

Certification path validation includes checks such as certificate issuer trust, time validity and revocation status for each certificate in the certification path. Revocation status information for CA and subject certificates in a certification path is commonly provided via certificate revocation lists (CRLs) or online certificate status protocol (OCSP) responses.

The UAG provides an "Extended Server Certificate Validation" option that will verify information including hostname match, verification status, and validity period.&lt;/VulnDiscussion&gt;&lt;FalsePositives&gt;&lt;/FalsePositives&gt;&lt;FalseNegatives&gt;&lt;/FalseNegatives&gt;&lt;Documentable&gt;false&lt;/Documentable&gt;&lt;Mitigations&gt;&lt;/Mitigations&gt;&lt;SecurityOverrideGuidance&gt;&lt;/SecurityOverrideGuidance&gt;&lt;PotentialImpacts&gt;&lt;/PotentialImpacts&gt;&lt;ThirdPartyTools&gt;&lt;/ThirdPartyTools&gt;&lt;MitigationControl&gt;&lt;/MitigationControl&gt;&lt;Responsibility&gt;&lt;/Responsibility&gt;&lt;IAControls&gt;&lt;/IAControls&gt;</description>
      <ident system="http://iase.disa.mil/cci">CCI-000185</ident>
      <fixtext>Login to the UAG administrative interface as an administrator.

Select "Configure Manually".

Navigate to Advanced Settings &gt;&gt; System Configuration.

Click the "Gear" icon to check the settings.

Scroll to the bottom, and ensure the "Extended Server Certificate Validation" toggle is enabled.

Click "Save".</fixtext>
      <check system="N/A">
        <check-content>Login to the UAG administrative interface as an administrator.

Select "Configure Manually".

Navigate to Advanced Settings &gt;&gt; System Configuration.

Click the "Gear" icon to check the settings.

If the "Extended Server Certificate Validation" toggle is not enabled, this is a finding.</check-content>
      </check>
    </Rule>
  </Group>
  <Group id="UAGA-8X-000154">
    <title>SRG-NET-000041-ALG-000022</title>
    <Rule id="SV-UAGA-8X-000154" severity="medium" weight="10.0">
      <version>UAGA-8X-000154</version>
      <title>The UAG end user interface must display the Standard Mandatory DoD-approved Notice and Consent Banner before granting access to the network.</title>
      <description>&lt;VulnDiscussion&gt;Application servers are required to display the Standard Mandatory DoD Notice and Consent Banner before granting access to the system, providing privacy and security notices consistent with applicable federal laws, Executive Orders, directives, policies, regulations, standards, and guidance that states that:

(i) users are accessing a U.S. Government information system;
(ii) system usage may be monitored, recorded, and subject to audit;
(iii) unauthorized use of the system is prohibited and subject to criminal and civil penalties; and
(iv) the use of the system indicates consent to monitoring and recording.

System use notification messages can be implemented in the form of warning banners displayed when individuals log on to the information system.

System use notification is intended only for information system access including an interactive logon interface with a human user, and is not required when an interactive interface does not exist.

Use this banner for desktops, laptops, and other devices accommodating banners of 1300 characters. The banner shall be implemented as a click-through banner at logon (to the extent permitted by the operating system), meaning it prevents further activity on the information system unless and until the user executes a positive action to manifest agreement by clicking on a box indicating "OK".

"You are accessing a U.S. Government (USG) Information System (IS) that is provided for USG-authorized use only.
By using this IS (which includes any device attached to this IS), you consent to the following conditions:
-The USG routinely intercepts and monitors communications on this IS for purposes including, but not limited to, penetration testing, COMSEC monitoring, network operations and defense, personnel misconduct (PM), law enforcement (LE), and counterintelligence (CI) investigations.
-At any time, the USG may inspect and seize data stored on this IS.
-Communications using, or data stored on, this IS are not private, are subject to routine monitoring, interception, and search, and may be disclosed or used for any USG-authorized purpose.
-This IS includes security measures (e.g., authentication and access controls) to protect USG interests--not for your personal benefit or privacy.
-Notwithstanding the above, using this IS does not constitute consent to PM, LE or CI investigative searching or monitoring of the content of privileged communications, or work product, related to personal representation or services by attorneys, psychotherapists, or clergy, and their assistants. Such communications and work product are private and confidential. See User Agreement for details."&lt;/VulnDiscussion&gt;&lt;FalsePositives&gt;&lt;/FalsePositives&gt;&lt;FalseNegatives&gt;&lt;/FalseNegatives&gt;&lt;Documentable&gt;false&lt;/Documentable&gt;&lt;Mitigations&gt;&lt;/Mitigations&gt;&lt;SecurityOverrideGuidance&gt;&lt;/SecurityOverrideGuidance&gt;&lt;PotentialImpacts&gt;&lt;/PotentialImpacts&gt;&lt;ThirdPartyTools&gt;&lt;/ThirdPartyTools&gt;&lt;MitigationControl&gt;&lt;/MitigationControl&gt;&lt;Responsibility&gt;&lt;/Responsibility&gt;&lt;IAControls&gt;&lt;/IAControls&gt;</description>
      <ident system="http://iase.disa.mil/cci">CCI-000048</ident>
      <fixtext>Login to the UAG administrative interface as an administrator.

Select "Configure Manually".

Navigate to General Settings &gt;&gt; Edge Service Settings &gt;&gt; Toggle the icon to "Show" &gt;&gt; Click the gear icon for "Horizon Settings" &gt;&gt; Click "More" to expand the settings.

In the "Disclaimer Text" field, supply the Standard Mandatory DoD Notice and Consent Banner text:

"You are accessing a U.S. Government (USG) Information System (IS) that is provided for USG-authorized use only.
By using this IS (which includes any device attached to this IS), you consent to the following conditions:
-The USG routinely intercepts and monitors communications on this IS for purposes including, but not limited to, penetration testing, COMSEC monitoring, network operations and defense, personnel misconduct (PM), law enforcement (LE), and counterintelligence (CI) investigations.
-At any time, the USG may inspect and seize data stored on this IS.
-Communications using, or data stored on, this IS are not private, are subject to routine monitoring, interception, and search, and may be disclosed or used for any USG-authorized purpose.
-This IS includes security measures (e.g., authentication and access controls) to protect USG interests--not for your personal benefit or privacy.
-Notwithstanding the above, using this IS does not constitute consent to PM, LE or CI investigative searching or monitoring of the content of privileged communications, or work product, related to personal representation or services by attorneys, psychotherapists, or clergy, and their assistants. Such communications and work product are private and confidential. See User Agreement for details."

Click "Save".</fixtext>
      <check system="N/A">
        <check-content>Login to the UAG administrative interface as an administrator.

Select "Configure Manually".

Navigate to General Settings &gt;&gt; Edge Service Settings &gt;&gt; Toggle the icon to "Show" &gt;&gt; Click the gear icon for "Horizon Settings" &gt;&gt; Click "More" to expand the settings.

If the "Disclaimer Text" field does not contain the Standard Mandatory DoD Notice and Consent Banner text, this is a finding.</check-content>
      </check>
    </Rule>
  </Group>
  <Group id="UAGA-8X-000155">
    <title>SRG-NET-000512-ALG-000062</title>
    <Rule id="SV-UAGA-8X-000155" severity="medium" weight="10.0">
      <version>UAGA-8X-000155</version>
      <title>The UAG must not provide environment information to third parties.</title>
      <description>&lt;VulnDiscussion&gt;Providing technical details about environmental infrastructure to third parties could unknowingly expose sensitive information to bad actors if intercepted.&lt;/VulnDiscussion&gt;&lt;FalsePositives&gt;&lt;/FalsePositives&gt;&lt;FalseNegatives&gt;&lt;/FalseNegatives&gt;&lt;Documentable&gt;false&lt;/Documentable&gt;&lt;Mitigations&gt;&lt;/Mitigations&gt;&lt;SecurityOverrideGuidance&gt;&lt;/SecurityOverrideGuidance&gt;&lt;PotentialImpacts&gt;&lt;/PotentialImpacts&gt;&lt;ThirdPartyTools&gt;&lt;/ThirdPartyTools&gt;&lt;MitigationControl&gt;&lt;/MitigationControl&gt;&lt;Responsibility&gt;&lt;/Responsibility&gt;&lt;IAControls&gt;&lt;/IAControls&gt;</description>
      <ident system="http://iase.disa.mil/cci">CCI-000366</ident>
      <fixtext>Login to the UAG administrative interface as an administrator.

Select "Configure Manually".

Navigate to Advanced Settings &gt;&gt; System Configuration.

Click the "Gear" icon to check the settings.

Ensure the "Join CEIP" toggle is disabled.

Click "Save".</fixtext>
      <check system="N/A">
        <check-content>Login to the UAG administrative interface as an administrator.

Select "Configure Manually".

Navigate to Advanced Settings &gt;&gt; System Configuration.

Click the "Gear" icon to check the settings.

If the "Join CEIP" toggle is enabled, this is a finding.</check-content>
      </check>
    </Rule>
  </Group>
  <Group id="UAGA-8X-000156">
    <title>SRG-NET-000512-ALG-000062</title>
    <Rule id="SV-UAGA-8X-000156" severity="medium" weight="10.0">
      <version>UAGA-8X-000156</version>
      <title>The UAG must have a clock skew tolerance of less than 5 minutes.</title>
      <description>&lt;VulnDiscussion&gt;A typical SAML Assertion process involves a Service Provider (SP) sending an authentication request to an Identity Provider (IdP), receiving a SAML response from the IdP, and validating the information contained in the response.

Date fields such as "NotBefore" and "NotOnOrAfter" are contained within the response, and control the time window during which the SAML response is valid.

If the system clocks of the SP and IdP are not in sync, this may lead to issues with SAML token validation and authentication.

The UAG contains a "Clock Skew Tolerance" field that can help address this issue by setting an allowed number of seconds of allowed clock skew between servers on the same network.&lt;/VulnDiscussion&gt;&lt;FalsePositives&gt;&lt;/FalsePositives&gt;&lt;FalseNegatives&gt;&lt;/FalseNegatives&gt;&lt;Documentable&gt;false&lt;/Documentable&gt;&lt;Mitigations&gt;&lt;/Mitigations&gt;&lt;SecurityOverrideGuidance&gt;&lt;/SecurityOverrideGuidance&gt;&lt;PotentialImpacts&gt;&lt;/PotentialImpacts&gt;&lt;ThirdPartyTools&gt;&lt;/ThirdPartyTools&gt;&lt;MitigationControl&gt;&lt;/MitigationControl&gt;&lt;Responsibility&gt;&lt;/Responsibility&gt;&lt;IAControls&gt;&lt;/IAControls&gt;</description>
      <ident system="http://iase.disa.mil/cci">CCI-000366</ident>
      <fixtext>Login to the UAG administrative interface as an administrator.

Select "Configure Manually".

Navigate to Advanced Settings &gt;&gt; System Configuration.

Click the "Gear" icon to check the settings.

Ensure the "Clock Skew Tolerance" value is 300 (5 minutes).

Click "Save".</fixtext>
      <check system="N/A">
        <check-content>Login to the UAG administrative interface as an administrator.

Select "Configure Manually".

Navigate to Advanced Settings &gt;&gt; System Configuration.

Click the "Gear" icon to check the settings.

If the "Clock Skew Tolerance" value is greater than 300 (5 minutes), this is a finding.</check-content>
      </check>
    </Rule>
  </Group>
  <Group id="UAGA-8X-000159">
    <title>SRG-NET-000512-ALG-000062</title>
    <Rule id="SV-UAGA-8X-000159" severity="medium" weight="10.0">
      <version>UAGA-8X-000159</version>
      <title>The UAG must disable host time synchronization and utilize authoritative NTP time sources.</title>
      <description>&lt;VulnDiscussion&gt;Determining the correct time a particular application event occurred on a system is critical when conducting forensic analysis and investigating system events.

Synchronization of system clocks is needed in order to correctly correlate the timing of events that occur across multiple systems. To meet this requirement, the organization must define authoritative time sources and configure each UAG system to utilize the authoritative time sources.

The UAG does provide an option to synchronize the time with the ESXi host, only if running on a VMware ESXi host. This option must be disabled, and NTP time servers configured, in order to ensure all components (servers, hosts, network devices, etc) are utilizing the same NTP time sources.&lt;/VulnDiscussion&gt;&lt;FalsePositives&gt;&lt;/FalsePositives&gt;&lt;FalseNegatives&gt;&lt;/FalseNegatives&gt;&lt;Documentable&gt;false&lt;/Documentable&gt;&lt;Mitigations&gt;&lt;/Mitigations&gt;&lt;SecurityOverrideGuidance&gt;&lt;/SecurityOverrideGuidance&gt;&lt;PotentialImpacts&gt;&lt;/PotentialImpacts&gt;&lt;ThirdPartyTools&gt;&lt;/ThirdPartyTools&gt;&lt;MitigationControl&gt;&lt;/MitigationControl&gt;&lt;Responsibility&gt;&lt;/Responsibility&gt;&lt;IAControls&gt;&lt;/IAControls&gt;</description>
      <ident system="http://iase.disa.mil/cci">CCI-000366</ident>
      <fixtext>Login to the UAG administrative interface as an administrator.

Select "Configure Manually".

Navigate to Advanced Settings &gt;&gt; System Configuration.

Click the "Gear" icon to check the settings.

Ensure the "Time Sync With Host" toggle is disabled.

Ensure the "NTP Servers" section contains a list of valid authoritative NTP time sources.

Click "Save".</fixtext>
      <check system="N/A">
        <check-content>Login to the UAG administrative interface as an administrator.

Select "Configure Manually".

Navigate to Advanced Settings &gt;&gt; System Configuration.

Click the "Gear" icon to check the settings.

If the "Time Sync With Host" toggle is enabled, this is a finding.

If the "NTP Servers" does not contain a list of valid authoritative NTP time sources, this is a finding.</check-content>
      </check>
    </Rule>
  </Group>
  <Group id="UAGA-8X-000161">
    <title>SRG-NET-000512-ALG-000062</title>
    <Rule id="SV-UAGA-8X-000161" severity="medium" weight="10.0">
      <version>UAGA-8X-000161</version>
      <title>The UAG local administrator account must be configured with a password maximum lifetime of 60 days or less.</title>
      <description>&lt;VulnDiscussion&gt;Any password, no matter how complex, can eventually be deduced. If the application does not limit the lifetime of passwords and force users to change their passwords, there is the risk that the passwords and related accounts could be compromised. One method of minimizing this risk is to force users to use complex passwords and periodically change them.&lt;/VulnDiscussion&gt;&lt;FalsePositives&gt;&lt;/FalsePositives&gt;&lt;FalseNegatives&gt;&lt;/FalseNegatives&gt;&lt;Documentable&gt;false&lt;/Documentable&gt;&lt;Mitigations&gt;&lt;/Mitigations&gt;&lt;SecurityOverrideGuidance&gt;&lt;/SecurityOverrideGuidance&gt;&lt;PotentialImpacts&gt;&lt;/PotentialImpacts&gt;&lt;ThirdPartyTools&gt;&lt;/ThirdPartyTools&gt;&lt;MitigationControl&gt;&lt;/MitigationControl&gt;&lt;Responsibility&gt;&lt;/Responsibility&gt;&lt;IAControls&gt;&lt;/IAControls&gt;</description>
      <ident system="http://iase.disa.mil/cci">CCI-000366</ident>
      <fixtext>Login to the UAG administrative interface as an administrator.

Select "Configure Manually".

Navigate to Advanced Settings &gt;&gt; System Configuration.

Click the "Gear" icon to check the settings.

Ensure the "Password Age" is set to "60".

Click "Save".</fixtext>
      <check system="N/A">
        <check-content>Login to the UAG administrative interface as an administrator.

Select "Configure Manually".

Navigate to Advanced Settings &gt;&gt; System Configuration.

Click the "Gear" icon to check the settings.

If the "Password Age" is set to 0, or is set to a value greater than 60, this is a finding.</check-content>
      </check>
    </Rule>
  </Group>
  <Group id="UAGA-8X-000162">
    <title>SRG-NET-000512-ALG-000062</title>
    <Rule id="SV-UAGA-8X-000162" severity="medium" weight="10.0">
      <version>UAGA-8X-000162</version>
      <title>The UAG local monitoring accounts must be configured with a password maximum lifetime of 90 days or less.</title>
      <description>&lt;VulnDiscussion&gt;Any password, no matter how complex, can eventually be deduced. If the application does not limit the lifetime of passwords and force users to change their passwords, there is the risk that the passwords and related accounts could be compromised. One method of minimizing this risk is to force users to use complex passwords and periodically change them. &lt;/VulnDiscussion&gt;&lt;FalsePositives&gt;&lt;/FalsePositives&gt;&lt;FalseNegatives&gt;&lt;/FalseNegatives&gt;&lt;Documentable&gt;false&lt;/Documentable&gt;&lt;Mitigations&gt;&lt;/Mitigations&gt;&lt;SecurityOverrideGuidance&gt;&lt;/SecurityOverrideGuidance&gt;&lt;PotentialImpacts&gt;&lt;/PotentialImpacts&gt;&lt;ThirdPartyTools&gt;&lt;/ThirdPartyTools&gt;&lt;MitigationControl&gt;&lt;/MitigationControl&gt;&lt;Responsibility&gt;&lt;/Responsibility&gt;&lt;IAControls&gt;&lt;/IAControls&gt;</description>
      <ident system="http://iase.disa.mil/cci">CCI-000366</ident>
      <fixtext>Login to the UAG administrative interface as an administrator.

Select "Configure Manually".

Navigate to Advanced Settings &gt;&gt; System Configuration.

Click the "Gear" icon to check the settings.

Ensure the "Monitoring User Password Age" is set to "90".

Click "Save".</fixtext>
      <check system="N/A">
        <check-content>Login to the UAG administrative interface as an administrator.

Select "Configure Manually".

Navigate to Advanced Settings &gt;&gt; System Configuration.

Click the "Gear" icon to check the settings.

If the "Monitoring User Password Age" is set to 0, or is set to a value greater than 90, this is a finding.</check-content>
      </check>
    </Rule>
  </Group>
  <Group id="UAGA-8X-000165">
    <title>SRG-NET-000512-ALG-000062</title>
    <Rule id="SV-UAGA-8X-000165" severity="medium" weight="10.0">
      <version>UAGA-8X-000165</version>
      <title>The UAG must configure SNMP properly.</title>
      <description>&lt;VulnDiscussion&gt;SNMPv3 supports commercial-grade security, including authentication, authorization, access control, and privacy. Previous versions of the protocol contain well-known security weaknesses that can be easily exploited. As such, SNMPv1 and SNMPv2 receivers must be disabled.

If SNMP is not being used, it must remain disabled. If SNMP is enabled but properly configured, monitoring information can be sent to a malicious host that can then use this information to plan an attack.&lt;/VulnDiscussion&gt;&lt;FalsePositives&gt;&lt;/FalsePositives&gt;&lt;FalseNegatives&gt;&lt;/FalseNegatives&gt;&lt;Documentable&gt;false&lt;/Documentable&gt;&lt;Mitigations&gt;&lt;/Mitigations&gt;&lt;SecurityOverrideGuidance&gt;&lt;/SecurityOverrideGuidance&gt;&lt;PotentialImpacts&gt;&lt;/PotentialImpacts&gt;&lt;ThirdPartyTools&gt;&lt;/ThirdPartyTools&gt;&lt;MitigationControl&gt;&lt;/MitigationControl&gt;&lt;Responsibility&gt;&lt;/Responsibility&gt;&lt;IAControls&gt;&lt;/IAControls&gt;</description>
      <ident system="http://iase.disa.mil/cci">CCI-000366</ident>
      <fixtext>Login to the UAG administrative interface as an administrator.

Select "Configure Manually".

Navigate to Advanced Settings &gt;&gt; System Configuration.  Click the "Gear" icon.

Either set the "Enable SNMP" toggle to "Off", or set it to "On", and ensure the "SNMP Version" is set to "SNMPv3", then fill in all required fields.

Click "Save".</fixtext>
      <check system="N/A">
        <check-content>Login to the UAG administrative interface as an administrator.

Select "Configure Manually".

Navigate to Advanced Settings &gt;&gt; System Configuration.  Click the "Gear" icon.

If the "Enable SNMP" toggle is set to "Off", this is not a finding.

If the "Enable SNMP" toggle is set to "On", and the "SNMP Version" dropdown is set to "SNMPv3", this is not a finding.

If the "Enable SNMP" toggle is set to "On", and the "SNMP Version" dropdown is set to "SNMPv1+SNMPv2c", this is a finding.</check-content>
      </check>
    </Rule>
  </Group>
</Benchmark>
