<?xml version="1.0" encoding="UTF-8"?><?xml-stylesheet type="text/xsl" href="STIG_unclass.xsl"?>
<Benchmark xmlns:dc="http://purl.org/dc/elements/1.1/" xmlns:xsi="http://www.w3.org/2001/XMLSchema-instance" xmlns:cpe="http://cpe.mitre.org/language/2.0" xmlns:xhtml="http://www.w3.org/1999/xhtml" xmlns:dsig="http://www.w3.org/2000/09/xmldsig#" xsi:schemaLocation="http://checklists.nist.gov/xccdf/1.1 http://nvd.nist.gov/schema/xccdf-1.1.4.xsdhttp://cpe.mitre.org/dictionary/2.0 http://cpe.mitre.org/files/cpe-dictionary_2.1.xsd" id="VMware Identity Manager 3.3.x Appliance Tomcat Service" xml:lang="en" xmlns="http://checklists.nist.gov/xccdf/1.1">
  <status date="2023-08-29">draft</status>
  <title>VMware Identity Manager 3.3.x Appliance Tomcat Service STIG Readiness Guide</title>
  <description>VMware Identity Manager 3.3.x Appliance Tomcat Service STIG Readiness Guide</description>
  <notice id="terms-of-use" xml:lang="en"/>
  <front-matter xml:lang="en"/>
  <rear-matter xml:lang="en"/>
  <reference href="">
    <dc:publisher/>
    <dc:source/>
  </reference>
  <plain-text id="release-info">Release: 2 Benchmark Date: 29 Aug 2023</plain-text>
  <plain-text id="generator">3.2.2.36079</plain-text>
  <plain-text id="conventionsVersion">1.10.0</plain-text>
  <version>1</version>
  <Group id="V-WOAT-3X-000001">
    <title>SRG-APP-000001-WSR-000001</title>
    <Rule id="SV-WOAT-3X-000001" severity="medium" weight="10.0">
      <version>WOAT-3X-000001</version>
      <title>Workspace ONE Access must limit the amount of time that each TCP connection is kept alive.</title>
      <description>&lt;VulnDiscussion&gt;Denial of Service is one threat against web servers.  Many DoS attacks attempt to consume web server resources in such a way that no more resources are available to satisfy legitimate requests. 

In Tomcat, the 'connectionTimeout' attribute sets the number of milliseconds the server will wait after accepting a connection for the request URI line to be presented. This timeout will also be used when reading the request body (if any). This prevents idle sockets that are not sending HTTP requests from consuming system resources and potentially denying new connections.&lt;/VulnDiscussion&gt;&lt;FalsePositives&gt;&lt;/FalsePositives&gt;&lt;FalseNegatives&gt;&lt;/FalseNegatives&gt;&lt;Documentable&gt;false&lt;/Documentable&gt;&lt;Mitigations&gt;&lt;/Mitigations&gt;&lt;SecurityOverrideGuidance&gt;&lt;/SecurityOverrideGuidance&gt;&lt;PotentialImpacts&gt;&lt;/PotentialImpacts&gt;&lt;ThirdPartyTools&gt;&lt;/ThirdPartyTools&gt;&lt;MitigationControl&gt;&lt;/MitigationControl&gt;&lt;Responsibility&gt;&lt;/Responsibility&gt;&lt;IAControls&gt;&lt;/IAControls&gt;</description>
      <ident system="http://cyber.mil/cci">CCI-000054</ident>
      <fixtext>Navigate to and open:

/opt/vmware/horizon/workspace/conf/server.xml

Configure each &lt;Connector&gt; node with the value:

connectionTimeout="20000"</fixtext>
      <check system="N/A">
        <check-content>At the command prompt, execute the following command:

# xmllint --xpath '/Server/Service/Connector/@port | /Server/Service/Connector/@connectionTimeout' /opt/vmware/horizon/workspace/conf/server.xml|sed 's/^ *//'

Expected result:

connectionTimeout="20000"
port="${nio-ssl.https.port}"
connectionTimeout="20000"
port="${http.port}"
connectionTimeout="20000"
port="8443"
connectionTimeout="20000"
port="${https.passthrough.port}"

If the output does not match the expected result, this is a finding.</check-content>
      </check>
    </Rule>
  </Group>
  <Group id="V-WOAT-3X-000002">
    <title>SRG-APP-000001-WSR-000001</title>
    <Rule id="SV-WOAT-3X-000002" severity="medium" weight="10.0">
      <version>WOAT-3X-000002</version>
      <title>Workspace ONE Access must limit the number of concurrent connections permitted.</title>
      <description>&lt;VulnDiscussion&gt;Resource exhaustion can occur when an unlimited number of concurrent requests are allowed on a web site, facilitating a denial of service attack. Unless the number of requests is controlled, the web server can consume enough system resources to cause a system crash.

Mitigating this kind of attack will include limiting the number of concurrent HTTP/HTTPS requests. In Tomcat, each incoming request requires a thread for the duration of that request. If more simultaneous requests are received than can be handled by the currently available request processing threads, additional threads will be created up to the value of the maxThreads attribute.&lt;/VulnDiscussion&gt;&lt;FalsePositives&gt;&lt;/FalsePositives&gt;&lt;FalseNegatives&gt;&lt;/FalseNegatives&gt;&lt;Documentable&gt;false&lt;/Documentable&gt;&lt;Mitigations&gt;&lt;/Mitigations&gt;&lt;SecurityOverrideGuidance&gt;&lt;/SecurityOverrideGuidance&gt;&lt;PotentialImpacts&gt;&lt;/PotentialImpacts&gt;&lt;ThirdPartyTools&gt;&lt;/ThirdPartyTools&gt;&lt;MitigationControl&gt;&lt;/MitigationControl&gt;&lt;Responsibility&gt;&lt;/Responsibility&gt;&lt;IAControls&gt;&lt;/IAControls&gt;</description>
      <ident system="http://cyber.mil/cci">CCI-000054</ident>
      <fixtext>Navigate to and open:

/opt/vmware/horizon/workspace/conf/server.xml

Navigate to the &lt;Executor&gt; mode with the name of tomcatThreadPool and configure with the value 'maxThreads="300"'.</fixtext>
      <check system="N/A">
        <check-content>At the command prompt, execute the following command:

# xmllint --xpath '/Server/Service/Executor[@name="tomcatThreadPool"]/@maxThreads' /opt/vmware/horizon/workspace/conf/server.xml|sed 's/^ *//'

Expected result:

maxThreads="300"

If the output does not match the expected result, this is a finding.</check-content>
      </check>
    </Rule>
  </Group>
  <Group id="V-WOAT-3X-000003">
    <title>SRG-APP-000001-WSR-000001</title>
    <Rule id="SV-WOAT-3X-000003" severity="medium" weight="10.0">
      <version>WOAT-3X-000003</version>
      <title>Workspace ONE Access must limit the maximum size of a POST request.</title>
      <description>&lt;VulnDiscussion&gt;The 'maxPostSize' value is the maximum size in bytes of the POST which will be handled by the container FORM URL parameter parsing. Limit its size to reduce exposure to a DOS attack. If 'maxPostSize' is not set, the default value of 2097152 (2MB) is used. Workspace ONE Access is configured in it's shipping state to not set a value for 'maxPostSize'.&lt;/VulnDiscussion&gt;&lt;FalsePositives&gt;&lt;/FalsePositives&gt;&lt;FalseNegatives&gt;&lt;/FalseNegatives&gt;&lt;Documentable&gt;false&lt;/Documentable&gt;&lt;Mitigations&gt;&lt;/Mitigations&gt;&lt;SecurityOverrideGuidance&gt;&lt;/SecurityOverrideGuidance&gt;&lt;PotentialImpacts&gt;&lt;/PotentialImpacts&gt;&lt;ThirdPartyTools&gt;&lt;/ThirdPartyTools&gt;&lt;MitigationControl&gt;&lt;/MitigationControl&gt;&lt;Responsibility&gt;&lt;/Responsibility&gt;&lt;IAControls&gt;&lt;/IAControls&gt;</description>
      <ident system="http://cyber.mil/cci">CCI-000054</ident>
      <fixtext>Navigate to and open:

/opt/vmware/horizon/workspace/conf/server.xml

Remove any configuration for 'maxPostSize' from any &lt;Connector&gt; node.</fixtext>
      <check system="N/A">
        <check-content>At the command prompt, execute the following command:

# xmllint --xpath '/Server/Service/Connector/@maxPostSize' /opt/vmware/horizon/workspace/conf/server.xml

Expected result:

XPath set is empty

If the output does not match the expected result, this is a finding.</check-content>
      </check>
    </Rule>
  </Group>
  <Group id="V-WOAT-3X-000004">
    <title>SRG-APP-000001-WSR-000002</title>
    <Rule id="SV-WOAT-3X-000004" severity="medium" weight="10.0">
      <version>WOAT-3X-000004</version>
      <title>Workspace ONE Access must protect cookies from XSS.</title>
      <description>&lt;VulnDiscussion&gt;Cookies are a common way to save session state over the HTTP(S) protocol. If an attacker can compromise session data stored in a cookie, they are better able to launch an attack against the server and its applications. When you tag a cookie with the HttpOnly flag, it tells the browser that this particular cookie should only be accessed by the originating server. Any attempt to access the cookie from client script is strictly forbidden.

Satisfies: SRG-APP-000223-WSR-000011, SRG-APP-000439-WSR-000154, SRG-APP-000439-WSR-000155&lt;/VulnDiscussion&gt;&lt;FalsePositives&gt;&lt;/FalsePositives&gt;&lt;FalseNegatives&gt;&lt;/FalseNegatives&gt;&lt;Documentable&gt;false&lt;/Documentable&gt;&lt;Mitigations&gt;&lt;/Mitigations&gt;&lt;SecurityOverrideGuidance&gt;&lt;/SecurityOverrideGuidance&gt;&lt;PotentialImpacts&gt;&lt;/PotentialImpacts&gt;&lt;ThirdPartyTools&gt;&lt;/ThirdPartyTools&gt;&lt;MitigationControl&gt;&lt;/MitigationControl&gt;&lt;Responsibility&gt;&lt;/Responsibility&gt;&lt;IAControls&gt;&lt;/IAControls&gt;</description>
      <ident system="http://cyber.mil/cci">CCI-000054</ident>
      <fixtext>Open each file from the check with an incorrect setting in a text editor. 

Navigate to the &lt;Context&gt; node and configure it with the following value:

useHttpOnly="true"

Example:

&lt;Context useHttpOnly="true" crossContext="true"&gt;</fixtext>
      <check system="N/A">
        <check-content>At the command prompt, execute the following command:

# for xml in $(find /opt/vmware/horizon/workspace/ -name context.xml); do echo $xml;xmllint --xpath '/Context/@useHttpOnly' $xml 2&gt;/dev/null;done

Expected result:

/opt/vmware/horizon/workspace/webapps/hc/META-INF/context.xml
 useHttpOnly="true"
/opt/vmware/horizon/workspace/webapps/cfg/META-INF/context.xml
 useHttpOnly="true"
/opt/vmware/horizon/workspace/webapps/ROOT/META-INF/context.xml
/opt/vmware/horizon/workspace/webapps/SAAS/META-INF/context.xml
 useHttpOnly="true"
/opt/vmware/horizon/workspace/conf/context.xml
 useHttpOnly="true"

If the output contains any entries of "useHttpOnly="false"", this is a finding.</check-content>
      </check>
    </Rule>
  </Group>
  <Group id="V-WOAT-3X-000005">
    <title>SRG-APP-000014-WSR-000006</title>
    <Rule id="SV-WOAT-3X-000005" severity="medium" weight="10.0">
      <version>WOAT-3X-000005</version>
      <title>Workspace ONE Access must be configured with FIPS 140-2 compliant ciphers for HTTPS connections.</title>
      <description>&lt;VulnDiscussion&gt;Encryption of data-in-flight is an essential element of protecting information confidentiality.  If a web server uses weak or outdated encryption algorithms, then the server's communications can potentially be compromised.

The US Federal Information Processing Standards (FIPS) publication 140-2, Security Requirements for Cryptographic Modules (FIPS 140-2) identifies eleven areas for a cryptographic module used inside a security system that protects information.  FIPS 140-2 approved ciphers provide the maximum level of encryption possible for a private web server.

Configuration of ciphers used by TC Server are set in the catalina.properties file.  Only those ciphers specified in the configuration file, and which are available in the installed OpenSSL library, will be used by TC Server while encrypting data for transmission.

Satisfies: SRG-APP-000416-WSR-000118, SRG-APP-000439-WSR-000151&lt;/VulnDiscussion&gt;&lt;FalsePositives&gt;&lt;/FalsePositives&gt;&lt;FalseNegatives&gt;&lt;/FalseNegatives&gt;&lt;Documentable&gt;false&lt;/Documentable&gt;&lt;Mitigations&gt;&lt;/Mitigations&gt;&lt;SecurityOverrideGuidance&gt;&lt;/SecurityOverrideGuidance&gt;&lt;PotentialImpacts&gt;&lt;/PotentialImpacts&gt;&lt;ThirdPartyTools&gt;&lt;/ThirdPartyTools&gt;&lt;MitigationControl&gt;&lt;/MitigationControl&gt;&lt;Responsibility&gt;&lt;/Responsibility&gt;&lt;IAControls&gt;&lt;/IAControls&gt;</description>
      <ident system="http://cyber.mil/cci">CCI-000068</ident>
      <fixtext>Navigate to and open:

/opt/vmware/horizon/workspace/conf/catalina.properties

Navigate to the nio-ssl.cipher.list node and configure it as follows:

nio-ssl.cipher.list=TLS_ECDHE_RSA_WITH_AES_256_GCM_SHA384,TLS_ECDHE_RSA_WITH_AES_128_GCM_SHA256,TLS_ECDHE_RSA_WITH_AES_256_CBC_SHA384,TLS_ECDHE_RSA_WITH_AES_128_CBC_SHA256</fixtext>
      <check system="N/A">
        <check-content>At the command prompt, execute the following command:

# grep "nio-ssl.cipher.list" /opt/vmware/horizon/workspace/conf/catalina.properties

Expected result:

nio-ssl.cipher.list=TLS_ECDHE_RSA_WITH_AES_256_GCM_SHA384,TLS_ECDHE_RSA_WITH_AES_128_GCM_SHA256,TLS_ECDHE_RSA_WITH_AES_256_CBC_SHA384,TLS_ECDHE_RSA_WITH_AES_128_CBC_SHA256

If the output does not match the expected result, this is a finding.</check-content>
      </check>
    </Rule>
  </Group>
  <Group id="V-WOAT-3X-000006">
    <title>SRG-APP-000015-WSR-000014</title>
    <Rule id="SV-WOAT-3X-000006" severity="medium" weight="10.0">
      <version>WOAT-3X-000006</version>
      <title>Workspace ONE Access must use cryptography to protect the integrity of remote sessions.</title>
      <description>&lt;VulnDiscussion&gt;Data exchanged between the user and the web server can range from static display data to credentials used to log into the hosted application. Even when data appears to be static, the non-displayed logic in a web page may expose business logic or trusted system relationships. The integrity of all the data being exchanged between the user and web server must always be trusted. To protect the integrity and trust, encryption methods should be used to protect the complete communication session.

HTTP connections in TC Server are managed through the Connector object.  Setting the Connector's SSLEnabled flag, SSL handshake/encryption/decryption is enabled.

Satisfies: SRG-APP-000172-WSR-000104, SRG-APP-000315-WSR-000003, SRG-APP-000439-WSR-000152, SRG-APP-000439-WSR-000156, SRG-APP-000439-WSR-000188, SRG-APP-000441-WSR-000181, SRG-APP-000442-WSR-000182&lt;/VulnDiscussion&gt;&lt;FalsePositives&gt;&lt;/FalsePositives&gt;&lt;FalseNegatives&gt;&lt;/FalseNegatives&gt;&lt;Documentable&gt;false&lt;/Documentable&gt;&lt;Mitigations&gt;&lt;/Mitigations&gt;&lt;SecurityOverrideGuidance&gt;&lt;/SecurityOverrideGuidance&gt;&lt;PotentialImpacts&gt;&lt;/PotentialImpacts&gt;&lt;ThirdPartyTools&gt;&lt;/ThirdPartyTools&gt;&lt;MitigationControl&gt;&lt;/MitigationControl&gt;&lt;Responsibility&gt;&lt;/Responsibility&gt;&lt;IAControls&gt;&lt;/IAControls&gt;</description>
      <ident system="http://cyber.mil/cci">CCI-001453</ident>
      <fixtext>Navigate to and open:

/opt/vmware/horizon/workspace/conf/server.xml

Configure each &lt;Connector&gt; node except the http redirector, 'port="${http.port}"', with the value:

SSLEnabled="true"</fixtext>
      <check system="N/A">
        <check-content>At the command prompt, execute the following command:

# xmllint --xpath '/Server/Service/Connector/@port | /Server/Service/Connector/@SSLEnabled' /opt/vmware/horizon/workspace/conf/server.xml|sed 's/^ *//'

Expected result:

SSLEnabled="true"
port="${nio-ssl.https.port}"
port="${http.port}"
SSLEnabled="true"
port="8443"
SSLEnabled="true"
port="${https.passthrough.port}"

If the output does not match the expected result to show that SSLEnabled="true" for the listed ports, this is a finding.</check-content>
      </check>
    </Rule>
  </Group>
  <Group id="V-WOAT-3X-000007">
    <title>SRG-APP-000016-WSR-000005</title>
    <Rule id="SV-WOAT-3X-000007" severity="medium" weight="10.0">
      <version>WOAT-3X-000007</version>
      <title>Workspace ONE Access must record user access in a format that enables monitoring of remote access.</title>
      <description>&lt;VulnDiscussion&gt;Remote access can be exploited by an attacker to compromise the server.  By recording all remote access activities, it will be possible to determine the attacker's location, intent, and degree of success.

Tomcat can be configured with an AccessLogValve, a component that can be inserted into the request processing pipeline to provide robust access logging. The Access Log Valve creates log files in the same format as those created by standard web servers. When AccessLogValve is properly configured, log files will contain all the forensic information necessary in the case of a security incident.

Satisfies: SRG-APP-000095-WSR-000056, SRG-APP-000096-WSR-000057, SRG-APP-000097-WSR-000058, SRG-APP-000098-WSR-000059, SRG-APP-000098-WSR-000060, SRG-APP-000099-WSR-000061, SRG-APP-000100-WSR-000064, SRG-APP-000374-WSR-000172, SRG-APP-000375-WSR-000171&lt;/VulnDiscussion&gt;&lt;FalsePositives&gt;&lt;/FalsePositives&gt;&lt;FalseNegatives&gt;&lt;/FalseNegatives&gt;&lt;Documentable&gt;false&lt;/Documentable&gt;&lt;Mitigations&gt;&lt;/Mitigations&gt;&lt;SecurityOverrideGuidance&gt;&lt;/SecurityOverrideGuidance&gt;&lt;PotentialImpacts&gt;&lt;/PotentialImpacts&gt;&lt;ThirdPartyTools&gt;&lt;/ThirdPartyTools&gt;&lt;MitigationControl&gt;&lt;/MitigationControl&gt;&lt;Responsibility&gt;&lt;/Responsibility&gt;&lt;IAControls&gt;&lt;/IAControls&gt;</description>
      <ident system="http://cyber.mil/cci">CCI-000067</ident>
      <fixtext>Navigate to and open:

/opt/vmware/horizon/workspace/conf/server.xml

Inside the &lt;Host&gt; node, find the "AccessLogValve" &lt;Valve&gt; node and replace the "pattern" element as follows:

pattern="%h %l %u %t [%I] &amp;quot;%r&amp;quot; %s %b &amp;quot;%{User-Agent}i&amp;quot;"

Note: The existing entry may need to be uncommented too.</fixtext>
      <check system="N/A">
        <check-content>At the command prompt, execute the following command:

# xmllint --xpath '/Server/Service/Engine/Host/Valve[@className="org.apache.catalina.valves.AccessLogValve"]/@pattern' /opt/vmware/horizon/workspace/conf/server.xml

Expected result:

pattern="%h %l %u %t [%I] &amp;quot;%r&amp;quot; %s %b &amp;quot;%{User-Agent}i&amp;quot;"

If the output does not match the expected result, this is a finding.
</check-content>
      </check>
    </Rule>
  </Group>
  <Group id="V-WOAT-3X-000009">
    <title>SRG-APP-000089-WSR-000047</title>
    <Rule id="SV-WOAT-3X-000009" severity="medium" weight="10.0">
      <version>WOAT-3X-000009</version>
      <title>Workspace ONE Access must generate log records for system startup and shutdown.</title>
      <description>&lt;VulnDiscussion&gt;Logging must be started as soon as possible when a service starts and as late as possible when a service is stopped. Many forms of suspicious actions can be detected by analyzing logs for unexpected service starts and stops. Also, by starting to log immediately after a service starts, it becomes more difficult for suspicous activity to go un-logged.

Satisfies: SRG-APP-000092-WSR-000055&lt;/VulnDiscussion&gt;&lt;FalsePositives&gt;&lt;/FalsePositives&gt;&lt;FalseNegatives&gt;&lt;/FalseNegatives&gt;&lt;Documentable&gt;false&lt;/Documentable&gt;&lt;Mitigations&gt;&lt;/Mitigations&gt;&lt;SecurityOverrideGuidance&gt;&lt;/SecurityOverrideGuidance&gt;&lt;PotentialImpacts&gt;&lt;/PotentialImpacts&gt;&lt;ThirdPartyTools&gt;&lt;/ThirdPartyTools&gt;&lt;MitigationControl&gt;&lt;/MitigationControl&gt;&lt;Responsibility&gt;&lt;/Responsibility&gt;&lt;IAControls&gt;&lt;/IAControls&gt;</description>
      <ident system="http://cyber.mil/cci">CCI-000169</ident>
      <fixtext>Navigate to and open:

/opt/vmware/horizon/workspace/conf/logging.properties

Ensure that the startup events are captured:

org.apache.catalina.startup.Catalina.level = INFO
org.apache.catalina.startup.Catalina.handlers = 1catalina.java.util.logging.FileHandler

Ensure that the logging handler is configured correctly:

1catalina.java.util.logging.FileHandler.level = FINE
1catalina.java.util.logging.FileHandler.pattern = ${catalina.base}/logs/catalina.log
1catalina.java.util.logging.FileHandler.limit = 2000000
1catalina.java.util.logging.FileHandler.count = 1
1catalina.java.util.logging.FileHandler.formatter = java.util.logging.SimpleFormatter

Ensure that the logging handler is registered:

handlers = 1catalina.java.util.logging.FileHandler, 2localhost.java.util.logging.FileHandler, java.util.logging.ConsoleHandler
.handlers = 1catalina.java.util.logging.FileHandler, java.util.logging.ConsoleHandler

Restart the service for changes to take effect by running the following command:

# systemctl restart horizon-workspace</fixtext>
      <check system="N/A">
        <check-content>At the command prompt, execute the following command:

# grep -E "1catalina|startup" /opt/vmware/horizon/workspace/conf/logging.properties

Expected output:

handlers = 1catalina.java.util.logging.FileHandler, 2localhost.java.util.logging.FileHandler, java.util.logging.ConsoleHandler
.handlers = 1catalina.java.util.logging.FileHandler, java.util.logging.ConsoleHandler
1catalina.java.util.logging.FileHandler.level = FINE
1catalina.java.util.logging.FileHandler.pattern = ${catalina.base}/logs/catalina.log
1catalina.java.util.logging.FileHandler.limit = 2000000
1catalina.java.util.logging.FileHandler.count = 1
1catalina.java.util.logging.FileHandler.formatter = java.util.logging.SimpleFormatter
org.apache.catalina.startup.Catalina.level = INFO
org.apache.catalina.startup.Catalina.handlers = 1catalina.java.util.logging.FileHandler

If the output does not match the expected result, this is a finding.</check-content>
      </check>
    </Rule>
  </Group>
  <Group id="V-WOAT-3X-000021">
    <title>SRG-APP-000118-WSR-000068</title>
    <Rule id="SV-WOAT-3X-000021" severity="medium" weight="10.0">
      <version>WOAT-3X-000021</version>
      <title>Workspace ONE Access log files must only be accessible by privileged users.</title>
      <description>&lt;VulnDiscussion&gt;Log data is essential in the investigation of events. If log data were to become compromised, then competent forensic analysis and discovery of the true source of potentially malicious system activity would be difficult, if not impossible, to achieve. In addition, access to log records provides information an attacker could potentially use to their advantage since each event record might contain communication ports, protocols, services, trust relationships, user names, etc. The web server must protect the log data from unauthorized read, write, copy, etc. This can be done by the web server if the web server is also doing the logging function. The web server may also use an external log system. In either case, the logs must be protected from access by non-privileged users.

Satisfies: SRG-APP-000119-WSR-000069, SRG-APP-000120-WSR-000070&lt;/VulnDiscussion&gt;&lt;FalsePositives&gt;&lt;/FalsePositives&gt;&lt;FalseNegatives&gt;&lt;/FalseNegatives&gt;&lt;Documentable&gt;false&lt;/Documentable&gt;&lt;Mitigations&gt;syslog&lt;/Mitigations&gt;&lt;SecurityOverrideGuidance&gt;&lt;/SecurityOverrideGuidance&gt;&lt;PotentialImpacts&gt;&lt;/PotentialImpacts&gt;&lt;ThirdPartyTools&gt;&lt;/ThirdPartyTools&gt;&lt;MitigationControl&gt;&lt;/MitigationControl&gt;&lt;Responsibility&gt;&lt;/Responsibility&gt;&lt;IAControls&gt;&lt;/IAControls&gt;</description>
      <ident system="http://cyber.mil/cci">CCI-000162</ident>
      <fixtext>At the command prompt, execute the following command(s):

# chmod 640 &lt;file&gt;
# chown horizon:www &lt;file&gt;

Note: Subsitute &lt;file&gt; with the listed file</fixtext>
      <check system="N/A">
        <check-content>At the command prompt, execute the following command:

# find /opt/vmware/horizon/workspace/logs/ -xdev -type f -a '(' -perm -o+r -o -not -user horizon -o -not -group www ')' -exec ls -ld {} \;

If any catalina.log and localhost_access_log* log files are returned, this is a finding.</check-content>
      </check>
    </Rule>
  </Group>
  <Group id="V-WOAT-3X-000025">
    <title>SRG-APP-000131-WSR-000051</title>
    <Rule id="SV-WOAT-3X-000025" severity="medium" weight="10.0">
      <version>WOAT-3X-000025</version>
      <title>The Workspace ONE Access webapps must not be modified from their shipping state.</title>
      <description>&lt;VulnDiscussion&gt;Verifying that Workspace ONE Access application code is unchanged from it's shipping state is essential for file validation and non-repudiation of the Workspace ONE Access itself. There is no reason that the MD5 hash of the rpm original files should be changed after installation, excluding configuration files.&lt;/VulnDiscussion&gt;&lt;FalsePositives&gt;&lt;/FalsePositives&gt;&lt;FalseNegatives&gt;&lt;/FalseNegatives&gt;&lt;Documentable&gt;false&lt;/Documentable&gt;&lt;Mitigations&gt;&lt;/Mitigations&gt;&lt;SecurityOverrideGuidance&gt;&lt;/SecurityOverrideGuidance&gt;&lt;PotentialImpacts&gt;&lt;/PotentialImpacts&gt;&lt;ThirdPartyTools&gt;&lt;/ThirdPartyTools&gt;&lt;MitigationControl&gt;&lt;/MitigationControl&gt;&lt;Responsibility&gt;&lt;/Responsibility&gt;&lt;IAControls&gt;&lt;/IAControls&gt;</description>
      <ident system="http://cyber.mil/cci">CCI-001749</ident>
      <fixtext>Re-install or roll back to a snapshot.

Modifying the WS1A installation files manually is not supported by VMware.</fixtext>
      <check system="N/A">
        <check-content>At the command prompt, execute the following command:

# for f in $(rpm -q --whatprovides /usr/local/horizon/war/*.war); do rpm -V $f|grep '\.war'; done

If any files are returned, this is a finding.</check-content>
      </check>
    </Rule>
  </Group>
  <Group id="V-WOAT-3X-000026">
    <title>SRG-APP-000131-WSR-000073</title>
    <Rule id="SV-WOAT-3X-000026" severity="medium" weight="10.0">
      <version>WOAT-3X-000026</version>
      <title>The WS1Access webapps must not be modified from their shipping state.</title>
      <description>&lt;VulnDiscussion&gt;VMware ships Workspace ONE Access ships with several tomcat webapps. The present web apps should be checked for webapps that did not ship with the appliance and therefore are potentially malicious and must be removed.&lt;/VulnDiscussion&gt;&lt;FalsePositives&gt;&lt;/FalsePositives&gt;&lt;FalseNegatives&gt;&lt;/FalseNegatives&gt;&lt;Documentable&gt;false&lt;/Documentable&gt;&lt;Mitigations&gt;&lt;/Mitigations&gt;&lt;SecurityOverrideGuidance&gt;&lt;/SecurityOverrideGuidance&gt;&lt;PotentialImpacts&gt;&lt;/PotentialImpacts&gt;&lt;ThirdPartyTools&gt;&lt;/ThirdPartyTools&gt;&lt;MitigationControl&gt;&lt;/MitigationControl&gt;&lt;Responsibility&gt;&lt;/Responsibility&gt;&lt;IAControls&gt;&lt;/IAControls&gt;</description>
      <ident system="http://cyber.mil/cci">CCI-001749</ident>
      <fixtext>For each unexpected directory returned in the check, run the following command:

# rm /opt/vmware/horizon/workspace/webapps/&lt;NAME&gt;

Restart the service with the following command:

# systemctl restart horizon-workspace</fixtext>
      <check system="N/A">
        <check-content>At the command prompt, execute the following command:

# ls -1 /opt/vmware/horizon/workspace/webapps

Expected result:

acs
AUDIT
catalog-portal
cfg
hc
mtkadmin
ROOT
SAAS
ws1-admin
ws-admin

If the output does not match the expected result, this is a finding.</check-content>
      </check>
    </Rule>
  </Group>
  <Group id="V-WOAT-3X-000027">
    <title>SRG-APP-000141-WSR-000015</title>
    <Rule id="SV-WOAT-3X-000027" severity="medium" weight="10.0">
      <version>WOAT-3X-000027</version>
      <title>Workspace ONE Access must not be configured with unsupported realms.</title>
      <description>&lt;VulnDiscussion&gt;Workspace ONE Access performs authentication at the application level and not through Tomcat. In the name of eliminating unnecessary features and to ensure that Workspace ONE Access remains in it's shipping state, the lack of a UserDatabaseRealm configuration must be confirmed.&lt;/VulnDiscussion&gt;&lt;FalsePositives&gt;&lt;/FalsePositives&gt;&lt;FalseNegatives&gt;&lt;/FalseNegatives&gt;&lt;Documentable&gt;false&lt;/Documentable&gt;&lt;Mitigations&gt;&lt;/Mitigations&gt;&lt;SecurityOverrideGuidance&gt;&lt;/SecurityOverrideGuidance&gt;&lt;PotentialImpacts&gt;&lt;/PotentialImpacts&gt;&lt;ThirdPartyTools&gt;&lt;/ThirdPartyTools&gt;&lt;MitigationControl&gt;&lt;/MitigationControl&gt;&lt;Responsibility&gt;&lt;/Responsibility&gt;&lt;IAControls&gt;&lt;/IAControls&gt;</description>
      <ident system="http://cyber.mil/cci">CCI-000381</ident>
      <fixtext>Navigate to and open:

/opt/vmware/horizon/workspace/conf/server.xml

Remove the &lt;Realm&gt; node returned in the check.</fixtext>
      <check system="N/A">
        <check-content>At the command prompt, execute the following command:

# grep UserDatabaseRealm /opt/vmware/horizon/workspace/conf/server.xml

If the command produces any output, this is a finding.</check-content>
      </check>
    </Rule>
  </Group>
  <Group id="V-WOAT-3X-000029">
    <title>SRG-APP-000141-WSR-000075</title>
    <Rule id="SV-WOAT-3X-000029" severity="medium" weight="10.0">
      <version>WOAT-3X-000029</version>
      <title>Workspace ONE Access must be configured to limit access to internal packages.</title>
      <description>&lt;VulnDiscussion&gt;The 'package.access' entry in the catalina.properties file implements access control at the package level. When properly configured, a Security Exception will be reported should an errant or malicious webapp attempt to access the listed internal classes directly, or if a new class is defined under the protected packages. The Workspace ONE Access comes pre-configured with the appropriate packages defined in 'package.access' and this configuration must be maintained. &lt;/VulnDiscussion&gt;&lt;FalsePositives&gt;&lt;/FalsePositives&gt;&lt;FalseNegatives&gt;&lt;/FalseNegatives&gt;&lt;Documentable&gt;false&lt;/Documentable&gt;&lt;Mitigations&gt;&lt;/Mitigations&gt;&lt;SecurityOverrideGuidance&gt;&lt;/SecurityOverrideGuidance&gt;&lt;PotentialImpacts&gt;&lt;/PotentialImpacts&gt;&lt;ThirdPartyTools&gt;&lt;/ThirdPartyTools&gt;&lt;MitigationControl&gt;&lt;/MitigationControl&gt;&lt;Responsibility&gt;&lt;/Responsibility&gt;&lt;IAControls&gt;&lt;/IAControls&gt;</description>
      <ident system="http://cyber.mil/cci">CCI-000381</ident>
      <fixtext>Navigate to and open:

/opt/vmware/horizon/workspace/conf/catalina.properties

Ensure that the 'package.access' line is configured as follows:

package.access=sun.,org.apache.catalina.,org.apache.coyote.,org.apache.jasper.,org.apache.tomcat.</fixtext>
      <check system="N/A">
        <check-content>At the command prompt, execute the following command:

# grep "package.access" /opt/vmware/horizon/workspace/conf/catalina.properties

Expected result:

package.access=sun.,org.apache.catalina.,org.apache.coyote.,org.apache.jasper.,org.apache.tomcat.

If the output of the command does not match the expected result, this is a finding.</check-content>
      </check>
    </Rule>
  </Group>
  <Group id="V-WOAT-3X-000034">
    <title>SRG-APP-000141-WSR-000081</title>
    <Rule id="SV-WOAT-3X-000034" severity="medium" weight="10.0">
      <version>WOAT-3X-000034</version>
      <title>Workspace ONE Access must have Multipurpose Internet Mail Extensions (MIME) that invoke OS shell programs disabled..</title>
      <description>&lt;VulnDiscussion&gt;MIME mappings tell Workspace ONE Access what type of program various file types and extensions are and what external utilities or programs are needed to execute the file type. By ensuring that various shell script MIME types are not included in web.xml, the server is protected against malicious users tricking the server into executing shell command files.&lt;/VulnDiscussion&gt;&lt;FalsePositives&gt;&lt;/FalsePositives&gt;&lt;FalseNegatives&gt;&lt;/FalseNegatives&gt;&lt;Documentable&gt;false&lt;/Documentable&gt;&lt;Mitigations&gt;&lt;/Mitigations&gt;&lt;SecurityOverrideGuidance&gt;&lt;/SecurityOverrideGuidance&gt;&lt;PotentialImpacts&gt;&lt;/PotentialImpacts&gt;&lt;ThirdPartyTools&gt;&lt;/ThirdPartyTools&gt;&lt;MitigationControl&gt;&lt;/MitigationControl&gt;&lt;Responsibility&gt;&lt;/Responsibility&gt;&lt;IAControls&gt;&lt;/IAControls&gt;</description>
      <ident system="http://cyber.mil/cci">CCI-000381</ident>
      <fixtext>Open each file from the check with a non-zero count of found mime types in a text editor. 

Remove any and all of the following nodes lines,

    &lt;mime-mapping&gt;
        &lt;extension&gt;csh&lt;/extension&gt;
        &lt;mime-type&gt;application/x-csh&lt;/mime-type&gt;
    &lt;/mime-mapping&gt;
--
    &lt;mime-mapping&gt;
        &lt;extension&gt;sh&lt;/extension&gt;
        &lt;mime-type&gt;application/x-sh&lt;/mime-type&gt;
    &lt;/mime-mapping&gt;
    &lt;mime-mapping&gt;
        &lt;extension&gt;shar&lt;/extension&gt;
        &lt;mime-type&gt;application/x-shar&lt;/mime-type&gt;
    &lt;/mime-mapping&gt;</fixtext>
      <check system="N/A">
        <check-content>At the command prompt, execute the following command:

# for xml in $(find /opt/vmware/horizon/workspace/ -name web.xml); do echo $xml;grep -En '(x-csh&lt;)|(x-sh&lt;)|(x-shar&lt;)|(x-ksh&lt;)' $xml|wc -l;done

If any discovered web.xml is followed by a line with non-zero number, this is a finding.</check-content>
      </check>
    </Rule>
  </Group>
  <Group id="V-WOAT-3X-000036">
    <title>SRG-APP-000141-WSR-000083</title>
    <Rule id="SV-WOAT-3X-000036" severity="medium" weight="10.0">
      <version>WOAT-3X-000036</version>
      <title>Workspace ONE Access must have mappings set for Java servlet pages.</title>
      <description>&lt;VulnDiscussion&gt;Resource mapping is the process of tying a particular file type to a process in the web server that can serve that type of file to a requesting client and to identify which file types are not to be delivered to a client.

By not specifying which files can and which files cannot be served to a user, the web server could deliver to a user web server configuration files, log files, password files, etc. 

As Tomcat is a java-based web server, the main file extension used is *.jsp.  This check ensures that the *.jsp file type has been properly mapped to servlets.&lt;/VulnDiscussion&gt;&lt;FalsePositives&gt;&lt;/FalsePositives&gt;&lt;FalseNegatives&gt;&lt;/FalseNegatives&gt;&lt;Documentable&gt;false&lt;/Documentable&gt;&lt;Mitigations&gt;&lt;/Mitigations&gt;&lt;SecurityOverrideGuidance&gt;&lt;/SecurityOverrideGuidance&gt;&lt;PotentialImpacts&gt;&lt;/PotentialImpacts&gt;&lt;ThirdPartyTools&gt;&lt;/ThirdPartyTools&gt;&lt;MitigationControl&gt;&lt;/MitigationControl&gt;&lt;Responsibility&gt;&lt;/Responsibility&gt;&lt;IAControls&gt;&lt;/IAControls&gt;</description>
      <ident system="http://cyber.mil/cci">CCI-000381</ident>
      <fixtext>Open each file from the check that contains an unexpected or incorrect &lt;servlet-mapping&gt; in a text editor.

Remove the relevant &lt;servlet-mapping node&gt;.

Only /opt/vmware/horizon/workspace/conf/web.xml should have a mapping for *.jsp and *.jspx, as shown below:

&lt;web-app&gt;
...
&lt;servlet-mapping&gt;
&lt;servlet-name&gt;jsp&lt;/servlet-name&gt;
&lt;url-pattern&gt;*.jsp&lt;/url-pattern&gt;
&lt;url-pattern&gt;*.jspx&lt;/url-pattern&gt;
&lt;/servlet-mapping&gt;
...
&lt;/web-app&gt;</fixtext>
      <check system="N/A">
        <check-content>At the command prompt, execute the following command: 

# for xml in $(find /opt/vmware/horizon/workspace/ -name web.xml); do echo $xml; xmllint --format $xml | sed 's/xmlns=".*"//g' | xmllint --xpath '/web-app/servlet-mapping/url-pattern[text()="*.jsp"]/..' - 2&gt;/dev/null|sed 's/^ *//';done

Expected result:

/opt/vmware/horizon/workspace/webapps/ws1-admin/WEB-INF/web.xml
/opt/vmware/horizon/workspace/webapps/ROOT/WEB-INF/web.xml
/opt/vmware/horizon/workspace/webapps/SAAS/WEB-INF/web.xml
/opt/vmware/horizon/workspace/webapps/acs/WEB-INF/web.xml
/opt/vmware/horizon/workspace/webapps/hc/WEB-INF/web.xml
/opt/vmware/horizon/workspace/webapps/ws-admin/WEB-INF/web.xml
/opt/vmware/horizon/workspace/webapps/AUDIT/WEB-INF/web.xml
/opt/vmware/horizon/workspace/webapps/mtkadmin/WEB-INF/web.xml
/opt/vmware/horizon/workspace/webapps/cfg/WEB-INF/web.xml
/opt/vmware/horizon/workspace/conf/web.xml
&lt;servlet-mapping&gt;
&lt;servlet-name&gt;jsp&lt;/servlet-name&gt;
&lt;url-pattern&gt;*.jsp&lt;/url-pattern&gt;
&lt;url-pattern&gt;*.jspx&lt;/url-pattern&gt;
&lt;/servlet-mapping&gt;

If the output of the command does not match the expected result, this is a finding.</check-content>
      </check>
    </Rule>
  </Group>
  <Group id="V-WOAT-3X-000037">
    <title>SRG-APP-000141-WSR-000085</title>
    <Rule id="SV-WOAT-3X-000037" severity="medium" weight="10.0">
      <version>WOAT-3X-000037</version>
      <title>Workspace ONE Access must not have the Web Distributed Authoring (WebDAV) servlet installed.</title>
      <description>&lt;VulnDiscussion&gt;Web Distributed Authoring (WebDAV) is an extension to the HTTP protocol that, when developed, was meant to allow users to create, change, and move documents on a server, typically a web server or web share. WebDAV is not widely used and has serious security concerns because it may allow clients to modify unauthorized files on the web server and must therefore be disabled.

Tomcat uses the org.apache.catalina.servlets.WebdavServlet servlet to provide WebDAV services. Because the WebDAV service has been found to have an excessive number of vulnerabilities, this servlet must not be installed. Workspace ONE Access does not configure WebDAV by default.&lt;/VulnDiscussion&gt;&lt;FalsePositives&gt;&lt;/FalsePositives&gt;&lt;FalseNegatives&gt;&lt;/FalseNegatives&gt;&lt;Documentable&gt;false&lt;/Documentable&gt;&lt;Mitigations&gt;&lt;/Mitigations&gt;&lt;SecurityOverrideGuidance&gt;&lt;/SecurityOverrideGuidance&gt;&lt;PotentialImpacts&gt;&lt;/PotentialImpacts&gt;&lt;ThirdPartyTools&gt;&lt;/ThirdPartyTools&gt;&lt;MitigationControl&gt;&lt;/MitigationControl&gt;&lt;Responsibility&gt;&lt;/Responsibility&gt;&lt;IAControls&gt;&lt;/IAControls&gt;</description>
      <ident system="http://cyber.mil/cci">CCI-000381</ident>
      <fixtext>Open each file from the check with a non-zero count of found webdav instances in a text editor.

Find the &lt;servlet-name&gt;webdav&lt;/servlet-name&gt; node and remove the entire parent &lt;servlet&gt; block.

Find the &lt;servlet-name&gt;webdav&lt;/servlet-name&gt; node and remove the entire parent &lt;servlet-mapping&gt; block.</fixtext>
      <check system="N/A">
        <check-content>At the command prompt, execute the following command: 

# for xml in $(find /opt/vmware/horizon/workspace/ -name web.xml); do echo $xml;grep -webdav $xml|wc -l;done

If any discovered web.xml is followed by a line with non-zero number, this is a finding.</check-content>
      </check>
    </Rule>
  </Group>
  <Group id="V-WOAT-3X-000038">
    <title>SRG-APP-000141-WSR-000086</title>
    <Rule id="SV-WOAT-3X-000038" severity="medium" weight="10.0">
      <version>WOAT-3X-000038</version>
      <title>Workspace ONE Access must be configured with memory leak protection.</title>
      <description>&lt;VulnDiscussion&gt;The Java Runtime environment can cause a memory leak or lock files under certain conditions. Without memory leak protection, Workspace ONE Access can continue to consume system resources which will lead to OutOfMemoryErrors when re-loading web applications.

Memory leaks occur when JRE code uses the context class loader to load a singleton as this will cause a memory leak if a web application class loader happens to be the context class loader at the time. The JreMemoryLeakPreventionListener class is designed to initialise these singletons when Tomcat's common class loader is the context class loader. Proper use of JRE memory leak protection will ensure that the hosted application does not consume system resources and cause an unstable environment.&lt;/VulnDiscussion&gt;&lt;FalsePositives&gt;&lt;/FalsePositives&gt;&lt;FalseNegatives&gt;&lt;/FalseNegatives&gt;&lt;Documentable&gt;false&lt;/Documentable&gt;&lt;Mitigations&gt;&lt;/Mitigations&gt;&lt;SecurityOverrideGuidance&gt;&lt;/SecurityOverrideGuidance&gt;&lt;PotentialImpacts&gt;&lt;/PotentialImpacts&gt;&lt;ThirdPartyTools&gt;&lt;/ThirdPartyTools&gt;&lt;MitigationControl&gt;&lt;/MitigationControl&gt;&lt;Responsibility&gt;&lt;/Responsibility&gt;&lt;IAControls&gt;&lt;/IAControls&gt;</description>
      <ident system="http://cyber.mil/cci">CCI-000381</ident>
      <fixtext>Navigate to and open:

/opt/vmware/horizon/workspace/conf/server.xml

Navigate to the &lt;Server&gt; node.

Add '&lt;Listener className="org.apache.catalina.core.JreMemoryLeakPreventionListener"/&gt;' to the &lt;Server&gt; node..</fixtext>
      <check system="N/A">
        <check-content>At the command prompt, execute the following command: 

# grep JreMemoryLeakPreventionListener /opt/vmware/horizon/workspace/conf/server.xml|sed 's/^ *//'

Expected result:

&lt;Listener className="org.apache.catalina.core.JreMemoryLeakPreventionListener"/&gt;

If the output of the command does not match the expected result, this is a finding.</check-content>
      </check>
    </Rule>
  </Group>
  <Group id="V-WOAT-3X-000039">
    <title>SRG-APP-000141-WSR-000087</title>
    <Rule id="SV-WOAT-3X-000039" severity="medium" weight="10.0">
      <version>WOAT-3X-000039</version>
      <title>Workspace ONE Access must not have any unexpected symbolic links in the web content directory tree.</title>
      <description>&lt;VulnDiscussion&gt;A web server is designed to deliver content and execute scripts or applications on the request of a client or user. Containing user requests to files in the directory tree of the hosted web application and limiting the execution of scripts and applications guarantees that the user is not accessing information protected outside the application's realm. By checking that no symbolic links exist in the document root, the web server is protected from users jumping outside the hosted application directory tree and gaining access to the other directories, including the system root.&lt;/VulnDiscussion&gt;&lt;FalsePositives&gt;&lt;/FalsePositives&gt;&lt;FalseNegatives&gt;&lt;/FalseNegatives&gt;&lt;Documentable&gt;false&lt;/Documentable&gt;&lt;Mitigations&gt;&lt;/Mitigations&gt;&lt;SecurityOverrideGuidance&gt;&lt;/SecurityOverrideGuidance&gt;&lt;PotentialImpacts&gt;&lt;/PotentialImpacts&gt;&lt;ThirdPartyTools&gt;&lt;/ThirdPartyTools&gt;&lt;MitigationControl&gt;&lt;/MitigationControl&gt;&lt;Responsibility&gt;&lt;/Responsibility&gt;&lt;IAControls&gt;&lt;/IAControls&gt;</description>
      <ident system="http://cyber.mil/cci">CCI-000381</ident>
      <fixtext>At the command prompt, execute the following command:

Note: Replace &lt;file_name&gt; for the name of any files that were returned.

unlink &lt;file_name&gt;

Repeat the command for each file that was returned.</fixtext>
      <check system="N/A">
        <check-content>At the command prompt, execute the following command:

# find /opt/vmware/horizon/workspace/webapps/ -type l -ls|awk '{print $11 " " $12 " " $13;}'

Expected result:

/opt/vmware/horizon/workspace/webapps/ROOT/horizon_workspace_rootca.pem -&gt; /etc/ssl/certs/horizon_service_tcserver.pem

If the output does not match the expected result, this is a finding.</check-content>
      </check>
    </Rule>
  </Group>
  <Group id="V-WOAT-3X-000043">
    <title>SRG-APP-000176-WSR-000096</title>
    <Rule id="SV-WOAT-3X-000043" severity="medium" weight="10.0">
      <version>WOAT-3X-000043</version>
      <title>Workspace ONE Access must only allow authenticated system administrators to have access to the keystore.</title>
      <description>&lt;VulnDiscussion&gt;The web server's private key is used to prove the identity of the server to clients and securely exchange the shared secret key used to encrypt communications between the web server and clients.By gaining access to the private key, an attacker can pretend to be an authorized server and decrypt the SSL traffic between a client and the web server.TC Server stores the server's private key in a keystore file.  The vCSA keystore file is tcserver.keystore, and this file must be protected to only allow system administrator's and other authorized users to have access to it.&lt;/VulnDiscussion&gt;&lt;FalsePositives&gt;&lt;/FalsePositives&gt;&lt;FalseNegatives&gt;&lt;/FalseNegatives&gt;&lt;Documentable&gt;false&lt;/Documentable&gt;&lt;Mitigations&gt;&lt;/Mitigations&gt;&lt;SecurityOverrideGuidance&gt;&lt;/SecurityOverrideGuidance&gt;&lt;PotentialImpacts&gt;&lt;/PotentialImpacts&gt;&lt;ThirdPartyTools&gt;&lt;/ThirdPartyTools&gt;&lt;MitigationControl&gt;&lt;/MitigationControl&gt;&lt;Responsibility&gt;&lt;/Responsibility&gt;&lt;IAControls&gt;&lt;/IAControls&gt;</description>
      <ident system="http://cyber.mil/cci">CCI-000186</ident>
      <fixtext>At the command line, execute the following command:

#  chown horizon:www &lt;key file&gt;
# chmod 640 &lt;key file&gt;

Replace &lt;key file&gt; with the key files found with incorrect permissions or ownership.</fixtext>
      <check system="N/A">
        <check-content>At the command line, execute the following command:

# stat -c "%n is owned by %U and group %G permissions are %a" /opt/vmware/horizon/workspace/conf/tcserver.keystore

If key file is not owned by horizon or group www or permissions are more permissive than 640, this is a finding.
</check-content>
      </check>
    </Rule>
  </Group>
  <Group id="V-WOAT-3X-000045">
    <title>SRG-APP-000179-WSR-000111</title>
    <Rule id="SV-WOAT-3X-000045" severity="medium" weight="10.0">
      <version>WOAT-3X-000045</version>
      <title>Workspace ONE Access must use cryptographic modules that meet the requirements of applicable federal laws, Executive Orders, directives, policies, regulations, standards, and guidance when authenticating users and processes.</title>
      <description>&lt;VulnDiscussion&gt;Encryption is only as good as the encryption modules utilized. Unapproved cryptographic module algorithms cannot be verified and cannot be relied upon to provide confidentiality or integrity, and DoD data may be compromised due to weak algorithms. FIPS 140-2 is the current standard for validating cryptographic modules and NSA Type-X (where X=1, 2, 3, 4) products are NSA-certified, hardware-based encryption modules.&lt;/VulnDiscussion&gt;&lt;FalsePositives&gt;&lt;/FalsePositives&gt;&lt;FalseNegatives&gt;&lt;/FalseNegatives&gt;&lt;Documentable&gt;false&lt;/Documentable&gt;&lt;Mitigations&gt;&lt;/Mitigations&gt;&lt;SecurityOverrideGuidance&gt;&lt;/SecurityOverrideGuidance&gt;&lt;PotentialImpacts&gt;&lt;/PotentialImpacts&gt;&lt;ThirdPartyTools&gt;&lt;/ThirdPartyTools&gt;&lt;MitigationControl&gt;&lt;/MitigationControl&gt;&lt;Responsibility&gt;&lt;/Responsibility&gt;&lt;IAControls&gt;&lt;/IAControls&gt;</description>
      <ident system="http://cyber.mil/cci">CCI-000803</ident>
      <fixtext>At the command prompt, execute the following command:

# touch /usr/local/horizon/conf/flags/fips.mode

If /usr/local/horizon/conf/flags/fips.mode.disabled was returned in the check, delete the file using following command:

# rm /usr/local/horizon/conf/flags/fips.mode.disabled</fixtext>
      <check system="N/A">
        <check-content>At the command prompt, execute the following command:

# find /usr/local/horizon/conf/flags -name "fips*"

Expected result :

/usr/local/horizon/conf/flags/fips.mode

If the output does not match the expected result, this is a finding.</check-content>
      </check>
    </Rule>
  </Group>
  <Group id="V-WOAT-3X-000047">
    <title>SRG-APP-000211-WSR-000030</title>
    <Rule id="SV-WOAT-3X-000047" severity="medium" weight="10.0">
      <version>WOAT-3X-000047</version>
      <title>Workspace ONE Access directory tree must have permissions in an "out of the box" state.</title>
      <description>&lt;VulnDiscussion&gt;As a rule, accounts on a web server are to be kept to a minimum. Only administrators, web managers, developers, auditors, and web authors require accounts on the machine hosting the web server. The resources to which these accounts have access must also be closely monitored and controlled.&lt;/VulnDiscussion&gt;&lt;FalsePositives&gt;&lt;/FalsePositives&gt;&lt;FalseNegatives&gt;&lt;/FalseNegatives&gt;&lt;Documentable&gt;false&lt;/Documentable&gt;&lt;Mitigations&gt;&lt;/Mitigations&gt;&lt;SecurityOverrideGuidance&gt;&lt;/SecurityOverrideGuidance&gt;&lt;PotentialImpacts&gt;&lt;/PotentialImpacts&gt;&lt;ThirdPartyTools&gt;&lt;/ThirdPartyTools&gt;&lt;MitigationControl&gt;&lt;/MitigationControl&gt;&lt;Responsibility&gt;&lt;/Responsibility&gt;&lt;IAControls&gt;&lt;/IAControls&gt;</description>
      <ident system="http://cyber.mil/cci">CCI-001082</ident>
      <fixtext>&lt;html&gt;At the command prompt, execute the following command:

&lt;i&gt;# &lt;/i&gt;chown horizon:www &lt;file_name&gt;

Repeat the command for each file that was returned

Note: Replace &lt;file_name&gt; for the name of the file that was returned.&lt;/html&gt;</fixtext>
      <check system="N/A">
        <check-content>At the command prompt, execute the following command:

# find /opt/vmware/horizon/workspace/webapps/ -xdev -type f -a '(' -not -user horizon -o -not -group www ')' -exec ls -ld {} \;

If the command produces any output, this is a finding.</check-content>
      </check>
    </Rule>
  </Group>
  <Group id="V-WOAT-3X-000060">
    <title>SRG-APP-000225-WSR-000140</title>
    <Rule id="SV-WOAT-3X-000060" severity="medium" weight="10.0">
      <version>WOAT-3X-000060</version>
      <title>Workspace ONE Access must fail to a known safe state if system initialization fails, shutdown fails, or aborts fail.</title>
      <description>&lt;VulnDiscussion&gt;Determining a safe state for failure and weighing that against a potential DoS for users depends on what type of application the web server is hosting. For the Workspace ONE Access, it is preferable that the service abort startup on any initialization failure rather than continuing in a degraded, and potentailly insecure, state.&lt;/VulnDiscussion&gt;&lt;FalsePositives&gt;&lt;/FalsePositives&gt;&lt;FalseNegatives&gt;&lt;/FalseNegatives&gt;&lt;Documentable&gt;false&lt;/Documentable&gt;&lt;Mitigations&gt;&lt;/Mitigations&gt;&lt;SecurityOverrideGuidance&gt;&lt;/SecurityOverrideGuidance&gt;&lt;PotentialImpacts&gt;&lt;/PotentialImpacts&gt;&lt;ThirdPartyTools&gt;&lt;/ThirdPartyTools&gt;&lt;MitigationControl&gt;&lt;/MitigationControl&gt;&lt;Responsibility&gt;&lt;/Responsibility&gt;&lt;IAControls&gt;&lt;/IAControls&gt;</description>
      <ident system="http://cyber.mil/cci">CCI-001190</ident>
      <fixtext>Navigate to and open:

/opt/vmware/horizon/workspace/conf/catalina.properties

Add or change the following line:

org.apache.catalina.startup.EXIT_ON_INIT_FAILURE=true</fixtext>
      <check system="N/A">
        <check-content>At the command prompt, execute the following command:

# grep EXIT_ON_INIT_FAILURE /opt/vmware/horizon/workspace/conf/catalina.properties

Expected result :

org.apache.catalina.startup.EXIT_ON_INIT_FAILURE=true

If the output of the command does not match the expected result, this is a finding.</check-content>
      </check>
    </Rule>
  </Group>
  <Group id="V-WOAT-3X-000064">
    <title>SRG-APP-000246-WSR-000149</title>
    <Rule id="SV-WOAT-3X-000064" severity="medium" weight="10.0">
      <version>WOAT-3X-000064</version>
      <title>Workspace ONE Access must limit the number of allowed connections.</title>
      <description>&lt;VulnDiscussion&gt;Limiting the number of established connections to the Workspace ONE Access is a basic DoS protection. Servers where the limit is too high or unlimited can potentially run out of system resources and negatively affect system availability.&lt;/VulnDiscussion&gt;&lt;FalsePositives&gt;&lt;/FalsePositives&gt;&lt;FalseNegatives&gt;&lt;/FalseNegatives&gt;&lt;Documentable&gt;false&lt;/Documentable&gt;&lt;Mitigations&gt;&lt;/Mitigations&gt;&lt;SecurityOverrideGuidance&gt;&lt;/SecurityOverrideGuidance&gt;&lt;PotentialImpacts&gt;&lt;/PotentialImpacts&gt;&lt;ThirdPartyTools&gt;&lt;/ThirdPartyTools&gt;&lt;MitigationControl&gt;&lt;/MitigationControl&gt;&lt;Responsibility&gt;&lt;/Responsibility&gt;&lt;IAControls&gt;&lt;/IAControls&gt;</description>
      <ident system="http://cyber.mil/cci">CCI-001094</ident>
      <fixtext>Navigate to and open:

/opt/vmware/horizon/workspace/conf/server.xml

Configure the &lt;Connector&gt; node with the corresponding acceptCount value:

port="${nio-ssl.https.port}" -&gt; acceptCount="400"

port="${http.port}" -&gt; acceptCount="100"

port="8443" -&gt; acceptCount="400"

port="${https.passthrough.port}" -&gt; acceptCount="400"</fixtext>
      <check system="N/A">
        <check-content>At the command prompt, execute the following command:

# xmllint --xpath '/Server/Service/Connector/@port | /Server/Service/Connector/@acceptCount' /opt/vmware/horizon/workspace/conf/server.xml|sed 's/^ *//'

Expected result:

acceptCount="400"
port="${nio-ssl.https.port}"
acceptCount="100"
port="${http.port}"
acceptCount="400"
port="8443"
acceptCount="400"
port="${https.passthrough.port}"

If the output does not show an "acceptCount" of "400" for each port, this is a finding.</check-content>
      </check>
    </Rule>
  </Group>
  <Group id="V-WOAT-3X-000065">
    <title>SRG-APP-000251-WSR-000157</title>
    <Rule id="SV-WOAT-3X-000065" severity="medium" weight="10.0">
      <version>WOAT-3X-000065</version>
      <title>Workspace ONE Access must set URIEncoding to UTF-8.</title>
      <description>&lt;VulnDiscussion&gt;Invalid user input occurs when a user inserts data or characters into a hosted application's data entry field and the hosted application is unprepared to process that data. This results in unanticipated application behavior, potentially leading to an application compromise. Invalid user input is one of the primary methods employed when attempting to compromise an application. 

An attacker can also enter Unicode characters into hosted applications in an effort to break out of the document home or root home directory or to bypass security checks. Workspace ONE Access must be configured to use a consistent character set via the URIEncoding attribute on the Connector nodes.&lt;/VulnDiscussion&gt;&lt;FalsePositives&gt;&lt;/FalsePositives&gt;&lt;FalseNegatives&gt;&lt;/FalseNegatives&gt;&lt;Documentable&gt;false&lt;/Documentable&gt;&lt;Mitigations&gt;&lt;/Mitigations&gt;&lt;SecurityOverrideGuidance&gt;&lt;/SecurityOverrideGuidance&gt;&lt;PotentialImpacts&gt;&lt;/PotentialImpacts&gt;&lt;ThirdPartyTools&gt;&lt;/ThirdPartyTools&gt;&lt;MitigationControl&gt;&lt;/MitigationControl&gt;&lt;Responsibility&gt;&lt;/Responsibility&gt;&lt;IAControls&gt;&lt;/IAControls&gt;</description>
      <ident system="http://cyber.mil/cci">CCI-001310</ident>
      <fixtext>Navigate to and open:

/opt/vmware/horizon/workspace/conf/server.xml

Configure each &lt;Connector&gt; node with the value:

URIEncoding="UTF-8"</fixtext>
      <check system="N/A">
        <check-content>At the command prompt, execute the following command:

# xmllint --xpath '/Server/Service/Connector/@port | /Server/Service/Connector/@URIEncoding' /opt/vmware/horizon/workspace/conf/server.xml|sed 's/^ *//'

Expected result:

URIEncoding="UTF-8"
port="${nio-ssl.https.port}"
URIEncoding="UTF-8"
port="${http.port}"
URIEncoding="UTF-8"
port="8443"
URIEncoding="UTF-8"
port="${https.passthrough.port}"

If the output does not match the expected result, this is a finding.</check-content>
      </check>
    </Rule>
  </Group>
  <Group id="V-WOAT-3X-000066">
    <title>SRG-APP-000251-WSR-000157</title>
    <Rule id="SV-WOAT-3X-000066" severity="medium" weight="10.0">
      <version>WOAT-3X-000066</version>
      <title>Workspace ONE Access must use the setCharacterEncodingFilter filter.</title>
      <description>&lt;VulnDiscussion&gt;Invalid user input occurs when a user inserts data or characters into a hosted application's data entry field and the hosted application is unprepared to process that data. This results in unanticipated application behavior, potentially leading to an application compromise. Invalid user input is one of the primary methods employed when attempting to compromise an application. 

An attacker can also enter Unicode characters into hosted applications in an effort to break out of the document home or root home directory or to bypass security checks. VMware utilizes the standard Tomcat SetCharacterEncodingFilter to provide a layer of defense against character encoding attacks. Filters are Java objects that performs filtering tasks on either the request to a resource (a servlet or static content), or on the response from a resource, or both. &lt;/VulnDiscussion&gt;&lt;FalsePositives&gt;&lt;/FalsePositives&gt;&lt;FalseNegatives&gt;&lt;/FalseNegatives&gt;&lt;Documentable&gt;false&lt;/Documentable&gt;&lt;Mitigations&gt;&lt;/Mitigations&gt;&lt;SecurityOverrideGuidance&gt;&lt;/SecurityOverrideGuidance&gt;&lt;PotentialImpacts&gt;&lt;/PotentialImpacts&gt;&lt;ThirdPartyTools&gt;&lt;/ThirdPartyTools&gt;&lt;MitigationControl&gt;&lt;/MitigationControl&gt;&lt;Responsibility&gt;&lt;/Responsibility&gt;&lt;IAControls&gt;&lt;/IAControls&gt;</description>
      <ident system="http://cyber.mil/cci">CCI-001310</ident>
      <fixtext>Navigate to and open:

/opt/vmware/horizon/workspace/conf/web.xml

Configure the &lt;web-app&gt; node with the child nodes listed below.

&lt;filter-mapping&gt;
    &lt;filter-name&gt;setCharacterEncodingFilter&lt;/filter-name&gt;
    &lt;url-pattern&gt;/*&lt;/url-pattern&gt;
&lt;/filter-mapping&gt;

&lt;filter&gt;
    &lt;filter-name&gt;setCharacterEncodingFilter&lt;/filter-name&gt;
    &lt;filter-class&gt;org.apache.catalina.filters.SetCharacterEncodingFilter&lt;/filter-class&gt;
    &lt;init-param&gt;
      &lt;param-name&gt;encoding&lt;/param-name&gt;
      &lt;param-value&gt;UTF-8&lt;/param-value&gt;
    &lt;/init-param&gt;
    &lt;init-param&gt;
      &lt;param-name&gt;ignore&lt;/param-name&gt;
      &lt;param-value&gt;true&lt;/param-value&gt;
    &lt;/init-param&gt;
    &lt;async-supported&gt;true&lt;/async-supported&gt;
&lt;/filter&gt;

Note: If a conflicting filter is found in another web.xml file it should be removed.</fixtext>
      <check system="N/A">
        <check-content>At the command prompt, execute the following command:

# for xml in $(find /opt/vmware/horizon/workspace/ -name web.xml); do echo $xml; xmllint --format $xml | sed 's/xmlns=".*"//g' | xmllint --xpath '/web-app/filter-mapping/filter-name[text()="setCharacterEncodingFilter"]/parent::filter-mapping' - 2&gt;/dev/null|sed 's/^ *//';done

Expected result:

/opt/vmware/horizon/workspace/webapps/acs/WEB-INF/web.xml
/opt/vmware/horizon/workspace/webapps/hc/WEB-INF/web.xml
/opt/vmware/horizon/workspace/webapps/cfg/WEB-INF/web.xml
/opt/vmware/horizon/workspace/webapps/mtkadmin/WEB-INF/web.xml
/opt/vmware/horizon/workspace/webapps/ws1-admin/WEB-INF/web.xml
/opt/vmware/horizon/workspace/webapps/AUDIT/WEB-INF/web.xml
/opt/vmware/horizon/workspace/webapps/ROOT/WEB-INF/web.xml
/opt/vmware/horizon/workspace/webapps/SAAS/WEB-INF/web.xml
/opt/vmware/horizon/workspace/webapps/ws-admin/WEB-INF/web.xml
/opt/vmware/horizon/workspace/conf/web.xml
&lt;filter-mapping&gt;
    &lt;filter-name&gt;setCharacterEncodingFilter&lt;/filter-name&gt;
    &lt;url-pattern&gt;/*&lt;/url-pattern&gt;
&lt;/filter-mapping&gt;

If the output is does not match the expected result, this is a finding.

At the command prompt, execute the following command:

# for xml in $(find /opt/vmware/horizon/workspace/ -name web.xml); do echo $xml; xmllint --format $xml | sed 's/xmlns=".*"//g' | xmllint --xpath '/web-app/filter/filter-name[text()="setCharacterEncodingFilter"]/..' - 2&gt;/dev/null|sed 's/^ *//';done

Expected result:

/opt/vmware/horizon/workspace/webapps/acs/WEB-INF/web.xml
/opt/vmware/horizon/workspace/webapps/hc/WEB-INF/web.xml
/opt/vmware/horizon/workspace/webapps/cfg/WEB-INF/web.xml
/opt/vmware/horizon/workspace/webapps/mtkadmin/WEB-INF/web.xml
/opt/vmware/horizon/workspace/webapps/ws1-admin/WEB-INF/web.xml
/opt/vmware/horizon/workspace/webapps/AUDIT/WEB-INF/web.xml
/opt/vmware/horizon/workspace/webapps/ROOT/WEB-INF/web.xml
/opt/vmware/horizon/workspace/webapps/SAAS/WEB-INF/web.xml
/opt/vmware/horizon/workspace/webapps/ws-admin/WEB-INF/web.xml
/opt/vmware/horizon/workspace/conf/web.xml
&lt;filter&gt;
    &lt;filter-name&gt;setCharacterEncodingFilter&lt;/filter-name&gt;
    &lt;filter-class&gt;org.apache.catalina.filters.SetCharacterEncodingFilter&lt;/filter-class&gt;
    &lt;init-param&gt;
      &lt;param-name&gt;encoding&lt;/param-name&gt;
      &lt;param-value&gt;UTF-8&lt;/param-value&gt;
    &lt;/init-param&gt;
    &lt;init-param&gt;
      &lt;param-name&gt;ignore&lt;/param-name&gt;
      &lt;param-value&gt;true&lt;/param-value&gt;
    &lt;/init-param&gt;
    &lt;async-supported&gt;true&lt;/async-supported&gt;
&lt;/filter&gt;

If the output is does not match the expected result, this is a finding.</check-content>
      </check>
    </Rule>
  </Group>
  <Group id="V-WOAT-3X-000067">
    <title>SRG-APP-000266-WSR-000142</title>
    <Rule id="SV-WOAT-3X-000067" severity="medium" weight="10.0">
      <version>WOAT-3X-000067</version>
      <title>Workspace ONE Access must set the welcome-file node to a default web page.</title>
      <description>&lt;VulnDiscussion&gt;Enumeration techniques, such as URL parameter manipulation, rely upon being able to obtain information about the web server's directory structure by locating directories without default pages. In the scenario, the web server will display to the user a listing of the files in the directory being accessed. By having a default hosted application web page, the anonymous web user will not obtain directory browsing information or an error message that reveals the server type and version. Ensuring that every document directory has an index.jsp (or equivalent) file is one approach to mitigating the vulnerability.&lt;/VulnDiscussion&gt;&lt;FalsePositives&gt;&lt;/FalsePositives&gt;&lt;FalseNegatives&gt;&lt;/FalseNegatives&gt;&lt;Documentable&gt;false&lt;/Documentable&gt;&lt;Mitigations&gt;&lt;/Mitigations&gt;&lt;SecurityOverrideGuidance&gt;&lt;/SecurityOverrideGuidance&gt;&lt;PotentialImpacts&gt;&lt;/PotentialImpacts&gt;&lt;ThirdPartyTools&gt;&lt;/ThirdPartyTools&gt;&lt;MitigationControl&gt;&lt;/MitigationControl&gt;&lt;Responsibility&gt;&lt;/Responsibility&gt;&lt;IAControls&gt;&lt;/IAControls&gt;</description>
      <ident system="http://cyber.mil/cci">CCI-001312</ident>
      <fixtext>Open each file from the check that contains an unexpected or incorrect &lt;welcome-file-list&gt; in a text editor.

Remove the relevant &lt;servlet-mapping node&gt;.

Only /opt/vmware/horizon/workspace/conf/web.xml should have a &lt;welcome-file-list&gt; entry, as shown below:

&lt;web-app&gt;
...
&lt;welcome-file-list&gt;
&lt;welcome-file&gt;index.html&lt;/welcome-file&gt;
&lt;welcome-file&gt;index.htm&lt;/welcome-file&gt;
&lt;welcome-file&gt;index.jsp&lt;/welcome-file&gt;
&lt;/welcome-file-list&gt;
...
&lt;/web-app&gt;</fixtext>
      <check system="N/A">
        <check-content>At the command prompt, execute the following command:

# for xml in $(find /opt/vmware/horizon/workspace/ -name web.xml); do echo $xml; xmllint --format $xml | sed 's/xmlns=".*"//g' | xmllint --xpath '/web-app/welcome-file-list' - 2&gt;/dev/null|sed 's/^ *//';done

Expected result:

/opt/vmware/horizon/workspace/webapps/ws1-admin/WEB-INF/web.xml
/opt/vmware/horizon/workspace/webapps/ROOT/WEB-INF/web.xml
/opt/vmware/horizon/workspace/webapps/SAAS/WEB-INF/web.xml
/opt/vmware/horizon/workspace/webapps/acs/WEB-INF/web.xml
/opt/vmware/horizon/workspace/webapps/hc/WEB-INF/web.xml
/opt/vmware/horizon/workspace/webapps/ws-admin/WEB-INF/web.xml
/opt/vmware/horizon/workspace/webapps/AUDIT/WEB-INF/web.xml
/opt/vmware/horizon/workspace/webapps/mtkadmin/WEB-INF/web.xml
/opt/vmware/horizon/workspace/webapps/cfg/WEB-INF/web.xml
/opt/vmware/horizon/workspace/conf/web.xml
&lt;welcome-file-list&gt;
&lt;welcome-file&gt;index.html&lt;/welcome-file&gt;
&lt;welcome-file&gt;index.htm&lt;/welcome-file&gt;
&lt;welcome-file&gt;index.jsp&lt;/welcome-file&gt;
&lt;/welcome-file-list&gt;

If the output does not match the expected result, this is a finding.</check-content>
      </check>
    </Rule>
  </Group>
  <Group id="V-WOAT-3X-000068">
    <title>SRG-APP-000266-WSR-000142</title>
    <Rule id="SV-WOAT-3X-000068" severity="medium" weight="10.0">
      <version>WOAT-3X-000068</version>
      <title>Workspace ONE Access must not show directory listings.</title>
      <description>&lt;VulnDiscussion&gt;Enumeration techniques, such as URL parameter manipulation, rely upon being able to obtain information about the web server's directory structure by locating directories without default pages. In the scenario, the web server will display to the user a listing of the files in the directory being accessed. Ensuring that directory listing is disabled is one approach to mitigating the vulnerability.

In Tomcat, directory listing is disabled by default but can be enabled via the 'listings' parameter. Ensure that this node is not present in order to have the default effect.&lt;/VulnDiscussion&gt;&lt;FalsePositives&gt;&lt;/FalsePositives&gt;&lt;FalseNegatives&gt;&lt;/FalseNegatives&gt;&lt;Documentable&gt;false&lt;/Documentable&gt;&lt;Mitigations&gt;&lt;/Mitigations&gt;&lt;SecurityOverrideGuidance&gt;&lt;/SecurityOverrideGuidance&gt;&lt;PotentialImpacts&gt;&lt;/PotentialImpacts&gt;&lt;ThirdPartyTools&gt;&lt;/ThirdPartyTools&gt;&lt;MitigationControl&gt;&lt;/MitigationControl&gt;&lt;Responsibility&gt;&lt;/Responsibility&gt;&lt;IAControls&gt;&lt;/IAControls&gt;</description>
      <ident system="http://cyber.mil/cci">CCI-001312</ident>
      <fixtext>Open each file from the check that contains an unexpected or incorrect &lt;init-param&gt; in a text editor.

Only /opt/vmware/horizon/workspace/conf/web.xml should have a &lt;init-param&gt; entry, as shown below:

&lt;init-param&gt;
  &lt;param-name&gt;listings&lt;/param-name&gt;
  &lt;param-value&gt;false&lt;/param-value&gt;
&lt;/init-param&gt;</fixtext>
      <check system="N/A">
        <check-content>At the command prompt, execute the following command:

# for xml in $(find /opt/vmware/horizon/workspace/ -name web.xml); do echo $xml; xmllint --format $xml | sed 's/xmlns=".*"//g' | xmllint --xpath '//param-name[text()="listings"]/..' - 2&gt;/dev/null|sed 's/^ *//';done

Expected result:

/opt/vmware/horizon/workspace/webapps/ws1-admin/WEB-INF/web.xml
/opt/vmware/horizon/workspace/webapps/ROOT/WEB-INF/web.xml
/opt/vmware/horizon/workspace/webapps/SAAS/WEB-INF/web.xml
/opt/vmware/horizon/workspace/webapps/acs/WEB-INF/web.xml
/opt/vmware/horizon/workspace/webapps/hc/WEB-INF/web.xml
/opt/vmware/horizon/workspace/webapps/ws-admin/WEB-INF/web.xml
/opt/vmware/horizon/workspace/webapps/AUDIT/WEB-INF/web.xml
/opt/vmware/horizon/workspace/webapps/mtkadmin/WEB-INF/web.xml
/opt/vmware/horizon/workspace/webapps/cfg/WEB-INF/web.xml
/opt/vmware/horizon/workspace/conf/web.xml
&lt;init-param&gt;
&lt;param-name&gt;listings&lt;/param-name&gt;
&lt;param-value&gt;false&lt;/param-value&gt;
&lt;/init-param&gt;

If the output of the command does not match the expected result, this is a finding.</check-content>
      </check>
    </Rule>
  </Group>
  <Group id="V-WOAT-3X-000070">
    <title>SRG-APP-000266-WSR-000159</title>
    <Rule id="SV-WOAT-3X-000070" severity="medium" weight="10.0">
      <version>WOAT-3X-000070</version>
      <title>Workspace ONE Access must be configured to not show error reports.</title>
      <description>&lt;VulnDiscussion&gt;Web servers will often display error messages to client users displaying enough information to aid in the debugging of the error. The information given back in error messages may display the web server type, version, patches installed, plug-ins and modules installed, type of code being used by the hosted application, and any backends being used for data storage. This information could be used by an attacker to blueprint what type of attacks might be successful.&lt;/VulnDiscussion&gt;&lt;FalsePositives&gt;&lt;/FalsePositives&gt;&lt;FalseNegatives&gt;&lt;/FalseNegatives&gt;&lt;Documentable&gt;false&lt;/Documentable&gt;&lt;Mitigations&gt;&lt;/Mitigations&gt;&lt;SecurityOverrideGuidance&gt;&lt;/SecurityOverrideGuidance&gt;&lt;PotentialImpacts&gt;&lt;/PotentialImpacts&gt;&lt;ThirdPartyTools&gt;&lt;/ThirdPartyTools&gt;&lt;MitigationControl&gt;&lt;/MitigationControl&gt;&lt;Responsibility&gt;&lt;/Responsibility&gt;&lt;IAControls&gt;&lt;/IAControls&gt;</description>
      <ident system="http://cyber.mil/cci">CCI-001312</ident>
      <fixtext>Navigate to and open:

/opt/vmware/horizon/workspace/conf/server.xml

Locate the following Host block:

&lt;Host ...&gt;
...
&lt;/Host&gt;

Inside this block, add the following on a new line:

&lt;Valve className="org.apache.catalina.valves.ErrorReportValve" showServerInfo="false" showReport="false"/&gt;</fixtext>
      <check system="N/A">
        <check-content>At the command prompt, execute the following command:

# xmllint --xpath '/Server/Service/Engine/Host/Valve[@className="org.apache.catalina.valves.ErrorReportValve"]' /opt/vmware/horizon/workspace/conf/server.xml

Expected result:

&lt;Valve className="org.apache.catalina.valves.ErrorReportValve" showServerInfo="false" showReport="false"/&gt;

If the output of the command does not match the expected result, this is a finding.</check-content>
      </check>
    </Rule>
  </Group>
  <Group id="V-WOAT-3X-000071">
    <title>SRG-APP-000266-WSR-000159</title>
    <Rule id="SV-WOAT-3X-000071" severity="medium" weight="10.0">
      <version>WOAT-3X-000071</version>
      <title>Workspace ONE Access must hide the server version.</title>
      <description>&lt;VulnDiscussion&gt;Web servers will often display error messages to client users displaying enough information to aid in the debugging of the error. The information given back in error messages may display the web server type, version, patches installed, plug-ins and modules installed, type of code being used by the hosted application, and any backends being used for data storage. This information could be used by an attacker to blueprint what type of attacks might be successful.&lt;/VulnDiscussion&gt;&lt;FalsePositives&gt;&lt;/FalsePositives&gt;&lt;FalseNegatives&gt;&lt;/FalseNegatives&gt;&lt;Documentable&gt;false&lt;/Documentable&gt;&lt;Mitigations&gt;&lt;/Mitigations&gt;&lt;SecurityOverrideGuidance&gt;&lt;/SecurityOverrideGuidance&gt;&lt;PotentialImpacts&gt;&lt;/PotentialImpacts&gt;&lt;ThirdPartyTools&gt;&lt;/ThirdPartyTools&gt;&lt;MitigationControl&gt;&lt;/MitigationControl&gt;&lt;Responsibility&gt;&lt;/Responsibility&gt;&lt;IAControls&gt;&lt;/IAControls&gt;</description>
      <ident system="http://cyber.mil/cci">CCI-001312</ident>
      <fixtext>Navigate to and open:

/opt/vmware/horizon/workspace/conf/server.xml

Configure each &lt;Connector&gt; node with the value:

server="Anonymous"</fixtext>
      <check system="N/A">
        <check-content>At the command prompt, execute the following command:

# xmllint --xpath '/Server/Service/Connector/@server' /opt/vmware/horizon/workspace/conf/server.xml

Expected result:

server="Anonymous"

If the output of the command does not match the expected result, this is a finding.</check-content>
      </check>
    </Rule>
  </Group>
  <Group id="V-WOAT-3X-000072">
    <title>SRG-APP-000266-WSR-000160</title>
    <Rule id="SV-WOAT-3X-000072" severity="medium" weight="10.0">
      <version>WOAT-3X-000072</version>
      <title>Workspace ONE Access must not enable support for TRACE requests.</title>
      <description>&lt;VulnDiscussion&gt;"Trace" is a technique for a user to request internal information about Tomcat. This is useful during product development, but should not be enabled in production.  Allowing a attacker to conduct a Trace operation against Workspace ONE Access will expose information that would be useful to perform a more targeted attack. Workspace ONE Access provides the allowTrace parameter as means to disable responding to Trace requests.&lt;/VulnDiscussion&gt;&lt;FalsePositives&gt;&lt;/FalsePositives&gt;&lt;FalseNegatives&gt;&lt;/FalseNegatives&gt;&lt;Documentable&gt;false&lt;/Documentable&gt;&lt;Mitigations&gt;&lt;/Mitigations&gt;&lt;SecurityOverrideGuidance&gt;&lt;/SecurityOverrideGuidance&gt;&lt;PotentialImpacts&gt;&lt;/PotentialImpacts&gt;&lt;ThirdPartyTools&gt;&lt;/ThirdPartyTools&gt;&lt;MitigationControl&gt;&lt;/MitigationControl&gt;&lt;Responsibility&gt;&lt;/Responsibility&gt;&lt;IAControls&gt;&lt;/IAControls&gt;</description>
      <ident system="http://cyber.mil/cci">CCI-001312</ident>
      <fixtext>Navigate to and open:

/opt/vmware/horizon/workspace/conf/server.xml

Navigate to and remove the 'allowTrace="true"' setting.</fixtext>
      <check system="N/A">
        <check-content>At the command prompt, execute the following command:

# grep allowTrace /opt/vmware/horizon/workspace/conf/server.xml

If allowTrace is set to "true", this is a finding.

If no line is returned, this is NOT a finding.</check-content>
      </check>
    </Rule>
  </Group>
  <Group id="V-WOAT-3X-000073">
    <title>SRG-APP-000266-WSR-000160</title>
    <Rule id="SV-WOAT-3X-000073" severity="medium" weight="10.0">
      <version>WOAT-3X-000073</version>
      <title>Workspace ONE Access must have the debug option turned off.</title>
      <description>&lt;VulnDiscussion&gt;Information needed by an attacker to begin looking for possible vulnerabilities in a web server includes any information about the web server and plug-ins or modules being used. When debugging or trace information is enabled in a production web server, information about the web server, such as web server type, version, patches installed, plug-ins and modules installed, type of code being used by the hosted application, and any backends being used for data storage may be displayed. Since this information may be placed in logs and general messages during normal operation of the web server, an attacker does not need to cause an error condition to gain this information.

Workspace ONE Access can be configured to set the debugging level. By setting the debugging level to zero (0), no debugging information will be provided to a malicious user.&lt;/VulnDiscussion&gt;&lt;FalsePositives&gt;&lt;/FalsePositives&gt;&lt;FalseNegatives&gt;&lt;/FalseNegatives&gt;&lt;Documentable&gt;false&lt;/Documentable&gt;&lt;Mitigations&gt;&lt;/Mitigations&gt;&lt;SecurityOverrideGuidance&gt;&lt;/SecurityOverrideGuidance&gt;&lt;PotentialImpacts&gt;&lt;/PotentialImpacts&gt;&lt;ThirdPartyTools&gt;&lt;/ThirdPartyTools&gt;&lt;MitigationControl&gt;&lt;/MitigationControl&gt;&lt;Responsibility&gt;&lt;/Responsibility&gt;&lt;IAControls&gt;&lt;/IAControls&gt;</description>
      <ident system="http://cyber.mil/cci">CCI-001312</ident>
      <fixtext>Open each file from the check that contains an unexpected or incorrect &lt;init-param&gt; in a text editor.

Only /opt/vmware/horizon/workspace/conf/web.xml should have a &lt;init-param&gt; entry, as shown below:

&lt;init-param&gt;
&lt;param-name&gt;debug&lt;/param-name&gt;
&lt;param-value&gt;0&lt;/param-value&gt;
&lt;/init-param&gt;</fixtext>
      <check system="N/A">
        <check-content>At the command prompt, execute the following command:

# for xml in $(find /opt/vmware/horizon/workspace/ -name web.xml); do echo $xml; xmllint --format $xml | sed 's/xmlns=".*"//g' | xmllint --xpath '//param-name[text()="debug"]/..' - 2&gt;/dev/null|sed 's/^ *//';done

Expected result:

/opt/vmware/horizon/workspace/webapps/ws1-admin/WEB-INF/web.xml
/opt/vmware/horizon/workspace/webapps/ROOT/WEB-INF/web.xml
/opt/vmware/horizon/workspace/webapps/SAAS/WEB-INF/web.xml
/opt/vmware/horizon/workspace/webapps/acs/WEB-INF/web.xml
/opt/vmware/horizon/workspace/webapps/hc/WEB-INF/web.xml
/opt/vmware/horizon/workspace/webapps/ws-admin/WEB-INF/web.xml
/opt/vmware/horizon/workspace/webapps/AUDIT/WEB-INF/web.xml
/opt/vmware/horizon/workspace/webapps/mtkadmin/WEB-INF/web.xml
/opt/vmware/horizon/workspace/webapps/cfg/WEB-INF/web.xml
/opt/vmware/horizon/workspace/conf/web.xml
&lt;init-param&gt;
&lt;param-name&gt;debug&lt;/param-name&gt;
&lt;param-value&gt;0&lt;/param-value&gt;
&lt;/init-param&gt;

If the output does not match the expected result, this is a finding.

If no '&lt;init-param&gt;' blocks are returned, this is NOT a finding.</check-content>
      </check>
    </Rule>
  </Group>
  <Group id="V-WOAT-3X-000088">
    <title>SRG-APP-000380-WSR-000072</title>
    <Rule id="SV-WOAT-3X-000088" severity="medium" weight="10.0">
      <version>WOAT-3X-000088</version>
      <title>Workspace ONE Access must set the secure flag for cookies.</title>
      <description>&lt;VulnDiscussion&gt;The secure flag is an option that can be set by the application server when sending a new cookie to the user within an HTTP Response. The purpose of the secure flag is to prevent cookies from being observed by unauthorized parties due to the transmission of a the cookie in clear text. By setting the secure flag, the browser will prevent the transmission of a cookie over an unencrypted channel. The horizon-workspace is configured to only be accessible over a TLS tunnel but this cookie flag is still a recommended best practice.&lt;/VulnDiscussion&gt;&lt;FalsePositives&gt;&lt;/FalsePositives&gt;&lt;FalseNegatives&gt;&lt;/FalseNegatives&gt;&lt;Documentable&gt;false&lt;/Documentable&gt;&lt;Mitigations&gt;&lt;/Mitigations&gt;&lt;SecurityOverrideGuidance&gt;&lt;/SecurityOverrideGuidance&gt;&lt;PotentialImpacts&gt;&lt;/PotentialImpacts&gt;&lt;ThirdPartyTools&gt;&lt;/ThirdPartyTools&gt;&lt;MitigationControl&gt;&lt;/MitigationControl&gt;&lt;Responsibility&gt;&lt;/Responsibility&gt;&lt;IAControls&gt;&lt;/IAControls&gt;</description>
      <ident system="http://cyber.mil/cci">CCI-001813</ident>
      <fixtext>Navigate to and open:

/opt/vmware/horizon/workspace/conf/server.xml

Navigate to the connector node with the port returned in the check and configure it with secure="true".

Example:

&lt;Connector
                URIEncoding="UTF-8"
                ...
                secure="true"
                maxHttpHeaderSize="32768"&gt;
&lt;/Connector&gt;</fixtext>
      <check system="N/A">
        <check-content>At the command prompt, execute the following command:

# xmllint --xpath '/Server/Service/Connector[@secure!="true"]/@port' /opt/vmware/horizon/workspace/conf/server.xml|sed 's/^ *//'

Expected result:

XPath set is empty

If the output does not match the expected result, this is a finding.</check-content>
      </check>
    </Rule>
  </Group>
  <Group id="V-WOAT-3X-000089">
    <title>SRG-APP-000383-WSR-000175</title>
    <Rule id="SV-WOAT-3X-000089" severity="medium" weight="10.0">
      <version>WOAT-3X-000089</version>
      <title>Workspace ONE Access must be configured with the appropriate ports.</title>
      <description>&lt;VulnDiscussion&gt;Web servers provide numerous processes, features, and functionalities that utilize TCP/IP ports. Some of these processes may be deemed unnecessary or too unsecure to run on a production system. The ports that the horizon-workspace listens on are configured in the catalina.properties file and must be veriified as accurate to their shipping state.&lt;/VulnDiscussion&gt;&lt;FalsePositives&gt;&lt;/FalsePositives&gt;&lt;FalseNegatives&gt;&lt;/FalseNegatives&gt;&lt;Documentable&gt;false&lt;/Documentable&gt;&lt;Mitigations&gt;&lt;/Mitigations&gt;&lt;SecurityOverrideGuidance&gt;&lt;/SecurityOverrideGuidance&gt;&lt;PotentialImpacts&gt;&lt;/PotentialImpacts&gt;&lt;ThirdPartyTools&gt;&lt;/ThirdPartyTools&gt;&lt;MitigationControl&gt;&lt;/MitigationControl&gt;&lt;Responsibility&gt;&lt;/Responsibility&gt;&lt;IAControls&gt;&lt;/IAControls&gt;</description>
      <ident system="http://cyber.mil/cci">CCI-001762</ident>
      <fixtext>Navigate to and open:

/opt/vmware/horizon/workspace/conf/catalina.properties

Ensure that the following settings are present and accurate: 

base.jmx.port=6969
nio-ssl.https.port=6443
http.port=8080
https.passthrough.port=7443</fixtext>
      <check system="N/A">
        <check-content>At the command prompt, execute the following command:

# grep port /opt/vmware/horizon/workspace/conf/catalina.properties|grep -v shutdown

Expected result:

base.jmx.port=6969
nio-ssl.https.port=6443
http.port=8080
https.passthrough.port=7443

If the output of the command does not match the expected result, this is a finding.</check-content>
      </check>
    </Rule>
  </Group>
  <Group id="V-WOAT-3X-000093">
    <title>SRG-APP-000435-WSR-000147</title>
    <Rule id="SV-WOAT-3X-000093" severity="medium" weight="10.0">
      <version>WOAT-3X-000093</version>
      <title>Workspace ONE Access must disable the shutdown port.</title>
      <description>&lt;VulnDiscussion&gt;An attacker has at least two reasons to stop a web server. The first is to cause a DoS, and the second is to put in place changes the attacker made to the web server configuration. If the Tomcat shutdown port feature is enabled, a shutdown signal can be sent to the horizon-workspace through this port. To ensure availability, the shutdown port must be disabled.&lt;/VulnDiscussion&gt;&lt;FalsePositives&gt;&lt;/FalsePositives&gt;&lt;FalseNegatives&gt;&lt;/FalseNegatives&gt;&lt;Documentable&gt;false&lt;/Documentable&gt;&lt;Mitigations&gt;&lt;/Mitigations&gt;&lt;SecurityOverrideGuidance&gt;&lt;/SecurityOverrideGuidance&gt;&lt;PotentialImpacts&gt;&lt;/PotentialImpacts&gt;&lt;ThirdPartyTools&gt;&lt;/ThirdPartyTools&gt;&lt;MitigationControl&gt;&lt;/MitigationControl&gt;&lt;Responsibility&gt;&lt;/Responsibility&gt;&lt;IAControls&gt;&lt;/IAControls&gt;</description>
      <ident system="http://cyber.mil/cci">CCI-002385</ident>
      <fixtext>Navigate to and open:

/opt/vmware/horizon/workspace/conf/catalina.properties

Add or modify the following setting:

base.shutdown.port=-1</fixtext>
      <check system="N/A">
        <check-content>At the command prompt, execute the following command:

# grep 'base.shutdown.port' /opt/vmware/horizon/workspace/conf/catalina.properties

Expected result:

base.shutdown.port=-1

If the output of the command does not match the expected result, this is a finding.</check-content>
      </check>
    </Rule>
  </Group>
  <Group id="V-WOAT-3X-000094">
    <title>SRG-APP-000516-WSR-000174</title>
    <Rule id="SV-WOAT-3X-000094" severity="medium" weight="10.0">
      <version>WOAT-3X-000094</version>
      <title>Workspace ONE Access default servlet must be set to readonly.</title>
      <description>&lt;VulnDiscussion&gt;The default servlet (or DefaultServlet) is a special servlet provided with Tomcat which is called when no other suitable page is found in a particular folder. The DefaultServlet serves static resources as well as directory listings. The DefaultServlet is configured by default with the "readonly" parameter set to "true" where HTTP commands like PUT and DELETE are rejected. Changing this to false allows clients to delete or modify static resources on the server and to upload new resources. DefaultServlet readonly must be set to true, either literally or by absence (default).&lt;/VulnDiscussion&gt;&lt;FalsePositives&gt;&lt;/FalsePositives&gt;&lt;FalseNegatives&gt;&lt;/FalseNegatives&gt;&lt;Documentable&gt;false&lt;/Documentable&gt;&lt;Mitigations&gt;&lt;/Mitigations&gt;&lt;SecurityOverrideGuidance&gt;&lt;/SecurityOverrideGuidance&gt;&lt;PotentialImpacts&gt;&lt;/PotentialImpacts&gt;&lt;ThirdPartyTools&gt;&lt;/ThirdPartyTools&gt;&lt;MitigationControl&gt;&lt;/MitigationControl&gt;&lt;Responsibility&gt;&lt;/Responsibility&gt;&lt;IAControls&gt;&lt;/IAControls&gt;</description>
      <ident system="http://cyber.mil/cci">CCI-000366</ident>
      <fixtext>Open each file from the check that contains an unexpected &lt;init-param&gt; in a text editor.

Find and remove the following block:

&lt;init-param&gt;
&lt;param-name&gt;readonly&lt;/param-name&gt;
&lt;param-value&gt;false&lt;/param-value&gt;
&lt;/init-param&gt;</fixtext>
      <check system="N/A">
        <check-content>At the command prompt, execute the following command:

# for xml in $(find /opt/vmware/horizon/workspace/ -name web.xml); do echo $xml; xmllint --format $xml | sed 's/xmlns=".*"//g' | xmllint --xpath '/web-app/servlet/servlet-name[text()="default"]/../init-param/param-name[text()="readonly"]/../param-value[text()="false"]' - 2&gt;/dev/null|sed 's/^ *//';done

Expected result:

/opt/vmware/horizon/workspace/webapps/ws1-admin/WEB-INF/web.xml
/opt/vmware/horizon/workspace/webapps/ROOT/WEB-INF/web.xml
/opt/vmware/horizon/workspace/webapps/SAAS/WEB-INF/web.xml
/opt/vmware/horizon/workspace/webapps/acs/WEB-INF/web.xml
/opt/vmware/horizon/workspace/webapps/hc/WEB-INF/web.xml
/opt/vmware/horizon/workspace/webapps/ws-admin/WEB-INF/web.xml
/opt/vmware/horizon/workspace/webapps/AUDIT/WEB-INF/web.xml
/opt/vmware/horizon/workspace/webapps/mtkadmin/WEB-INF/web.xml
/opt/vmware/horizon/workspace/webapps/cfg/WEB-INF/web.xml
/opt/vmware/horizon/workspace/conf/web.xml

If the output of the command does not match the expected result, this is a finding.</check-content>
      </check>
    </Rule>
  </Group>
</Benchmark>
