<?xml version="1.0" encoding="UTF-8"?><?xml-stylesheet type="text/xsl" href="STIG_unclass.xsl"?>
<Benchmark xmlns:dc="http://purl.org/dc/elements/1.1/" xmlns:xsi="http://www.w3.org/2001/XMLSchema-instance" xmlns:cpe="http://cpe.mitre.org/language/2.0" xmlns:xhtml="http://www.w3.org/1999/xhtml" xmlns:dsig="http://www.w3.org/2000/09/xmldsig#" xsi:schemaLocation="http://checklists.nist.gov/xccdf/1.1 http://nvd.nist.gov/schema/xccdf-1.1.4.xsdhttp://cpe.mitre.org/dictionary/2.0 http://cpe.mitre.org/files/cpe-dictionary_2.1.xsd" id="VMware Identity Manager 3.3.x Appliance PostgreSQL Service" xml:lang="en" xmlns="http://checklists.nist.gov/xccdf/1.1">
  <status date="2023-08-29">draft</status>
  <title>VMware Identity Manager 3.3.x Appliance PostgreSQL Service STIG Readiness Guide</title>
  <description>VMware Identity Manager 3.3.x Appliance PostgreSQL Service STIG Readiness Guide</description>
  <notice id="terms-of-use" xml:lang="en"/>
  <front-matter xml:lang="en"/>
  <rear-matter xml:lang="en"/>
  <reference href="">
    <dc:publisher/>
    <dc:source/>
  </reference>
  <plain-text id="release-info">Release: 2 Benchmark Date: 29 Aug 2023</plain-text>
  <plain-text id="generator">3.2.2.36079</plain-text>
  <plain-text id="conventionsVersion">1.10.0</plain-text>
  <version>1</version>
  <Group id="V-WOAD-3X-000001">
    <title>SRG-APP-000001-DB-000031</title>
    <Rule id="SV-WOAD-3X-000001" severity="medium" weight="10.0">
      <version>WOAD-3X-000001</version>
      <title>The Workspace ONE Access vPostgres instance must limit the number of connections.</title>
      <description>&lt;VulnDiscussion&gt;Database management includes the ability to control the number of users and user sessions utilizing a DBMS. Unlimited concurrent connections to the DBMS could allow a successful Denial of Service (DoS) attack by exhausting connection resources; and a system can also fail or be degraded by an overload of legitimate users. Limiting the number of concurrent sessions per user is helpful in reducing these risks.

VMware Postgres as deployed on the WS1A comes pre-configured with a max_connections limit that is appropriate for all tested, supported scenarios. As of writing, that value is "600" but it may change in future releases. &lt;/VulnDiscussion&gt;&lt;FalsePositives&gt;&lt;/FalsePositives&gt;&lt;FalseNegatives&gt;&lt;/FalseNegatives&gt;&lt;Documentable&gt;false&lt;/Documentable&gt;&lt;Mitigations&gt;&lt;/Mitigations&gt;&lt;SecurityOverrideGuidance&gt;&lt;/SecurityOverrideGuidance&gt;&lt;PotentialImpacts&gt;&lt;/PotentialImpacts&gt;&lt;ThirdPartyTools&gt;&lt;/ThirdPartyTools&gt;&lt;MitigationControl&gt;&lt;/MitigationControl&gt;&lt;Responsibility&gt;&lt;/Responsibility&gt;&lt;IAControls&gt;&lt;/IAControls&gt;</description>
      <ident system="http://cyber.mil/cci">CCI-000054</ident>
      <fixtext>At the command prompt, execute the following commands:

# /opt/vmware/vpostgres/9.6/bin/psql -U postgres -c "ALTER SYSTEM SET max_connections TO '600';"

# systemctl restart vpostgres.service

Note: For a non-clustered vRSLCM deployed instance you may be prompted for the postgres users password which is available at /usr/local/horizon/conf/db.pwd.</fixtext>
      <check system="N/A">
        <check-content>At the command prompt, execute the following command:

# /opt/vmware/vpostgres/9.6/bin/psql -U postgres -A -t -c "SHOW max_connections"

Expected result:

600

If the output does not match the expected result, this is a finding.

Note: For a non-clustered vRSLCM deployed instance you may be prompted for the postgres users password which is available at /usr/local/horizon/conf/db.pwd.</check-content>
      </check>
    </Rule>
  </Group>
  <Group id="V-WOAD-3X-000004">
    <title>SRG-APP-000033-DB-000084</title>
    <Rule id="SV-WOAD-3X-000004" severity="high" weight="10.0">
      <version>WOAD-3X-000004</version>
      <title>The Workspace ONE Access vPostgres instance must enforce approved authorizations for logical access to information and system resources in accordance with applicable access control policies.</title>
      <description>&lt;VulnDiscussion&gt;Authentication with a DoD-approved PKI certificate does not necessarily imply authorization to access the DBMS.  To mitigate the risk of unauthorized access to sensitive information by entities that have been issued certificates by DoD-approved PKIs, all DoD systems, including databases, must be properly configured to implement access control policies. 

Successful authentication must not automatically give an entity access to an asset or security boundary. Authorization procedures and controls must be implemented to ensure each authenticated entity also has a validated and current authorization. Authorization is the process of determining whether an entity, once authenticated, is permitted to access a specific asset. Information systems use access control policies and enforcement mechanisms to implement this requirement. 

Access control policies include identity-based policies, role-based policies, and attribute-based policies. Access enforcement mechanisms include access control lists, access control matrices, and cryptography. These policies and mechanisms must be employed by the application to control access between users (or processes acting on behalf of users) and objects (e.g., devices, files, records, processes, programs, and domains) in the information system. 

This requirement is applicable to access control enforcement applications, a category that includes database management systems.  If the DBMS does not follow applicable policy when approving access, it may be in conflict with networks or other applications in the information system. This may result in users either gaining or being denied access inappropriately and in conflict with applicable policy.

Satisfies: SRG-APP-000133-DB-000362&lt;/VulnDiscussion&gt;&lt;FalsePositives&gt;&lt;/FalsePositives&gt;&lt;FalseNegatives&gt;&lt;/FalseNegatives&gt;&lt;Documentable&gt;false&lt;/Documentable&gt;&lt;Mitigations&gt;&lt;/Mitigations&gt;&lt;SecurityOverrideGuidance&gt;&lt;/SecurityOverrideGuidance&gt;&lt;PotentialImpacts&gt;&lt;/PotentialImpacts&gt;&lt;ThirdPartyTools&gt;&lt;/ThirdPartyTools&gt;&lt;MitigationControl&gt;&lt;/MitigationControl&gt;&lt;Responsibility&gt;&lt;/Responsibility&gt;&lt;IAControls&gt;&lt;/IAControls&gt;</description>
      <ident system="http://cyber.mil/cci">CCI-000213</ident>
      <fixtext>At the command prompt, execute the following command:

# /opt/vmware/vpostgres/9.6/bin/psql -U postgres -c "DROP USER IF EXISTS &lt;user&gt;;"

Replace &lt;user&gt; with the account discovered during the check.

Note: For a non-clustered vRSLCM deployed instance you may be prompted for the postgres users password which is available at /usr/local/horizon/conf/db.pwd.</fixtext>
      <check system="N/A">
        <check-content>At the command prompt, execute the following command:

#/opt/vmware/vpostgres/9.6/bin/psql -U postgres -c "\du;"

Expected result:

For non-clustered deployments:

                                   List of roles
 Role name |                         Attributes                         | Member of
-----------+------------------------------------------------------------+-----------
 horizon   |                                                            | {}
 postgres  | Superuser, Create role, Create DB, Replication, Bypass RLS | {}

For clustered deployments:

                                   List of roles
 Role name |                         Attributes                         | Member of
-----------+------------------------------------------------------------+-----------
 horizon   |                                                            | {}
 pgpool    |                                                            | {}
 postgres  | Superuser, Create role, Create DB, Replication, Bypass RLS | {}
 repl      | Replication                                                | {}

If the output does not match the expected result, this is a finding.

Note: For a non-clustered vRSLCM deployed instance you may be prompted for the postgres users password which is available at /usr/local/horizon/conf/db.pwd.</check-content>
      </check>
    </Rule>
  </Group>
  <Group id="V-WOAD-3X-000007">
    <title>SRG-APP-000090-DB-000065</title>
    <Rule id="SV-WOAD-3X-000007" severity="medium" weight="10.0">
      <version>WOAD-3X-000007</version>
      <title>The Workspace ONE Access vPostgres configuration files must not be accessible by unauthorized users.</title>
      <description>&lt;VulnDiscussion&gt;VMware Postgres has a handful of configuration files that directly control the security posture of the DBMS. Protecting these files from unauthorized access and modification is fundamental to ensuring the security of VMware Postgres itself.

Satisfies: SRG-APP-000121-DB-000202, SRG-APP-000122-DB-000203, SRG-APP-000123-DB-000204, SRG-APP-000380-DB-000360&lt;/VulnDiscussion&gt;&lt;FalsePositives&gt;&lt;/FalsePositives&gt;&lt;FalseNegatives&gt;&lt;/FalseNegatives&gt;&lt;Documentable&gt;false&lt;/Documentable&gt;&lt;Mitigations&gt;&lt;/Mitigations&gt;&lt;SecurityOverrideGuidance&gt;&lt;/SecurityOverrideGuidance&gt;&lt;PotentialImpacts&gt;&lt;/PotentialImpacts&gt;&lt;ThirdPartyTools&gt;&lt;/ThirdPartyTools&gt;&lt;MitigationControl&gt;&lt;/MitigationControl&gt;&lt;Responsibility&gt;&lt;/Responsibility&gt;&lt;IAControls&gt;&lt;/IAControls&gt;</description>
      <ident system="http://cyber.mil/cci">CCI-000171</ident>
      <fixtext>At the command prompt, enter the following command:

# chmod 600 &lt;file&gt;
# chown postgres:users &lt;file&gt;

Note: Replace &lt;file&gt; with the file with incorrect permissions.</fixtext>
      <check system="N/A">
        <check-content>At the command prompt, enter the following command:

# find /db/data/*conf* -xdev -type f -a '(' -not -perm 600 -o -not -user postgres -o -not -group users ')' -exec ls -ld {} \;

If any files are returned, this is a finding.</check-content>
      </check>
    </Rule>
  </Group>
  <Group id="V-WOAD-3X-000010">
    <title>SRG-APP-000092-DB-000208</title>
    <Rule id="SV-WOAD-3X-000010" severity="medium" weight="10.0">
      <version>WOAD-3X-000010</version>
      <title>The Workspace ONE Access vPostgres instance must be configured to enable a log statement of sufficient level.</title>
      <description>&lt;VulnDiscussion&gt;Session auditing is for use when a user's activities are under investigation. To be sure of capturing all activity during those periods when session auditing is in use, it needs to be in operation for the whole time the DBMS is running.&lt;/VulnDiscussion&gt;&lt;FalsePositives&gt;&lt;/FalsePositives&gt;&lt;FalseNegatives&gt;&lt;/FalseNegatives&gt;&lt;Documentable&gt;false&lt;/Documentable&gt;&lt;Mitigations&gt;&lt;/Mitigations&gt;&lt;SecurityOverrideGuidance&gt;&lt;/SecurityOverrideGuidance&gt;&lt;PotentialImpacts&gt;&lt;/PotentialImpacts&gt;&lt;ThirdPartyTools&gt;&lt;/ThirdPartyTools&gt;&lt;MitigationControl&gt;&lt;/MitigationControl&gt;&lt;Responsibility&gt;&lt;/Responsibility&gt;&lt;IAControls&gt;&lt;/IAControls&gt;</description>
      <ident system="http://cyber.mil/cci">CCI-001464</ident>
      <fixtext>At the command prompt, execute the following command(s):

# /opt/vmware/vpostgres/9.6/bin/psql -U postgres -c "ALTER SYSTEM SET log_statement TO 'ddl';"

# /opt/vmware/vpostgres/9.6/bin/psql -U postgres -c "SELECT pg_reload_conf();"

Note: For a non-clustered vRSLCM deployed instance you may be prompted for the postgres users password which is available at /usr/local/horizon/conf/db.pwd.</fixtext>
      <check system="N/A">
        <check-content>At the command prompt, execute the following command:

# /opt/vmware/vpostgres/9.6/bin/psql -U postgres -A -t -c "SHOW log_statement"

Expected result:

ddl

If the output does not match the expected result, this is a finding.

Note: For a non-clustered vRSLCM deployed instance you may be prompted for the postgres users password which is available at /usr/local/horizon/conf/db.pwd.</check-content>
      </check>
    </Rule>
  </Group>
  <Group id="V-WOAD-3X-000130">
    <title>SRG-APP-000092-DB-000208</title>
    <Rule id="SV-WOAD-3X-000130" severity="medium" weight="10.0">
      <version>WOAD-3X-000130</version>
      <title>The Workspace ONE Access vPostgres instance must be configured to generate logs to a standard destination.</title>
      <description>&lt;VulnDiscussion&gt;Session auditing is for use when a user's activities are under investigation. To be sure of capturing all activity during those periods when session auditing is in use, it needs to be in operation for the whole time the DBMS is running.&lt;/VulnDiscussion&gt;&lt;FalsePositives&gt;&lt;/FalsePositives&gt;&lt;FalseNegatives&gt;&lt;/FalseNegatives&gt;&lt;Documentable&gt;false&lt;/Documentable&gt;&lt;Mitigations&gt;&lt;/Mitigations&gt;&lt;SecurityOverrideGuidance&gt;&lt;/SecurityOverrideGuidance&gt;&lt;PotentialImpacts&gt;&lt;/PotentialImpacts&gt;&lt;ThirdPartyTools&gt;&lt;/ThirdPartyTools&gt;&lt;MitigationControl&gt;&lt;/MitigationControl&gt;&lt;Responsibility&gt;&lt;/Responsibility&gt;&lt;IAControls&gt;&lt;/IAControls&gt;</description>
      <ident system="http://cyber.mil/cci">CCI-001464</ident>
      <fixtext>At the command prompt, execute the following command(s):

# /opt/vmware/vpostgres/9.6/bin/psql -U postgres -c "ALTER SYSTEM SET log_destination TO 'stderr';"

# /opt/vmware/vpostgres/9.6/bin/psql -U postgres -c "SELECT pg_reload_conf();"

Note: For a non-clustered vRSLCM deployed instance you may be prompted for the postgres users password which is available at /usr/local/horizon/conf/db.pwd.</fixtext>
      <check system="N/A">
        <check-content>At the command prompt, execute the following command:

# /opt/vmware/vpostgres/9.6/bin/psql -U postgres -A -t -c "SHOW log_destination"

Expected result:

stderr

If the output does not match the expected result, this is a finding.

Note: For a non-clustered vRSLCM deployed instance you may be prompted for the postgres users password which is available at /usr/local/horizon/conf/db.pwd.</check-content>
      </check>
    </Rule>
  </Group>
  <Group id="V-WOAD-3X-000012">
    <title>SRG-APP-000095-DB-000039</title>
    <Rule id="SV-WOAD-3X-000012" severity="medium" weight="10.0">
      <version>WOAD-3X-000012</version>
      <title>The Workspace ONE Access vPostgres instance must produce logs containing sufficient information to establish what type of events occurred.</title>
      <description>&lt;VulnDiscussion&gt;Information system auditing capability is critical for accurate forensic analysis. Without establishing what type of event occurred, it would be difficult to establish, correlate, and investigate the events relating to an incident or identify those responsible for one. 

Audit record content that may be necessary to satisfy the requirement of this policy includes, for example, time stamps, user/process identifiers, event descriptions, success/fail indications, filenames involved, and access control or flow control rules invoked.

Associating event types with detected events in the application and audit logs provides a means of investigating an attack; recognizing resource utilization or capacity thresholds; or identifying an improperly configured application. 

Database software is capable of a range of actions on data stored within the database. It is important, for accurate forensic analysis, to know exactly what actions were performed. This requires specific information regarding the event type an audit record is referring to. If event type information is not recorded and stored with the audit record, the record itself is of very limited use.

Satisfies: SRG-APP-000096-DB-000040, SRG-APP-000097-DB-000041, SRG-APP-000098-DB-000042, SRG-APP-000099-DB-000043, SRG-APP-000100-DB-000201, SRG-APP-000101-DB-000044, SRG-APP-000375-DB-000323&lt;/VulnDiscussion&gt;&lt;FalsePositives&gt;&lt;/FalsePositives&gt;&lt;FalseNegatives&gt;&lt;/FalseNegatives&gt;&lt;Documentable&gt;false&lt;/Documentable&gt;&lt;Mitigations&gt;&lt;/Mitigations&gt;&lt;SecurityOverrideGuidance&gt;&lt;/SecurityOverrideGuidance&gt;&lt;PotentialImpacts&gt;&lt;/PotentialImpacts&gt;&lt;ThirdPartyTools&gt;&lt;/ThirdPartyTools&gt;&lt;MitigationControl&gt;&lt;/MitigationControl&gt;&lt;Responsibility&gt;&lt;/Responsibility&gt;&lt;IAControls&gt;&lt;/IAControls&gt;</description>
      <ident system="http://cyber.mil/cci">CCI-000130</ident>
      <fixtext>At the command prompt, execute the following command(s):

# /opt/vmware/vpostgres/9.6/bin/psql -U postgres -c "ALTER SYSTEM SET log_line_prefix TO '%m %c %x %d %u %r %p %l';"

# /opt/vmware/vpostgres/9.6/bin/psql -U postgres -c "SELECT pg_reload_conf();"

Note: For a non-clustered vRSLCM deployed instance you may be prompted for the postgres users password which is available at /usr/local/horizon/conf/db.pwd.</fixtext>
      <check system="N/A">
        <check-content>At the command prompt, execute the following command:

# /opt/vmware/vpostgres/9.6/bin/psql -U postgres -A -t -c "SHOW log_line_prefix"

Expected result:

%m %c %x %d %u %r %p %l

If the output does not match the expected result, this is a finding.

Note: For a non-clustered vRSLCM deployed instance you may be prompted for the postgres users password which is available at /usr/local/horizon/conf/db.pwd.</check-content>
      </check>
    </Rule>
  </Group>
  <Group id="V-WOAD-3X-000131">
    <title>SRG-APP-000095-DB-000039</title>
    <Rule id="SV-WOAD-3X-000131" severity="medium" weight="10.0">
      <version>WOAD-3X-000131</version>
      <title>The Workspace ONE Access vPostgres instance must produce error logs containing sufficient information to establish what type of events occurred.</title>
      <description>&lt;VulnDiscussion&gt;Information system auditing capability is critical for accurate forensic analysis. Without establishing what type of event occurred, it would be difficult to establish, correlate, and investigate the events relating to an incident or identify those responsible for one. 

Audit record content that may be necessary to satisfy the requirement of this policy includes, for example, time stamps, user/process identifiers, event descriptions, success/fail indications, filenames involved, and access control or flow control rules invoked.

Associating event types with detected events in the application and audit logs provides a means of investigating an attack; recognizing resource utilization or capacity thresholds; or identifying an improperly configured application. 

Database software is capable of a range of actions on data stored within the database. It is important, for accurate forensic analysis, to know exactly what actions were performed. This requires specific information regarding the event type an audit record is referring to. If event type information is not recorded and stored with the audit record, the record itself is of very limited use.&lt;/VulnDiscussion&gt;&lt;FalsePositives&gt;&lt;/FalsePositives&gt;&lt;FalseNegatives&gt;&lt;/FalseNegatives&gt;&lt;Documentable&gt;false&lt;/Documentable&gt;&lt;Mitigations&gt;&lt;/Mitigations&gt;&lt;SecurityOverrideGuidance&gt;&lt;/SecurityOverrideGuidance&gt;&lt;PotentialImpacts&gt;&lt;/PotentialImpacts&gt;&lt;ThirdPartyTools&gt;&lt;/ThirdPartyTools&gt;&lt;MitigationControl&gt;&lt;/MitigationControl&gt;&lt;Responsibility&gt;&lt;/Responsibility&gt;&lt;IAControls&gt;&lt;/IAControls&gt;</description>
      <ident system="http://cyber.mil/cci">CCI-000130</ident>
      <fixtext>At the command prompt, execute the following command(s):

# /opt/vmware/vpostgres/9.6/bin/psql -U postgres -c "ALTER SYSTEM SET log_error_verbosity TO 'default';"

# /opt/vmware/vpostgres/9.6/bin/psql -U postgres -c "SELECT pg_reload_conf();"

Note: For a non-clustered vRSLCM deployed instance you may be prompted for the postgres users password which is available at /usr/local/horizon/conf/db.pwd.</fixtext>
      <check system="N/A">
        <check-content>At the command prompt, execute the following command:

# /opt/vmware/vpostgres/9.6/bin/psql -U postgres -A -t -c "SHOW log_error_verbosity"

Expected result:

default

If the output does not match the expected result, this is a finding.

Note: For a non-clustered vRSLCM deployed instance you may be prompted for the postgres users password which is available at /usr/local/horizon/conf/db.pwd.</check-content>
      </check>
    </Rule>
  </Group>
  <Group id="V-WOAD-3X-000132">
    <title>SRG-APP-000095-DB-000039</title>
    <Rule id="SV-WOAD-3X-000132" severity="medium" weight="10.0">
      <version>WOAD-3X-000132</version>
      <title>The Workspace ONE Access vPostgres instance must produce logs at the warning level at a minimum.</title>
      <description>&lt;VulnDiscussion&gt;Information system auditing capability is critical for accurate forensic analysis. Without establishing what type of event occurred, it would be difficult to establish, correlate, and investigate the events relating to an incident or identify those responsible for one. 

Audit record content that may be necessary to satisfy the requirement of this policy includes, for example, time stamps, user/process identifiers, event descriptions, success/fail indications, filenames involved, and access control or flow control rules invoked.

Associating event types with detected events in the application and audit logs provides a means of investigating an attack; recognizing resource utilization or capacity thresholds; or identifying an improperly configured application. 

Database software is capable of a range of actions on data stored within the database. It is important, for accurate forensic analysis, to know exactly what actions were performed. This requires specific information regarding the event type an audit record is referring to. If event type information is not recorded and stored with the audit record, the record itself is of very limited use.&lt;/VulnDiscussion&gt;&lt;FalsePositives&gt;&lt;/FalsePositives&gt;&lt;FalseNegatives&gt;&lt;/FalseNegatives&gt;&lt;Documentable&gt;false&lt;/Documentable&gt;&lt;Mitigations&gt;&lt;/Mitigations&gt;&lt;SecurityOverrideGuidance&gt;&lt;/SecurityOverrideGuidance&gt;&lt;PotentialImpacts&gt;&lt;/PotentialImpacts&gt;&lt;ThirdPartyTools&gt;&lt;/ThirdPartyTools&gt;&lt;MitigationControl&gt;&lt;/MitigationControl&gt;&lt;Responsibility&gt;&lt;/Responsibility&gt;&lt;IAControls&gt;&lt;/IAControls&gt;</description>
      <ident system="http://cyber.mil/cci">CCI-000130</ident>
      <fixtext>At the command prompt, execute the following command(s):

# /opt/vmware/vpostgres/9.6/bin/psql -U postgres -c "ALTER SYSTEM SET log_min_messages TO 'warning';"

# /opt/vmware/vpostgres/9.6/bin/psql -U postgres -c "SELECT pg_reload_conf();"

Note: For a non-clustered vRSLCM deployed instance you may be prompted for the postgres users password which is available at /usr/local/horizon/conf/db.pwd.</fixtext>
      <check system="N/A">
        <check-content>At the command prompt, execute the following command:

# /opt/vmware/vpostgres/9.6/bin/psql -U postgres -A -t -c "SHOW log_min_messages"

Expected result:

warning

If the output does not match the expected result, this is a finding.

Note: For a non-clustered vRSLCM deployed instance you may be prompted for the postgres users password which is available at /usr/local/horizon/conf/db.pwd.</check-content>
      </check>
    </Rule>
  </Group>
  <Group id="V-WOAD-3X-000133">
    <title>SRG-APP-000095-DB-000039</title>
    <Rule id="SV-WOAD-3X-000133" severity="medium" weight="10.0">
      <version>WOAD-3X-000133</version>
      <title>The Workspace ONE Access vPostgres instance must produce error logs for SQL statements causing an error condition.</title>
      <description>&lt;VulnDiscussion&gt;Information system auditing capability is critical for accurate forensic analysis. Without establishing what type of event occurred, it would be difficult to establish, correlate, and investigate the events relating to an incident or identify those responsible for one. 

Audit record content that may be necessary to satisfy the requirement of this policy includes, for example, time stamps, user/process identifiers, event descriptions, success/fail indications, filenames involved, and access control or flow control rules invoked.

Associating event types with detected events in the application and audit logs provides a means of investigating an attack; recognizing resource utilization or capacity thresholds; or identifying an improperly configured application. 

Database software is capable of a range of actions on data stored within the database. It is important, for accurate forensic analysis, to know exactly what actions were performed. This requires specific information regarding the event type an audit record is referring to. If event type information is not recorded and stored with the audit record, the record itself is of very limited use.&lt;/VulnDiscussion&gt;&lt;FalsePositives&gt;&lt;/FalsePositives&gt;&lt;FalseNegatives&gt;&lt;/FalseNegatives&gt;&lt;Documentable&gt;false&lt;/Documentable&gt;&lt;Mitigations&gt;&lt;/Mitigations&gt;&lt;SecurityOverrideGuidance&gt;&lt;/SecurityOverrideGuidance&gt;&lt;PotentialImpacts&gt;&lt;/PotentialImpacts&gt;&lt;ThirdPartyTools&gt;&lt;/ThirdPartyTools&gt;&lt;MitigationControl&gt;&lt;/MitigationControl&gt;&lt;Responsibility&gt;&lt;/Responsibility&gt;&lt;IAControls&gt;&lt;/IAControls&gt;</description>
      <ident system="http://cyber.mil/cci">CCI-000130</ident>
      <fixtext>At the command prompt, execute the following command(s):

# /opt/vmware/vpostgres/9.6/bin/psql -U postgres -c "ALTER SYSTEM SET log_min_error_statement TO 'error';"

# /opt/vmware/vpostgres/9.6/bin/psql -U postgres -c "SELECT pg_reload_conf();"

Note: For a non-clustered vRSLCM deployed instance you may be prompted for the postgres users password which is available at /usr/local/horizon/conf/db.pwd.</fixtext>
      <check system="N/A">
        <check-content>At the command prompt, execute the following command:

# /opt/vmware/vpostgres/9.6/bin/psql -U postgres -A -t -c "SHOW log_min_error_statement"

Expected result:

error

If the output does not match the expected result, this is a finding.

Note: For a non-clustered vRSLCM deployed instance you may be prompted for the postgres users password which is available at /usr/local/horizon/conf/db.pwd.</check-content>
      </check>
    </Rule>
  </Group>
  <Group id="V-WOAD-3X-000020">
    <title>SRG-APP-000109-DB-000321</title>
    <Rule id="SV-WOAD-3X-000020" severity="medium" weight="10.0">
      <version>WOAD-3X-000020</version>
      <title>The Workspace ONE Access vPostgres instance must be configured to overwrite older logs when necessary.</title>
      <description>&lt;VulnDiscussion&gt;Without proper configuration, log files for VMware Postgres can grow without bound, filling the partition and potentially affecting the availability of the WS1A. One part of this configuration is to ensure that the logging subsystem overwrites, rather than appending to, any previous logs that would share the same name. This is avoided in other configuration steps but this best practice should be followed for good measure.&lt;/VulnDiscussion&gt;&lt;FalsePositives&gt;&lt;/FalsePositives&gt;&lt;FalseNegatives&gt;&lt;/FalseNegatives&gt;&lt;Documentable&gt;false&lt;/Documentable&gt;&lt;Mitigations&gt;&lt;/Mitigations&gt;&lt;SecurityOverrideGuidance&gt;&lt;/SecurityOverrideGuidance&gt;&lt;PotentialImpacts&gt;&lt;/PotentialImpacts&gt;&lt;ThirdPartyTools&gt;&lt;/ThirdPartyTools&gt;&lt;MitigationControl&gt;&lt;/MitigationControl&gt;&lt;Responsibility&gt;&lt;/Responsibility&gt;&lt;IAControls&gt;&lt;/IAControls&gt;</description>
      <ident system="http://cyber.mil/cci">CCI-000140</ident>
      <fixtext>At the command prompt, execute the following command(s):

# /opt/vmware/vpostgres/9.6/bin/psql -U postgres -c "ALTER SYSTEM SET log_truncate_on_rotation TO 'on';"

# /opt/vmware/vpostgres/9.6/bin/psql -U postgres -c "SELECT pg_reload_conf();"

Note: For a non-clustered vRSLCM deployed instance you may be prompted for the postgres users password which is available at /usr/local/horizon/conf/db.pwd.</fixtext>
      <check system="N/A">
        <check-content>At the command prompt, execute the following command:

# /opt/vmware/vpostgres/9.6/bin/psql -U postgres -A -t -c "SHOW log_truncate_on_rotation;"

Expected result:

on

If the output does not match the expected result, this is a finding.

Note: For a non-clustered vRSLCM deployed instance you may be prompted for the postgres users password which is available at /usr/local/horizon/conf/db.pwd.</check-content>
      </check>
    </Rule>
  </Group>
  <Group id="V-WOAD-3X-000022">
    <title>SRG-APP-000118-DB-000059</title>
    <Rule id="SV-WOAD-3X-000022" severity="medium" weight="10.0">
      <version>WOAD-3X-000022</version>
      <title>The Workspace ONE Access vPostgres instance must be configured to protect log files from unauthorized read access.</title>
      <description>&lt;VulnDiscussion&gt;If audit data were to become compromised, then competent forensic analysis and discovery of the true source of potentially malicious system activity is difficult, if not impossible, to achieve. In addition, access to audit records provides information an attacker could potentially use to his or her advantage.

To ensure the veracity of audit data, the information system and/or the application must protect audit information from any and all unauthorized access. This includes read, write, copy, etc.

Satisfies: SRG-APP-000119-DB-000060, SRG-APP-000120-DB-000061, SRG-APP-000267-DB-000163&lt;/VulnDiscussion&gt;&lt;FalsePositives&gt;&lt;/FalsePositives&gt;&lt;FalseNegatives&gt;&lt;/FalseNegatives&gt;&lt;Documentable&gt;false&lt;/Documentable&gt;&lt;Mitigations&gt;&lt;/Mitigations&gt;&lt;SecurityOverrideGuidance&gt;&lt;/SecurityOverrideGuidance&gt;&lt;PotentialImpacts&gt;&lt;/PotentialImpacts&gt;&lt;ThirdPartyTools&gt;&lt;/ThirdPartyTools&gt;&lt;MitigationControl&gt;&lt;/MitigationControl&gt;&lt;Responsibility&gt;&lt;/Responsibility&gt;&lt;IAControls&gt;&lt;/IAControls&gt;</description>
      <ident system="http://cyber.mil/cci">CCI-000162</ident>
      <fixtext>At the command prompt, execute the following command(s):

# /opt/vmware/vpostgres/9.6/bin/psql -U postgres -c "ALTER SYSTEM SET log_file_mode = '0600';"

# /opt/vmware/vpostgres/9.6/bin/psql -U postgres -c "SELECT pg_reload_conf();"

At the command prompt, enter the following command(s):

# chmod 600 &lt;file&gt;
# chown postgres:users &lt;file&gt;

Note: Replace &lt;file&gt; with the file with incorrect permissions.

Note: For a non-clustered vRSLCM deployed instance you may be prompted for the postgres users password which is available at /usr/local/horizon/conf/db.pwd.</fixtext>
      <check system="N/A">
        <check-content>At the command prompt, execute the following command:

# /opt/vmware/vpostgres/9.6/bin/psql -U postgres -A -t -c "SHOW log_file_mode"

Expected result:

0600

If the output does not match the expected result, this is a finding.

At the command prompt, execute the following command to find the configured log destination:

# /opt/vmware/vpostgres/9.6/bin/psql -U postgres -A -t -c "SHOW log_directory"

After finding the log destination, execute the following command:

find &lt;log dir&gt;/* -xdev -type f -a '(' -not -perm 600 -o -not -user postgres -o -not -group users ')' -exec ls -ld {} \;

If any files are returned, this is a finding.

Note: Log directory will be relative to /db/data by default for example: /db/data/pg_log

Note: For a non-clustered vRSLCM deployed instance you may be prompted for the postgres users password which is available at /usr/local/horizon/conf/db.pwd.</check-content>
      </check>
    </Rule>
  </Group>
  <Group id="V-WOAD-3X-000031">
    <title>SRG-APP-000133-DB-000200</title>
    <Rule id="SV-WOAD-3X-000031" severity="medium" weight="10.0">
      <version>WOAD-3X-000031</version>
      <title>The Workspace ONE Access vPostgres tables in the "saas" database must be owned by the "horizon" user.</title>
      <description>&lt;VulnDiscussion&gt;Within the database, object ownership implies full privileges to the owned object, including the privilege to assign access to the owned objects to other subjects. Database functions and procedures can be coded using definer's rights. This allows anyone who utilizes the object to perform the actions if they were the owner. If not properly managed, this can lead to privileged actions being taken by unauthorized individuals.

The saas database tables are configured out of the box to be owned by the 'horizon' Postgres user. This configuration must be verified and maintained.&lt;/VulnDiscussion&gt;&lt;FalsePositives&gt;&lt;/FalsePositives&gt;&lt;FalseNegatives&gt;&lt;/FalseNegatives&gt;&lt;Documentable&gt;false&lt;/Documentable&gt;&lt;Mitigations&gt;&lt;/Mitigations&gt;&lt;SecurityOverrideGuidance&gt;&lt;/SecurityOverrideGuidance&gt;&lt;PotentialImpacts&gt;&lt;/PotentialImpacts&gt;&lt;ThirdPartyTools&gt;&lt;/ThirdPartyTools&gt;&lt;MitigationControl&gt;&lt;/MitigationControl&gt;&lt;Responsibility&gt;&lt;/Responsibility&gt;&lt;IAControls&gt;&lt;/IAControls&gt;</description>
      <ident system="http://cyber.mil/cci">CCI-001499</ident>
      <fixtext>At the command prompt, execute the following command:

# /opt/vmware/vpostgres/9.6/bin/psql -U postgres -c "ALTER TABLE &lt;tablename&gt; OWNER TO horizon;"

Replace &lt;tablename&gt; with the name of the table discovered during the check.

Note: For a non-clustered vRSLCM deployed instance you may be prompted for the postgres users password which is available at /usr/local/horizon/conf/db.pwd.</fixtext>
      <check system="N/A">
        <check-content>At the command prompt, execute the following command:

# /opt/vmware/vpostgres/9.6/bin/psql -d saas -x -U postgres -c "\dt;"|grep Owner|grep -v horizon

If any tables are returned, this is a finding.

Note: For a non-clustered vRSLCM deployed instance you may be prompted for the postgres users password which is available at /usr/local/horizon/conf/db.pwd.</check-content>
      </check>
    </Rule>
  </Group>
  <Group id="V-WOAD-3X-000037">
    <title>SRG-APP-000142-DB-000094</title>
    <Rule id="SV-WOAD-3X-000037" severity="medium" weight="10.0">
      <version>WOAD-3X-000037</version>
      <title>The Workspace ONE Access vPostgres instance must be configured to use the correct port.</title>
      <description>&lt;VulnDiscussion&gt;In order to prevent unauthorized connection of devices, unauthorized transfer of information, or unauthorized tunneling (i.e., embedding of data types within data types), organizations must disable or restrict unused or unnecessary physical and logical ports/protocols/services on information systems.

Applications are capable of providing a wide variety of functions and services. Some of the functions and services provided by default may not be necessary to support essential organizational operations. Additionally, it is sometimes convenient to provide multiple services from a single component (e.g., email and web services); however, doing so increases risk over limiting the services provided by any one component. 

To support the requirements and principles of least functionality, the application must support the organizational requirements providing only essential capabilities and limiting the use of ports, protocols, and/or services to only those required, authorized, and approved to conduct official business or to address authorized quality of life issues.

Database Management Systems using ports, protocols, and services deemed unsafe are open to attack through those ports, protocols, and services. This can allow unauthorized access to the database and through the database to other components of the information system.

Satisfies: SRG-APP-000383-DB-000364&lt;/VulnDiscussion&gt;&lt;FalsePositives&gt;&lt;/FalsePositives&gt;&lt;FalseNegatives&gt;&lt;/FalseNegatives&gt;&lt;Documentable&gt;false&lt;/Documentable&gt;&lt;Mitigations&gt;&lt;/Mitigations&gt;&lt;SecurityOverrideGuidance&gt;&lt;/SecurityOverrideGuidance&gt;&lt;PotentialImpacts&gt;&lt;/PotentialImpacts&gt;&lt;ThirdPartyTools&gt;&lt;/ThirdPartyTools&gt;&lt;MitigationControl&gt;&lt;/MitigationControl&gt;&lt;Responsibility&gt;&lt;/Responsibility&gt;&lt;IAControls&gt;&lt;/IAControls&gt;</description>
      <ident system="http://cyber.mil/cci">CCI-000382</ident>
      <fixtext>At the command prompt, execute the following commands:

# /opt/vmware/vpostgres/9.6/bin/psql -U postgres -c "ALTER SYSTEM SET port TO '5432';"

# systemctl restart vpostgres.service

Note: For a non-clustered vRSLCM deployed instance you may be prompted for the postgres users password which is available at /usr/local/horizon/conf/db.pwd.</fixtext>
      <check system="N/A">
        <check-content>At the command prompt, execute the following command:

# /opt/vmware/vpostgres/9.6/bin/psql -U postgres -A -t -c "SHOW port;"

Expected result:

5432

If the output does not match the expected result, this is a finding.

Note: For a non-clustered vRSLCM deployed instance you may be prompted for the postgres users password which is available at /usr/local/horizon/conf/db.pwd.</check-content>
      </check>
    </Rule>
  </Group>
  <Group id="V-WOAD-3X-000041">
    <title>SRG-APP-000171-DB-000074</title>
    <Rule id="SV-WOAD-3X-000041" severity="high" weight="10.0">
      <version>WOAD-3X-000041</version>
      <title>The Workspace ONE Access vPostgres instance must use md5 for authentication.</title>
      <description>&lt;VulnDiscussion&gt;The DoD standard for authentication is DoD-approved PKI certificates.

Authentication based on User ID and Password may be used only when it is not possible to employ a PKI certificate, and requires AO approval.

In such cases, database passwords stored in clear text, using reversible encryption, or using unsalted hashes would be vulnerable to unauthorized disclosure. Database passwords must always be in the form of one-way, salted hashes when stored internally or externally to the DBMS.&lt;/VulnDiscussion&gt;&lt;FalsePositives&gt;&lt;/FalsePositives&gt;&lt;FalseNegatives&gt;&lt;/FalseNegatives&gt;&lt;Documentable&gt;false&lt;/Documentable&gt;&lt;Mitigations&gt;&lt;/Mitigations&gt;&lt;SecurityOverrideGuidance&gt;&lt;/SecurityOverrideGuidance&gt;&lt;PotentialImpacts&gt;&lt;/PotentialImpacts&gt;&lt;ThirdPartyTools&gt;&lt;/ThirdPartyTools&gt;&lt;MitigationControl&gt;&lt;/MitigationControl&gt;&lt;Responsibility&gt;&lt;/Responsibility&gt;&lt;IAControls&gt;&lt;/IAControls&gt;</description>
      <ident system="http://cyber.mil/cci">CCI-000196</ident>
      <fixtext>At the command prompt, execute the following command(s):

# /opt/vmware/vpostgres/9.6/bin/psql -U postgres -c "ALTER SYSTEM SET password_encryption TO 'on';"

# /opt/vmware/vpostgres/9.6/bin/psql -U postgres -c "SELECT pg_reload_conf();"

Note: For a non-clustered vRSLCM deployed instance you may be prompted for the postgres users password which is available at /usr/local/horizon/conf/db.pwd.</fixtext>
      <check system="N/A">
        <check-content>At the command prompt, execute the following command:

# /opt/vmware/vpostgres/9.6/bin/psql -U postgres -A -t -c "SHOW password_encryption;"

Expected result:

on

If the output does not match the expected result, this is a finding.

Note: For a non-clustered vRSLCM deployed instance you may be prompted for the postgres users password which is available at /usr/local/horizon/conf/db.pwd.</check-content>
      </check>
    </Rule>
  </Group>
  <Group id="V-WOAD-3X-000054">
    <title>SRG-APP-000226-DB-000147</title>
    <Rule id="SV-WOAD-3X-000054" severity="medium" weight="10.0">
      <version>WOAD-3X-000054</version>
      <title>The Workspace ONE Access vPostgres instance must write log entries to disk prior to returning operation success or failure.</title>
      <description>&lt;VulnDiscussion&gt;Failure to a known secure state helps prevent a loss of confidentiality, integrity, or availability in the event of a failure of the information system or a component of the system. Preserving  system state information helps to facilitate system restart and return to the operational mode of the organization with less disruption of mission/business processes. 

Aggregating log writes saves on performance but leaves a window for log data loss. The logging system inside VMware Postgres is capable of writing logs to disk, fully and completely before the associated operation is returned to the client. This ensures that database activity is always captured, even in the event of a system crash during or immediately after a given operation.&lt;/VulnDiscussion&gt;&lt;FalsePositives&gt;&lt;/FalsePositives&gt;&lt;FalseNegatives&gt;&lt;/FalseNegatives&gt;&lt;Documentable&gt;false&lt;/Documentable&gt;&lt;Mitigations&gt;&lt;/Mitigations&gt;&lt;SecurityOverrideGuidance&gt;&lt;/SecurityOverrideGuidance&gt;&lt;PotentialImpacts&gt;&lt;/PotentialImpacts&gt;&lt;ThirdPartyTools&gt;&lt;/ThirdPartyTools&gt;&lt;MitigationControl&gt;&lt;/MitigationControl&gt;&lt;Responsibility&gt;&lt;/Responsibility&gt;&lt;IAControls&gt;&lt;/IAControls&gt;</description>
      <ident system="http://cyber.mil/cci">CCI-001665</ident>
      <fixtext>At the command prompt, execute the following commands for each setting returned as 'off' in the check:

# /opt/vmware/vpostgres/9.6/bin/psql -U postgres -c "ALTER SYSTEM SET &lt;name&gt; TO 'on';"

# /opt/vmware/vpostgres/9.6/bin/psql -U postgres -c "SELECT pg_reload_conf();"

Note: Substitute &lt;name&gt; with the incorrectly set parameter (fsync, full_page_writes, synchronous_commit)

Note: For a non-clustered vRSLCM deployed instance you may be prompted for the postgres users password which is available at /usr/local/horizon/conf/db.pwd.
</fixtext>
      <check system="N/A">
        <check-content>At the command prompt, execute the following command:

# /opt/vmware/vpostgres/9.6/bin/psql -U postgres -A -t -c "SELECT name,setting FROM pg_settings WHERE name IN ('fsync','full_page_writes','synchronous_commit');"

Expected result:

fsync|on
full_page_writes|on
synchronous_commit|on

If the output does not match the expected result, this is a finding.

Note: For a non-clustered vRSLCM deployed instance you may be prompted for the postgres users password which is available at /usr/local/horizon/conf/db.pwd.</check-content>
      </check>
    </Rule>
  </Group>
  <Group id="V-WOAD-3X-000056">
    <title>SRG-APP-000233-DB-000124</title>
    <Rule id="SV-WOAD-3X-000056" severity="medium" weight="10.0">
      <version>WOAD-3X-000056</version>
      <title>The Workspace ONE Access vPostgres instance must not allow schema access to unauthorized accounts.</title>
      <description>&lt;VulnDiscussion&gt;Database Management Systems typically separate security functionality from non-security functionality via separate databases or schemas. Database objects or code implementing security functionality should not be commingled with objects or code implementing application logic. When security and non-security functionality are commingled, users who have access to non-security functionality may be able to access security functionality.

VMware Postgres contains a number of system configuration schema whose access must be strictly limited. By default, the pg_catalog and information_schema objects are configured to only be accessible in a read-only manner publicly and otherwise only accessible by the postgres user. This configuration must be verified and maintained.&lt;/VulnDiscussion&gt;&lt;FalsePositives&gt;&lt;/FalsePositives&gt;&lt;FalseNegatives&gt;&lt;/FalseNegatives&gt;&lt;Documentable&gt;false&lt;/Documentable&gt;&lt;Mitigations&gt;&lt;/Mitigations&gt;&lt;SecurityOverrideGuidance&gt;&lt;/SecurityOverrideGuidance&gt;&lt;PotentialImpacts&gt;&lt;/PotentialImpacts&gt;&lt;ThirdPartyTools&gt;&lt;/ThirdPartyTools&gt;&lt;MitigationControl&gt;&lt;/MitigationControl&gt;&lt;Responsibility&gt;&lt;/Responsibility&gt;&lt;IAControls&gt;&lt;/IAControls&gt;</description>
      <ident system="http://cyber.mil/cci">CCI-001084</ident>
      <fixtext>At the command prompt, execute the following command:

# /opt/vmware/vpostgres/9.6/bin/psql -U postgres -c "REVOKE ALL PRIVILEGES ON &lt;name&gt; FROM &lt;user&gt;;"

Replace &lt;name&gt; and &lt;user&gt; with the Access Privilege name and account, respectively, discovered during the check.

Note: For a non-clustered vRSLCM deployed instance you may be prompted for the postgres users password which is available at /usr/local/horizon/conf/db.pwd.</fixtext>
      <check system="N/A">
        <check-content>At the command prompt, execute the following command:

# /opt/vmware/vpostgres/9.6/bin/psql -U postgres -c "\dp .*.;"/opt/vmware/vpostgres/9.6/bin/psql -U postgres -c "\dp .*.;"|grep -E "information_schema|pg_catalog"|awk -F '|' '{print $4}'|awk -F '/' '{print $1}'|grep -v "=r"|grep -v "postgres"|grep -v "  "

If any lines are returned, this is a finding.

Note: For a non-clustered vRSLCM deployed instance you may be prompted for the postgres users password which is available at /usr/local/horizon/conf/db.pwd.</check-content>
      </check>
    </Rule>
  </Group>
  <Group id="V-WOAD-3X-000063">
    <title>SRG-APP-000266-DB-000162</title>
    <Rule id="SV-WOAD-3X-000063" severity="medium" weight="10.0">
      <version>WOAD-3X-000063</version>
      <title>The Workspace ONE Access vPostgres instance must provide non-privileged users with minimal error information.</title>
      <description>&lt;VulnDiscussion&gt;Any DBMS or associated application providing too much information in error messages on the screen or printout risks compromising the data and security of the system. The structure and content of error messages need to contain the minimal amount of information.

Databases can inadvertently provide a wealth of information to an attacker through improperly handled error messages. In addition to sensitive business or personal information, database errors can provide host names, IP addresses, user names, and other system information not required for troubleshooting but very useful to someone targeting the system.&lt;/VulnDiscussion&gt;&lt;FalsePositives&gt;&lt;/FalsePositives&gt;&lt;FalseNegatives&gt;&lt;/FalseNegatives&gt;&lt;Documentable&gt;false&lt;/Documentable&gt;&lt;Mitigations&gt;&lt;/Mitigations&gt;&lt;SecurityOverrideGuidance&gt;&lt;/SecurityOverrideGuidance&gt;&lt;PotentialImpacts&gt;&lt;/PotentialImpacts&gt;&lt;ThirdPartyTools&gt;&lt;/ThirdPartyTools&gt;&lt;MitigationControl&gt;&lt;/MitigationControl&gt;&lt;Responsibility&gt;&lt;/Responsibility&gt;&lt;IAControls&gt;&lt;/IAControls&gt;</description>
      <ident system="http://cyber.mil/cci">CCI-001312</ident>
      <fixtext>At the command prompt, execute the following command(s):

#  /opt/vmware/vpostgres/9.6/bin/psql -U postgres -c "ALTER SYSTEM SET client_min_messages TO 'notice';"

#  /opt/vmware/vpostgres/9.6/bin/psql -U postgres -c "SELECT pg_reload_conf();"

Note: For a non-clustered vRSLCM deployed instance you may be prompted for the postgres users password which is available at /usr/local/horizon/conf/db.pwd.</fixtext>
      <check system="N/A">
        <check-content>At the command prompt, execute the following command:

# /opt/vmware/vpostgres/9.6/bin/psql -U postgres -A -t -c "SHOW client_min_messages"

Expected result:

notice

If the output does not match the expected result, this is a finding.

Note: For a non-clustered vRSLCM deployed instance you may be prompted for the postgres users password which is available at /usr/local/horizon/conf/db.pwd.</check-content>
      </check>
    </Rule>
  </Group>
  <Group id="V-WOAD-3X-000074">
    <title>SRG-APP-000356-DB-000314</title>
    <Rule id="SV-WOAD-3X-000074" severity="medium" weight="10.0">
      <version>WOAD-3X-000074</version>
      <title>The Workspace ONE Access vPostgres instance must have log collection enabled.</title>
      <description>&lt;VulnDiscussion&gt;Without the ability to centrally manage the content captured in the audit records, identification, troubleshooting, and correlation of suspicious behavior would be difficult and could lead to a delayed or incomplete analysis of an ongoing attack.

The content captured in audit records must be managed from a central location (necessitating automation). Centralized management of audit records and logs provides for efficiency in maintenance and management of records, as well as the backup and archiving of those records. 

VMware Postgres is capable of outputting directly to syslog but for performance reasons, the VCSA is configured to ship logs centrally via rsyslog file monitoring. In order to facilitate that configuration, log files must be generated to disk.

Satisfies: SRG-APP-000356-DB-000315, SRG-APP-000381-DB-000361, SRG-APP-000492-DB-000333, SRG-APP-000495-DB-000326, SRG-APP-000495-DB-000327, SRG-APP-000495-DB-000328, SRG-APP-000495-DB-000329, SRG-APP-000496-DB-000334, SRG-APP-000496-DB-000335, SRG-APP-000499-DB-000330, SRG-APP-000499-DB-000331, SRG-APP-000501-DB-000336, SRG-APP-000501-DB-000337, SRG-APP-000504-DB-000355, SRG-APP-000507-DB-000356, SRG-APP-000507-DB-000357, SRG-APP-000508-DB-000358, SRG-APP-000514-DB-000381&lt;/VulnDiscussion&gt;&lt;FalsePositives&gt;&lt;/FalsePositives&gt;&lt;FalseNegatives&gt;&lt;/FalseNegatives&gt;&lt;Documentable&gt;false&lt;/Documentable&gt;&lt;Mitigations&gt;&lt;/Mitigations&gt;&lt;SecurityOverrideGuidance&gt;&lt;/SecurityOverrideGuidance&gt;&lt;PotentialImpacts&gt;&lt;/PotentialImpacts&gt;&lt;ThirdPartyTools&gt;&lt;/ThirdPartyTools&gt;&lt;MitigationControl&gt;&lt;/MitigationControl&gt;&lt;Responsibility&gt;&lt;/Responsibility&gt;&lt;IAControls&gt;&lt;/IAControls&gt;</description>
      <ident system="http://cyber.mil/cci">CCI-001844</ident>
      <fixtext>At the command prompt, execute the following command(s):

# /opt/vmware/vpostgres/9.6/bin/psql -U postgres -c "ALTER SYSTEM SET logging_collector TO 'on';"

# /opt/vmware/vpostgres/9.6/bin/psql -U postgres -c "SELECT pg_reload_conf();"

Note: For a non-clustered vRSLCM deployed instance you may be prompted for the postgres users password which is available at /usr/local/horizon/conf/db.pwd.</fixtext>
      <check system="N/A">
        <check-content>At the command prompt, execute the following command:

# /opt/vmware/vpostgres/9.6/bin/psql -U postgres -A -t -c "SHOW logging_collector"

Expected result:

on

If the output does not match the expected result, this is a finding.

Note: For a non-clustered vRSLCM deployed instance you may be prompted for the postgres users password which is available at /usr/local/horizon/conf/db.pwd.</check-content>
      </check>
    </Rule>
  </Group>
  <Group id="V-WOAD-3X-000080">
    <title>SRG-APP-000374-DB-000322</title>
    <Rule id="SV-WOAD-3X-000080" severity="medium" weight="10.0">
      <version>WOAD-3X-000080</version>
      <title>The Workspace ONE Access vPostgres instance must use UTC for log timestamps.</title>
      <description>&lt;VulnDiscussion&gt;If time stamps are not consistently applied and there is no common time reference, it is difficult to perform forensic analysis. Time stamps generated by VMware Postgres must include date and time expressed in Coordinated Universal Time (UTC), a modern continuation of Greenwich Mean Time (GMT).&lt;/VulnDiscussion&gt;&lt;FalsePositives&gt;&lt;/FalsePositives&gt;&lt;FalseNegatives&gt;&lt;/FalseNegatives&gt;&lt;Documentable&gt;false&lt;/Documentable&gt;&lt;Mitigations&gt;&lt;/Mitigations&gt;&lt;SecurityOverrideGuidance&gt;&lt;/SecurityOverrideGuidance&gt;&lt;PotentialImpacts&gt;&lt;/PotentialImpacts&gt;&lt;ThirdPartyTools&gt;&lt;/ThirdPartyTools&gt;&lt;MitigationControl&gt;&lt;/MitigationControl&gt;&lt;Responsibility&gt;&lt;/Responsibility&gt;&lt;IAControls&gt;&lt;/IAControls&gt;</description>
      <ident system="http://cyber.mil/cci">CCI-001890</ident>
      <fixtext>At the command prompt, execute the following command(s):

# /opt/vmware/vpostgres/9.6/bin/psql -U postgres -c "ALTER SYSTEM SET log_timezone TO 'UTC';"

# /opt/vmware/vpostgres/9.6/bin/psql -U postgres -c "SELECT pg_reload_conf();"

Note: For a non-clustered vRSLCM deployed instance you may be prompted for the postgres users password which is available at /usr/local/horizon/conf/db.pwd.</fixtext>
      <check system="N/A">
        <check-content>At the command prompt, execute the following command:

#  /opt/vmware/vpostgres/9.6/bin/psql -U postgres -A -t -c "SHOW log_timezone"

Expected result:

UTC

If the output does not match the expected result, this is a finding.

Note: For a non-clustered vRSLCM deployed instance you may be prompted for the postgres users password which is available at /usr/local/horizon/conf/db.pwd.</check-content>
      </check>
    </Rule>
  </Group>
  <Group id="V-WOAD-3X-000116">
    <title>SRG-APP-000503-DB-000350</title>
    <Rule id="SV-WOAD-3X-000116" severity="medium" weight="10.0">
      <version>WOAD-3X-000116</version>
      <title>The Workspace ONE Access vPostgres instance must log all connection attempts.</title>
      <description>&lt;VulnDiscussion&gt;For completeness of forensic analysis, it is necessary to track successful and failed attempts to log on to VMware Postgres. Setting 'log_connections' to 'on' will cause each attempted connection to the server to be logged, as well as successful completion of client authentication.

Satisfies: SRG-APP-000503-DB-000351, SRG-APP-000506-DB-000353&lt;/VulnDiscussion&gt;&lt;FalsePositives&gt;&lt;/FalsePositives&gt;&lt;FalseNegatives&gt;&lt;/FalseNegatives&gt;&lt;Documentable&gt;false&lt;/Documentable&gt;&lt;Mitigations&gt;&lt;/Mitigations&gt;&lt;SecurityOverrideGuidance&gt;&lt;/SecurityOverrideGuidance&gt;&lt;PotentialImpacts&gt;&lt;/PotentialImpacts&gt;&lt;ThirdPartyTools&gt;&lt;/ThirdPartyTools&gt;&lt;MitigationControl&gt;&lt;/MitigationControl&gt;&lt;Responsibility&gt;&lt;/Responsibility&gt;&lt;IAControls&gt;&lt;/IAControls&gt;</description>
      <ident system="http://cyber.mil/cci">CCI-000172</ident>
      <fixtext>At the command prompt, execute the following command(s):

# /opt/vmware/vpostgres/9.6/bin/psql -U postgres -c "ALTER SYSTEM SET log_connections TO 'on';"

# /opt/vmware/vpostgres/9.6/bin/psql -U postgres -c "SELECT pg_reload_conf();"

Note: For a non-clustered vRSLCM deployed instance you may be prompted for the postgres users password which is available at /usr/local/horizon/conf/db.pwd.</fixtext>
      <check system="N/A">
        <check-content>At the command prompt, execute the following command:

# /opt/vmware/vpostgres/9.6/bin/psql -U postgres -A -t -c "SHOW log_connections"

Expected result:

on

If the output does not match the expected result, this is a finding.

Note: For a non-clustered vRSLCM deployed instance you may be prompted for the postgres users password which is available at /usr/local/horizon/conf/db.pwd.</check-content>
      </check>
    </Rule>
  </Group>
  <Group id="V-WOAD-3X-000120">
    <title>SRG-APP-000505-DB-000352</title>
    <Rule id="SV-WOAD-3X-000120" severity="medium" weight="10.0">
      <version>WOAD-3X-000120</version>
      <title>The Workspace ONE Access vPostgres instance must log all client disconnections.</title>
      <description>&lt;VulnDiscussion&gt;Disconnection may be initiated by the user or forced by the system (as in a timeout) or result from a system or network failure. To the greatest extent possible, all disconnections must be logged.

For completeness of forensic analysis, it is necessary to know how long a user's (or other principal's) connection to VMware Postgres lasts. This can be achieved by recording disconnections, in addition to logons/connections, in the audit logs. &lt;/VulnDiscussion&gt;&lt;FalsePositives&gt;&lt;/FalsePositives&gt;&lt;FalseNegatives&gt;&lt;/FalseNegatives&gt;&lt;Documentable&gt;false&lt;/Documentable&gt;&lt;Mitigations&gt;&lt;/Mitigations&gt;&lt;SecurityOverrideGuidance&gt;&lt;/SecurityOverrideGuidance&gt;&lt;PotentialImpacts&gt;&lt;/PotentialImpacts&gt;&lt;ThirdPartyTools&gt;&lt;/ThirdPartyTools&gt;&lt;MitigationControl&gt;&lt;/MitigationControl&gt;&lt;Responsibility&gt;&lt;/Responsibility&gt;&lt;IAControls&gt;&lt;/IAControls&gt;</description>
      <ident system="http://cyber.mil/cci">CCI-000172</ident>
      <fixtext>At the command prompt, execute the following command(s):

# /opt/vmware/vpostgres/9.6/bin/psql -U postgres -c "ALTER SYSTEM SET log_disconnections TO 'on';"

# /opt/vmware/vpostgres/9.6/bin/psql -U postgres -c "SELECT pg_reload_conf();"

Note: For a non-clustered vRSLCM deployed instance you may be prompted for the postgres users password which is available at /usr/local/horizon/conf/db.pwd.</fixtext>
      <check system="N/A">
        <check-content>At the command prompt, execute the following command:

#/opt/vmware/vpostgres/9.6/bin/psql -U postgres -A -t -c "SHOW log_disconnections"

Expected result:

on

If the output does not match the expected result, this is a finding.

Note: For a non-clustered vRSLCM deployed instance you may be prompted for the postgres users password which is available at /usr/local/horizon/conf/db.pwd.</check-content>
      </check>
    </Rule>
  </Group>
</Benchmark>
