<?xml version="1.0" encoding="UTF-8"?><?xml-stylesheet type="text/xsl" href="STIG_unclass.xsl"?>
<Benchmark xmlns:dc="http://purl.org/dc/elements/1.1/" xmlns:xsi="http://www.w3.org/2001/XMLSchema-instance" xmlns:cpe="http://cpe.mitre.org/language/2.0" xmlns:xhtml="http://www.w3.org/1999/xhtml" xmlns:dsig="http://www.w3.org/2000/09/xmldsig#" xsi:schemaLocation="http://checklists.nist.gov/xccdf/1.1 http://nvd.nist.gov/schema/xccdf-1.1.4.xsdhttp://cpe.mitre.org/dictionary/2.0 http://cpe.mitre.org/files/cpe-dictionary_2.1.xsd" id="VMware Aria Operations 8.x Apache STIG Readiness Guide" xml:lang="en" xmlns="http://checklists.nist.gov/xccdf/1.1">
  <status date="2023-07-19">draft</status>
  <title>VMware Aria Operations 8.x Apache STIG Readiness Guide</title>
  <description></description>
  <notice id="terms-of-use" xml:lang="en"/>
  <front-matter xml:lang="en"/>
  <rear-matter xml:lang="en"/>
  <reference href="">
    <dc:publisher/>
    <dc:source/>
  </reference>
  <plain-text id="release-info">Release: 2 Benchmark Date: 12 Sep 2023</plain-text>
  <plain-text id="generator">3.2.2.36079</plain-text>
  <plain-text id="conventionsVersion">1.10.0</plain-text>
  <version>1</version>
  <Group id="V-VRPE-8X-000021">
    <title>SRG-APP-000357-WSR-000150</title>
    <Rule id="SV-VRPE-8X-000021" severity="medium" weight="10.0">
      <version>VRPE-8X-000021</version>
      <title>The VMware Aria Operations Manager Apache server must use a logging mechanism that is configured to allocate log record storage capacity large enough to accommodate the logging requirements of the web server.</title>
      <description>&lt;VulnDiscussion&gt;In order to make certain that the logging mechanism used by the web server has sufficient storage capacity in which to write the logs, the logging mechanism needs to be able to allocate log record storage capacity. 

The task of allocating log record storage capacity is usually performed during initial installation of the logging mechanism. The system administrator will usually coordinate the allocation of physical drive space with the web server administrator along with the physical location of the partition and disk. Refer to NIST SP 800-92 for specific requirements on log rotation and storage dependent on the impact of the web server.&lt;/VulnDiscussion&gt;&lt;FalsePositives&gt;&lt;/FalsePositives&gt;&lt;FalseNegatives&gt;&lt;/FalseNegatives&gt;&lt;Documentable&gt;false&lt;/Documentable&gt;&lt;Mitigations&gt;&lt;/Mitigations&gt;&lt;SecurityOverrideGuidance&gt;&lt;/SecurityOverrideGuidance&gt;&lt;PotentialImpacts&gt;&lt;/PotentialImpacts&gt;&lt;ThirdPartyTools&gt;&lt;/ThirdPartyTools&gt;&lt;MitigationControl&gt;&lt;/MitigationControl&gt;&lt;Responsibility&gt;&lt;/Responsibility&gt;&lt;IAControls&gt;&lt;/IAControls&gt;</description>
      <ident system="http://cyber.mil/cci">CCI-001849</ident>
      <fixtext>Navigate to and open:

/usr/lib/vmware-vcopssuite/utilities/conf/vcops-apache.conf

Add or configure the following line:

ErrorLog "|/usr/sbin/rotatelogs2 -n 35 /var/log/apache2/error_log 50M"

Save and close.

At the command prompt, run the following command:

# systemctl restart httpd</fixtext>
      <check system="N/A">
        <check-content>At the command prompt, run the following command:

# grep ErrorLog /usr/lib/vmware-vcopssuite/utilities/conf/vcops-apache.conf | sed 's/^[ \t]*//' | grep -v '^#'

Expected result:

ErrorLog "|/usr/sbin/rotatelogs2 -n 35 /var/log/apache2/error_log 50M"

If the output does not match the expected result, this is a finding.</check-content>
      </check>
    </Rule>
  </Group>
  <Group id="V-VRPE-8X-000022">
    <title>SRG-APP-000435-WSR-000147</title>
    <Rule id="SV-VRPE-8X-000022" severity="medium" weight="10.0">
      <version>VRPE-8X-000022</version>
      <title>The VMware Aria Operations Manager Apache server must be protected from being stopped by a non-privileged user.</title>
      <description>&lt;VulnDiscussion&gt;An attacker has at least two reasons to stop a web server. The first is to cause a DoS, and the second is to put in place changes the attacker made to the web server configuration. 

To prohibit an attacker from stopping the web server, the process ID (pid) of the web server and the utilities used to start/stop the web server must be protected from access by non-privileged users. By knowing the pid and having access to the web server utilities, a non-privileged user has a greater capability of stopping the server, whether intentionally or unintentionally.&lt;/VulnDiscussion&gt;&lt;FalsePositives&gt;&lt;/FalsePositives&gt;&lt;FalseNegatives&gt;&lt;/FalseNegatives&gt;&lt;Documentable&gt;false&lt;/Documentable&gt;&lt;Mitigations&gt;&lt;/Mitigations&gt;&lt;SecurityOverrideGuidance&gt;&lt;/SecurityOverrideGuidance&gt;&lt;PotentialImpacts&gt;&lt;/PotentialImpacts&gt;&lt;ThirdPartyTools&gt;&lt;/ThirdPartyTools&gt;&lt;MitigationControl&gt;&lt;/MitigationControl&gt;&lt;Responsibility&gt;&lt;/Responsibility&gt;&lt;IAControls&gt;&lt;/IAControls&gt;</description>
      <ident system="http://cyber.mil/cci">CCI-002385</ident>
      <fixtext>At the command prompt, run the following command(s):

# chmod 640 /usr/lib/systemd/system/httpd.service
# chown root:root /usr/lib/systemd/system/httpd.service</fixtext>
      <check system="N/A">
        <check-content>At the command prompt, run the following command:

# stat -c %a:%U:%G /usr/lib/systemd/system/httpd.service

Expected result:

640:root:root

If the output does not match the expected result, this is a finding.</check-content>
      </check>
    </Rule>
  </Group>
  <Group id="V-VRPE-8X-000023">
    <title>SRG-APP-000435-WSR-000148</title>
    <Rule id="SV-VRPE-8X-000023" severity="medium" weight="10.0">
      <version>VRPE-8X-000023</version>
      <title>The VMware Aria Operations Manager Apache server must be tuned to handle the operational requirements of the hosted application.</title>
      <description>&lt;VulnDiscussion&gt;A Denial of Service (DoS) can occur when the web server is so overwhelmed that it can no longer respond to additional requests. A web server not properly tuned may become overwhelmed and cause a DoS condition even with expected traffic from users. To avoid a DoS, the web server must be tuned to handle the expected traffic for the hosted applications.&lt;/VulnDiscussion&gt;&lt;FalsePositives&gt;&lt;/FalsePositives&gt;&lt;FalseNegatives&gt;&lt;/FalseNegatives&gt;&lt;Documentable&gt;false&lt;/Documentable&gt;&lt;Mitigations&gt;&lt;/Mitigations&gt;&lt;SecurityOverrideGuidance&gt;&lt;/SecurityOverrideGuidance&gt;&lt;PotentialImpacts&gt;&lt;/PotentialImpacts&gt;&lt;ThirdPartyTools&gt;&lt;/ThirdPartyTools&gt;&lt;MitigationControl&gt;&lt;/MitigationControl&gt;&lt;Responsibility&gt;&lt;/Responsibility&gt;&lt;IAControls&gt;&lt;/IAControls&gt;</description>
      <ident system="http://cyber.mil/cci">CCI-002385</ident>
      <fixtext>Navigate to and open:

/usr/lib/vmware-vcopssuite/utilities/conf/vcops-apache.conf

Add or configure the following lines inside the "&lt;VirtualHost *:443&gt;" block:

LimitRequestLine 1048576
LimitRequestFieldSize 16384

Save and close.

At the command prompt, run the following command:

# systemctl restart httpd</fixtext>
      <check system="N/A">
        <check-content>At the command prompt, run the following command:

# grep -E "LimitRequestLine|LimitRequestFieldSize" /usr/lib/vmware-vcopssuite/utilities/conf/vcops-apache.conf | sed 's/^\s*//' | grep -v '^#'

Expected result:

LimitRequestLine 1048576
LimitRequestFieldSize 16384

If the output does not match the expected result, this is a finding.</check-content>
      </check>
    </Rule>
  </Group>
  <Group id="V-VRPE-8X-000027">
    <title>SRG-APP-000516-WSR-000174</title>
    <Rule id="SV-VRPE-8X-000027" severity="medium" weight="10.0">
      <version>VRPE-8X-000027</version>
      <title>The VMware Aria Operations Manager Apache server must secure MIME types.</title>
      <description>&lt;VulnDiscussion&gt;Configuring the web server to implement organization-wide security implementation guides and security checklists guarantees compliance with federal standards and establishes a common security baseline across the DoD that reflects the most restrictive security posture consistent with operational requirements. 

Configuration settings are the set of parameters that can be changed that affect the security posture and/or functionality of the system. Security-related parameters are those parameters impacting the security state of the web server, including the parameters required to satisfy other security control requirements.&lt;/VulnDiscussion&gt;&lt;FalsePositives&gt;&lt;/FalsePositives&gt;&lt;FalseNegatives&gt;&lt;/FalseNegatives&gt;&lt;Documentable&gt;false&lt;/Documentable&gt;&lt;Mitigations&gt;&lt;/Mitigations&gt;&lt;SecurityOverrideGuidance&gt;&lt;/SecurityOverrideGuidance&gt;&lt;PotentialImpacts&gt;&lt;/PotentialImpacts&gt;&lt;ThirdPartyTools&gt;&lt;/ThirdPartyTools&gt;&lt;MitigationControl&gt;&lt;/MitigationControl&gt;&lt;Responsibility&gt;&lt;/Responsibility&gt;&lt;IAControls&gt;&lt;/IAControls&gt;</description>
      <ident system="http://cyber.mil/cci">CCI-000366</ident>
      <fixtext>Navigate to and open:

/usr/lib/vmware-vcopssuite/utilities/conf/vcops-apache.conf

Add or configure the following line:

Header set X-Content-Type-Options "nosniff"

Save and close.

At the command prompt, run the following command:

# systemctl restart httpd</fixtext>
      <check system="N/A">
        <check-content>At the command prompt, run the following command:

# grep -E "nosniff" /usr/lib/vmware-vcopssuite/utilities/conf/vcops-apache.conf | grep -v '^#'

Expected result:

Header set X-Content-Type-Options "nosniff"

If the output does not match the expected result, this is a finding.</check-content>
      </check>
    </Rule>
  </Group>
  <Group id="V-VRPE-8X-000005">
    <title>SRG-APP-000118-WSR-000068</title>
    <Rule id="SV-VRPE-8X-000005" severity="medium" weight="10.0">
      <version>VRPE-8X-000005</version>
      <title>The VMware Aria Operations Manager Apache server log files must only be accessible by privileged users.</title>
      <description>&lt;VulnDiscussion&gt;Log data is essential in the investigation of events. If log data were to become compromised, then competent forensic analysis and discovery of the true source of potentially malicious system activity would be difficult, if not impossible, to achieve. In addition, access to log records provides information an attacker could potentially use to their advantage since each event record might contain communication ports, protocols, services, trust relationships, user names, etc.

The web server must protect the log data from unauthorized read, write, copy, etc. This can be done by the web server if the web server is also doing the logging function. The web server may also use an external log system. In either case, the logs must be protected from access by non-privileged users.

Satisfies: SRG-APP-000119-WSR-000069, SRG-APP-000120-WSR-000070&lt;/VulnDiscussion&gt;&lt;FalsePositives&gt;&lt;/FalsePositives&gt;&lt;FalseNegatives&gt;&lt;/FalseNegatives&gt;&lt;Documentable&gt;false&lt;/Documentable&gt;&lt;Mitigations&gt;&lt;/Mitigations&gt;&lt;SecurityOverrideGuidance&gt;&lt;/SecurityOverrideGuidance&gt;&lt;PotentialImpacts&gt;&lt;/PotentialImpacts&gt;&lt;ThirdPartyTools&gt;&lt;/ThirdPartyTools&gt;&lt;MitigationControl&gt;&lt;/MitigationControl&gt;&lt;Responsibility&gt;&lt;/Responsibility&gt;&lt;IAControls&gt;&lt;/IAControls&gt;</description>
      <ident system="http://cyber.mil/cci">CCI-000162</ident>
      <fixtext>At the command prompt, run the following command(s):

# chmod 640 /var/log/apache2/access_log
# chown admin:admin /var/log/apache2/access_log

Navigate to and open:

/etc/login.defs

Navigate to the umask setting.

Change the umask setting to "077".</fixtext>
      <check system="N/A">
        <check-content>At the command prompt, run the following command:

# stat -c %a:%U:%G /var/log/apache2/access_log

Expected result:

640:admin:admin

If the output does not match the expected result, this is a finding.</check-content>
      </check>
    </Rule>
  </Group>
  <Group id="V-VRPE-8X-000007">
    <title>SRG-APP-000131-WSR-000073</title>
    <Rule id="SV-VRPE-8X-000007" severity="medium" weight="10.0">
      <version>VRPE-8X-000007</version>
      <title>The VMware Aria Operations Manager Apache server expansion modules must be fully reviewed, tested, and signed.</title>
      <description>&lt;VulnDiscussion&gt;In the case of a production web server, areas for content development and testing will not exist, as this type of content is only permissible on a development website.  The process of developing on a functional production website entails a degree of trial and error and repeated testing.  This process is often accomplished in an environment where debugging, sequencing, and formatting of content are the main goals.  The opportunity for a malicious user to obtain files that reveal business logic and login schemes is high in this situation.  The existence of such immature content on a web server represents a significant security risk that is totally avoidable.

The web server must enforce, internally or through an external utility, the signing of modules before they are implemented into a production environment.  By signing modules, the author guarantees that the module has been reviewed and tested before production implementation.

Satisfies: SRG-APP-000141-WSR-000082&lt;/VulnDiscussion&gt;&lt;FalsePositives&gt;&lt;/FalsePositives&gt;&lt;FalseNegatives&gt;&lt;/FalseNegatives&gt;&lt;Documentable&gt;false&lt;/Documentable&gt;&lt;Mitigations&gt;&lt;/Mitigations&gt;&lt;SecurityOverrideGuidance&gt;&lt;/SecurityOverrideGuidance&gt;&lt;PotentialImpacts&gt;&lt;/PotentialImpacts&gt;&lt;ThirdPartyTools&gt;&lt;/ThirdPartyTools&gt;&lt;MitigationControl&gt;&lt;/MitigationControl&gt;&lt;Responsibility&gt;&lt;/Responsibility&gt;&lt;IAControls&gt;&lt;/IAControls&gt;</description>
      <ident system="http://cyber.mil/cci">CCI-001749</ident>
      <fixtext>Open /usr/lib/vmware-vcopssuite/utilities/conf/vcops-apache.conf in a text editor.

Ensure the following are the only 'LoadModule' lines present:

LoadModule   jk_module       /usr/lib64/httpd/modules/mod_jk.so
LoadModule   rewrite_module  /usr/lib64/httpd/modules/mod_rewrite.so
LoadModule   headers_module  /usr/lib64/httpd/modules/mod_headers.so
LoadModule   http2_module    /usr/lib64/httpd/modules/mod_http2.so
LoadModule deflate_module /usr/lib64/httpd/modules/mod_deflate.so

Save and close.

At the command prompt, run the following command:

# systemctl restart httpd</fixtext>
      <check system="N/A">
        <check-content>At the command prompt, run the following command:

# grep LoadModule /usr/lib/vmware-vcopssuite/utilities/conf/vcops-apache.conf | grep -v '^#'

Expected result:

LoadModule   jk_module       /usr/lib64/httpd/modules/mod_jk.so
LoadModule   rewrite_module  /usr/lib64/httpd/modules/mod_rewrite.so
LoadModule   headers_module  /usr/lib64/httpd/modules/mod_headers.so
LoadModule   http2_module    /usr/lib64/httpd/modules/mod_http2.so
LoadModule deflate_module /usr/lib64/httpd/modules/mod_deflate.so

If the output does not match the expected result, this is a finding.</check-content>
      </check>
    </Rule>
  </Group>
  <Group id="V-VRPE-8X-000002">
    <title>SRG-APP-000014-WSR-000006</title>
    <Rule id="SV-VRPE-8X-000002" severity="medium" weight="10.0">
      <version>VRPE-8X-000002</version>
      <title>The VMware Aria Operations Manager Apache server must use encryption strength in accordance with the categorization of data hosted by the web server when remote connections are provided.</title>
      <description>&lt;VulnDiscussion&gt;The web server has several remote communications channels. Examples are user requests via http/https, communication to a backend database, or communication to authenticate users. The encryption used to communicate must match the data that is being retrieved or presented.

Methods of communication are http for publicly displayed information, https to encrypt when user data is being transmitted, VPN tunneling, or other encryption methods to a database.

Satisfies: SRG-APP-000416-WSR-000118, SRG-APP-000439-WSR-000188&lt;/VulnDiscussion&gt;&lt;FalsePositives&gt;&lt;/FalsePositives&gt;&lt;FalseNegatives&gt;&lt;/FalseNegatives&gt;&lt;Documentable&gt;false&lt;/Documentable&gt;&lt;Mitigations&gt;&lt;/Mitigations&gt;&lt;SecurityOverrideGuidance&gt;&lt;/SecurityOverrideGuidance&gt;&lt;PotentialImpacts&gt;&lt;/PotentialImpacts&gt;&lt;ThirdPartyTools&gt;&lt;/ThirdPartyTools&gt;&lt;MitigationControl&gt;&lt;/MitigationControl&gt;&lt;Responsibility&gt;&lt;/Responsibility&gt;&lt;IAControls&gt;&lt;/IAControls&gt;</description>
      <ident system="http://cyber.mil/cci">CCI-000068</ident>
      <fixtext>Navigate to and open:

/usr/lib/vmware-vcopssuite/utilities/conf/vcops-apache.conf

Add or configure the following line:

SSLCipherSuite HIGH:!aNULL!ADH:!EXP:!MD5:!3DES:!CAMELLIA:!PSK:!SRP:!DH:!AES256-GCM-SHA384:!AES256-SHA256:!AES256-SHA:!AES128-GCM-SHA256:!AES128-SHA256:!AES128-SHA:@STRENGTH

Save and close.

At the command prompt, run the following command:

# systemctl restart httpd</fixtext>
      <check system="N/A">
        <check-content>At the command prompt, run the following command:

# grep SSLCipherSuite /usr/lib/vmware-vcopssuite/utilities/conf/vcops-apache.conf | grep -v '^#'

Expected result:

SSLCipherSuite HIGH:!aNULL!ADH:!EXP:!MD5:!3DES:!CAMELLIA:!PSK:!SRP:!DH:!AES256-GCM-SHA384:!AES256-SHA256:!AES256-SHA:!AES128-GCM-SHA256:!AES128-SHA256:!AES128-SHA:@STRENGTH

If the output does not match the expected result, this is a finding.</check-content>
      </check>
    </Rule>
  </Group>
  <Group id="V-VRPE-8X-000006">
    <title>SRG-APP-000131-WSR-000051</title>
    <Rule id="SV-VRPE-8X-000006" severity="medium" weight="10.0">
      <version>VRPE-8X-000006</version>
      <title>The VMware Aria Operations Manager Apache server files must be verified for their integrity (e.g., checksums and hashes) before becoming part of the production web server.</title>
      <description>&lt;VulnDiscussion&gt;Being able to verify that a patch, upgrade, certificate, etc., being added to the web server is unchanged from the producer of the file is essential for file validation and non-repudiation of the information. 

The web server or hosting system must have a mechanism to verify that files, before installation, are valid.

Examples of validation methods are sha1 and md5 hashes and checksums.&lt;/VulnDiscussion&gt;&lt;FalsePositives&gt;&lt;/FalsePositives&gt;&lt;FalseNegatives&gt;&lt;/FalseNegatives&gt;&lt;Documentable&gt;false&lt;/Documentable&gt;&lt;Mitigations&gt;&lt;/Mitigations&gt;&lt;SecurityOverrideGuidance&gt;&lt;/SecurityOverrideGuidance&gt;&lt;PotentialImpacts&gt;&lt;/PotentialImpacts&gt;&lt;ThirdPartyTools&gt;&lt;/ThirdPartyTools&gt;&lt;MitigationControl&gt;&lt;/MitigationControl&gt;&lt;Responsibility&gt;&lt;/Responsibility&gt;&lt;IAControls&gt;&lt;/IAControls&gt;</description>
      <ident system="http://cyber.mil/cci">CCI-001749</ident>
      <fixtext>Roll back to a previous snapshot, restore from backup or deploy a new node and retire the affected one.

There is no way to repair the Apache binaries post-deployment since the source rpms are no longer present.</fixtext>
      <check system="N/A">
        <check-content>At the command prompt, run the following command:

# rpm -V httpd | grep "/usr/" | grep -v "httpd.service"

If the command produces any output, this is a finding.</check-content>
      </check>
    </Rule>
  </Group>
  <Group id="V-VRPE-8X-000008">
    <title>SRG-APP-000141-WSR-000081</title>
    <Rule id="SV-VRPE-8X-000008" severity="medium" weight="10.0">
      <version>VRPE-8X-000008</version>
      <title>The VMware Aria Operations Manager Apache server must disable Multipurpose Internet Mail Extensions (MIME) that invoke OS shell programs.</title>
      <description>&lt;VulnDiscussion&gt;Users must not be allowed to access shell programs. Shell programs might run shell escapes and could then perform unauthorized activities that could damage the security posture of the web server. A shell is a program that serves as the basic interface between the user and the operating system. In this regard there are shells that are security risks in the context of a web server and shells that are unauthorized in the context of the Security Features User's Guide.

Satisfies: SRG-APP-000141-WSR-000083&lt;/VulnDiscussion&gt;&lt;FalsePositives&gt;&lt;/FalsePositives&gt;&lt;FalseNegatives&gt;&lt;/FalseNegatives&gt;&lt;Documentable&gt;false&lt;/Documentable&gt;&lt;Mitigations&gt;&lt;/Mitigations&gt;&lt;SecurityOverrideGuidance&gt;&lt;/SecurityOverrideGuidance&gt;&lt;PotentialImpacts&gt;&lt;/PotentialImpacts&gt;&lt;ThirdPartyTools&gt;&lt;/ThirdPartyTools&gt;&lt;MitigationControl&gt;&lt;/MitigationControl&gt;&lt;Responsibility&gt;&lt;/Responsibility&gt;&lt;IAControls&gt;&lt;/IAControls&gt;</description>
      <ident system="http://cyber.mil/cci">CCI-000381</ident>
      <fixtext>Navigate to and open:

/usr/lib/vmware-vcopssuite/utilities/conf/vcops-apache.conf

Remove the lines returned in the check.

Save and close.

At the command prompt, run the following command:

# systemctl restart httpd</fixtext>
      <check system="N/A">
        <check-content>At the command prompt, run the following command:

# grep -E 'Action|AddHandler' /usr/lib/vmware-vcopssuite/utilities/conf/vcops-apache.conf | grep -v '^#'

If the command produces any output, this is a finding.</check-content>
      </check>
    </Rule>
  </Group>
  <Group id="V-VRPE-8X-000010">
    <title>SRG-APP-000141-WSR-000087</title>
    <Rule id="SV-VRPE-8X-000010" severity="medium" weight="10.0">
      <version>VRPE-8X-000010</version>
      <title>The VMware Aria Operations Manager Apache servers users and scripts running on behalf of users must be contained to the document root or home directory tree of the web server.</title>
      <description>&lt;VulnDiscussion&gt;A web server is designed to deliver content and run scripts or applications on the request of a client or user.  Containing user requests to files in the directory tree of the hosted web application and limiting the running of scripts and applications helps to guarantee that the user is not accessing protected information outside the application's realm.  

The web server must also prohibit users from jumping outside the hosted application directory tree through access to the user's home directory, symbolic links or shortcuts, or through search paths for missing files.&lt;/VulnDiscussion&gt;&lt;FalsePositives&gt;&lt;/FalsePositives&gt;&lt;FalseNegatives&gt;&lt;/FalseNegatives&gt;&lt;Documentable&gt;false&lt;/Documentable&gt;&lt;Mitigations&gt;&lt;/Mitigations&gt;&lt;SecurityOverrideGuidance&gt;&lt;/SecurityOverrideGuidance&gt;&lt;PotentialImpacts&gt;&lt;/PotentialImpacts&gt;&lt;ThirdPartyTools&gt;&lt;/ThirdPartyTools&gt;&lt;MitigationControl&gt;&lt;/MitigationControl&gt;&lt;Responsibility&gt;&lt;/Responsibility&gt;&lt;IAControls&gt;&lt;/IAControls&gt;</description>
      <ident system="http://cyber.mil/cci">CCI-000381</ident>
      <fixtext>Navigate to and open:

/usr/lib/vmware-vcopssuite/utilities/conf/vcops-apache.conf

Add or change the following lines:

&lt;Location /&gt;
&lt;LimitExcept GET POST PUT DELETE PATCH&gt;
order deny,allow
deny from all
&lt;/LimitExcept&gt;
&lt;/Location&gt;

Save and close.

At the command prompt, run the following command:

# systemctl restart httpd</fixtext>
      <check system="N/A">
        <check-content>At the command prompt, run the following command:

# sed -n '/&lt;Location \/&gt;/,/&lt;\/Location&gt;/p' /usr/lib/vmware-vcopssuite/utilities/conf/vcops-apache.conf

Expected result:

&lt;Location /&gt;
&lt;LimitExcept GET POST PUT DELETE PATCH&gt;
order deny,allow
deny from all
&lt;/LimitExcept&gt;
&lt;/Location&gt;

If the output does not match the expected result, this is a finding.</check-content>
      </check>
    </Rule>
  </Group>
  <Group id="V-VRPE-8X-000011">
    <title>SRG-APP-000176-WSR-000096</title>
    <Rule id="SV-VRPE-8X-000011" severity="medium" weight="10.0">
      <version>VRPE-8X-000011</version>
      <title>The VMware Aria Operations Manager Apache server must only allow authenticated system administrators or the designated PKI Sponsor to access the web server's private key.</title>
      <description>&lt;VulnDiscussion&gt;The web server's private key is used to prove the identity of the server to clients and securely exchange the shared secret key used to encrypt communications between the web server and clients.

By gaining access to the private key, an attacker can pretend to be an authorized server and decrypt the SSL traffic between a client and the web server.&lt;/VulnDiscussion&gt;&lt;FalsePositives&gt;&lt;/FalsePositives&gt;&lt;FalseNegatives&gt;&lt;/FalseNegatives&gt;&lt;Documentable&gt;false&lt;/Documentable&gt;&lt;Mitigations&gt;&lt;/Mitigations&gt;&lt;SecurityOverrideGuidance&gt;&lt;/SecurityOverrideGuidance&gt;&lt;PotentialImpacts&gt;&lt;/PotentialImpacts&gt;&lt;ThirdPartyTools&gt;&lt;/ThirdPartyTools&gt;&lt;MitigationControl&gt;&lt;/MitigationControl&gt;&lt;Responsibility&gt;&lt;/Responsibility&gt;&lt;IAControls&gt;&lt;/IAControls&gt;</description>
      <ident system="http://cyber.mil/cci">CCI-000186</ident>
      <fixtext>At the command prompt, run the following command(s) for each &lt;file&gt; returned in the check with incorrect permissions:

# chmod 400 &lt;file&gt;
# chown admin:admin &lt;file&gt;

Note: The postgres key may contain a different owner than "admin".</fixtext>
      <check system="N/A">
        <check-content>Verify that the server's private key is accessible only by admin with the following command:

# find /storage/vcops/user/conf/ssl/*key.pem -xdev -type f -a -exec stat -c %n:%a:%U:%G {} \;

Expected result:

/storage/vcops/user/conf/ssl/cakey.pem:400:admin:admin
/storage/vcops/user/conf/ssl/cluster_key.pem:400:admin:admin
/storage/vcops/user/conf/ssl/postgres_vcops_key.pem:400:admin:admin
/storage/vcops/user/conf/ssl/postgres_vcopsrepl_key.pem:400:postgres:root
/storage/vcops/user/conf/ssl/slice_1_key.pem:400:admin:admin

Note: The file name and numbers may vary but their permissions must not.

If the output does not match the expected result, this is a finding.</check-content>
      </check>
    </Rule>
  </Group>
  <Group id="V-VRPE-8X-000012">
    <title>SRG-APP-000179-WSR-000111</title>
    <Rule id="SV-VRPE-8X-000012" severity="medium" weight="10.0">
      <version>VRPE-8X-000012</version>
      <title>The VMware Aria Operations Manager Apache server must use cryptographic modules that meet the requirements of applicable federal laws, Executive Orders, directives, policies, regulations, standards, and guidance for such authentication.</title>
      <description>&lt;VulnDiscussion&gt;Encryption is only as good as the encryption modules utilized. Unapproved cryptographic module algorithms cannot be verified and cannot be relied upon to provide confidentiality or integrity, and DoD data may be compromised due to weak algorithms. 

FIPS 140-2 is the current standard for validating cryptographic modules and NSA Type-X (where X=1, 2, 3, 4) products are NSA-certified, hardware-based encryption modules. 

The web server must provide FIPS-compliant encryption modules when authenticating users and processes.&lt;/VulnDiscussion&gt;&lt;FalsePositives&gt;&lt;/FalsePositives&gt;&lt;FalseNegatives&gt;&lt;/FalseNegatives&gt;&lt;Documentable&gt;false&lt;/Documentable&gt;&lt;Mitigations&gt;&lt;/Mitigations&gt;&lt;SecurityOverrideGuidance&gt;&lt;/SecurityOverrideGuidance&gt;&lt;PotentialImpacts&gt;&lt;/PotentialImpacts&gt;&lt;ThirdPartyTools&gt;&lt;/ThirdPartyTools&gt;&lt;MitigationControl&gt;&lt;/MitigationControl&gt;&lt;Responsibility&gt;&lt;/Responsibility&gt;&lt;IAControls&gt;&lt;/IAControls&gt;</description>
      <ident system="http://cyber.mil/cci">CCI-000803</ident>
      <fixtext>Navigate to https://&lt;IP&gt;/admin

Login as an admin user.

Take the cluster offline in the Administrator Settings page.

Open the Administrator Settings tab in the left panel.

Click Activate FIPS under the FIPS Setting section.

Bring the cluster online.</fixtext>
      <check system="N/A">
        <check-content>At the command prompt, run the following command:

# grep SSLFIPS /etc/httpd/conf/fips.conf | grep -v '^#'

Expected result:

SSLFIPS on

If the output does not match the expected result, this is a finding.</check-content>
      </check>
    </Rule>
  </Group>
  <Group id="V-VRPE-8X-000014">
    <title>SRG-APP-000211-WSR-000031</title>
    <Rule id="SV-VRPE-8X-000014" severity="medium" weight="10.0">
      <version>VRPE-8X-000014</version>
      <title>Anonymous user access to the VMware Aria Operations Manager Apache server application directories must be prohibited.</title>
      <description>&lt;VulnDiscussion&gt;In order to properly monitor the changes to the web server and the hosted applications, logging must be enabled. Along with logging being enabled, each record must properly contain the changes made and the names of those who made the changes.

Allowing anonymous users the capability to change the web server or the hosted application will not generate proper log information that can then be used for forensic reporting in the case of a security issue. Allowing anonymous users to make changes will also grant change capabilities to anybody without forcing a user to authenticate before the changes can be made.

Satisfies: SRG-APP-000380-WSR-000072&lt;/VulnDiscussion&gt;&lt;FalsePositives&gt;&lt;/FalsePositives&gt;&lt;FalseNegatives&gt;&lt;/FalseNegatives&gt;&lt;Documentable&gt;false&lt;/Documentable&gt;&lt;Mitigations&gt;&lt;/Mitigations&gt;&lt;SecurityOverrideGuidance&gt;&lt;/SecurityOverrideGuidance&gt;&lt;PotentialImpacts&gt;&lt;/PotentialImpacts&gt;&lt;ThirdPartyTools&gt;&lt;/ThirdPartyTools&gt;&lt;MitigationControl&gt;&lt;/MitigationControl&gt;&lt;Responsibility&gt;&lt;/Responsibility&gt;&lt;IAControls&gt;&lt;/IAControls&gt;</description>
      <ident system="http://cyber.mil/cci">CCI-001082</ident>
      <fixtext>At the command prompt, run the following commands for each &lt;file&gt; returned in the check:

# chmod o-w &lt;file&gt;
# chmod o-x &lt;file&gt;</fixtext>
      <check system="N/A">
        <check-content>At the command prompt, run the following commands:

# find /etc/httpd -xdev -type f -a '(' -perm /o+w,o+x ')' -exec stat -c %n:%a:%U:%G {} \;

If the command produces any output, this is a finding.</check-content>
      </check>
    </Rule>
  </Group>
  <Group id="V-VRPE-8X-000016">
    <title>SRG-APP-000251-WSR-000157</title>
    <Rule id="SV-VRPE-8X-000016" severity="medium" weight="10.0">
      <version>VRPE-8X-000016</version>
      <title>The VMware Aria Operations Manager Apache server must limit the character set used for data entry.</title>
      <description>&lt;VulnDiscussion&gt;Invalid user input occurs when a user inserts data or characters into a hosted application's data entry field and the hosted application is unprepared to process that data. This results in unanticipated application behavior, potentially leading to an application compromise. Invalid user input is one of the primary methods employed when attempting to compromise an application. 

An attacker can also enter Unicode characters into hosted applications in an effort to break out of the document home or root home directory or to bypass security checks.

The web server, by defining the character set available for data entry, can trap efforts to bypass security checks or to compromise an application.&lt;/VulnDiscussion&gt;&lt;FalsePositives&gt;&lt;/FalsePositives&gt;&lt;FalseNegatives&gt;&lt;/FalseNegatives&gt;&lt;Documentable&gt;false&lt;/Documentable&gt;&lt;Mitigations&gt;&lt;/Mitigations&gt;&lt;SecurityOverrideGuidance&gt;&lt;/SecurityOverrideGuidance&gt;&lt;PotentialImpacts&gt;&lt;/PotentialImpacts&gt;&lt;ThirdPartyTools&gt;&lt;/ThirdPartyTools&gt;&lt;MitigationControl&gt;&lt;/MitigationControl&gt;&lt;Responsibility&gt;&lt;/Responsibility&gt;&lt;IAControls&gt;&lt;/IAControls&gt;</description>
      <ident system="http://cyber.mil/cci">CCI-001310</ident>
      <fixtext>Navigate to and open:

/usr/lib/vmware-vcopssuite/utilities/conf/vcops-apache.conf

Add or configure the following line:

AddDefaultCharset utf-8

Save and close.

At the command prompt, run the following command:

# systemctl restart httpd</fixtext>
      <check system="N/A">
        <check-content>At the command prompt, run the following command:

# grep AddDefaultCharset /usr/lib/vmware-vcopssuite/utilities/conf/vcops-apache.conf | grep -v '^#'

Expected result:

AddDefaultCharset utf-8

If the output does not match the expected result, this is a finding.</check-content>
      </check>
    </Rule>
  </Group>
  <Group id="V-VRPE-8X-000017">
    <title>SRG-APP-000266-WSR-000142</title>
    <Rule id="SV-VRPE-8X-000017" severity="medium" weight="10.0">
      <version>VRPE-8X-000017</version>
      <title>The VMware Aria Operations Manager Apache server must display a default hosted application web page, not a directory listing, when a requested web page cannot be found.</title>
      <description>&lt;VulnDiscussion&gt;The goal is to completely control the web user's experience in navigating any portion of the web document root directories. Ensuring all web content directories have at least the equivalent of an index.html file is a significant factor to accomplish this end.

Enumeration techniques, such as URL parameter manipulation, rely upon being able to obtain information about the web server's directory structure by locating directories without default pages. In the scenario, the web server will display to the user a listing of the files in the directory being accessed. By having a default hosted application web page, the anonymous web user will not obtain directory browsing information or an error message that reveals the server type and version.&lt;/VulnDiscussion&gt;&lt;FalsePositives&gt;&lt;/FalsePositives&gt;&lt;FalseNegatives&gt;&lt;/FalseNegatives&gt;&lt;Documentable&gt;false&lt;/Documentable&gt;&lt;Mitigations&gt;&lt;/Mitigations&gt;&lt;SecurityOverrideGuidance&gt;&lt;/SecurityOverrideGuidance&gt;&lt;PotentialImpacts&gt;&lt;/PotentialImpacts&gt;&lt;ThirdPartyTools&gt;&lt;/ThirdPartyTools&gt;&lt;MitigationControl&gt;&lt;/MitigationControl&gt;&lt;Responsibility&gt;&lt;/Responsibility&gt;&lt;IAControls&gt;&lt;/IAControls&gt;</description>
      <ident system="http://cyber.mil/cci">CCI-001312</ident>
      <fixtext>Navigate to and open:

/usr/lib/vmware-vcopssuite/utilities/conf/vcops-apache.conf

Add or configure the following lines:

ErrorDocument 503 /serviceUnavailable
ErrorDocument 404 /notFound/notFound

At the command prompt, run the following command(s):

# touch /usr/lib/vmware-vcopssuite/utilities/proxy/web/notFound/notFound.en.html
# touch /usr/lib/vmware-vcopssuite/utilities/proxy/web/serviceUnavailable.en.html

Save and close.

At the command prompt, run the following command:

# systemctl restart httpd</fixtext>
      <check system="N/A">
        <check-content>At the command prompt, run the following command:

# grep ErrorDocument /usr/lib/vmware-vcopssuite/utilities/conf/vcops-apache.conf | grep -v 'SaaS' | grep -v '^#'

Expected result:

ErrorDocument 503 /serviceUnavailable
ErrorDocument 404 /notFound/notFound

If the output does not match the expected result, this is a finding.

At the command prompt, run the following command:

# rpm -V vmware-vcopssuite-utilities | grep -E "notFound\.en|serviceUnavailable\.en" | grep -v "SaaS" | grep "^..5"

If the command produces any output, this is a finding.</check-content>
      </check>
    </Rule>
  </Group>
  <Group id="V-VRPE-8X-000019">
    <title>SRG-APP-000266-WSR-000159</title>
    <Rule id="SV-VRPE-8X-000019" severity="medium" weight="10.0">
      <version>VRPE-8X-000019</version>
      <title>The VMware Aria Operations Manager Apache server warning and error messages displayed to clients must be modified to minimize the identity of the web server, patches, loaded modules, and directory paths.</title>
      <description>&lt;VulnDiscussion&gt;Information needed by an attacker to begin looking for possible vulnerabilities in a web server includes any information about the web server, backend systems being accessed, and plug-ins or modules being used. 

Web servers will often display error messages to client users containing enough information to aid in the debugging of the error. The information given back in error messages may display the web server type, version, patches installed, plug-ins and modules installed, type of code being used by the hosted application, and any backends being used for data storage. 

This information could be used by an attacker to blueprint what type of attacks might be successful. The information given to users must be minimized to not aid in the blueprinting of the web server.&lt;/VulnDiscussion&gt;&lt;FalsePositives&gt;&lt;/FalsePositives&gt;&lt;FalseNegatives&gt;&lt;/FalseNegatives&gt;&lt;Documentable&gt;false&lt;/Documentable&gt;&lt;Mitigations&gt;&lt;/Mitigations&gt;&lt;SecurityOverrideGuidance&gt;&lt;/SecurityOverrideGuidance&gt;&lt;PotentialImpacts&gt;&lt;/PotentialImpacts&gt;&lt;ThirdPartyTools&gt;&lt;/ThirdPartyTools&gt;&lt;MitigationControl&gt;&lt;/MitigationControl&gt;&lt;Responsibility&gt;&lt;/Responsibility&gt;&lt;IAControls&gt;&lt;/IAControls&gt;</description>
      <ident system="http://cyber.mil/cci">CCI-001312</ident>
      <fixtext>Navigate to and open:

/usr/lib/vmware-vcopssuite/utilities/conf/vcops-apache.conf

Add or configure the following lines:

ServerTokens Prod

Save and close.

At the command prompt, run the following command:

# systemctl restart httpd</fixtext>
      <check system="N/A">
        <check-content>At the command prompt, run the following command:

# grep ServerTokens /usr/lib/vmware-vcopssuite/utilities/conf/vcops-apache.conf | grep -v '^#'

Expected result:

ServerTokens Prod

If the output does not match the expected result, this is a finding.</check-content>
      </check>
    </Rule>
  </Group>
  <Group id="V-VRPE-8X-000024">
    <title>SRG-APP-000439-WSR-000151</title>
    <Rule id="SV-VRPE-8X-000024" severity="medium" weight="10.0">
      <version>VRPE-8X-000024</version>
      <title>The VMware Aria Operations Manager Apache server must employ cryptographic mechanisms (TLS/DTLS/SSL) preventing the unauthorized disclosure of information during transmission.</title>
      <description>&lt;VulnDiscussion&gt;Preventing the disclosure of transmitted information requires that the web server take measures to employ some form of cryptographic mechanism in order to protect the information during transmission. This is usually achieved through the use of Transport Layer Security (TLS).

Transmission of data can take place between the web server and a large number of devices/applications external to the web server. Examples are a web client used by a user, a backend database, an audit server, or other web servers in a web cluster.

If data is transmitted unencrypted, the data then becomes vulnerable to disclosure. The disclosure may reveal user identifier/password combinations, website code revealing business logic, or other user personal information.

Satisfies: SRG-APP-000172-WSR-000104, SRG-APP-000439-WSR-000152, SRG-APP-000439-WSR-000156, SRG-APP-000442-WSR-000182&lt;/VulnDiscussion&gt;&lt;FalsePositives&gt;&lt;/FalsePositives&gt;&lt;FalseNegatives&gt;&lt;/FalseNegatives&gt;&lt;Documentable&gt;false&lt;/Documentable&gt;&lt;Mitigations&gt;&lt;/Mitigations&gt;&lt;SecurityOverrideGuidance&gt;&lt;/SecurityOverrideGuidance&gt;&lt;PotentialImpacts&gt;&lt;/PotentialImpacts&gt;&lt;ThirdPartyTools&gt;&lt;/ThirdPartyTools&gt;&lt;MitigationControl&gt;&lt;/MitigationControl&gt;&lt;Responsibility&gt;&lt;/Responsibility&gt;&lt;IAControls&gt;&lt;/IAControls&gt;</description>
      <ident system="http://cyber.mil/cci">CCI-002418</ident>
      <fixtext>Navigate to and open:

/usr/lib/vmware-vcopssuite/utilities/conf/vcops-apache.conf

Add or configure the following line:

SSLProtocol All -SSLv2 -SSLv3 -TLSv1 -TLSv1.1

Save and close.

At the command prompt, run the following command:

# systemctl restart httpd</fixtext>
      <check system="N/A">
        <check-content>At the command prompt, run the following command:

# grep SSLProtocol /usr/lib/vmware-vcopssuite/utilities/conf/vcops-apache.conf | grep -v '^#'

Expected result:

SSLProtocol All -SSLv2 -SSLv3 -TLSv1 -TLSv1.1

If the output does not match the expected result, this is a finding.</check-content>
      </check>
    </Rule>
  </Group>
  <Group id="V-VRPE-8X-000025">
    <title>SRG-APP-000516-WSR-000174</title>
    <Rule id="SV-VRPE-8X-000025" severity="medium" weight="10.0">
      <version>VRPE-8X-000025</version>
      <title>The VMware Aria Operations Manager Apache server must use strict transport security headers.</title>
      <description>&lt;VulnDiscussion&gt;Configuring the web server to implement organization-wide security implementation guides and security checklists guarantees compliance with federal standards and establishes a common security baseline across the DoD that reflects the most restrictive security posture consistent with operational requirements. 

Configuration settings are the set of parameters that can be changed that affect the security posture and/or functionality of the system. Security-related parameters are those parameters impacting the security state of the web server, including the parameters required to satisfy other security control requirements.&lt;/VulnDiscussion&gt;&lt;FalsePositives&gt;&lt;/FalsePositives&gt;&lt;FalseNegatives&gt;&lt;/FalseNegatives&gt;&lt;Documentable&gt;false&lt;/Documentable&gt;&lt;Mitigations&gt;&lt;/Mitigations&gt;&lt;SecurityOverrideGuidance&gt;&lt;/SecurityOverrideGuidance&gt;&lt;PotentialImpacts&gt;&lt;/PotentialImpacts&gt;&lt;ThirdPartyTools&gt;&lt;/ThirdPartyTools&gt;&lt;MitigationControl&gt;&lt;/MitigationControl&gt;&lt;Responsibility&gt;&lt;/Responsibility&gt;&lt;IAControls&gt;&lt;/IAControls&gt;</description>
      <ident system="http://cyber.mil/cci">CCI-000366</ident>
      <fixtext>Navigate to and open:

/usr/lib/vmware-vcopssuite/utilities/conf/vcops-apache.conf

Add or configure the following line:

Header set Strict-Transport-Security "max-age=31536000; includeSubDomains"

Save and close.

At the command prompt, run the following command:

# systemctl restart httpd</fixtext>
      <check system="N/A">
        <check-content>At the command prompt, run the following command:

# grep Strict-Transport-Security /usr/lib/vmware-vcopssuite/utilities/conf/vcops-apache.conf | grep -v '^#'

Expected result:

Header set Strict-Transport-Security "max-age=31536000; includeSubDomains"

If the output does not match the expected result, this is a finding.</check-content>
      </check>
    </Rule>
  </Group>
  <Group id="V-VRPE-8X-000028">
    <title>SRG-APP-000516-WSR-000174</title>
    <Rule id="SV-VRPE-8X-000028" severity="medium" weight="10.0">
      <version>VRPE-8X-000028</version>
      <title>The VMware Aria Operations Manager Apache server must prevent clickjacking.</title>
      <description>&lt;VulnDiscussion&gt;Configuring the web server to implement organization-wide security implementation guides and security checklists guarantees compliance with federal standards and establishes a common security baseline across the DoD that reflects the most restrictive security posture consistent with operational requirements. 

Configuration settings are the set of parameters that can be changed that affect the security posture and/or functionality of the system. Security-related parameters are those parameters impacting the security state of the web server, including the parameters required to satisfy other security control requirements.&lt;/VulnDiscussion&gt;&lt;FalsePositives&gt;&lt;/FalsePositives&gt;&lt;FalseNegatives&gt;&lt;/FalseNegatives&gt;&lt;Documentable&gt;false&lt;/Documentable&gt;&lt;Mitigations&gt;&lt;/Mitigations&gt;&lt;SecurityOverrideGuidance&gt;&lt;/SecurityOverrideGuidance&gt;&lt;PotentialImpacts&gt;&lt;/PotentialImpacts&gt;&lt;ThirdPartyTools&gt;&lt;/ThirdPartyTools&gt;&lt;MitigationControl&gt;&lt;/MitigationControl&gt;&lt;Responsibility&gt;&lt;/Responsibility&gt;&lt;IAControls&gt;&lt;/IAControls&gt;</description>
      <ident system="http://cyber.mil/cci">CCI-000366</ident>
      <fixtext>Navigate to and open:

/usr/lib/vmware-vcopssuite/utilities/conf/vcops-apache.conf

Add or configure the following line:

Header set X-Frame-Options "SAMEORIGIN"

Save and close.

At the command prompt, run the following command:

# systemctl restart httpd</fixtext>
      <check system="N/A">
        <check-content>At the command prompt, run the following command:

# grep "X-Frame-Options" /usr/lib/vmware-vcopssuite/utilities/conf/vcops-apache.conf | grep -v "#" | sed 's/^[ ]*//' | grep -v '^#'

Expected result:

Header set X-Frame-Options "SAMEORIGIN"

If the output does not match the expected result, this is a finding.</check-content>
      </check>
    </Rule>
  </Group>
  <Group id="V-VRPE-8X-000029">
    <title>SRG-APP-000516-WSR-000174</title>
    <Rule id="SV-VRPE-8X-000029" severity="medium" weight="10.0">
      <version>VRPE-8X-000029</version>
      <title>The VMware Aria Operations Manager Apache server must set a content security policy.</title>
      <description>&lt;VulnDiscussion&gt;Configuring the web server to implement organization-wide security implementation guides and security checklists guarantees compliance with federal standards and establishes a common security baseline across the DoD that reflects the most restrictive security posture consistent with operational requirements. 

Configuration settings are the set of parameters that can be changed that affect the security posture and/or functionality of the system. Security-related parameters are those parameters impacting the security state of the web server, including the parameters required to satisfy other security control requirements.&lt;/VulnDiscussion&gt;&lt;FalsePositives&gt;&lt;/FalsePositives&gt;&lt;FalseNegatives&gt;&lt;/FalseNegatives&gt;&lt;Documentable&gt;false&lt;/Documentable&gt;&lt;Mitigations&gt;&lt;/Mitigations&gt;&lt;SecurityOverrideGuidance&gt;&lt;/SecurityOverrideGuidance&gt;&lt;PotentialImpacts&gt;&lt;/PotentialImpacts&gt;&lt;ThirdPartyTools&gt;&lt;/ThirdPartyTools&gt;&lt;MitigationControl&gt;&lt;/MitigationControl&gt;&lt;Responsibility&gt;&lt;/Responsibility&gt;&lt;IAControls&gt;&lt;/IAControls&gt;</description>
      <ident system="http://cyber.mil/cci">CCI-000366</ident>
      <fixtext>Navigate to and open:

/usr/lib/vmware-vcopssuite/utilities/conf/vcops-apache.conf

Add or configure the following line:

Header set Content-Security-Policy "default-src https: wss: data: 'unsafe-inline' 'unsafe-eval'; child-src *; worker-src 'self' blob:"

Save and close.

At the command prompt, run the following command:

# systemctl restart httpd</fixtext>
      <check system="N/A">
        <check-content>At the command prompt, run the following command:

# grep Content-Security-Policy /usr/lib/vmware-vcopssuite/utilities/conf/vcops-apache.conf | grep -v '^#'

Expected result:

Header set Content-Security-Policy "default-src https: wss: data: 'unsafe-inline' 'unsafe-eval'; child-src *; worker-src 'self' blob:"

If the output does not match the expected result, this is a finding.</check-content>
      </check>
    </Rule>
  </Group>
  <Group id="V-VRPE-8X-000030">
    <title>SRG-APP-000516-WSR-000174</title>
    <Rule id="SV-VRPE-8X-000030" severity="medium" weight="10.0">
      <version>VRPE-8X-000030</version>
      <title>The VMware Aria Operations Manager Apache server must honor SSL cipher orders.</title>
      <description>&lt;VulnDiscussion&gt;Configuring the web server to implement organization-wide security implementation guides and security checklists guarantees compliance with federal standards and establishes a common security baseline across the DoD that reflects the most restrictive security posture consistent with operational requirements. 

Configuration settings are the set of parameters that can be changed that affect the security posture and/or functionality of the system. Security-related parameters are those parameters impacting the security state of the web server, including the parameters required to satisfy other security control requirements.&lt;/VulnDiscussion&gt;&lt;FalsePositives&gt;&lt;/FalsePositives&gt;&lt;FalseNegatives&gt;&lt;/FalseNegatives&gt;&lt;Documentable&gt;false&lt;/Documentable&gt;&lt;Mitigations&gt;&lt;/Mitigations&gt;&lt;SecurityOverrideGuidance&gt;&lt;/SecurityOverrideGuidance&gt;&lt;PotentialImpacts&gt;&lt;/PotentialImpacts&gt;&lt;ThirdPartyTools&gt;&lt;/ThirdPartyTools&gt;&lt;MitigationControl&gt;&lt;/MitigationControl&gt;&lt;Responsibility&gt;&lt;/Responsibility&gt;&lt;IAControls&gt;&lt;/IAControls&gt;</description>
      <ident system="http://cyber.mil/cci">CCI-000366</ident>
      <fixtext>Navigate to and open:

/usr/lib/vmware-vcopssuite/utilities/conf/vcops-apache.conf

Add or configure the following line:

SSLHonorCipherOrder on

Save and close.

At the command prompt, run the following command:

# systemctl restart httpd</fixtext>
      <check system="N/A">
        <check-content>At the command prompt, run the following command:

# grep SSLHonorCipherOrder /usr/lib/vmware-vcopssuite/utilities/conf/vcops-apache.conf | grep -v '^#'

Expected result:

SSLHonorCipherOrder on

If the output does not match the expected result, this is a finding.</check-content>
      </check>
    </Rule>
  </Group>
  <Group id="V-VRPE-8X-000001">
    <title>SRG-APP-000001-WSR-000001</title>
    <Rule id="SV-VRPE-8X-000001" severity="medium" weight="10.0">
      <version>VRPE-8X-000001</version>
      <title>The VMware Aria Operations Manager Apache server must limit the number of allowed simultaneous session requests.</title>
      <description>&lt;VulnDiscussion&gt;Resource exhaustion can occur when an unlimited number of concurrent requests are allowed on a web site  facilitating a denial of service attack. Mitigating this kind of attack will include limiting the number of concurrent HTTP/HTTPS requests per IP address and may include where feasible limiting parameter values associated with keepalive (i.e., a parameter used to limit the amount of time a connection may be inactive).&lt;/VulnDiscussion&gt;&lt;FalsePositives&gt;&lt;/FalsePositives&gt;&lt;FalseNegatives&gt;&lt;/FalseNegatives&gt;&lt;Documentable&gt;false&lt;/Documentable&gt;&lt;Mitigations&gt;&lt;/Mitigations&gt;&lt;SecurityOverrideGuidance&gt;&lt;/SecurityOverrideGuidance&gt;&lt;PotentialImpacts&gt;&lt;/PotentialImpacts&gt;&lt;ThirdPartyTools&gt;&lt;/ThirdPartyTools&gt;&lt;MitigationControl&gt;&lt;/MitigationControl&gt;&lt;Responsibility&gt;&lt;/Responsibility&gt;&lt;IAControls&gt;&lt;/IAControls&gt;</description>
      <ident system="http://cyber.mil/cci">CCI-000054</ident>
      <fixtext>Navigate to and open:

/usr/lib/vmware-vcopssuite/utilities/conf/vcops-apache.conf

Add or configure the following line:

MaxKeepAliveRequests 100

At the command prompt, run the following command:

# systemctl restart httpd</fixtext>
      <check system="N/A">
        <check-content>At the command prompt, run the following command:

# grep MaxKeepAliveRequests /etc/httpd/httpd.conf | grep -v '^#'

Example result:

MaxKeepAliveRequests 100

If the command does not produce any output, this is not a finding.

If the output does not match the expected value defined for the environment, this is a finding.</check-content>
      </check>
    </Rule>
  </Group>
  <Group id="V-VRPE-8X-000003">
    <title>SRG-APP-000015-WSR-000014</title>
    <Rule id="SV-VRPE-8X-000003" severity="medium" weight="10.0">
      <version>VRPE-8X-000003</version>
      <title>The VMware Aria Operations Manager Apache server must use cryptography to protect the integrity of remote sessions.</title>
      <description>&lt;VulnDiscussion&gt;Data exchanged between the user and the web server can range from static display data to credentials used to log into the hosted application. Even when data appears to be static, the non-displayed logic in a web page may expose business logic or trusted system relationships. The integrity of all the data being exchanged between the user and web server must always be trusted. To protect the integrity and trust, encryption methods must be used to protect the complete communication session.&lt;/VulnDiscussion&gt;&lt;FalsePositives&gt;&lt;/FalsePositives&gt;&lt;FalseNegatives&gt;&lt;/FalseNegatives&gt;&lt;Documentable&gt;false&lt;/Documentable&gt;&lt;Mitigations&gt;&lt;/Mitigations&gt;&lt;SecurityOverrideGuidance&gt;&lt;/SecurityOverrideGuidance&gt;&lt;PotentialImpacts&gt;&lt;/PotentialImpacts&gt;&lt;ThirdPartyTools&gt;&lt;/ThirdPartyTools&gt;&lt;MitigationControl&gt;&lt;/MitigationControl&gt;&lt;Responsibility&gt;&lt;/Responsibility&gt;&lt;IAControls&gt;&lt;/IAControls&gt;</description>
      <ident system="http://cyber.mil/cci">CCI-001453</ident>
      <fixtext>Navigate to and open:

/usr/lib/vmware-vcopssuite/utilities/conf/vcops-apache.conf

Add or configure the following line:

SSLEngine on

Save and close.

At the command prompt, run the following command:

# systemctl restart httpd</fixtext>
      <check system="N/A">
        <check-content>At the command prompt, run the following command:

# grep SSLEngine /usr/lib/vmware-vcopssuite/utilities/conf/vcops-apache.conf | sed 's/^[ \t]*//' | grep -v '^#'

Expected result:

SSLEngine on

If the output does not match the expected result, this is a finding.</check-content>
      </check>
    </Rule>
  </Group>
  <Group id="V-VRPE-8X-000004">
    <title>SRG-APP-000093-WSR-000053</title>
    <Rule id="SV-VRPE-8X-000004" severity="medium" weight="10.0">
      <version>VRPE-8X-000004</version>
      <title>The VMware Aria Operations Manager Apache server must capture, record, and log all content related to a user session.</title>
      <description>&lt;VulnDiscussion&gt;A user session to a web server is in the context of a user accessing a hosted application that extends to any plug-ins/modules and services that may run on behalf of the user.

The web server must be capable of enabling a setting for troubleshooting, debugging, or forensic gathering purposes which will log all user session information related to the hosted application session. Without the capability to capture, record, and log all content related to a user session, investigations into suspicious user activity would be hampered.

Satisfies: SRG-APP-000016-WSR-000005, SRG-APP-000089-WSR-000047, SRG-APP-000092-WSR-000055, SRG-APP-000095-WSR-000056, SRG-APP-000096-WSR-000057, SRG-APP-000097-WSR-000058, SRG-APP-000098-WSR-000059, SRG-APP-000099-WSR-000061, SRG-APP-000100-WSR-000064, SRG-APP-000374-WSR-000172, SRG-APP-000375-WSR-000171&lt;/VulnDiscussion&gt;&lt;FalsePositives&gt;&lt;/FalsePositives&gt;&lt;FalseNegatives&gt;&lt;/FalseNegatives&gt;&lt;Documentable&gt;false&lt;/Documentable&gt;&lt;Mitigations&gt;&lt;/Mitigations&gt;&lt;SecurityOverrideGuidance&gt;&lt;/SecurityOverrideGuidance&gt;&lt;PotentialImpacts&gt;&lt;/PotentialImpacts&gt;&lt;ThirdPartyTools&gt;&lt;/ThirdPartyTools&gt;&lt;MitigationControl&gt;&lt;/MitigationControl&gt;&lt;Responsibility&gt;&lt;/Responsibility&gt;&lt;IAControls&gt;&lt;/IAControls&gt;</description>
      <ident system="http://iase.disa.mil/cci">CCI-001462</ident>
      <fixtext>Navigate to and open:

/usr/lib/vmware-vcopssuite/utilities/conf/vcops-apache.conf

Update the CustomLog directives to:

CustomLog "|/usr/sbin/rotatelogs2 -n 35 /var/log/apache2/access_log 50M" "%h %l %u %t \"%r\" %&gt;s %b \"%{Referer}i\" \"%{User-agent}i\" Agent-Token:%{SSL_CLIENT_S_DN_CN}x " env=lather
CustomLog "|/usr/sbin/rotatelogs2 -n 35 /var/log/apache2/access_log 50M" combined  env=!lather

Save and close.

At the command prompt, run the following command:

# systemctl restart httpd</fixtext>
      <check system="N/A">
        <check-content>At the command prompt, run the following command:

# grep CustomLog /usr/lib/vmware-vcopssuite/utilities/conf/vcops-apache.conf | sed 's/^[ \t]*//' | grep -v '^#'

Expected result:

CustomLog "|/usr/sbin/rotatelogs2 -n 35 /var/log/apache2/access_log 50M" "%h %l %u %t \"%r\" %&gt;s %b \"%{Referer}i\" \"%{User-agent}i\" Agent-Token:%{SSL_CLIENT_S_DN_CN}x " env=lather
CustomLog "|/usr/sbin/rotatelogs2 -n 35 /var/log/apache2/access_log 50M" combined  env=!lather

If the output does not match the expected result, this is a finding.</check-content>
      </check>
    </Rule>
  </Group>
  <Group id="V-VRPE-8X-000009">
    <title>SRG-APP-000141-WSR-000085</title>
    <Rule id="SV-VRPE-8X-000009" severity="medium" weight="10.0">
      <version>VRPE-8X-000009</version>
      <title>The VMware Aria Operations Manager Apache server must have Web Distributed Authoring (WebDAV) disabled.</title>
      <description>&lt;VulnDiscussion&gt;A web server can be installed with functionality that, just by its nature, is not secure. Web Distributed Authoring (WebDAV) is an extension to the HTTP protocol that, when developed, was meant to allow users to create, change, and move documents on a server, typically a web server or web share. Allowing this functionality makes development and deployment much easier for web authors.

WebDAV is not widely used and has serious security concerns because it may allow unauthorized clients to modify files on the web server.&lt;/VulnDiscussion&gt;&lt;FalsePositives&gt;&lt;/FalsePositives&gt;&lt;FalseNegatives&gt;&lt;/FalseNegatives&gt;&lt;Documentable&gt;false&lt;/Documentable&gt;&lt;Mitigations&gt;&lt;/Mitigations&gt;&lt;SecurityOverrideGuidance&gt;&lt;/SecurityOverrideGuidance&gt;&lt;PotentialImpacts&gt;&lt;/PotentialImpacts&gt;&lt;ThirdPartyTools&gt;&lt;/ThirdPartyTools&gt;&lt;MitigationControl&gt;&lt;/MitigationControl&gt;&lt;Responsibility&gt;&lt;/Responsibility&gt;&lt;IAControls&gt;&lt;/IAControls&gt;</description>
      <ident system="http://cyber.mil/cci">CCI-000381</ident>
      <fixtext>Navigate to and open:

/usr/lib/vmware-vcopssuite/utilities/conf/vcops-apache.conf

Remove the lines that load prohibited modules from the check.

Save and close.

At the command prompt, run the following command:

# systemctl restart httpd</fixtext>
      <check system="N/A">
        <check-content>At the command prompt, run the following command:

# httpd -M 2&gt;/dev/null | grep dav_

If the command produces any output, this is a finding.</check-content>
      </check>
    </Rule>
  </Group>
  <Group id="V-VRPE-8X-000013">
    <title>SRG-APP-000211-WSR-000030</title>
    <Rule id="SV-VRPE-8X-000013" severity="medium" weight="10.0">
      <version>VRPE-8X-000013</version>
      <title>The VMware Aria Operations Manager Apache server accounts accessing the directory tree, the shell, or other operating system functions and utilities must only be administrative accounts.</title>
      <description>&lt;VulnDiscussion&gt;As a rule, accounts on a web server are to be kept to a minimum. Only administrators, web managers, developers, auditors, and web authors require accounts on the machine hosting the web server. The resources to which these accounts have access must also be closely monitored and controlled. Only the system administrator needs access to all the system's capabilities, while the web administrator and associated staff require access and control of the web content and web server configuration files.&lt;/VulnDiscussion&gt;&lt;FalsePositives&gt;&lt;/FalsePositives&gt;&lt;FalseNegatives&gt;&lt;/FalseNegatives&gt;&lt;Documentable&gt;false&lt;/Documentable&gt;&lt;Mitigations&gt;&lt;/Mitigations&gt;&lt;SecurityOverrideGuidance&gt;&lt;/SecurityOverrideGuidance&gt;&lt;PotentialImpacts&gt;&lt;/PotentialImpacts&gt;&lt;ThirdPartyTools&gt;&lt;/ThirdPartyTools&gt;&lt;MitigationControl&gt;&lt;/MitigationControl&gt;&lt;Responsibility&gt;&lt;/Responsibility&gt;&lt;IAControls&gt;&lt;/IAControls&gt;</description>
      <ident system="http://cyber.mil/cci">CCI-001082</ident>
      <fixtext>At the command prompt, run the following command for each &lt;file&gt; returned in the check:

# chown admin:admin &lt;file&gt;</fixtext>
      <check system="N/A">
        <check-content>At the command prompt, run the following command:

# find /etc/httpd -xdev -type f -a '(' '(' -not -user admin -o -not -group admin ')' -a '(' -not -user root -o -not -group root ')' ')' -exec stat -c %n:%a:%U:%G {} \;

If the command produces any output, this is a finding.</check-content>
      </check>
    </Rule>
  </Group>
  <Group id="V-VRPE-8X-000018">
    <title>SRG-APP-000266-WSR-000159</title>
    <Rule id="SV-VRPE-8X-000018" severity="medium" weight="10.0">
      <version>VRPE-8X-000018</version>
      <title>The VMware Aria Operations Manager Apache server warning and error messages displayed to clients must be modified to minimize the identity of the web server, patches, loaded modules, and directory paths.</title>
      <description>&lt;VulnDiscussion&gt;Information needed by an attacker to begin looking for possible vulnerabilities in a web server includes any information about the web server, backend systems being accessed, and plug-ins or modules being used. 

Web servers will often display error messages to end users containing enough information to aid in the debugging of the error. The information given back in error messages may display the web server type, version, patches installed, plug-ins and modules installed, type of code being used by the hosted application, and any backends being used for data storage. 

This information could be used by an attacker to blueprint what type of attacks might be successful. The information given to users must be minimized to not aid in the blueprinting of the web server.&lt;/VulnDiscussion&gt;&lt;FalsePositives&gt;&lt;/FalsePositives&gt;&lt;FalseNegatives&gt;&lt;/FalseNegatives&gt;&lt;Documentable&gt;false&lt;/Documentable&gt;&lt;Mitigations&gt;&lt;/Mitigations&gt;&lt;SecurityOverrideGuidance&gt;&lt;/SecurityOverrideGuidance&gt;&lt;PotentialImpacts&gt;&lt;/PotentialImpacts&gt;&lt;ThirdPartyTools&gt;&lt;/ThirdPartyTools&gt;&lt;MitigationControl&gt;&lt;/MitigationControl&gt;&lt;Responsibility&gt;&lt;/Responsibility&gt;&lt;IAControls&gt;&lt;/IAControls&gt;</description>
      <ident system="http://cyber.mil/cci">CCI-001312</ident>
      <fixtext>Navigate to and open:

/usr/lib/vmware-vcopssuite/utilities/conf/vcops-apache.conf

Add or configure the following lines:

ServerSignature Off

Save and close.

At the command prompt, run the following command:

# systemctl restart httpd</fixtext>
      <check system="N/A">
        <check-content>At the command prompt, run the following command:

# grep ServerSignature /usr/lib/vmware-vcopssuite/utilities/conf/vcops-apache.conf | grep -v '^#'

Expected result:

ServerSignature Off

If the output does not match the expected result, this is a finding.</check-content>
      </check>
    </Rule>
  </Group>
  <Group id="V-VRPE-8X-000020">
    <title>SRG-APP-000266-WSR-000160</title>
    <Rule id="SV-VRPE-8X-000020" severity="medium" weight="10.0">
      <version>VRPE-8X-000020</version>
      <title>Debugging and trace information used to diagnose the VMware Aria Operations Manager Apache server must be disabled.</title>
      <description>&lt;VulnDiscussion&gt;Information needed by an attacker to begin looking for possible vulnerabilities in a web server includes any information about the web server and plug-ins or modules being used. 

When debugging or trace information is enabled in a production web server, information about the web server, such as web server type, version, patches installed, plug-ins and modules installed, type of code being used by the hosted application, and any backends being used for data storage may be displayed. 

Because this information may be placed in logs and general messages during normal operation of the web server, an attacker does not need to cause an error condition to gain this information.&lt;/VulnDiscussion&gt;&lt;FalsePositives&gt;&lt;/FalsePositives&gt;&lt;FalseNegatives&gt;&lt;/FalseNegatives&gt;&lt;Documentable&gt;false&lt;/Documentable&gt;&lt;Mitigations&gt;&lt;/Mitigations&gt;&lt;SecurityOverrideGuidance&gt;&lt;/SecurityOverrideGuidance&gt;&lt;PotentialImpacts&gt;&lt;/PotentialImpacts&gt;&lt;ThirdPartyTools&gt;&lt;/ThirdPartyTools&gt;&lt;MitigationControl&gt;&lt;/MitigationControl&gt;&lt;Responsibility&gt;&lt;/Responsibility&gt;&lt;IAControls&gt;&lt;/IAControls&gt;</description>
      <ident system="http://cyber.mil/cci">CCI-001312</ident>
      <fixtext>Navigate to and open:

/usr/lib/vmware-vcopssuite/utilities/conf/vcops-apache.conf

Add or configure the following lines:

TraceEnable off

Save and close.

At the command prompt, run the following command:

# systemctl restart httpd</fixtext>
      <check system="N/A">
        <check-content>At the command prompt, run the following command:

# grep TraceEnable /usr/lib/vmware-vcopssuite/utilities/conf/vcops-apache.conf | grep -v '^#'

Expected result:

TraceEnable off

If the output does not match the expected result, this is a finding.</check-content>
      </check>
    </Rule>
  </Group>
  <Group id="V-VRPE-8X-000026">
    <title>SRG-APP-000516-WSR-000174</title>
    <Rule id="SV-VRPE-8X-000026" severity="medium" weight="10.0">
      <version>VRPE-8X-000026</version>
      <title>The VMware Aria Operations Manager Apache server must enable cross site scripting protection.</title>
      <description>&lt;VulnDiscussion&gt;Configuring the web server to implement organization-wide security implementation guides and security checklists guarantees compliance with federal standards and establishes a common security baseline across the DoD that reflects the most restrictive security posture consistent with operational requirements. 

Configuration settings are the set of parameters that can be changed that affect the security posture and/or functionality of the system. Security-related parameters are those parameters impacting the security state of the web server, including the parameters required to satisfy other security control requirements.

Satisfies: SRG-APP-000246-WSR-000149&lt;/VulnDiscussion&gt;&lt;FalsePositives&gt;&lt;/FalsePositives&gt;&lt;FalseNegatives&gt;&lt;/FalseNegatives&gt;&lt;Documentable&gt;false&lt;/Documentable&gt;&lt;Mitigations&gt;&lt;/Mitigations&gt;&lt;SecurityOverrideGuidance&gt;&lt;/SecurityOverrideGuidance&gt;&lt;PotentialImpacts&gt;&lt;/PotentialImpacts&gt;&lt;ThirdPartyTools&gt;&lt;/ThirdPartyTools&gt;&lt;MitigationControl&gt;&lt;/MitigationControl&gt;&lt;Responsibility&gt;&lt;/Responsibility&gt;&lt;IAControls&gt;&lt;/IAControls&gt;</description>
      <ident system="http://cyber.mil/cci">CCI-000366</ident>
      <fixtext>Navigate to and open:

/usr/lib/vmware-vcopssuite/utilities/conf/vcops-apache.conf

Add or configure the following line:

Header set X-XSS-Protection "1; mode=block"

Save and close.

At the command prompt, run the following command:

# systemctl restart httpd</fixtext>
      <check system="N/A">
        <check-content>At the command prompt, run the following command:

# grep X-XSS-Protection /usr/lib/vmware-vcopssuite/utilities/conf/vcops-apache.conf | grep -v '^#'

Expected result:

Header set X-XSS-Protection "1; mode=block"

If the output does not match the expected result, this is a finding.</check-content>
      </check>
    </Rule>
  </Group>
</Benchmark>
